"new_key","lat_dd","long_dd","mdnrid","nhdid"
"1-1",44.59471,-83.7826,"L1710","83976821"
"1-10",44.58332,-83.71954,"L13311","83976843"
"1-109",44.60305,-83.63315,"L8881","83976719"
"1-113",44.60399,-83.60803,"L9765","83976679"
"1-115",44.68416,-83.41815,"L1283","83976169"
"1-116",44.6836,-83.43621,"L6472","83976181"
"1-12",44.58721,-83.72954,"L5305","83976833"
"1-121-125",NA,NA,NA,NA
"1-134",44.76221,-83.87204,"L1303","113471531"
"1-136",44.74305,-83.85565,"L2694","113471589"
"1-138",44.73555,-83.86954,"L10169","113471599"
"1-139",44.73666,-83.88204,"L8349","113471607"
"1-140",44.7298,-83.87639,"L5972","113471623"
"1-155",44.7036,-83.69954,"L3820","113471693"
"1-156",44.69793,-83.69529,"L8639","113471709"
"1-16",44.57055,-83.69899,"L852","83976899"
"1-165",44.80416,-83.55954,"L8105","113471457"
"1-166",44.70777,-83.54676,"L6983","113471605"
"1-17",44.57131,-83.68497,"L4693","83976883"
"1-172",44.69082,-83.53315,"L9280","83976187"
"1-176",44.70846,-83.46207,NA,NA
"1-179",44.68999,-83.40954,"L5705","83976131"
"1-18",44.56888,-83.68649,"L12104","83976903"
"1-181",44.73638,-83.39815,"L3844","122383329"
"1-184",44.68999,-83.3901,"L2661","83976127"
"1-185",44.69443,-83.37676,"L3837","122383340"
"1-189",44.7989,-83.76245,"L8742","113471397"
"1-19",44.56675,-83.68688,"L12202","83976911"
"1-191",44.79638,-83.45954,"L5010","113471281"
"1-192",44.78805,-83.49121,"L1308","113471335"
"1-193",44.78027,-83.48232,"L3993","113471353"
"1-194",44.77721,-83.43787,"L11570","113471343"
"1-195",44.82416,-83.31065,"L3509","122383290"
"1-196",44.80396,-83.331,"L11081","122383317"
"1-197",44.78797,-83.44508,NA,NA
"1-199",44.66058,-83.29435,"L18441","122383346"
"1-22",44.5536,-83.70871,"L11058","83976995"
"1-25",44.55306,-83.74183,"L7280","83976993"
"1-27",44.56072,-83.74556,"L479","83976961"
"1-28",44.54666,-83.7476,"L3999","83977019"
"1-29",44.53916,-83.7276,"L6745","83977025"
"1-32",44.54805,-83.68815,"L8445","83976999"
"1-35",44.52916,-83.70176,"L12565","83977075"
"1-39",44.51527,-83.66037,"L2938","83977091"
"1-4",44.56605,-83.80491,"L13031","83976953"
"1-47",44.59138,-83.61565,"L10102","83976743"
"1-52",44.53138,-83.33204,"L851","122383358"
"1-56",44.64131,-83.77397,"L13178","83976593"
"1-57",44.6436,-83.77593,"L11874","83976579"
"1-58",44.64308,-83.77947,"L3338","83976585"
"1-59",44.65065,-83.78844,"L6043","83976541"
"1-60",44.6516,-83.80547,"L3426","83976537"
"1-61",44.64443,-83.81537,"L8352","83976591"
"1-62",44.65221,-83.83037,"L11407","83976561"
"1-63",44.64138,-83.88232,"L5847","83976631"
"1-66",44.60832,-83.79426,"L8438","83976761"
"1-67",44.60027,-83.76704,"L838","83976781"
"1-74",44.65582,-83.69593,"L4441","83976455"
"1-78",44.64277,-83.68482,"L7554","83976529"
"1-79",44.63983,-83.6957,"L3688","83976553"
"1-83",44.62519,-83.74735,"L8553","83976643"
"1-87",44.62388,-83.67454,"L7596","83976621"
"1-93",44.60095,-83.73586,"L10980","83976769"
"1-97",44.60166,-83.6551,"L6595","83976721"
"1-98",44.69078,-83.58285,"L1762","113471705"
"1-99",44.68055,-83.60676,"L10312","83976291"
"10-103",44.72138,-85.92593,"L42129","129225631"
"10-111",44.71554,-85.84982,"L36879","129225129"
"10-114",44.7261,-85.85204,"L37792","129225128"
"10-116",44.71943,-85.8126,"L40793","129225131"
"10-117",44.71332,-85.82399,"L38555","129225137"
"10-118",44.70165,-85.83871,"L38030","129225139"
"10-119",44.71415,-85.86537,"L42334","129225138"
"10-12",44.59603,-86.07916,NA,NA
"10-120",44.71638,-85.86815,"L41615","129225136"
"10-121",44.71249,-85.88065,"L37672","129225632"
"10-122",44.70971,-85.88537,"L40837","129225633"
"10-123",44.70332,-85.88399,"L42615","129225634"
"10-127",44.69888,-85.8576,"L41752","129225141"
"10-128",44.69332,-85.87676,"L42344","129225636"
"10-129",44.69249,-85.84787,"L38857","129225148"
"10-130",44.69812,-85.85344,"L42614","129225145"
"10-132",44.7367,-85.96622,"L39865","129225621"
"10-134",44.74054,-86.06149,"L41837","129223847"
"10-140",44.70249,-86.06954,"L39815","129223860"
"10-142",44.73471,-86.06426,"L42509","129223848"
"10-145",44.71777,-86.12926,"L40423","129224479"
"10-146",44.73165,-86.06482,"L39947","129223850"
"10-148",44.70999,-86.12982,"L39814","129224501"
"10-150",44.69277,-86.18482,"L40255","129224548"
"10-151",44.71885,-86.10421,"L40960","129223856"
"10-17",44.600298,-86.116287,"L14833","129223633"
"10-19",44.56193,-86.18176,"L42175","129224203"
"10-2",44.59597,-85.81782,NA,NA
"10-24",44.56471,-86.21482,"L38301","129224200"
"10-26",44.69138,-85.88121,"L36652","129225637"
"10-27",44.67665,-85.87871,"L41740","129225639"
"10-3",44.60832,-85.85093,"L42777","129225023"
"10-31",44.65527,-85.90454,"L38767","129225652"
"10-34",44.61665,-85.90621,"L39663","129225924"
"10-39",44.6911,-86.09232,"L38395","129223861"
"10-4",44.59582,-85.88232,"L39013","129225925"
"10-40",44.68888,-86.14176,"L41691","129224549"
"10-41",44.69499,-86.16843,"L39065","129224547"
"10-42",44.65915,-86.15648,"L40101","129226206"
"10-5",44.57193,-85.82148,"L46073","129225029"
"10-51",44.62832,-86.22982,"L39449","{2F5FAE4A-4A83-4FB0-B68D-E0740E1D19F0}"
"10-56",44.76899,-85.82953,"L39774","129225363"
"10-58",44.7761,-85.83426,"L36927","129225361"
"10-59",44.76554,-85.84093,"L40319","129225366"
"10-6",44.57193,-85.82954,"L43157","129225030"
"10-60",44.77749,-85.86399,"L37933","129225360"
"10-61",44.76193,-85.87149,"L36825","129225367"
"10-63",44.7686,-85.87926,"L38511","129224110"
"10-64",44.76749,-85.89565,"L38962","129224112"
"10-66",44.76304,-85.91926,"L42266","129224113"
"10-69",44.77027,-85.91482,"L38300","129224106"
"10-70",44.76943,-85.92454,"L39615","129224109"
"10-76",44.77801,-85.92925,"L42019","129224102"
"10-77",44.77527,-85.93593,"L36827","129224103"
"10-83",44.75471,-85.93287,"L39662","129224125"
"10-84",44.75777,-85.92954,"L39719","129224120"
"10-88",44.76054,-85.88565,"L37221","129224119"
"10-89",44.75443,-85.87454,"L37397","129226203"
"10-95",44.74054,-85.86149,"L38858","129225118"
"10-96",44.73249,-85.86287,"L41130","129225124"
"10-97",44.74027,-85.86815,"L38916","129225119"
"11-100",41.89388,-86.39148,"L29292","155637762"
"11-101",41.87915,-86.45537,"L32015","121206326"
"11-102",41.87138,-86.44842,"L28698","121206351"
"11-103",41.87415,-86.41509,"L31387","121206333"
"11-104",41.88443,-86.42704,"L23339","121206319"
"11-106",41.88415,-86.40037,"L25942","121206318"
"11-11",42.22276,-86.35676,"L30904","152274986"
"11-114",41.84851,-86.4449,"L29714","121206414"
"11-116",41.84721,-86.3812,"L28123","155638213"
"11-119",41.9163,-86.3704,NA,NA
"11-121",41.83471,-86.39954,"L25359","155638443"
"11-122",41.83721,-86.4187,"L24918","155638448"
"11-124.1",41.83221,-86.42176,"L25052","155638505"
"11-127",41.83832,-86.44231,"L29113","121206439"
"11-128",41.83443,-86.44759,"L31111","121206456"
"11-132",41.8211,-86.41315,"L25875","155638751"
"11-133",41.81655,-86.34598,"L23099","155638723"
"11-138",41.84304,-86.46259,"L27062","121206434"
"11-139",41.83749,-86.46009,"L25723","121206445"
"11-14",42.14443,-86.3162,"L25663","155636270"
"11-142",41.83749,-86.47426,"L26757","121206451"
"11-149",41.80977,-86.30916,"L23665","324a8481-e6f3-457a-9d0f-c4f3360bfd1d"
"11-154",41.79402,-86.43093,"L28891","121206513"
"11-155",41.79443,-86.4087,"L30186","155639117"
"11-158",41.76059,-86.3768,"L25493","123165454"
"11-160",41.79499,-86.47426,"L29036","121206519"
"11-164",41.75971,-86.53204,"L29713","121206601"
"11-170",41.76888,-86.59509,"L28700","121206581"
"11-175",41.95302,-86.22624,"L24480","155637352"
"11-176",42.19617,-86.24078,"L26410","155636097"
"11-177",41.89309,-86.2998,"L31714","155637710"
"11-178",42.10873,-86.25483,"L31968","155636422"
"11-179",42.09766,-86.39593,"L23493","155636508"
"11-180",42.20928,-86.31345,"L28110","155636064"
"11-181",42.09226,-86.36333,"L31905","155636520"
"11-182",42.19824,-86.37565,"L24487","155636131"
"11-183",42.20245,-86.37018,"L30964","155636099"
"11-184",41.79205,-86.5184,"L29490","121206527"
"11-185",41.88227,-86.38489,"L31843","155637839"
"11-186",41.80898,-86.34137,"L28109","155638859"
"11-187",41.8971,-86.32231,"L23581","155637708"
"11-188",41.9525,-86.25152,"L24486","155637365"
"11-189",41.76134,-86.79222,"L26399","121206676"
"11-190",41.76073,-86.78723,"L30465","121206679"
"11-2",42.21888,-86.28981,"L30765","155636018"
"11-20",42.08388,-86.24287,"L23034","155636516"
"11-3",42.20749,-86.26315,"L26207","155636047"
"11-33",42.06888,-86.23731,"L32023","155636589"
"11-34",42.0586,-86.24981,"L25800","155636646"
"11-36",42.06165,-86.28648,"L31406","155636626"
"11-4",42.21644,-86.23728,"L29583","155636013"
"11-42",42.01693,-86.28954,"L27509","155636938"
"11-48",41.9861,-86.22704,"L29430","155637106"
"11-54",42.01501,-86.54296,"L25491","121206262"
"11-56",42.00832,-86.54592,"L31696","121206263"
"11-57",42.00094,-86.54595,"L24148","121206266"
"11-58",41.97471,-86.22704,"L25896","155637211"
"11-59",41.97211,-86.23542,"L23668","155637231"
"11-60",41.97443,-86.25204,"L25794","155637235"
"11-61",41.9682,-86.24944,"L24294","155637269"
"11-62",41.97107,-86.26478,NA,NA
"11-63",41.96943,-86.22759,"L30766","155637256"
"11-65",41.9536,-86.22926,"L28912","155637322"
"11-66",41.94322,-86.32842,"L26551","155637612"
"11-67",41.94415,-86.25815,"L31214","155637422"
"11-69",41.93721,-86.26481,"L26157","155637441"
"11-7",42.23415,-86.36287,"L25522","152274979"
"11-70",41.91054,-86.2812,"L30689","155637579"
"11-72",41.91897,-86.29512,"L31776","e895cc05-5ffa-4512-a6cd-1ff3d9c7398c"
"11-74",41.91694,-86.30361,"L25160","155637575"
"11-75",41.90283,-86.33077,"L23950","801ec06d-ea9a-48f6-8d8b-758750fd2c9b"
"11-76",41.90583,-86.30503,"L28976","155637648"
"11-8",42.22749,-86.35898,"L29515","152274985"
"11-80",41.90534,-86.26823,"L29886","155637634"
"11-81",41.94999,-86.45537,"L26634","155637457"
"11-83",41.92215,-86.40983,"L27319","155637608"
"11-83.1",41.92224,-86.41497,"L26923","155637601"
"11-86",41.95499,-86.4662,"L24982","155637439"
"11-88",41.89527,-86.22898,"L23429","155637672"
"11-89",41.876254,-86.235789,"L48250",NA
"11-96",41.82096,-86.30992,"L30899","3cf8c25b-07bc-4abb-b41b-321bfbde05f2"
"11-97",41.82068,-86.25707,NA,NA
"12-10",42.04721,-85.02898,"L18754","155636261"
"12-101",41.77054,-84.93648,"L15157","155637803"
"12-105",41.8026,-84.95996,"L21660","155637620"
"12-108",41.79304,-85.02842,"L20471","155637707"
"12-11",42.04582,-85.03176,"L15212","155636260"
"12-112",41.78166,-85.02954,"L22975","155637774"
"12-113",41.77721,-84.9937,"L17156","155637782"
"12-115",41.79443,-84.94815,"L22279","155637662"
"12-117",41.77249,-84.97037,"L19603","155637809"
"12-118",41.77832,-84.97981,"L19395","155637777"
"12-119",41.76042,-85.00721,"L22014","155637897"
"12-12",42.04781,-85.02123,"L48270",NA
"12-120",41.77693,-85.03537,"L17096","155637831"
"12-121",41.76804,-85.03759,"L17862","155637885"
"12-122",41.79582,-85.16342,"L14367","155637728"
"12-123",41.75989,-85.10685,"L15831","{56E27A97-F112-44C4-9A9C-8CEF69210995}"
"12-124",41.7611,-85.06537,"L18958","155637952"
"12-125",41.80777,-85.26287,"L48325",NA
"12-126",41.79971,-85.27037,"L20857","155637814"
"12-128",41.88916,-84.91981,"L20430","{B382E105-8482-4CB8-A557-323E747CA971}"
"12-129",41.78749,-85.28342,"L14605","155637888"
"12-13",42.04582,-85.02093,"L15961","155636253"
"12-130",41.79193,-85.27009,"L22460","155637880"
"12-131",41.78999,-85.18231,"L22090","155637804"
"12-134",41.77388,-85.25842,"L18222","155637978"
"12-136",41.78027,-85.28398,"L18223","155637941"
"12-137",41.76165,-85.18037,"L22313","155638063"
"12-138",41.87499,-84.88065,"L18152","155637140"
"12-139",41.87166,-84.88176,"L14883","155637166"
"12-140",42.07023,-85.27668,"L20643","c058aba5-cb06-4328-a549-74184b8850e8"
"12-141",41.76195,-85.10987,"L15831","{56E27A97-F112-44C4-9A9C-8CEF69210995}"
"12-142",41.96349,-85.08173,"L48272",NA
"12-143",42.03463,-84.97963,"L19242","155636280"
"12-144",42.02682,-84.97827,"L14891","155636323"
"12-145",41.87189,-85.14789,"L19526","155637327"
"12-16",42.04943,-85.01676,"L14710","155636238"
"12-18",42.03166,-85.02204,"L14428","155636317"
"12-2",42.04999,-84.83593,"L13524","155636172"
"12-21",42.00416,-85.0287,"L48271","155636544"
"12-22",42.01001,-85.04936,"L19684","155636427"
"12-23",41.98832,-85.02926,"L21443","155636544"
"12-24",42.04426,-85.20228,"L16744","155636234"
"12-29",42.06499,-85.28204,"L19753","155636264"
"12-32",42.04999,-85.25287,"L17024","155636330"
"12-33",42.05554,-85.25148,"L21386","155636289"
"12-34",42.04304,-85.25148,"L22913","155636374"
"12-38",42.02223,-85.25324,"L19208","155636456"
"12-41",42.00749,-85.28009,"L14590","155636507"
"12-42",42.00221,-85.27981,"L19700","155636536"
"12-43",41.99943,-85.29037,"L15905","155636571"
"12-45",41.9936,-85.28565,"L14781","155636579"
"12-48",41.93471,-84.89898,"L18528","155636729"
"12-50",41.90721,-84.90454,"L20383","155636995"
"12-51",41.973976,-85.032145,"L48323","155636699"
"12-51-GRP",41.97478,-85.02929,"L48323","155636699"
"12-52",41.97416,-85.04926,"L21481","155636580"
"12-53",41.962966,-85.031878,"L16881","155636699"
"12-55",41.9361,-85.03398,"L22830","155636795"
"12-56",41.94999,-85.05009,"L22380","155636696"
"12-57",41.94554,-85.05148,"L22092","155636739"
"12-58",41.939473,-85.038617,"L48322","155636795"
"12-59",41.91027,-85.04759,"L16227","155636956"
"12-62",41.96442,-85.08325,"L48273",NA
"12-66",41.92804,-85.11454,"L16156","155636854"
"12-67",41.92388,-85.09481,"L18578","155636910"
"12-68",41.90721,-85.12704,"L15920","155637061"
"12-69",41.90971,-85.12509,"L16957","155637035"
"12-72",41.90193,-85.10759,"L21805","155637066"
"12-73",41.93138,-85.20759,"L15267","155636978"
"12-76",41.88249,-84.92259,"L17977","{5D546699-849F-4A65-A69E-173675EA878F}"
"12-77",41.87721,-84.92981,"L18655","155637174"
"12-78",41.8811,-84.89981,"L15002","155637096"
"12-82",41.85249,-84.86037,"L16885","155637289"
"12-83",41.8311,-84.87287,"L22386","155637430"
"12-84",41.86249,-84.95092,"L18295","155637293"
"12-85",41.86485,-84.94813,"L18295","155637293"
"12-86",41.84999,-84.96676,"L20974","155637334"
"12-87",41.86693,-85.03704,"L22854","155637297"
"12-88",41.86249,-85.03954,"L18439","155637314"
"12-89",41.84999,-85.04176,"L14578","155637467"
"12-9",42.06082,-85.00926,"L15488","155636191"
"12-90",41.82304,-84.97565,"L22642","155637570"
"12-92",41.83721,-85.0537,"L21591","{25DAD8F3-D4ED-4AA8-B08A-11AED376D954}"
"12-93",41.89138,-85.12315,"L22763","155637181"
"12-94",41.88443,-85.13148,"L14509","155637239"
"12-97",41.86832,-85.1637,"L16683","155637357"
"12-98",41.80888,-84.91842,"L14510","155637561"
"13-101",42.39693,-85.10426,"L22246","152518018"
"13-104",42.39832,-85.08926,"L22308","152518016"
"13-105",42.3886,-85.09176,"L22772","152518049"
"13-106",42.39638,-85.09398,"L21995","152518023"
"13-107",42.39832,-85.09565,"L21210","152518010"
"13-108",42.40027,-85.09731,"L21210","152518010"
"13-119",42.37915,-85.18093,"L14946","152518081"
"13-132",42.33693,-85.17565,"L16186","152518222"
"13-143",42.4186,-85.20565,"L20177","152517940"
"13-144",42.41304,-85.21676,"L19527","152517956"
"13-147",42.41693,-85.28259,"L17469","152517943"
"13-150",42.39609,-85.28183,NA,NA
"13-151",42.39821,-85.25224,"L21214","152518021"
"13-16",42.3693,-84.73702,"L11590","152518111"
"13-17",42.36349,-84.7534,"L1507","{56353A9A-4727-4DF3-944B-292A37A8E730}"
"13-170",42.39002,-85.24819,"L16923","152518059"
"13-173",42.38693,-85.27176,"L19406","152518067"
"13-178",42.36638,-85.20898,"L17470","152518126"
"13-18",42.35446,-84.75321,"L12604","152518152"
"13-19",42.35043,-84.75597,"L68","152518166"
"13-20",42.35565,-84.75768,"L6206","{837D72B4-F766-4CD1-BD3F-5DDAD263538B}"
"13-203",42.30416,-84.81259,"L9740","152518313"
"13-204",42.3086,-84.77843,"L14163","152518291"
"13-21",42.35729,-84.75787,"L5857","{A81591D6-D688-4CD4-99A9-E2F032DFDED9}"
"13-212",42.2961,-84.78343,"L11816","152518348"
"13-216",42.27166,-84.79537,"L4973","152518385"
"13-22",42.35086,-84.76456,"L6640","152518165"
"13-224",42.31943,-84.8937,"L7467","152518265"
"13-23",42.34554,-84.79565,"L8038","152518193"
"13-238",42.30221,-84.90093,"L1584","152518327"
"13-240",42.27943,-84.91343,"L12122","152518377"
"13-243",42.26048,-84.89855,"L13345","152518412"
"13-246",42.259909,-84.93361,"L48431","152518720"
"13-264",42.30804,-85.04759,"L21260","152518306"
"13-27",42.33277,-84.72537,"L3671","152518220"
"13-274",42.31069,-84.99738,"L15159","152518298"
"13-302",42.2711,-84.99481,"L19756","152518395"
"13-303",42.26981,-85.06007,NA,NA
"13-306",42.32443,-85.0612,"L18356","152518254"
"13-307",42.32221,-85.06315,"L21685","152518260"
"13-315",42.30751,-85.14182,NA,NA
"13-316",42.31721,-85.12565,"L15158","152518277"
"13-318",42.31415,-85.12843,"L16031","152518288"
"13-32",42.39304,-84.90231,NA,NA
"13-326",42.31332,-85.07454,"L14171","152518289"
"13-337",42.2911,-85.14398,"L22598","152518361"
"13-340",42.27582,-85.14676,"L18211","152518375"
"13-352",42.32054,-85.26509,"L21817","152518269"
"13-355",42.30749,-85.28287,"L16494","152518305"
"13-358",42.30953,-85.18254,"L15382","152518301"
"13-359",42.28888,-85.21037,"L21863","152518350"
"13-36",42.36499,-84.92537,"L13340","152518129"
"13-37",42.36554,-84.94509,"L7284","152518130"
"13-379",42.24693,-85.20815,"L16438","152518447"
"13-388",42.23999,-84.79648,"L391","152518448"
"13-398",42.1984,-84.74344,"L4943","152518539"
"13-402",42.17332,-84.81648,"L2999","152518571"
"13-41",42.40971,-84.9837,"L17980","152517957"
"13-412",42.23332,-84.93759,"L7430","152518480"
"13-413",42.22721,-84.94565,"L9571","{146F3AE1-2C3D-46AF-9ACA-F6A7CC8B514C}"
"13-414",42.227,-84.908,"L4273","152518486"
"13-422",42.24027,-84.98204,"L13879","152518462"
"13-446",42.2186,-84.94815,"L7318","152518503"
"13-447",42.2257,-84.95583,"L14154","152518490"
"13-449",42.21388,-84.97731,"L18616","152518519"
"13-45",42.41971,-85.00981,"L20289","152517928"
"13-450",42.21166,-84.99454,"L15143","152518513"
"13-451",42.20826,-85.02433,"L21724","155635800"
"13-457",42.19499,-84.97898,"L15062","155635812"
"13-459",42.19332,-84.9737,"L18294","155635808"
"13-460",42.1886,-84.96704,"L22580","155635817"
"13-461",42.18027,-84.97843,"L16820","155635833"
"13-462",42.16282,-84.98981,"L17788","155635868"
"13-463",42.15897,-84.98677,"L16300","155635912"
"13-466",42.2161,-85.17093,"L20920","155635807"
"13-47",42.41804,-85.03204,"L15056","152517934"
"13-472",42.20999,-85.07315,"L20297","155635805"
"13-48",42.3978,-84.99255,"L15547","152518013"
"13-487",42.17943,-85.11843,"L17233","155635854"
"13-491",42.23693,-85.23704,"L15714","152518470"
"13-492",42.22443,-85.22926,"L18293","152518496"
"13-493",42.21971,-85.1937,"L22301","152518491"
"13-50",42.40471,-84.95426,"L934","152517987"
"13-508",42.14634,-84.80092,"L49012",NA
"13-512",42.13832,-84.8237,"L1341","155635899"
"13-52",42.40304,-84.96454,"L20191","152517993"
"13-525",42.07999,-84.79398,"L4623","152518658"
"13-534",42.09166,-84.83398,"L12537","155636049"
"13-537",42.14943,-85.05009,"L21677","155635929"
"13-539",42.13749,-84.99815,"L20651","155635937"
"13-548",42.09082,-84.95731,"L14787","155636108"
"13-549",42.09027,-84.96704,"L22645","155636116"
"13-553",42.07925,-85.00649,"L16226","18ac8dbd-61cb-423b-bd60-acac732eed80"
"13-554",42.08249,-85.00537,"L21312","155636146"
"13-555",42.08304,-84.96676,"L19705","155636140"
"13-558",42.10665,-85.12704,"L22217","155636091"
"13-576",42.10176,-85.00161,"L21961","155636075"
"13-577",42.31213,-84.89734,"L315","152518282"
"13-578",42.21998,-84.95867,"L12347","152518499"
"13-579",42.13634,-84.99337,"L18216","155635940"
"13-58",42.36416,-84.98676,"L2672","152518127"
"13-580",42.26431,-84.89071,"L5044","152518405"
"13-581",42.19986,-85.26992,"L16087","152518546"
"13-582",42.09737,-84.99906,"L17950","155636098"
"13-583",42.41209,-85.19368,"L16082","152517959"
"13-584",42.28855,-85.20489,"L16048","152518364"
"13-585",42.38235,-85.12021,"L14301","152518077"
"13-77",42.3411,-84.96259,"L4656","152518186"
"13-89",42.41388,-85.10759,"L18748","152517952"
"13-9",42.38582,-84.78593,"L4862","152518003"
"13-96",42.40731,-85.17681,"L20740","152517975"
"13-97",42.40138,-85.17231,"L18490","152517990"
"14-1",42.06688,-85.76764,"L25438","155636445"
"14-10",42.05397,-85.81206,"L25500","155636504"
"14-103",41.99554,-86.21315,"L25047","155637012"
"14-11",42.02554,-85.76315,"L26697","155636611"
"14-115",41.98027,-85.80009,"L31964","155636900"
"14-117",41.9761,-85.81259,"L31039","155636975"
"14-12",42.01228,-85.85686,"L31135","155636733"
"14-13",42.01665,-85.85454,"L25672","155636702"
"14-138",41.96332,-85.77009,"L24640","155637028"
"14-14",42.02162,-85.84937,"L26286","155636665"
"14-153",41.92888,-85.87898,"L27079","155637338"
"14-154",41.93888,-85.88065,"L30488","155637285"
"14-155",41.92843,-85.84255,"L24087","155637304"
"14-158",41.9286,-85.76648,"L29584","155637283"
"14-16",41.99777,-85.76565,"L29585","155636767"
"14-162",41.91783,-85.79233,"L31716","155637353"
"14-169",41.9166,-85.82582,"L23079","b6f41672-4773-4805-a091-091169db671d"
"14-17",42.00082,-85.80398,"L30757","155636794"
"14-170",41.91638,-85.8412,"L30188","155637392"
"14-171",41.91443,-85.84898,"L26413","155637415"
"14-180",41.9061,-85.87426,"L29994","155637450"
"14-182",41.89971,-85.83676,"L30061","155637473"
"14-187",41.89415,-85.80676,"L26349","155637472"
"14-188",41.90721,-85.80037,"L30966","155637423"
"14-193",41.97027,-85.88342,"L27976","155637046"
"14-195",41.9721,-85.93262,"L30545","155637057"
"14-2",42.0636,-85.8062,"L30831","155636464"
"14-21",42.00582,-85.85426,"L26928","155636762"
"14-223",41.90249,-85.98065,"L30618","155637503"
"14-224",41.90693,-85.89287,"L26935","155637449"
"14-225",41.97693,-86.01898,"L28429","155637039"
"14-232",41.95277,-86.02648,"L28970","155637301"
"14-252.1",41.90443,-86.01759,"L28708","155637495"
"14-254",41.94304,-86.20509,"L26860","155637405"
"14-256",41.93303,-86.17681,"L29725","639d699e-2076-4c68-97b5-fddc999cc3ca"
"14-261",41.89979,-86.14545,"L31970","155637615"
"14-264",41.881,-85.77157,"L30555","155637541"
"14-271",41.89138,-85.83148,"L30418","b3ae4f34-2e31-4ead-8b37-b85bccc072d9"
"14-273",41.89443,-85.85342,"L31622","155637502"
"14-274",41.87554,-85.85509,"L29126","155637595"
"14-276",41.87163,-85.86332,"L28564","155637654"
"14-277",41.87249,-85.8387,"L23588","155637642"
"14-279",41.87098,-85.82041,"L27809","155637619"
"14-284",41.85749,-85.77176,"L25059","155637686"
"14-285",41.85693,-85.7787,"L30334","155637703"
"14-287",41.86591,-85.82605,"L23029","eca22997-7d8d-4c63-adb6-5252ef89b294"
"14-289",41.84332,-85.86287,"L29930","155637911"
"14-29",41.99593,-85.85008,"L27821","155636828"
"14-290",41.83582,-85.8312,"L26229","155637866"
"14-291",41.82221,-85.8212,"L23032","155637948"
"14-292",41.82582,-85.85176,"L30117","155637926"
"14-299",41.89027,-85.90787,"L27826","155637548"
"14-302",41.86471,-85.98759,"L24563","155637737"
"14-309",41.85777,-85.8937,"L27441","155637745"
"14-31",41.98471,-85.81954,"L26561","155636863"
"14-310",41.85165,-85.89204,"L26346","155637794"
"14-311",41.85221,-85.94037,"L25739","155637816"
"14-313",41.85915,-85.97676,"L26781","155637797"
"14-314",41.8586,-85.98287,"L29860","155637792"
"14-315",41.85054,-85.92731,"L30626","155637828"
"14-316",41.84999,-85.91676,"L29800","155637822"
"14-317",41.84971,-85.90176,"L23144","155637810"
"14-33",41.98847,-85.78363,"L23206","155636829"
"14-333",41.87138,-86.0587,"L31778","155637720"
"14-339",41.86888,-86.04231,"L28625","155637742"
"14-341",41.8662,-86.06237,"L27167","155637766"
"14-342",41.85277,-86.0587,"L31045","155637874"
"14-343",41.8543,-86.07962,"L23349","155637883"
"14-347",41.80872,-86.07834,"L48205",NA
"14-349",41.84263,-86.07077,"L30081","155637967"
"14-350",41.85165,-86.06787,"L24511","155637899"
"14-351",41.84809,-86.05322,NA,NA
"14-353",41.84415,-86.04565,"L25874","155637922"
"14-354",41.82995,-86.01993,"L27824","155638064"
"14-363",41.83249,-86.10648,"L26482","155638056"
"14-369",41.81999,-86.02731,"L23198","155638198"
"14-376",41.84388,-86.18342,"L28033","155637979"
"14-377",41.84249,-86.1587,"L31320","155638021"
"14-380",41.82883,-86.12315,"L24160","0cf5d04b-a0b0-44a1-a355-740fab234eba"
"14-386",41.79971,-85.83815,"L26069","155638278"
"14-390",41.77749,-85.82898,"L25801","155638468"
"14-391",41.77527,-85.82009,"L30763","155638635"
"14-392",41.76708,-85.80403,"L30687","155638864"
"14-393",41.76471,-85.82287,"L25589","155638927"
"14-394",41.75999,-85.83426,"L25366","155638929"
"14-399",41.80665,-85.95037,"L27470","155638340"
"14-4",42.0611,-85.85759,"L30121","155636492"
"14-400",41.803266,-85.999439,"L29929","{5C3D6628-93FF-4E3F-943A-7F19734D01A3}"
"14-400-GRP",41.81011,-85.98496,"L31705","155638339"
"14-406",41.7936,-85.91037,"L29215","155638552"
"14-408",41.80388,-86.02565,"L31704","155638400"
"14-409",41.80388,-86.05092,"L27449","155638569"
"14-411",41.80582,-86.06092,"L28647","155638525"
"14-412",41.80084,-86.07323,"L28197","155638640"
"14-416",41.80406,-86.08446,"L27272","155638615"
"14-418",41.80332,-86.08954,"L25326","155638593"
"14-428",41.79132,-86.06327,"L29213","155638785"
"14-429",41.7786,-86.05148,"L31639","155638930"
"14-47",42.04463,-85.9041,"L30762","155636581"
"14-5",42.04915,-85.86037,"L26209","155636555"
"14-50",42.02678,-85.94545,NA,NA
"14-51",42.01661,-85.88299,"L24857","155636717"
"14-52",42.01543,-85.88924,"L30837","155636719"
"14-53",42.02222,-85.89429,"L30119","99a4b76f-3a0a-43c7-9eb0-8f9b08a3c150"
"14-54",42.00693,-85.88454,"L29049","155636769"
"14-6",42.05971,-85.87065,"L28572","155636494"
"14-66",41.98443,-85.9037,"L26937","155636927"
"14-67",41.9924,-85.89256,"L24723","9d2a4ee8-a905-429d-b499-d04f57039a17"
"14-68",42.06749,-86.09037,"L24781","155636534"
"14-69",42.0661,-86.09704,"L25502","155636550"
"14-71",42.06971,-86.09676,"L26859","155636523"
"14-75",42.03367,-86.04742,"L28286","155636693"
"14-76",42.02926,-86.04911,"L28258","155636718"
"14-777",41.96724,-86.05013,"L30118","155637168"
"14-778",41.86721,-86.16349,"L26856","155637824"
"14-779",41.81164,-85.80965,"L30482","155638061"
"14-780",41.80159,-85.8061,"L29801","155638239"
"14-781",41.79727,-85.80611,"L23416","155638300"
"14-782",41.98847,-86.13413,"L28569","155637047"
"14-783",41.9878,-86.13057,"L23274","155637058"
"14-784",41.8879,-85.84653,"L28261","155637533"
"14-785",41.9524,-86.21595,"L23577","155637348"
"14-786",42.06479,-86.20826,"L26415","155636593"
"14-8",42.04832,-85.88204,"L48482","155636555"
"14-80",42.00042,-86.09884,"L25588","155636955"
"14-81",42.01054,-86.10009,"L24034","155636852"
"14-82",41.98707,-86.06928,"L31552","155637033"
"14-88",42.05499,-86.18704,"L30265","155636602"
"14-9",42.05165,-85.82204,"L27436","155636509"
"14-91",42.06499,-86.19704,"L26930","155636578"
"14-92",42.07721,-86.20065,"L23433","155636519"
"14-94",42.05971,-86.21592,"L26075","155636613"
"14-98",42.04193,-86.13926,"L29660","155636698"
"15-1",45.20272,-84.73542,"L48162","155411151"
"15-11",45.12647,-84.79679,"L7137","155411218"
"15-13",45.19489,-84.94827,"L5435","155417334"
"15-14",45.16869,-84.91853,"L1185","155417347"
"15-15",45.16832,-84.9776,"L13898","155417344"
"15-17",45.16277,-85.04732,"L3392","155417352"
"15-19.1",45.14854,-85.13309,NA,NA
"15-2",45.19908,-84.73541,"L2022","155411151"
"15-20",45.13499,-85.10704,"L8060","155417363"
"15-21",45.26665,-85.13343,"L1620","155417357"
"15-25",45.27499,-85.0001,"L4651","155417299"
"15-26",45.25499,-84.99482,"L4854","155417298"
"15-27",45.24054,-85.22038,"L8392","155417305"
"15-28",45.21666,-85.08982,"L1977","155417322"
"15-29",45.2386,-85.12149,"L4066","155417306"
"15-3",45.19166,-84.7626,"L8743","155411163"
"15-32",45.20832,-85.16871,"L3516","155417331"
"15-33",45.20888,-85.12843,"L78","155417328"
"15-37",45.2636,-85.24454,"L12875","155417297"
"15-38",45.24615,-85.30313,"L11695","155417303"
"15-39",45.2488,-85.25858,"L4529","155417301"
"15-40",45.24578,-85.25342,"L9806","155417302"
"15-42",45.23138,-85.25371,"L10598","155417308"
"15-43",45.22277,-85.30232,"L4856","155417314"
"15-44",45.22138,-85.29232,"L1501","155417312"
"15-45",45.21749,-85.30565,"L3961","155417320"
"15-46",45.21572,-85.33248,"L14031","155417323"
"15-47",45.20749,-85.3076,"L7803","155417329"
"15-5",45.15027,-84.77899,"L3998","155411205"
"15-55",45.33471,-85.16676,"L6198","155417285"
"15-56",45.3261,-85.18121,"L9356","155417287"
"15-6",45.13193,-84.78038,"L8879","155411213"
"15-61",45.31665,-85.25454,"L1620","155417357"
"15-65",45.61249,-85.59176,"L2885","155417262"
"15-66",45.59804,-85.53899,"L10502","155417265"
"15-69",45.71554,-85.53065,"L4196","155417238"
"15-7",45.13138,-84.79565,"L6621","155411214"
"15-70",45.71221,-85.55815,"L8751","155417240"
"15-71",45.69999,-85.53649,"L4983","155417242"
"15-72",45.65165,-85.56676,"L9062","155417254"
"15-75",45.63332,-85.58343,"L8653","155417255"
"15-76",45.7386,-85.54288,"L4446","155417225"
"15-77",45.73193,-85.65982,"L2226","155417231"
"15-78",45.80887,-85.50781,"L40651","155417196"
"15-79",45.72937,-85.55569,"L10821","155417234"
"15-8",45.13638,-84.8176,"L9618","155411211"
"15-80",45.72951,-85.55848,"L544","155417235"
"15-81",45.30899,-85.29375,NA,NA
"15-82",45.12296,-84.80407,"L4349","155411223"
"15-83",45.12363,-84.79988,NA,NA
"15-84",45.12055,-84.80295,"L13151","155411227"
"15-85",45.23079,-85.03326,"L49010",NA
"15-86",45.80069,-85.52046,"L42227","155417197"
"15-87",45.69748,-85.6831,"L1778","155417245"
"15-88",45.80663,-85.47031,NA,NA
"15-89",45.71583,-85.49811,NA,NA
"15-9",45.12424,-84.80525,"L3953","155411221"
"15-90",45.78586,-85.35926,NA,NA
"15-91",45.59287,-85.626,NA,NA
"15-92",45.69895,-85.49528,NA,NA
"16-109",45.32971,-84.43593,"L9083","155411105"
"16-113",45.32465,-84.38897,"L9443","155408489"
"16-115",45.30999,-84.40815,"L3074","155408495"
"16-127",45.33798,-84.54514,"L2275","155411103"
"16-14",45.20471,-84.31732,"L7175","155408547"
"16-142",45.29804,-84.72426,"L3539","155411115"
"16-144",45.46666,-84.26676,"L11512","155408465"
"16-145",45.44832,-84.3051,"L3236","155408464"
"16-156",45.380066,-84.320198,"L2543","155408479"
"16-157",45.37631,-84.32997,"L2543","155408479"
"16-158",45.43304,-84.48593,"L3149","155411048"
"16-172",45.39134,-84.41212,"L3865","155408478"
"16-179",45.43332,-84.60149,"L11545","155411059"
"16-18",45.28388,-84.39871,"L8500","155408500"
"16-180",45.44084,-84.55884,"L3802","155411046"
"16-186",45.40666,-84.55121,"L4566","155411077"
"16-19",45.26988,-84.39564,"L745","155408507"
"16-191",45.40138,-84.55649,"L10730","155411085"
"16-192",45.5361,-84.51676,"L10946","155411040"
"16-193",45.46666,-84.66676,"L9846","155411074"
"16-194",45.53749,-84.28732,"L28192","155408451"
"16-195",45.53986,-84.28097,"L26640","155408452"
"16-196",45.53166,-84.2771,"L339","155408455"
"16-203",45.49138,-84.33065,"L2437","155408458"
"16-205",45.53471,-84.39871,"L26641","155408453"
"16-206",45.48527,-84.45732,"L7235","155411020"
"16-221",45.61221,-84.35926,"L28380","122382733"
"16-222",45.60287,-84.34062,"L24960","122382741"
"16-223",45.60804,-84.34593,"L29121","122382735"
"16-224",45.5936,-84.32538,"L29353","122382744"
"16-229",45.56677,-84.3089,"L27972","122382751"
"16-241",45.6086,-84.59954,"L27750","155417258"
"16-249",45.61471,-84.68288,"L24571","155410956"
"16-250",45.62193,-84.70788,"L29806","155410950"
"16-251",45.60304,-84.69454,"L28111","155410970"
"16-252",45.5811,-84.69704,"L30182","155410978"
"16-269",45.65582,-84.36788,"L27823","122382712"
"16-29",45.22008,-84.38758,"L13310","155411145"
"16-290",45.71352,-84.6857,"L25441","162099513"
"16-293",45.70527,-84.72788,"L48172",NA
"16-294",45.70783,-84.71986,"L25796","162099514"
"16-295",45.70365,-84.65535,NA,NA
"16-298",45.70166,-84.64649,"L27586","162099509"
"16-299",45.68925,-84.65787,"L30074","162099510"
"16-3",45.27554,-84.34704,"L3871","155408504"
"16-300",45.68023,-84.66151,"L48405",NA
"16-301",45.69304,-84.72315,"L23240","155417243"
"16-303",45.66582,-84.68399,"L31889","155417247"
"16-308",45.73413,-84.72392,"L31802","162099505"
"16-312",45.22726,-84.41397,"L6998","155411146"
"16-313",45.22726,-84.41397,"L6998","155411146"
"16-314",45.25011,-84.51966,"L13035","155411133"
"16-315",45.26411,-84.50185,"L7174","155411129"
"16-316",45.53324,-84.28528,"L28192","155408451"
"16-317",45.53216,-84.28134,"L28192","155408451"
"16-318",45.69914,-84.60112,"L25128","162099515"
"16-319",45.24281,-84.56792,"L8433","155411136"
"16-32",45.19971,-84.40788,"L2909","155411150"
"16-320",45.23367,-84.60848,"L6919","155411143"
"16-37",45.27666,-84.49343,"L6601","155411124"
"16-4",45.2861,-84.35538,"L5524","155408503"
"16-40",45.28027,-84.5476,"L7934","155411123"
"16-50",45.24749,-84.49982,"L3396","155411132"
"16-58",45.22943,-84.56871,"L3568","155411144"
"16-59",45.23205,-84.55708,"L9475","155411135"
"16-7",45.25592,-84.30802,NA,NA
"16-79",45.21054,-84.49538,"L1676","155411147"
"16-80",45.26443,-84.65982,"L2331","155411130"
"16-81",45.27027,-84.65038,"L9797","155411128"
"16-82",45.26943,-84.63288,"L1358","155411126"
"16-93",45.36195,-84.29568,"L7028","155408483"
"17-1",45.96971,-83.53843,"L7046","111831207"
"17-11",45.98193,-83.70427,"L9020","111831219"
"17-117",46.20615,-84.44862,"L30767","111830687"
"17-12",45.95971,-83.7251,"L13343","111831307"
"17-13",45.95388,-83.70565,"L11585","111831293"
"17-14",45.95943,-83.6851,"L11574","111831267"
"17-15",45.95221,-83.65038,"L11673","111831283"
"17-16",45.9461,-83.70593,"L48189","111831293"
"17-17",45.94666,-83.73815,"L2600","111831313"
"17-18",45.96749,-83.75315,"L5493","111831255"
"17-19",45.97527,-83.7651,"L10353","111831233"
"17-190",46.19388,-84.78065,"L28412","123110770"
"17-198",46.21249,-84.92732,"L27595","123110755"
"17-2",45.98527,-83.61454,"L7196","111831159"
"17-20",45.98582,-83.83343,"L12741","111831235"
"17-201",46.19888,-84.88843,"L30424","123110779"
"17-202",46.17166,-84.87982,"L24712","123110903"
"17-204",46.16443,-84.9351,"L31567","123110959"
"17-209",46.18332,-85.04177,"L29931","123110970"
"17-21",45.97916,-83.8501,"L14003","111831253"
"17-210",46.19041,-85.02958,"L27955","{6A75F426-59F0-4C60-9765-69F8BAFDFBC9}"
"17-211",46.1836,-85.01565,"L23193","123110915"
"17-212",46.17777,-85.01399,"L27596","123110935"
"17-213",46.1736,-85.02871,"L26705","123110967"
"17-214",46.17054,-85.01621,"L30905","123110968"
"17-215",46.16666,-85.0126,"L30382","123110977"
"17-22",45.95321,-83.75279,"L12870","111831309"
"17-23",45.9461,-83.78288,"L7353","111831323"
"17-233",46.26832,-84.21593,"L24729","111830507"
"17-234",46.27109,-84.22662,"L23039","111830503"
"17-235",46.26823,-84.22754,"L25732","111830511"
"17-239",46.30038,-84.42338,"L29451","111830463"
"17-24",45.95082,-83.80149,"L11497","111831325"
"17-240",46.26138,-84.44177,"L31123","111830547"
"17-243",46.31054,-84.54982,"L30769","83826365"
"17-244",46.29471,-84.55816,"L26496","111830513"
"17-246",46.27721,-84.50204,"L28786","83826439"
"17-247",46.26804,-84.50343,"L29864","111830541"
"17-25",45.94138,-83.83065,"L13491","111831339"
"17-256",46.30027,-84.73843,"L29588","83826433"
"17-258",46.25527,-84.85371,"L30111","123110574"
"17-261",46.3161,-84.91593,"L28342","86671659"
"17-265",46.31749,-84.9801,"L29869","86671673"
"17-266",46.32193,-84.98038,"L28545","86671655"
"17-267",46.3211,-84.98454,"L28008","86671661"
"17-268",46.30442,-84.95002,"L24080","123110479"
"17-27",45.98027,-83.98732,"L1829","123111508"
"17-270",46.30641,-84.95716,"L27538","123110481"
"17-272",46.29133,-84.91643,"L24428","123110501"
"17-273",46.29638,-84.92149,"L26022","123110495"
"17-277",46.26916,-84.87899,"L30053","123110541"
"17-28",45.97943,-84.00815,"L796","123111572"
"17-281",46.33166,-84.99288,"L29957","86671611"
"17-282",46.31832,-84.99843,"L25369","86671677"
"17-283",46.31915,-85.0976,"L26728","86671705"
"17-284",46.32249,-85.12177,"L29404","120018801"
"17-285",46.3161,-85.1076,"L23851","e5dbdba6-bd47-4f15-9bdc-d8e6f9fc95cc"
"17-286",46.30971,-85.04288,"L25314","86671721"
"17-287",46.31249,-84.99649,"L27270","86671701"
"17-288",46.28888,-85.0176,"L29092","123110527"
"17-29",45.97127,-84.01616,"L28575","123111627"
"17-290",46.29888,-85.06121,"L25900","86671769"
"17-3",45.95305,-83.57177,"L1732","111831243"
"17-309",46.36725,-84.1506,"L48232","{E131707E-2281-4361-8A25-FCCAE3DA0DF2}"
"17-31",46.04967,-83.60208,NA,NA
"17-319",46.36749,-84.46204,"L30125","83826273"
"17-32",46.039141,-83.622086,"L26325","111830887"
"17-32-B",46.05034,-83.59398,"L26850","111830845"
"17-32-C",46.03135,-83.57144,"L48233","111830849"
"17-32-D",46.01573,-83.55969,"L4865","111831081"
"17-321",46.40943,-84.77371,"L27666","83826227"
"17-323",46.34666,-84.8576,"L27438","123110426"
"17-327",46.34888,-84.86621,"L25075","123110420"
"17-328",46.39721,-84.96677,"L31227","86671229"
"17-329",46.39193,-84.93449,"L29386","86671253"
"17-33",46.0186,-83.58399,"L10356","111830965"
"17-330",46.37064,-84.86978,"L24367","123110414"
"17-331",46.36443,-84.86677,"L29227","123110416"
"17-333",46.36443,-84.87454,"L30231","86671435"
"17-334",46.35777,-84.86621,"L28853","123110418"
"17-339",46.33443,-84.90343,"L28812","86671567"
"17-34",46.01038,-83.58221,"L8812","111831019"
"17-340",46.42249,-85.01732,"L30453","83826235"
"17-345",46.34027,-85.11121,"L28814","86671625"
"17-346",46.33582,-84.9976,"L27855","86671601"
"17-370",46.49759,-84.36055,NA,NA
"17-386",46.47027,-84.27871,"L27260","111830259"
"17-387",46.47527,-84.27093,"L23192","111830245"
"17-39",46.00166,-83.65427,"L9914","111831099"
"17-395",46.46166,-84.61288,"L31724","83826085"
"17-396",46.45249,-84.60677,"L24574","83826091"
"17-4",45.95027,-83.5576,"L8813","111831263"
"17-40",45.99971,-83.6926,"L9219","111831115"
"17-403",46.47416,-84.64593,"L27740","83826083"
"17-404",46.45999,-84.6351,"L31349","83826087"
"17-409",46.43777,-84.77038,"L30459","83826165"
"17-41",46.00777,-83.71899,"L4394","111831105"
"17-413",46.42721,-84.9576,"L25888","83826219"
"17-417",46.45554,-84.99454,"L28977","83826149"
"17-42",45.98504,-83.67876,NA,NA
"17-420",46.43582,-85.05093,"L29962","83826223"
"17-423",46.42471,-85.04427,"L24870","83826241"
"17-427",46.47888,-85.14204,"L24607","83826109"
"17-43",45.98555,-83.68482,"L7773","111831209"
"17-44",46.00055,-83.84288,"L12742","111831189"
"17-45",45.98832,-83.84121,"L8491","111831231"
"17-450",46.56983,-85.14417,"L26585","86670841"
"17-46",45.99305,-83.76427,"L7957","111831211"
"17-460",46.59916,-85.07399,"L24599","86670783"
"17-461",46.59582,-85.07788,"L31169","86670791"
"17-469",46.64138,-85.22954,"L23993","109943538"
"17-47",45.99582,-83.99454,"L12220","123111245"
"17-471",46.63456,-85.15344,"L29558","109943584"
"17-473",46.61325,-85.15396,"L30651","86670775"
"17-478",46.6029,-85.1802,"L26534","86670801"
"17-479",46.60082,-85.17677,"L28683","86670805"
"17-48",45.98627,-83.97037,"L9189","123111373"
"17-482",46.59749,-85.11982,"L28163","86670803"
"17-486",46.75943,-85.0026,"L23257","109943290"
"17-489",46.74749,-85.04788,"L30729","109943326"
"17-49",45.99166,-83.93093,"L48188",NA
"17-497",46.75693,-85.12343,"L30590","109943336"
"17-50",46.07221,-84.08177,"L31644","111830943"
"17-500",46.74082,-85.06454,"L25001","109943356"
"17-504",46.75047,-85.03565,"L29878","109943316"
"17-505",46.73951,-85.02238,"L28404","109943350"
"17-507",46.74694,-84.9973,"L27629","109943312"
"17-51",46.03582,-84.04788,"L28513","111831131"
"17-512",46.72943,-85.06954,"L27558","109943386"
"17-514",46.71054,-85.06954,"L28848","109943390"
"17-515",46.70166,-85.03927,"L24601","109943394"
"17-52",46.01804,-84.11677,"L31057","123111191"
"17-523",46.7586,-85.15482,"L28203","109943334"
"17-532",46.75138,-85.23121,"L29445","109943372"
"17-533",46.74638,-85.12566,"L27293","88e1da9c-aebd-4cd0-ad98-edaea55f28fe"
"17-537",46.70277,-85.20482,"L30531","109943396"
"17-546",46.27563,-84.33057,"L29993","111830505"
"17-547",45.95916,-83.80649,"L3150","111831305"
"17-548",46.46721,-84.95621,"L26895","83826101"
"17-549",46.29587,-84.69805,"L25581","83826435"
"17-550",45.96383,-83.82825,"L12120","111831297"
"17-551",46.19433,-84.93318,"L24456","123110816"
"17-552",45.98127,-83.86568,"L11800","111831247"
"17-553",46.02741,-83.62722,"L3283","111830987"
"17-554",46.00772,-83.67375,"L5786","111831095"
"17-555",45.96742,-83.64718,"L10649","111831237"
"17-556",46.26552,-84.38579,"L28983","111830535"
"17-557",46.2958,-84.77284,"L30841","123110475"
"17-558",45.99833,-83.63792,"L5728","111831125"
"17-559",46.27675,-84.75903,"L30496","123110513"
"17-56",46.00971,-84.09593,"L24403","123111233"
"17-560",46.27687,-84.76802,"L28721","123110517"
"17-561",46.30219,-84.31597,"L25952","111830431"
"17-562",46.30981,-84.46212,"L26596","111830439"
"17-563",46.31165,-84.46008,"L23444","111830433"
"17-564",46.45019,-84.22621,NA,NA
"17-565",46.32333,-84.6966,"L24081","83826367"
"17-566",46.32426,-84.70616,"L25743","83826359"
"17-567",46.31493,-84.70526,"L23672","83826395"
"17-568",46.61629,-85.15547,"L29181","86670773"
"17-569",45.96734,-83.78374,"L6786","111831271"
"17-57",45.99193,-84.1076,"L28720","123111405"
"17-570",45.96758,-83.79642,"L5838","111831279"
"17-571",45.96458,-83.7987,"L4439","111831289"
"17-572",46.38701,-84.62772,"L30700","83826269"
"17-573",46.3727,-84.63902,"L24334","83826281"
"17-574",46.00552,-83.6363,"L6557","111831085"
"17-575",46.09797,-84.32443,"L27652","111830889"
"17-576",46.23646,-84.72284,"L29440","123110616"
"17-577",46.23332,-84.7282,"L30003","123110634"
"17-578",46.22433,-84.7244,"L27244","123110658"
"17-579",46.22502,-84.73275,"L30274","123110662"
"17-580",46.22059,-84.73473,"L31352","123110678"
"17-581",46.22112,-84.72917,"L27199","123110672"
"17-582",46.21523,-84.72683,"L31633","123110686"
"17-583",46.21561,-84.72323,"L31085","123110684"
"17-584",46.23032,-84.75108,"L28925","123110646"
"17-585",46.22637,-84.73733,"L27092","123110654"
"17-586",46.22325,-84.74483,"L26076","123110670"
"17-587",46.21683,-84.74831,"L31772","123110690"
"17-588",46.21683,-84.74293,"L29667","123110688"
"17-589",46.20964,-84.7407,"L23877","123110710"
"17-590",46.33852,-84.17212,"L28498","111830371"
"17-591",45.98505,-83.87326,"L2071","111831249"
"17-592",45.97996,-83.87068,"L8158","111831265"
"17-593",46.01344,-83.64511,"L8814","111831033"
"17-594",46.03478,-83.61536,"L26325","111830887"
"17-595",46.25414,-84.14499,NA,NA
"17-596",46.02174,-83.58135,"L5289","111830953"
"17-597",46.15925,-84.68682,"L28873","123110884"
"17-598",46.27492,-84.74043,"L28922","123110515"
"17-599",46.41286,-84.62969,"L26303","83826197"
"17-6",45.9286,-83.58121,"L1380","111831319"
"17-600",46.32456,-84.86133,"L31914","123110444"
"17-601",46.32283,-84.85974,"L23513","123110448"
"17-602",45.96413,-83.67987,"L11019","111831259"
"17-603",45.97645,-83.97818,NA,NA
"17-604",46.47831,-85.02027,"L23175","83826095"
"17-605",46.47743,-85.01115,"L25892","83826097"
"17-609",46.32138,-84.73528,"L32042","83826377"
"17-61",46.05638,-84.12621,"L48181",NA
"17-610",46.75568,-85.11059,"L26677","109943318"
"17-611",46.60552,-85.18338,"L24985","86670789"
"17-612",46.57653,-85.13994,"L26361","86670827"
"17-613",46.57197,-85.14098,"L26314","86670829"
"17-614",46.25509,-84.11179,"L31811","111830521"
"17-615",46.31732,-84.14327,"L31985","111830395"
"17-616",46.3372,-84.17422,"L23080","111830373"
"17-617",46.28889,-84.20674,"L25815","111830441"
"17-618",46.25499,-84.11045,"L30127","111830527"
"17-619",46.47986,-84.2911,"L28770","111830239"
"17-620",46.35906,-84.13701,"L29436","111830345"
"17-621",45.91862,-83.58778,"L10753","111831343"
"17-622",46.37135,-84.14395,"L25305","111830341"
"17-623",46.34048,-84.17621,"L30596","111830369"
"17-624",46.47434,-84.28484,"L23153","111830253"
"17-625",46.17135,-84.98602,"L29867","123110953"
"17-626",46.759661,-85.132861,"L27994","109943306"
"17-69",46.02054,-84.16565,"L24656","123111213"
"17-7",45.92638,-83.58899,"L10433","111831327"
"17-71",46.00304,-84.14788,"L27641","123111331"
"17-74",45.99089,-84.21375,"L28046","123111621"
"17-76",45.99054,-84.12454,"L30911","123111518"
"17-8",45.92805,-83.55732,"L5787","111831311"
"17-81",46.10068,-83.69186,"L48234",NA
"17-82",46.09888,-83.64204,"L27050","111830767"
"17-86",46.09666,-84.10427,"L27451","111830841"
"17-9",45.9811,-83.69371,"L10167","111831215"
"17-91",46.08721,-84.16843,"L23382","111830897"
"17-98",46.17047,-84.1766,"L27091","111830741"
"18-1",43.89888,-84.64148,NA,NA
"18-100",43.98139,-84.8375,"L5373","149759231"
"18-103",43.94554,-84.75898,"L2944","149759256"
"18-104",43.95056,-84.83354,"L581","{A9A75155-0AA3-405A-A10A-7D5F6A027F9F}"
"18-105",43.93277,-84.75232,"L4106","149759265"
"18-106",43.93231,-84.76595,NA,NA
"18-108",43.92971,-84.77426,"L11880","149759267"
"18-117",43.90466,-84.82866,"L9096","149759286"
"18-12",43.83123,-84.76083,"L374","149759357"
"18-123",43.99443,-84.90315,"L3853","121858908"
"18-124",43.96388,-84.95371,"L3642","121859009"
"18-125",43.95027,-84.92787,"L9351","121859022"
"18-129",43.94027,-84.91037,"L1345","149759259"
"18-134",43.93221,-84.8926,"L5570","149759263"
"18-135",43.9206,-84.85414,"L4227","149759275"
"18-136",43.91478,-84.87742,"L355","149759278"
"18-140",43.9211,-84.93037,"L6011","149759277"
"18-142",43.92527,-84.92454,"L8252","121859168"
"18-147",43.92638,-84.93676,"L5045","121859160"
"18-149",43.9211,-84.95482,"L11122","121859225"
"18-150",43.91888,-84.96565,"L2317","121859251"
"18-151",43.90971,-84.95315,"L5039","121859288"
"18-153",43.90277,-84.96926,"L11912","121859326"
"18-156",43.98193,-85.0101,"L8509","121858962"
"18-159",43.96777,-85.00787,"L159","121859024"
"18-160",43.95721,-84.99954,"L4289","121859063"
"18-161",43.96388,-85.00426,"L5194","121859044"
"18-163",43.95082,-84.99537,"L1401","121859080"
"18-164",43.94788,-84.99311,"L3301","121859094"
"18-166",43.94193,-85.0601,"L3838","121859140"
"18-167",43.93749,-85.04315,"L2322","121859148"
"18-169",43.93221,-84.98787,"L2213","121859198"
"18-170",43.92054,-84.97065,"L13464","121859249"
"18-171",43.91497,-85.00463,"L1189","121859282"
"18-173",43.92388,-85.01176,"L13355","121859245"
"18-174",43.91915,-85.02869,"L406","121859278"
"18-176",43.91471,-85.03565,"L6081","121859293"
"18-177",43.91332,-85.01676,"L4652","121859292"
"18-178",43.90943,-84.97287,"L4522","121859290"
"18-182",44.02138,-84.71287,"L10326","149759187"
"18-183",44.01627,-84.71319,"L13834","149759192"
"18-186",44.02554,-84.72204,"L11750","149759179"
"18-188",44.02916,-84.7276,"L11750","149759179"
"18-190",44.02999,-84.65315,"L1663","149759177"
"18-191",44.0161,-84.65398,"L33","149759195"
"18-192",44.0083,-84.69004,"L11787","149759199"
"18-193",44.00663,-84.6838,"L12745","149759207"
"18-194",43.99693,-84.6501,"L10621","149759221"
"18-195",43.99138,-84.63537,"L1432","149759224"
"18-196",44.05749,-84.74371,"L9760","149759161"
"18-197",44.06943,-84.75204,"L5712","149759155"
"18-199",44.05582,-84.82232,"L5753","121858812"
"18-2",43.89166,-84.65148,"L11226","149759293"
"18-205",44.03332,-84.7901,"L9852","149759173"
"18-206",44.02027,-84.79426,"L10311","149759180"
"18-214",44.02471,-84.76926,"L8112","149759185"
"18-215",44.02638,-84.7851,"L204","149759182"
"18-216",44.02082,-84.75732,"L7561","149759190"
"18-227",44.01221,-84.89704,"L13762","121858883"
"18-228",44.00693,-84.89109,"L9787","121858897"
"18-229",44.01271,-84.89972,"L6523","121858885"
"18-233",44.0102,-84.90027,"L3938","121858891"
"18-235",44.00034,-84.95008,"L11035","121858919"
"18-265",43.99304,-85.01398,"L10156","121858931"
"18-27",43.88613,-84.88046,"L4904","149759297"
"18-270",44.13416,-84.66204,"L7774","149759091"
"18-272",44.13443,-84.63065,"L9157","149759090"
"18-273",44.12138,-84.6201,"L1096","149759107"
"18-275",44.12471,-84.68926,"L10075","{FD21C508-2139-481C-8FE4-30DB52336F25}"
"18-277",44.13082,-84.7026,"L11301","149759094"
"18-279",44.11488,-84.69403,"L4240","149759114"
"18-28",43.89916,-84.91287,"L6334","149759291"
"18-282",44.09999,-84.61065,"L5802","149759135"
"18-284",44.10388,-84.6901,"L553","149759131"
"18-286",44.08499,-84.72843,"L5312","121858734"
"18-29",43.89416,-84.94148,"L9291","121859356"
"18-292",44.13193,-84.76954,"L6877","121858624"
"18-294",44.11138,-84.76371,"L2096","121858671"
"18-295",44.10416,-84.76982,"L6982","121858689"
"18-296",44.09388,-84.76621,"L639","121858693"
"18-3",43.90193,-84.65315,"L12706","149759281"
"18-30",43.8886,-84.95093,"L9245","121859379"
"18-31",43.90221,-84.94815,"L2870","121859312"
"18-321",44.1386,-84.8576,"L11505","121858610"
"18-324",44.1186,-84.86565,"L2294","121858674"
"18-335",44.10673,-84.96132,"L5867","121858716"
"18-336",44.10443,-84.96822,"L13130","121858733"
"18-339",44.10193,-84.91787,"L9691","121858731"
"18-34",43.87845,-84.8765,"L5243","149759304"
"18-35",43.87444,-84.87106,"L12843","149759311"
"18-351",44.16189,-84.97907,"L8275","121858565"
"18-36",43.8786,-84.88343,"L3879","149759305"
"18-367",44.15523,-84.93152,"L4970","121858573"
"18-368",43.85044,-84.91122,"L5246","149759333"
"18-369",44.13635,-85.06173,"L9916","121858673"
"18-370",43.8188,-84.69082,"L2896","149759371"
"18-371",43.91967,-84.89242,"L13276","149759276"
"18-372",43.99764,-84.93322,"L298","121858911"
"18-373",43.9263,-84.8816,"L7522","149759269"
"18-374",43.83776,-84.75238,"L10341","149759347"
"18-375",43.96021,-84.65596,"L13716","149759249"
"18-376",43.96725,-84.65691,"L4911","149759244"
"18-377",43.89932,-84.63128,"L7411","149759288"
"18-378",43.89582,-84.63114,"L12295","149759290"
"18-379",43.85285,-84.77309,"L12838","149759334"
"18-38",43.87221,-84.86787,"L7017","149759313"
"18-380",44.01999,-84.72065,"L48319","149759179"
"18-381",44.02485,-84.71028,"L48320","{D9D488EA-38BA-40DE-97D6-AF78EF0711E9}"
"18-382",44.15297,-84.77316,"L10933","121858520"
"18-383",43.8665,-84.8963,"L13600","149759322"
"18-384",43.87635,-84.8241,NA,NA
"18-385",43.87919,-84.80291,NA,NA
"18-4",43.9011,-84.82121,"L2822","149759287"
"18-41",43.86082,-84.86037,"L8431","149759325"
"18-43",43.86838,-84.90867,"L125","{04EF5636-6095-4548-BDED-925187442D46}"
"18-44",43.86693,-84.95371,"L12269","149759321"
"18-45",43.85999,-84.95148,"L12645","{9395E6B0-5437-40FC-9C6D-BE2A499C19C4}"
"18-48",43.84527,-84.90621,"L3587","149759345"
"18-49",43.83304,-84.87732,"L1099","149759352"
"18-5",43.88166,-84.82093,"L8887","149759299"
"18-50",43.83277,-84.92454,"L6679","149759361"
"18-53",43.8245,-84.8693,"L12187","149759369"
"18-54",43.88666,-84.99537,"L11558","150436628"
"18-55",43.89728,-85.02435,"L8111","150436627"
"18-56",43.88304,-85.03871,"L2818","150436632"
"18-57",43.90027,-85.07426,"L5019","150436626"
"18-59",43.87369,-85.02522,"L988","150436633"
"18-6",43.87249,-84.80176,"L9962","149759306"
"18-62",43.86281,-85.0428,"L9753","150436635"
"18-65",43.86749,-85.07259,"L2658","150436634"
"18-66",43.83999,-85.07343,"L1364","150436656"
"18-68",43.85666,-85.05232,"L1645","150436645"
"18-69",43.84749,-85.01482,"L12188","150436650"
"18-70",43.84972,-85.04058,"L1221","150436648"
"18-71",43.84916,-85.00176,"L4453","150436649"
"18-72",43.83304,-84.97732,"L6225","149759354"
"18-73",43.82777,-85.01537,"L10308","150436655"
"18-8",43.86888,-84.79343,"L5231","149759314"
"18-83",43.8211,-84.97759,"L8234","150436658"
"18-84",43.9761,-84.70898,"L13958","149759234"
"18-85",43.96999,-84.70815,"L10651","149759242"
"18-86",43.97138,-84.71482,"L13201","149759240"
"18-87",43.97082,-84.72204,"L11760","149759241"
"18-89",43.97388,-84.72371,"L12049","149759237"
"18-9",43.85971,-84.84287,"L6817","149759326"
"18-97",43.92221,-84.60843,"L6914","149759271"
"19-1",42.84527,-84.40398,"L7852","152094361"
"19-100",42.89527,-84.5662,"L7111","151870779"
"19-109",42.88277,-84.73648,"L12021","151870786"
"19-124",43.087964,-84.407917,"L48988",NA
"19-13",42.80054,-84.43954,NA,NA
"19-14",42.79582,-84.42676,"L4152","152094458"
"19-15",42.80916,-84.38704,"L12468","152094442"
"19-16",42.79443,-84.39232,"L1222","152094465"
"19-17",42.78666,-84.38787,"L5779","152094479"
"19-174",42.86578,-84.36734,NA,NA
"19-175",43.05101,-84.48678,"L2623","151870690"
"19-176",43.0476,-84.48781,"L2623","151870690"
"19-177",43.04254,-84.49125,NA,NA
"19-178",43.0418,-84.48052,NA,NA
"19-179",43.03722,-84.53887,"L2067","151870698"
"19-18",42.79249,-84.41593,"L11524","152094466"
"19-180",42.79627,-84.53838,"L9796","152094461"
"19-181",42.84514,-84.53549,"L5896","152094364"
"19-182",42.8411,-84.5365,"L7493","152094370"
"19-183",43.00447,-84.3895,"L5291","151870702"
"19-184",42.87617,-84.82253,"L8142","152094315"
"19-185",42.90187,-84.48574,"L1747","151870772"
"19-186",42.966,-84.57118,"L9453","151870728"
"19-189",43.07351,-84.58987,"L636","151870684"
"19-20",42.79054,-84.40509,"L13467","152094470"
"19-201",42.94335,-84.41459,"L7727","151870743"
"19-21",42.78971,-84.43982,"L6963","152094467"
"19-27",42.83388,-84.58315,"L3070","152094376"
"19-51",42.82685,-84.64436,"L6114","152094413"
"19-75",42.93471,-84.45426,"L8538","151870738"
"19-77",42.92888,-84.47509,"L11854","151870744"
"19-79",42.92499,-84.43759,"L5878","151870750"
"19-80",42.92388,-84.37732,"L6454","151870754"
"19-82",42.91166,-84.38648,"L12669","151870762"
"19-83",42.90611,-84.39689,"L5196","151870766"
"19-84",42.90082,-84.41343,"L2756","151870773"
"19-85",42.90527,-84.44426,"L8724","151870769"
"19-88",42.88692,-84.39514,"L5189","151870783"
"19-93",42.87749,-84.44454,"L3967","152094301"
"19-96",42.86693,-84.39815,"L9318","152094326"
"19-97",42.90591,-84.48686,"L773","151870770"
"19-98",42.9111,-84.58982,"L9607","151870767"
"2-1",46.24471,-86.62343,"L35493","44364468"
"2-10",46.24804,-86.65427,"L48331","44364436"
"2-100",46.24721,-86.80538,"L35184","113235895"
"2-103",46.2382,-86.86219,"L33214","92130972"
"2-104",46.23418,-86.85877,"L33292","92131020"
"2-105",46.24315,-86.85381,"L34421","92130962"
"2-11",46.24499,-86.65677,"L32964","44364506"
"2-116",46.18749,-86.82899,"L33625","92131060"
"2-117",46.18915,-86.84038,"L34943","92131058"
"2-118",46.18082,-86.77732,"L34570","113235967"
"2-119",46.17165,-86.76038,"L35784","113235971"
"2-12",46.2337,-86.66257,NA,NA
"2-121",46.18666,-86.85334,"L34895","92131068"
"2-124",46.16026,-86.76371,"L38877","113235979"
"2-127",46.16084,-86.74976,"L42959","113235993"
"2-13",46.23652,-86.67178,"L32309","44364702"
"2-14",46.24606,-86.67228,"L35308","44364518"
"2-147",46.31915,-86.65621,"L35474","44363364"
"2-156",46.31165,-86.72871,"L34213","44363478"
"2-159",46.31281,-86.70655,"L36180","44363498"
"2-160",46.30662,-86.70232,"L36266","44363610"
"2-161",46.30688,-86.6775,"L33772","44363536"
"2-165",46.3136,-86.66371,"L35727","44363460"
"2-166",46.30888,-86.66399,"L34494","44363524"
"2-167",46.31549,-86.66614,"L34483","44363442"
"2-168",46.30443,-86.67093,"L32881","44363630"
"2-169",46.30915,-86.65065,"L32166","44363462"
"2-170",46.31499,-86.6526,"L33741","44363432"
"2-171",46.31667,-86.65165,"L36308","44363394"
"2-172",46.28915,-86.63093,"L34059","44363798"
"2-173",46.29501,-86.63136,"L36583","44363756"
"2-175",46.30087,-86.63735,"L34378","44363628"
"2-177",46.2961,-86.65788,"L32861","44363656"
"2-181",46.29554,-86.70315,"L34952","44363708"
"2-186",46.28026,-86.7376,"L32441","113235829"
"2-188",46.27582,-86.6851,"L33437","44364070"
"2-189",46.28193,-86.66538,"L34253","{966F0898-A9E8-4419-A2F8-ACF9E23CE3C9}"
"2-190",46.27415,-86.6626,"L32547","44364108"
"2-193",46.28082,-86.64482,"L34511","44363948"
"2-194",46.27629,-86.63645,"L35032","44364020"
"2-195-196",46.28325,-86.62361,"L35569","44363906"
"2-2",46.23638,-86.61927,"L33441","44364560"
"2-200",46.26943,-86.63732,"L34722","44364120"
"2-202",46.27304,-86.64204,"L33451","44364078"
"2-204",46.26041,-86.65455,"L34975","44364300"
"2-206",46.26603,-86.64872,"L33952","44364158"
"2-208",46.26395,-86.66075,"L32655","44364250"
"2-209",46.2661,-86.67288,"L35242","44364236"
"2-210",46.26026,-86.67677,"L35030","44364338"
"2-212",46.26276,-86.71121,"L32152","120018199"
"2-217",46.2586,-86.68538,"L35284","44364362"
"2-218",46.2584,-86.66003,"L32551","44364347"
"2-220",46.25471,-86.65649,"L36205","44364366"
"2-221",46.24915,-86.65815,"L34487","44364448"
"2-223",46.24693,-86.6501,"L36373","44364436"
"2-224",46.25531,-86.64923,"L32552","44364380"
"2-228",46.33193,-86.79704,"L33151","109946424"
"2-229",46.32304,-86.83565,"L36103","109946470"
"2-230",46.33116,-86.8498,"L34989","109946584"
"2-232",46.30249,-86.8201,"L32835","109946528"
"2-234",46.30388,-86.76149,"L34556","113235787"
"2-244",46.2936,-86.83593,"L35110","109946576"
"2-247",46.28384,-86.7747,"L35760","113235827"
"2-25",46.22388,-86.67649,"L34127","44364884"
"2-252",46.2861,-86.74927,"L35163","113235817"
"2-254",46.26638,-86.74315,"L32645","113235853"
"2-255",46.26221,-86.75065,"L34301","113235865"
"2-261",46.26249,-86.78399,"L32836","113235873"
"2-262",46.2711,-86.79815,"L34709","113235839"
"2-263",46.26776,-86.8131,"L35554","113235863"
"2-267",46.2561,-86.76927,"L33924","113235881"
"2-268",46.25138,-86.76912,"L33298","113235887"
"2-27",46.22276,-86.63954,"L35980","44364812"
"2-270",46.25471,-86.77621,"L32257","113235883"
"2-28",46.22832,-86.64315,"L35012","44364792"
"2-280",46.33471,-87.06655,"L35523","92130856"
"2-29",46.21721,-86.6526,"L33163","44364882"
"2-30",46.22749,-86.61704,"L34212","44364776"
"2-300",46.40419,-86.44113,"L26663","44362312"
"2-31",46.21971,-86.61704,"L32630","44364892"
"2-32",46.21971,-86.62621,"L32652","44364890"
"2-331",46.39461,-86.52368,"L32782","109946018"
"2-332",46.3875,-86.59078,"L34756","109946090"
"2-336",46.36804,-86.59232,"L34876","44362588"
"2-337",46.36899,-86.5519,"L36331",NA
"2-340",46.39526,-86.73399,"L36339","109946098"
"2-343",46.39693,-86.71427,"L35258","109946050"
"2-347",46.37786,-86.62249,"L35943","109946152"
"2-353",46.37276,-86.64149,"L35296","109946170"
"2-359",46.41546,-86.76131,"L33372","109946004"
"2-360",46.4161,-86.81677,"L33797","109946024"
"2-361",46.40388,-86.83899,"L34671","109946172"
"2-362",46.4086,-86.85149,"L33663","109946060"
"2-369",46.38537,-86.85029,"L36097","9aac787f-6ae1-45f4-a2f7-c50c4d80f1ee"
"2-372",46.36582,-86.76061,"L35139","109946252"
"2-373",46.35556,-86.73993,"L33696","109946290"
"2-375",46.34749,-86.8276,"L32913","109946356"
"2-379",46.3392,-86.80745,"L32928","109946376"
"2-380",46.33776,-86.80843,"L32928","109946376"
"2-381",46.34024,-86.80151,"L34434","109946378"
"2-382",46.33825,-86.80157,"L32224","109946392"
"2-383",46.39304,-86.94204,"L32306","109946176"
"2-386",46.38789,-86.89969,"L36119","109946190"
"2-387",46.38718,-86.89768,"L32667","109946188"
"2-4",46.23517,-86.63502,"L34961","44364684"
"2-401",46.41776,-87.04177,"L35854","109946126"
"2-405",46.4011,-87.0301,"L32191","109946166"
"2-408",46.50749,-86.37927,"L23559","44361646"
"2-409",46.5011,-86.38232,"L25914","44361754"
"2-410",46.49899,-86.3893,"L26515","44361800"
"2-411",46.49949,-86.39395,"L30633","44361808"
"2-413",46.49846,-86.41036,"L27640","109945572"
"2-414",46.2451,-86.65957,"L35799","44364516"
"2-42",46.20304,-86.64677,"L35872","44365154"
"2-425",46.45832,-86.46927,"L28411","109945654"
"2-439",46.48082,-86.53788,"L32415","109945626"
"2-443",46.44942,-86.60335,"L34388","109945708"
"2-445",46.45075,-86.6028,"L34101","109945692"
"2-449",46.47637,-86.65325,"L34544","120020544"
"2-450",46.4361,-86.71177,"L33255","109945852"
"2-453",46.4329,-86.8361,NA,NA
"2-46",46.20776,-86.66732,"L35706","113235931"
"2-461",46.47749,-86.96732,"L32596","109945686"
"2-464",46.46999,-86.95843,"L34651","109945724"
"2-468",46.46299,-86.90603,"L35873","109945740"
"2-469",46.43443,-86.87427,"L34871","109945926"
"2-474",46.48749,-87.11093,"L33000","109945688"
"2-478",46.43193,-87.08149,"L35090","109946030"
"2-48",46.20855,-86.67027,"L33742","113235929"
"2-481",46.57054,-85.97482,"L25157","109944956"
"2-484",46.5643,-85.95651,"L25963","109945008"
"2-485",46.56693,-85.96371,"L27869","109944970"
"2-486",46.57499,-85.93704,"L29893","109944864"
"2-5",46.2415,-86.62679,"L34798","44364540"
"2-500",46.55415,-85.9351,"L31919","109945146"
"2-501",46.55165,-85.9426,"L28540","120020542"
"2-502",46.5536,-85.94482,"L48170","120020542"
"2-507",46.55404,-85.95254,"L24402","109945184"
"2-509",46.55415,-85.9601,"L28824","109945164"
"2-51",46.20895,-86.70461,"L34979","113235933"
"2-514",46.53582,-85.97538,"L26528","109945346"
"2-518",46.54407,-85.93485,"L27141","109945282"
"2-52",46.20709,-86.71261,"L32487","{A0A45770-4876-4BC6-BECC-6E5955B8AF11}"
"2-522",46.54221,-85.94454,"L30801","109945322"
"2-525",46.53915,-85.91621,"L25961","{3D520F08-0D48-4B66-85D5-696564D6E9D4}"
"2-53",46.18888,-86.71815,"L32687","113235949"
"2-539",46.53721,-85.87566,"L28531","109945308"
"2-550",46.5255,-85.89861,"L32074","{40370784-4AE6-47A3-9A74-1B2C8BEE396A}"
"2-551",46.52753,-85.90259,"L32074","{40370784-4AE6-47A3-9A74-1B2C8BEE396A}"
"2-553",46.53059,-85.90468,"L31237","{86F13328-7398-4380-885C-0CC4CB6CF919}"
"2-556",46.52979,-85.90062,"L31586","{C8CBC34F-5AB5-4B28-8FEE-54BE1B8B9FC6}"
"2-558",46.53054,-85.93843,"L27756","109945418"
"2-559",46.52499,-85.9476,"L25718","{44FC7550-F9DC-44EC-ADAE-24AE4F104D6F}"
"2-561",46.52804,-85.97816,"L27920","109945446"
"2-562",46.53165,-85.98871,"L31075","109945430"
"2-566",46.59249,-86.04177,"L24671","109944788"
"2-567",46.59193,-86.03454,"L27486","109944790"
"2-572",46.56582,-86.09427,"L24101","{A3C927D7-9CFA-48F9-B1A5-6DD6CF37C95E}"
"2-573",46.56388,-86.10982,"L24735","44360882"
"2-574",46.56193,-86.05149,"L25955","109945144"
"2-575",46.56415,-86.05982,"L23708","109945172"
"2-576",46.56751,-86.06725,"L24002","109945080"
"2-577",46.57138,-86.06927,"L30235","109944994"
"2-581",46.5486,-86.02927,"L27053","44360924"
"2-583",46.54527,-86.05066,"L29891","{94B8EA44-50B8-4B21-915F-3DF8F42BEA32}"
"2-585",46.54999,-86.06482,"L24452","{B29C4028-B335-4603-99B5-031D78A85598}"
"2-587",46.55832,-86.09204,"L27684","{6EC378BD-8F83-44B7-A0F9-FFC0D6117B81}"
"2-589",46.53638,-86.11232,"L31849","44361142"
"2-592",46.53777,-86.08982,"L23113","44361058"
"2-596",46.5411,-86.02732,"L30204","44361006"
"2-597",46.53499,-86.00371,"L26896","44361048"
"2-599",46.51832,-86.00982,"L28579","44361196"
"2-6",46.24415,-86.64427,"L48330","44364436"
"2-60",46.19193,-86.64204,"L35512","44365310"
"2-600",46.52471,-86.02427,"L48209","44361166"
"2-602",46.52915,-86.03204,"L31821","44361166"
"2-603",46.52443,-86.0376,"L29526","44361150"
"2-604",46.52274,-86.03875,"L23245","44361190"
"2-605",46.52054,-86.04843,"L29756","44361184"
"2-609",46.51971,-86.05871,"L28268","44361224"
"2-61",46.18776,-86.65427,"L35545","44365348"
"2-61.1",46.19608,-86.65387,"L36527","44365276"
"2-611",46.52451,-86.08532,"L29840","44361208"
"2-612",46.51832,-86.07538,"L29080","44361292"
"2-613",46.52304,-86.09066,"L27621","44361214"
"2-614",46.52999,-86.09482,"L31175","44361146"
"2-616",46.51609,-86.10141,"L25717","44361320"
"2-617",46.51215,-86.09601,"L29271","44361346"
"2-618",46.51061,-86.10542,"L31525","44361364"
"2-62",46.19638,-86.64843,"L34744","44365212"
"2-621",46.50665,-86.07204,"L27612","44361386"
"2-622",46.50888,-86.0851,"L28806","44361360"
"2-623",46.50943,-86.05927,"L24125","44361392"
"2-624",46.51777,-86.06677,"L27373","44361260"
"2-626",46.50527,-86.0001,"L29450","44361352"
"2-627",46.58221,-86.2201,"L29236","109944938"
"2-636",46.57693,-86.21066,"L28882","109945128"
"2-639",46.56094,-86.12541,"L26817","44360896"
"2-640",46.55548,-86.12543,"L29300","44360950"
"2-641",46.5539,-86.12073,"L24195","44360948"
"2-643",46.55665,-86.14149,"L23248","44360938"
"2-645",46.55332,-86.14454,"L23892","44360974"
"2-65",46.19127,-86.62855,"L33406","44365312"
"2-652",46.5536,-86.15732,"L27015","44360984"
"2-654",46.54999,-86.17954,"L31734","44361028"
"2-665",46.54665,-86.17538,"L30743","44361070"
"2-67",46.19082,-86.63121,"L34195","44365302"
"2-672",46.54415,-86.15871,"L26899","44361062"
"2-673",46.5411,-86.16649,"L24098","44361104"
"2-676",46.54054,-86.12343,"L27408","44361068"
"2-68",46.19499,-86.62427,"L32440","44365260"
"2-681",46.51999,-86.16732,"L25994","44361324"
"2-683",46.52665,-86.17343,"L23539","44361242"
"2-685",46.5261,-86.19038,"L30086","44361246"
"2-688",46.5311,-86.1851,"L29328","44361202"
"2-69",46.1836,-86.62454,"L32337","44365426"
"2-693",46.5161,-86.24482,"L28940","44361380"
"2-694",46.52832,-86.23704,"L30993","44361280"
"2-696",46.5136,-86.22288,"L26094","44361434"
"2-7",46.23999,-86.64427,"L32582","44364602"
"2-70",46.18802,-86.620883,"L36151","44365352"
"2-71",46.173597,-86.628356,"L33884","44365536"
"2-716",46.51172,-86.15254,"L30874","44361388"
"2-718",46.58749,-86.31288,"L24759","109944984"
"2-72",46.17804,-86.63538,"L36303","44365454"
"2-720",46.56832,-86.33871,"L23911","109945392"
"2-722",46.5677,-86.27883,"L28724","109945304"
"2-723",46.5754,-86.28136,"L26898","109945238"
"2-727",46.55746,-86.31982,"L27702","109945402"
"2-73",46.18638,-86.6276,"L35882","44365368"
"2-730",46.56082,-86.36232,"L26103","109945420"
"2-735",46.52165,-86.35454,"L26104","44361472"
"2-736",46.52804,-86.36316,"L30567","{39BF15B2-1B59-424F-9697-FDFB1B407931}"
"2-739",46.5143,-86.33573,"L30013","44361542"
"2-740",46.51891,-86.32892,"L30228","44361480"
"2-742",46.51338,-86.34129,"L28678","44361572"
"2-743",46.51518,-86.32971,"L24518","44361524"
"2-748",46.50665,-86.2701,"L25830","44361566"
"2-749",46.50638,-86.2551,"L30859","44361536"
"2-751",46.53332,-86.44454,"L27214","109945538"
"2-752",46.54332,-86.44677,"L31372","109945528"
"2-754",46.51304,-86.3726,"L29755","44361600"
"2-757",46.51221,-86.67066,"L32395","120020548"
"2-759",46.67621,-85.94884,"L28745","109943808"
"2-760",46.67588,-85.97039,"L48247","{D93A3048-2CD8-4E81-9E4D-44A949E98BBB}"
"2-761",46.65364,-85.90318,"L23608","109943990"
"2-77",46.1836,-86.64593,"L32515","44365436"
"2-775",46.63832,-86.03871,"L28069","109944440"
"2-78",46.18571,-86.67505,"L36498","113235951"
"2-782",46.59693,-86.06316,"L24820","109944716"
"2-783",46.59832,-86.05454,"L30153","109944726"
"2-784",46.59527,-86.05204,"L30151","109944768"
"2-785",46.59638,-86.02649,"L26732","109944740"
"2-788",46.63138,-86.1801,"L31988","109944430"
"2-791",46.59554,-86.16482,"L23701","109944826"
"2-798",46.53924,-85.91937,"L31871","{2747452F-553F-4010-BF6A-DDAD1348D085}"
"2-799",46.56775,-86.08903,"L27289","{92ABE82D-1922-4AAD-8CDB-7569ABCEF419}"
"2-8",46.23638,-86.65121,"L32139","44364746"
"2-800",46.57091,-85.98751,"L24756","109944944"
"2-801",46.56061,-86.09614,"L27684","{6EC378BD-8F83-44B7-A0F9-FFC0D6117B81}"
"2-802",46.55918,-86.08736,"L29615","{A3C1A102-7573-46AC-99C1-BFFA121273A6}"
"2-804",46.29197,-86.64212,NA,NA
"2-805",46.56866,-86.11307,"L26133","44360874"
"2-806",46.45026,-86.59927,"L32323","109945694"
"2-807",46.44856,-86.60534,"L35047","109945712"
"2-808",46.39671,-86.70144,"L32890","109946068"
"2-809",46.46135,-86.90002,"L33495","109945744"
"2-810",46.47304,-86.9525,"L33851","109945700"
"2-811",46.50688,-86.06428,"L30798","44361404"
"2-83",46.17971,-86.7101,"L33638","113235957"
"2-84",46.18193,-86.72177,"L32473","113235959"
"2-85",46.16554,-86.73454,"L32618","113235973"
"2-86",46.16075,-86.67497,"L42932","113235975"
"2-87",46.16665,-86.63204,"L35209","44365604"
"2-9",46.24276,-86.64927,"L48332","44364436"
"2-95",46.24721,-86.78232,"L35232","113235893"
"20-1",44.5411,-84.40149,"L10525","83977221"
"20-101",44.77888,-84.55315,"L8676","83976205"
"20-105",44.85471,-84.61871,"L14083","83976031"
"20-106",44.85193,-84.61232,"L7426","83976049"
"20-107",44.85193,-84.70815,"L10732","83976051"
"20-108",44.84638,-84.70899,"L4115","83976063"
"20-109",44.85702,-84.71193,"L737","83976007"
"20-110",44.84749,-84.7251,"L5360","83976059"
"20-111",44.83721,-84.61065,"L12666","83976065"
"20-114",44.79332,-84.6201,"L11953","83976167"
"20-117",44.85082,-84.8401,"L3525","60087642"
"20-119",44.79279,-84.76086,"L574","83976233"
"20-121",44.77164,-84.75812,"L6247","83976359"
"20-122",44.77471,-84.76232,"L13662","83976327"
"20-125",44.79777,-84.37744,"L48208",NA
"20-126",44.64644,-84.75049,"L6647","83976981"
"20-14",44.68024,-84.42981,"L13149","83976665"
"20-2",44.53054,-84.3851,"L8213","83977297"
"20-26",44.6361,-84.57565,"L10790","83976949"
"20-28",44.63388,-84.51371,"L11647","83976921"
"20-3",44.53193,-84.41593,"L2023","83977305"
"20-30",44.65825,-84.72315,NA,NA
"20-31",44.65138,-84.68343,"L5236","83976915"
"20-35",44.63638,-84.71899,"L12847","83977007"
"20-38",44.6367,-84.62543,"L7881","83976975"
"20-39",44.62638,-84.67232,"L5608","83977021"
"20-4",44.5336,-84.42121,"L8980","83977301"
"20-40",44.66448,-84.74264,"L1908","83976893"
"20-44",44.65054,-84.78732,"L12028","60087990"
"20-46",44.7561,-84.45204,"L4140","83976287"
"20-49",44.76384,-84.5828,"L11022","83976309"
"20-50",44.76076,-84.58373,"L10918","83976317"
"20-51",44.75416,-84.58454,"L1983","83976371"
"20-52",44.75388,-84.55287,"L1001","83976355"
"20-53",44.73221,-84.58565,"L7486","83976489"
"20-60",44.73555,-84.65681,"L12951","83976499"
"20-61",44.72892,-84.65511,"L935","83976531"
"20-62",44.7316,-84.68352,"L566","83976527"
"20-63",44.72916,-84.68482,"L8974","83976547"
"20-7",44.53971,-84.64787,"L11977","83977429"
"20-73",44.71804,-84.76204,"L6596","83976637"
"20-75",44.68749,-84.81482,"L1615","60087944"
"20-76",44.82166,-84.47621,"L2136","83976061"
"20-78",44.82196,-84.46849,"L1953","83976067"
"20-79",44.80277,-84.37232,"L10369","83976079"
"20-82",44.84916,-84.53787,"L6072","83976039"
"20-85",44.83166,-84.59593,"L5702","83977931"
"20-86",44.83193,-84.60343,"L13458","83976069"
"20-87",44.81999,-84.59787,"L10462","83976083"
"20-91",44.80916,-84.58565,"L338","83976109"
"20-93",44.81325,-84.51989,"L11002","83976085"
"20-94",44.79082,-84.54871,"L10024","83976123"
"20-95",44.79499,-84.5876,"L8327","83976145"
"20-96",44.78416,-84.5926,"L6969","83976219"
"21-1",45.63388,-87.2201,"L45088","155413396"
"21-10",45.6711,-86.63343,"L45968","113236961"
"21-100",45.85582,-86.47954,"L42739","113236695"
"21-101",45.86526,-86.47621,"L38642","113236661"
"21-105",45.90276,-86.6501,"L40111","113236573"
"21-11",45.67748,-86.59328,"L44679","113236953"
"21-111",45.86971,-86.6976,"L36771","113236693"
"21-113",45.87353,-86.66612,"L39095","113236687"
"21-13",45.65826,-86.71033,"L44390","113236965"
"21-133",45.83607,-86.66041,"L48246","{0BB28A37-D665-4735-A2DA-5C08014F9EEF}"
"21-141",45.87845,-86.9403,"L42506","92131650"
"21-145",45.87165,-87.04343,"L46256","92131660"
"21-163",45.83431,-87.0923,"L48349",NA
"21-168",45.81742,-87.10196,NA,NA
"21-173",45.97665,-86.60871,"L41663","113236323"
"21-183",45.97471,-86.62649,"L38135","113236353"
"21-192",45.93221,-86.64899,"L38731","113236487"
"21-195",45.92382,-86.65742,"L41805","113236519"
"21-206",45.98165,-86.76621,"L42035","113236377"
"21-236",45.93443,-86.89343,"L42981","92131594"
"21-242",45.93332,-87.02954,"L36942","92131602"
"21-257",45.98156,-87.26948,"L44044","152512637"
"21-260",46.07007,-86.48997,"L38255","44366472"
"21-261",46.06804,-86.50954,"L40355","44366522"
"21-262",46.05388,-86.5201,"L42835","44366612"
"21-263",46.07138,-86.5351,"L40026","9695129f-68c0-45c5-a7ba-9c0a921137d5"
"21-264",46.05749,-86.5526,"L37807","c57776b0-1582-4183-9b96-4ccf7dcfec31"
"21-266",46.06832,-86.54843,"L39379","113236075"
"21-268",46.05638,-86.56732,"L40337","113236113"
"21-274",46.0686,-86.59538,"L37348","113236095"
"21-276",46.04249,-86.59232,"L38871","113236151"
"21-277",46.03665,-86.61093,"L42958","113236173"
"21-278",46.04193,-86.61204,"L37377","113236161"
"21-281",46.04082,-86.53649,"L38399","fd5fa507-9109-4ac9-b062-7a0bdd69b948"
"21-283",46.03026,-86.50315,"L42092","44366701"
"21-286",46.02554,-86.61677,"L41930","113236191"
"21-295",46.00915,-86.51399,"L41462","1da53c59-7a33-465e-b22e-d613402c91ab"
"21-300",46.00971,-86.59704,"L40554","113236233"
"21-31",45.64888,-87.19593,"L45964","155413395"
"21-312",46.06222,-86.66905,"L40195","113236119"
"21-314",46.04888,-86.73788,"L38862","113236163"
"21-316",46.0511,-86.71065,"L41871","113236157"
"21-320",46.04221,-86.69427,"L40071","113236167"
"21-325",46.03554,-86.72399,"L38469","113236187"
"21-326",46.04054,-86.73899,"L41069","113236183"
"21-329",46.02082,-86.62093,"L40592","113236209"
"21-331",46.01526,-86.62593,"L38093","113236217"
"21-337",45.99832,-86.67677,"L38052","113236281"
"21-339",45.99776,-86.65093,"L38264","113236279"
"21-34",45.72554,-87.32621,"L44479","155413378"
"21-355",46.04054,-86.80621,"L34588","92131364"
"21-356",46.04665,-86.79454,"L32154","92131350"
"21-359",46.02936,-86.82053,"L34365","92131386"
"21-360",46.01276,-86.81927,"L32946","92131422"
"21-365",45.9911,-86.85454,"L38990","92131470"
"21-366",45.98752,-86.76911,"L39130","113236321"
"21-367",45.9911,-86.75788,"L42632","113236305"
"21-391",46.15638,-86.49204,"L33490","44365638"
"21-392",46.15415,-86.49899,"L35950","44365684"
"21-395",46.14436,-86.49447,"L34471","44365778"
"21-4",45.60749,-87.22204,"L46324","155413400"
"21-400",46.14499,-86.57954,"L32791","44365828"
"21-402",46.15554,-86.60399,"L32380","44365742"
"21-404",46.15026,-86.60565,"L35082","44365792"
"21-412",46.14651,-86.49471,"L35758","44365768"
"21-413",46.13388,-86.49232,"L36343","44365908"
"21-414",46.1311,-86.50843,"L33974","44365970"
"21-417",46.11638,-86.52121,"L34740","44366110"
"21-418",46.11443,-86.54204,"L34077","44366154"
"21-421",46.45888,-86.55626,NA,NA
"21-425",46.12138,-86.56288,"L35619","44366106"
"21-427",46.11332,-86.5176,"L36351","44366152"
"21-429",46.10565,-86.50667,"L33369","44366178"
"21-431",46.09484,-86.52289,"L36187","44366282"
"21-432",46.09063,-86.51684,"L35703","44366314"
"21-433",46.09866,-86.52853,"L33006","44366256"
"21-434",46.09393,-86.52881,"L33380","44366298"
"21-435",46.09388,-86.53871,"L36290","44366300"
"21-447",46.08138,-86.57788,"L35562","113236061"
"21-448",46.07832,-86.57288,"L35239","113236063"
"21-453",46.08082,-86.5651,"L35601","113236057"
"21-454",46.08026,-86.53065,"L35443","{64B6703D-E6F9-4F17-B0E4-47754FBBCAAF}"
"21-46",45.7561,-86.49843,"L37276","113236853"
"21-462",46.07554,-86.51149,"L39661","44366426"
"21-465",46.07304,-86.49843,"L38829","44366442"
"21-466",46.07668,-86.49973,"L40347","44366420"
"21-467",46.07971,-86.50593,"L32348","44366392"
"21-468",46.15832,-86.62371,"L35183","44365716"
"21-470",46.15193,-86.63982,"L36358","44365800"
"21-471",46.1561,-86.65315,"L41990","44365746"
"21-473",46.1561,-86.68649,"L40426","113235985"
"21-479",46.11276,-86.62621,"L33501","113236011"
"21-481",46.10138,-86.63538,"L38310","113236019"
"21-486",46.14832,-86.76927,"L33370","92131134"
"21-487",46.14471,-86.77593,"L34448","92131144"
"21-488",46.15193,-86.77732,"L35050","92131128"
"21-490",46.15752,-86.84241,"L32305","92131130"
"21-494",46.13832,-86.74454,"L42316","113236001"
"21-495",46.12721,-86.83121,"L36293","92131178"
"21-497",46.10943,-86.82704,"L36558","92131210"
"21-498",46.09693,-86.82232,"L32267","92131222"
"21-505",46.08193,-86.79288,"L34484","113236109"
"21-507",46.07804,-86.79871,"L35285","92131262"
"21-51",45.75665,-86.50788,"L39480","113236857"
"21-521",46.10415,-86.93899,"L37851","92131228"
"21-527",46.08034,-86.91506,"L40575","92131286"
"21-529",46.07499,-86.90315,"L41978","92131290"
"21-55",45.74082,-86.53926,"L38150","113236881"
"21-552",45.81408,-87.08428,"L44738","152512650"
"21-553",45.81119,-87.08641,"L44019","152512652"
"21-554",46.04433,-86.82372,"L33624","92131362"
"21-555",46.00569,-86.85906,"L40331","92131446"
"21-556",46.05965,-86.81387,"L34778","92131316"
"21-557",46.09958,-86.77158,"L34571","113236047"
"21-558",46.14619,-86.53711,NA,NA
"21-559",46.1463,-86.50758,NA,NA
"21-56",45.72499,-86.53954,"L39426","113236903"
"21-560",45.89582,-86.91992,"L39871","92131636"
"21-561",45.93119,-87.0608,"L36787","92131612"
"21-562",45.97397,-86.71241,NA,NA
"21-57",45.72971,-86.53788,"L40811","113236895"
"21-58",45.77804,-86.83538,"L37408","113236861"
"21-63",45.77526,-86.87315,"L40887","113236877"
"21-64",45.77471,-86.89815,"L40509","113236875"
"21-65",45.75026,-86.83704,"L42450","113236893"
"21-66",45.73082,-86.93732,"L39228","113236931"
"21-67",45.73276,-86.86621,"L38156","113236913"
"21-72",45.79751,-87.08126,NA,NA
"21-89",45.73415,-87.32176,"L45970","155413375"
"21-9",45.68507,-86.67938,"L45750","113236951"
"21-92",45.88415,-86.51426,"L39068","113236599"
"21-93",45.89276,-86.53232,"L38927","113236591"
"22-100",45.8261,-87.97621,"L43835","75473719"
"22-102",45.82499,-88.06454,"L44650","75473735"
"22-105",45.82026,-87.95704,"L46045","75473731"
"22-108",45.88082,-88.07426,"L45374","75473279"
"22-109",45.88526,-88.08176,"L48264",NA
"22-11",45.7674,-87.81602,"L44770","75474041"
"22-114",45.8946,-88.09346,"L45270","75473129"
"22-120",45.85332,-88.07288,"L44576","75473539"
"22-123",45.80755,-88.12634,"L48472",NA
"22-124",45.81137,-88.12482,"L43798","75473843"
"22-127",45.81165,-88.07815,"L43541","75473823"
"22-13",45.75026,-87.80899,"L43818","75474217"
"22-133",45.90999,-87.71399,"L44801","75472899"
"22-134",45.93026,-87.85121,"L43934","75472863"
"22-135",45.93772,-87.81398,"L46132","75472847"
"22-137",45.91809,-87.75107,"L46190","75472867"
"22-139",45.92221,-87.78676,"L45150","75472889"
"22-14",45.7511,-87.81926,"L43135","75474195"
"22-143",45.90355,-87.81509,"L46158","75472945"
"22-146",45.96526,-87.94482,"L45106","75472809"
"22-149",45.94749,-87.91621,"L46106","75472835"
"22-15",45.75499,-87.78482,"L43908","75474157"
"22-150",45.94721,-87.92204,"L44392","75472837"
"22-151",45.92665,-87.94204,"L43651","75472885"
"22-152",45.92832,-87.87454,"L45222","75472871"
"22-153",45.93235,-87.8789,"L44818","75472859"
"22-154",45.92415,-87.93121,"L45612","75472901"
"22-156",45.91665,-87.93649,"L46058","75472935"
"22-157",45.91962,-87.96058,"L43497","75472929"
"22-159",45.97706,-87.99842,"L45390","75472757"
"22-161",45.94385,-88.09096,"L44655","75472861"
"22-163",45.93325,-88.08854,"L43907","75472905"
"22-173",46.04304,-87.66454,"L46389","155413325"
"22-180",45.81526,-88.07454,"L46319","75473807"
"22-181",46.06971,-87.83621,"L46017","155413322"
"22-182",46.06887,-87.86676,"L43361","75472507"
"22-186",45.99304,-87.74454,"L44139","75472671"
"22-187",46.02721,-87.96788,"L44834","75472609"
"22-188",46.02193,-87.91426,"L45922","75472613"
"22-20",45.73693,-87.79593,"L44807","75474295"
"22-203",46.05332,-88.09454,"L45226","75472577"
"22-206",46.05606,-88.083,"L43188","75472597"
"22-207",46.05276,-88.05482,"L44446","75472573"
"22-210",46.05054,-88.03565,"L45911","75472575"
"22-211",46.05276,-88.02982,"L43132","75472569"
"22-212",46.02971,-88.10926,"L43355","110736695"
"22-216",46.00054,-88.08593,"L43995","75472731"
"22-232",46.14776,-87.84593,"L48228",NA
"22-233",46.12775,-87.81374,"L46175","155413304"
"22-236",46.08026,-87.80982,"L45785","155413318"
"22-249",46.10309,-88.04909,"L46218","75472489"
"22-25",45.79293,-87.90464,"L44322","75473895"
"22-253",46.07499,-88.04788,"L45308","75472525"
"22-256",46.24443,-87.65149,"L46305","152512566"
"22-258",46.2436,-87.6726,"L46427","152512569"
"22-262",46.20672,-87.72298,NA,NA
"22-263",46.20165,-87.69315,"L44478","152512588"
"22-27",45.7811,-87.87926,"L43877","75473979"
"22-272",46.1636,-87.63177,"L43480","152512594"
"22-282",46.22526,-87.85482,"L45949","152512573"
"22-289",46.21471,-87.84732,"L45152","152512579"
"22-292",46.16971,-87.85038,"L44385","155413298"
"22-293",46.16352,-87.83365,NA,NA
"22-320",46.2386,-88.03343,"L44112","110736097"
"22-323",46.24534,-88.03745,"L45254","110736035"
"22-327",46.2432,-88.0493,NA,NA
"22-330",46.23887,-88.0926,"L45380","110736123"
"22-331",46.24443,-88.09621,"L45583","110736079"
"22-342",46.23009,-88.09526,"L45309","110736169"
"22-343",46.22776,-88.01288,"L44055","110736147"
"22-344",46.21942,-88.02424,"L44987","110736173"
"22-346",46.21999,-88.02677,"L44987","110736173"
"22-350",46.2036,-88.01843,"L46025","110736239"
"22-354",46.21165,-88.04177,"L45853","110736225"
"22-355",46.20471,-88.05315,"L43358","110736259"
"22-358",46.21193,-88.07482,"L45538","110736235"
"22-366",46.20026,-88.08843,"L45039","{830D0E0C-F1F7-4600-AD35-816D1B88F77F}"
"22-368",46.19749,-88.05538,"L44022","110736275"
"22-370",46.1911,-88.06565,"L44482","110736321"
"22-373",46.19387,-88.04927,"L45467","110736303"
"22-375",46.18249,-88.05982,"L43196","110736373"
"22-379",45.99173,-87.77998,"L44316","120019038"
"22-381",45.91026,-87.93315,"L43516","75472941"
"22-382",45.9758,-87.68179,"L44465","75472713"
"22-383",45.95526,-87.98019,"L44666","75472817"
"22-384",45.96769,-88.01229,"L43564","75472799"
"22-385",45.96826,-87.99929,"L44272","75472803"
"22-386",46.0132,-87.80134,"L45153","75472619"
"22-387",45.9784,-87.95412,"L46332","75472749"
"22-388",45.97625,-87.96359,"L43304","75472759"
"22-389",46.17614,-87.63003,"L48263",NA
"22-390",45.98192,-87.65804,"L44465","75472713"
"22-391",46.05864,-87.95961,"L46280","75472541"
"22-49",45.79499,-88.03149,"L45139","75473955"
"22-53",45.78361,-88.0464,"L48347",NA
"22-6",45.78765,-87.8151,"L43701","75473899"
"22-60",45.87704,-87.79887,"L46262","75473139"
"22-65",45.89665,-87.93371,"L46130","75472993"
"22-67",45.88026,-87.90649,"L44622","75473149"
"22-69",45.87054,-87.88204,"L45096","75473285"
"22-70",45.8711,-87.89176,"L46284","75473275"
"22-75",45.81304,-87.86982,"L44550","75473745"
"22-76",45.88637,-88.00926,"L44177","75473165"
"22-80",45.87804,-88.04704,"L44908","75473305"
"22-84",45.87597,-88.06603,"L43617","75473357"
"22-86",45.8761,-88.03399,"L43831","75473313"
"22-92",45.85137,-88.05704,"L45035","75473575"
"22-93",45.8536,-88.06371,"L44892","75473549"
"22-95",45.83749,-88.03288,"L44410","75473665"
"23-1",42.49953,-84.62415,"L48435",NA
"23-109",42.67388,-85.01482,"L2984","157068018"
"23-11",42.45971,-84.82176,"L2456","152517803"
"23-12",42.44943,-84.72898,"L9440","152517823"
"23-13",42.43721,-84.73787,"L48302",NA
"23-131",42.76096,-84.77748,"L13160","152094528"
"23-133",42.76638,-84.92232,"L7244","152094519"
"23-135",42.75166,-84.95176,"L66","152094537"
"23-14",42.43416,-84.77759,"L4863","152517919"
"23-145",42.73874,-85.0539,"L15999","157067857"
"23-147",42.7311,-85.05148,"L18396","157067881"
"23-148",42.73471,-85.04843,"L15276","157067874"
"23-149",42.73734,-85.04838,"L19290","157067862"
"23-150",42.72971,-85.05898,"L17086","157067882"
"23-152",42.71961,-85.07077,"L20616","157067917"
"23-154",42.71998,-85.07427,"L16316","157067915"
"23-158",42.70332,-84.99398,"L6335","152094583"
"23-159",42.68825,-85.03778,NA,NA
"23-165",42.68588,-84.6579,"L2748","152094603"
"23-166",42.66483,-84.6861,"L8143","157068034"
"23-167",42.67447,-84.66892,"L314","152094638"
"23-168",42.57677,-84.79392,"L11128","157068325"
"23-169",42.62974,-84.75626,"L3735","157068143"
"23-170",42.4423,-85.04416,"L18653","152517854"
"23-171",42.44222,-85.04097,"L16350","152517858"
"23-172",42.61285,-84.73593,"L9025","157068216"
"23-173",42.62005,-84.75402,"L2869","157068171"
"23-174",42.63431,-84.75604,"L12496","157068132"
"23-175",42.67754,-84.6942,"L4393","157067979"
"23-176",42.67389,-84.6879,"L2649","157068006"
"23-177",42.67225,-84.68999,"L11696","157068010"
"23-178",42.72432,-85.06179,"L22829","157067897"
"23-179",42.72494,-85.0693,"L16311","157067899"
"23-180",42.59522,-84.78262,"L1496","157068254"
"23-181",42.61988,-85.03999,"L62","157068173"
"23-182",42.54934,-84.84705,"L2958","152517642"
"23-183",42.65648,-84.67419,"L9675","152094668"
"23-184",42.65619,-84.67783,"L11508","152094669"
"23-185",42.65814,-84.67797,"L11850","152094667"
"23-186",42.55605,-84.84425,"L8191","152517630"
"23-187",42.55648,-84.84352,"L8191","152517630"
"23-188",42.55604,-84.84332,"L13910","152517629"
"23-189",42.75031,-85.03915,"L96","157067832"
"23-190",42.74779,-84.62579,"L48436",NA
"23-21",42.4491,-84.93475,"L5041","152517833"
"23-22",42.4261,-84.93981,"L9030","152517900"
"23-33",42.44245,-84.98784,NA,NA
"23-34",42.44163,-85.02689,"L15421","152517859"
"23-4",42.44468,-84.62776,"L7618","152094755"
"23-43",42.59443,-84.70176,"L12929","157068253"
"23-44",42.58249,-84.71093,"L3304","157068307"
"23-45",42.59377,-84.7053,"L11692","157068258"
"23-6",42.42443,-84.69704,"L951","152094759"
"23-65",42.55448,-84.84388,"L7736","152517633"
"23-87",42.52888,-84.97093,"L19118","157068548"
"23-88",42.5161,-85.02426,"L15929","152517709"
"23-9",42.46971,-84.72565,"L7713","152094751"
"23-92",42.64992,-84.65055,NA,NA
"23-94",42.62164,-84.70257,"L4198","157068169"
"24-1",45.36777,-84.80621,"L12633","155411101"
"24-111",45.7161,-84.87371,"L3740","155417237"
"24-113",45.71221,-84.89177,"L11914","155417239"
"24-204",45.66054,-84.96565,"L6561","155417250"
"24-205",45.74582,-84.76677,"L13025","155417216"
"24-251",45.43753,-84.89921,"L10254","155411057"
"24-252",45.4397,-84.89982,"L12771","155411050"
"24-253",45.75728,-85.00052,"L5876","155417210"
"24-254",45.75317,-84.96655,"L2537","155417211"
"24-255",45.76021,-85.00659,"L1591","155417207"
"24-256",45.76439,-85.06217,"L6800","155417206"
"24-257",45.63937,-84.75975,"L9652","155410942"
"24-27",45.41082,-84.82593,"L1867","155411095"
"24-31",45.39666,-84.76843,"L48174","155411095"
"24-32",45.40693,-84.88926,"L11770","155411080"
"24-35",45.39582,-84.90288,"L2965","155411091"
"24-37",45.39166,-84.90843,"L11699","155411093"
"24-40",45.52998,-84.77524,"L11511","155411000"
"24-53",45.52749,-84.89926,"L6871","155411010"
"24-60",45.6261,-84.7751,"L6020","155410948"
"24-68",45.63666,-84.76954,"L1838","155410944"
"24-71",45.60471,-84.92982,"L5734","155410966"
"24-80",45.68749,-84.7501,"L8733","155417244"
"24-9",45.37414,-84.96076,NA,NA
"24-90",45.70721,-84.73538,"L48173",NA
"24-93",45.65749,-84.74371,"L9243","155417249"
"24-94",45.65798,-84.783,"L48178",NA
"24-96",45.65257,-84.77791,"L767","155410941"
"25-10",42.80805,-83.82843,"L4775","148710191"
"25-100",42.90082,-83.51509,"L9265","147104476"
"25-101",43.05805,-83.71954,"L2494","147104200"
"25-104",42.99721,-83.6712,"L3579","147104291"
"25-108",43.02499,-83.46232,"L2463","147104250"
"25-109",43.00777,-83.52009,"L6128","147104281"
"25-11",42.79065,-83.84436,"L10275","148710305"
"25-116",42.98193,-83.49732,"L11756","147104316"
"25-118",42.97193,-83.45815,"L13625","147104335"
"25-12",42.80693,-83.84565,"L898","148710205"
"25-124",43.05522,-83.6559,"L10855","147104198"
"25-125",43.12026,-83.49165,"L1535","147104082"
"25-127",43.10789,-83.57536,NA,NA
"25-133",43.15392,-83.71391,"L6818","147104013"
"25-134",43.20888,-83.61621,"L4923","149729985"
"25-136",43.20108,-83.61481,"L9744","149729996"
"25-143",43.20083,-83.50687,"L10509","147103937"
"25-145",43.20136,-83.49612,"L9196","147103933"
"25-146",43.18712,-83.46407,"L1992","147103952"
"25-147",43.19046,-83.4696,"L6131","147103946"
"25-148",43.18093,-83.48676,"L12945","147103957"
"25-15",42.79638,-83.8862,"L246","148710223"
"25-151",43.16638,-83.55398,"L13545","147103988"
"25-152",43.16832,-83.51648,"L6806","147103982"
"25-154",43.17132,-83.51474,NA,NA
"25-157",43.16666,-83.47232,"L1334","147103986"
"25-158",43.16499,-83.52121,"L8665","147103993"
"25-16",42.80443,-83.88565,"L7158","148710204"
"25-163",43.08064,-83.65236,"L9193","147104147"
"25-164",43.1622,-83.52031,"L4479","147103994"
"25-165",42.79776,-83.91277,NA,NA
"25-166",43.09747,-83.46116,"L10764","147104098"
"25-167",42.90331,-83.57327,"L7410","147104469"
"25-168",42.93602,-83.92759,"L3139","148710071"
"25-169",43.12288,-83.58653,"L475","147104062"
"25-170",43.13449,-83.59345,"L6694","147104036"
"25-171",43.13289,-83.59425,"L9272","147104040"
"25-172",43.12923,-83.59042,"L2348","147104047"
"25-173",43.12794,-83.59427,"L8012","147104049"
"25-174",43.12488,-83.59076,"L4979","147104054"
"25-175",43.12513,-83.58679,"L7324","147104057"
"25-176",43.12458,-83.59412,"L11418","147104058"
"25-177",43.12438,-83.58489,"L13301","147104060"
"25-178",43.12177,-83.59117,"L4796","147104065"
"25-179",43.11907,-83.58912,"L5","147104081"
"25-18",42.80416,-83.90398,"L10838","148710207"
"25-180",43.18268,-83.51176,"L12182","147103955"
"25-181",43.19289,-83.50287,"L4201","147103944"
"25-182",43.19058,-83.50774,"L13488","147103949"
"25-183",42.93279,-83.92729,"L13709","148710077"
"25-184",42.89206,-83.55497,"L13190","147104502"
"25-185",43.07899,-83.52972,"L13047","147104155"
"25-186",42.83378,-83.72297,"L2342","148710135"
"25-187",43.07486,-83.55459,"L9518","147104164"
"25-188",43.06511,-83.80641,"L2693","147104197"
"25-189",43.16735,-83.8108,"L357","147103995"
"25-190",42.86748,-83.70702,"L590","147104632"
"25-191",42.8268,-83.82557,"L3473","148710151"
"25-192",43.09824,-83.72057,"L1448","147104131"
"25-193",42.93867,-83.57682,"L5603","147104392"
"25-194",42.85297,-83.69549,"L1019","147104702"
"25-195",42.90423,-83.65656,"L8416","147104480"
"25-196",43.15233,-83.79954,"L10618","147104012"
"25-197",42.93298,-83.86688,"L7995","147104418"
"25-198",42.93334,-83.86408,"L10300","147104419"
"25-2",42.84082,-83.8537,"L2805","148710125"
"25-20",42.78832,-83.91732,"L108","148710257"
"25-201",43.01513,-83.61894,"L48295",NA
"25-202",43.10962,-83.57203,"L3989","147104097"
"25-203",43.10974,-83.56895,"L5727","147104095"
"25-204",43.10866,-83.56858,"L10759","147104101"
"25-205",43.10535,-83.56153,"L1671","147104107"
"25-206",43.10794,-83.56661,"L4316","147104102"
"25-207",43.01977,-83.6897,NA,NA
"25-21",42.78726,-83.88665,"L3042","148710250"
"25-22",42.78138,-83.89093,"L3254","148710275"
"25-27",42.78916,-83.85954,"L8545","148710252"
"25-29",42.79166,-83.83982,"L2121","148710232"
"25-31",42.87091,-83.6896,"L7396","147104617"
"25-32",42.8684,-83.69389,"L3575","147104621"
"25-33",42.86852,-83.71212,"L4372","147104631"
"25-34",42.85721,-83.7137,"L11055","147104680"
"25-35",42.83471,-83.71537,"L12519","148710132"
"25-36",42.85249,-83.71204,"L11782","147104709"
"25-37",42.84805,-83.70704,"L10330","147104740"
"25-38",42.83721,-83.69926,"L11072","147104788"
"25-39",42.83201,-83.69535,"L9878","147104805"
"25-4",42.84943,-83.81259,"L7151","148710113"
"25-40",42.82693,-83.74648,"L12330","148710145"
"25-41",42.8361,-83.74176,"L1670","148710128"
"25-42",42.83388,-83.75287,"L5253","148710131"
"25-46",42.81666,-83.74176,"L4456","148710177"
"25-47",42.81971,-83.75759,"L7764","148710166"
"25-48",42.82416,-83.69926,"L8657","147104843"
"25-49",42.81916,-83.69009,"L8870","147104858"
"25-51",42.80858,-83.74641,"L43","148710194"
"25-52",42.79582,-83.76843,"L10302","148710217"
"25-54",42.80388,-83.79009,"L6691","148710198"
"25-55",42.78332,-83.80232,"L7667","148710263"
"25-58",42.78277,-83.7637,"L369","148710241"
"25-59",42.78758,-83.68818,"L1428","148710236"
"25-66",42.89805,-83.7162,"L13387","147104495"
"25-67",42.87493,-83.77347,"L7229","147104597"
"25-7",42.81193,-83.8562,"L10829","148710192"
"25-71",42.91249,-83.61926,"L2933","147104448"
"25-78",42.95832,-83.49843,"L4698","147104362"
"25-79",42.9536,-83.5112,"L8656","147104370"
"25-8",42.82249,-83.85593,"L874","148710164"
"25-83",42.93832,-83.53343,"L13604","147104399"
"25-9",42.82221,-83.83037,"L14095","148710163"
"25-94",42.91681,-83.50273,"L6845","147104451"
"25-95",42.90693,-83.47398,"L6723","147104456"
"25-99",42.8961,-83.50037,"L12551","147104474"
"26-12",43.96027,-84.33593,"L532","149759238"
"26-15",43.94946,-84.18694,"L10854","149759245"
"26-16",44.06916,-84.60093,"L4359","149759154"
"26-17",44.05082,-84.60176,"L7144","149759165"
"26-18",44.03999,-84.5526,"L14105","149759168"
"26-19",44.03693,-84.56343,"L660","149759169"
"26-2",43.88381,-84.48406,"L11287","149759308"
"26-20",44.02499,-84.54704,"L13045","149759175"
"26-21",43.99789,-84.56647,"L1017","149759217"
"26-22",44.00336,-84.45032,"L704","149759210"
"26-23",44.04166,-84.34176,"L3049","149759163"
"26-25",44.07416,-84.2251,"L5487","149759149"
"26-26",44.075,-84.23475,NA,NA
"26-27",44.0144,-84.17046,NA,NA
"26-28",43.99229,-84.17663,NA,NA
"26-3",43.817,-84.38478,"L8404","149759370"
"26-30",44.16055,-84.54328,"L10643","{81311AED-E1F3-4480-ADA6-FDC39050075B}"
"26-31",44.14166,-84.57148,"L4329","149759083"
"26-32",44.1361,-84.5651,"L4558","149759089"
"26-33",44.14166,-84.56676,"L8343","149759080"
"26-35",44.12916,-84.55454,"L8692","149759093"
"26-37",44.12249,-84.56121,"L11405","149759103"
"26-39",44.12332,-84.57593,"L4373","149759102"
"26-4",43.9961,-84.54371,"L10835","149759227"
"26-42",44.11693,-84.58482,"L7650","149759111"
"26-43",44.10304,-84.49537,"L8875","149759125"
"26-47",44.09471,-84.57593,"L10516","149759139"
"26-5",43.96888,-84.49732,"L992","149759239"
"26-50",44.08166,-84.54815,"L12084","149759150"
"26-51",44.08582,-84.4851,"L5607","149759145"
"26-52",44.15554,-84.37982,"L12842","149759074"
"26-53",44.15499,-84.44565,"L7869","149759072"
"26-55",44.10277,-84.46982,"L2223","149759124"
"26-56",44.11277,-84.46148,"L11327","149759105"
"26-57",44.15777,-84.35982,"L3887","149759073"
"26-58",44.15166,-84.35232,"L8198","149759075"
"26-60",44.14277,-84.35287,"L7874","149759081"
"26-61",44.14943,-84.36315,"L3135","149759077"
"26-62",44.13749,-84.34954,"L7959","149759084"
"26-63",44.0811,-84.2126,NA,NA
"26-64",44.10728,-84.45084,"L2110","149759134"
"26-65",44.12335,-84.44757,"L11327","149759105"
"26-66",44.00258,-84.21054,"L2768","149759205"
"26-67",44.01428,-84.56426,"L12181","149759191"
"26-68",44.11891,-84.51913,"L819","149759110"
"26-69",44.00409,-84.18806,"L9378","149759201"
"26-7",43.95527,-84.56065,"L4091","149759253"
"26-70",43.8938,-84.23533,"L9826","149759282"
"26-71",43.91827,-84.50857,"L10542","149759273"
"26-72",43.91813,-84.51092,"L1654","149759274"
"26-73",43.91996,-84.50703,"L6495","149759272"
"26-74",43.83006,-84.25144,"L2364","152868367"
"26-75",44.12219,-84.33138,"L12970","149759096"
"26-76",44.00587,-84.20692,"L217","149759197"
"26-77",44.00421,-84.21178,"L5482","149759203"
"26-8",43.94304,-84.57093,"L3442","{7566FFBD-76AB-42B7-A82C-1AAF0073F667}"
"26-9",43.94193,-84.57704,"L13939","149759255"
"26-9-GRP",43.94053,-84.57841,"L13939","149759255"
"27-1",46.15748,-89.06121,"L45291","70330291"
"27-10",46.11248,-89.01593,"L45318","70330515"
"27-1012",46.35137,-89.78343,"L45638","123147656"
"27-1016",46.34443,-89.77371,"L45453","123147668"
"27-1026",46.37637,-90.00371,"L37949","123147641"
"27-104",46.21387,-89.24176,"L45340","123397739"
"27-1062",46.49822,-89.93735,NA,NA
"27-1063",46.48115,-89.96055,"L42598","123147563"
"27-1065",46.46989,-89.96705,"L37724","123147573"
"27-108",46.20832,-89.21676,"L45108","123397648"
"27-110",46.22776,-89.15565,"L43395","123397552"
"27-111",46.22498,-89.17232,"L44636","123397569"
"27-1123",46.57529,-89.89059,"L38560","123147474"
"27-113",46.21387,-89.14593,"L45775","123397692"
"27-1139",46.58524,-90.18901,"L41030","73026141"
"27-1146",46.54145,-90.36863,"L41659","d17d9a4e-7908-4b28-b726-ade70d02e1a4"
"27-1147",46.62915,-90.03343,"L40902","123147414"
"27-1154",46.50419,-89.92913,"L39638","dd6ec24e-e6fc-4de6-a5c1-8bb4db771ba7"
"27-1155",46.50389,-89.92556,"L36718","2d8fdbba-8644-4bcb-8925-5cda5d1a6904"
"27-1156",46.25639,-89.47303,NA,NA
"27-1157",46.27353,-89.04743,NA,NA
"27-1158",46.26245,-89.63716,"L43224","123147984"
"27-1159",46.30189,-89.1607,"L39958","123396053"
"27-1160",46.30051,-89.36479,"L38695","123396348"
"27-1161",46.47843,-90.01182,"L41255","b9f19c7d-8d7b-44dc-9007-e256ad80bc1b"
"27-1162",46.47821,-90.00817,"L43033","fefd874f-465e-44c1-a7f2-0b02153a49dd"
"27-1163",46.29735,-89.18492,"L37265","123396240"
"27-1164",46.34049,-89.56895,"L39355","123395682"
"27-1165",46.32043,-89.69528,"L44864","123147709"
"27-1166",46.25387,-89.63265,"L43449","123148034"
"27-1167",46.34257,-89.87682,NA,NA
"27-1168",46.36731,-89.39771,"L42527","123394855"
"27-1169",46.46992,-89.94456,"L40286","123147571"
"27-117",46.19998,-89.13565,"L45104","123397854"
"27-1170",46.23207,-89.02887,"L43810","123397299"
"27-1171",46.27423,-89.7341,"L45810","123147954"
"27-1172",46.26345,-89.73528,"L43976","123148012"
"27-1173",46.31297,-89.27956,"L43066","123396004"
"27-1174",46.16943,-89.25,"L43961","{157F98D6-ABF3-4730-9903-4BBEA2384E56}"
"27-119",46.20693,-89.15843,"L43844","123397826"
"27-12",46.15593,-89.13902,"L44927","70330307"
"27-13",46.15582,-89.15538,"L45081","120020868"
"27-14",46.15693,-89.17926,"L44613","70330311"
"27-142",46.17498,-89.1251,"L46060","70330215"
"27-145",46.18054,-89.12649,"L43585","70330195"
"27-146",46.17895,-89.14181,"L46157","70330203"
"27-148",46.18332,-89.15843,"L45048","123398008"
"27-150",46.18379,-89.18376,"L44305","123398023"
"27-151",46.17915,-89.20288,"L44990","123398054"
"27-153",46.1736,-89.20843,"L45981","70330227"
"27-154",46.17094,-89.22212,"L43787","70330255"
"27-155",46.16985,-89.22921,"L45576","70330273"
"27-156",46.17073,-89.23854,"L46012","70330269"
"27-159",46.16665,-89.20982,"L44348","70330271"
"27-16",46.24276,-89.04093,"L41777","123396833"
"27-161",46.16943,-89.15843,"L43943","70330243"
"27-163",46.16526,-89.15843,"L45319","70330277"
"27-164",46.16387,-89.14176,"L45700","70330281"
"27-167",46.24165,-89.25426,"L43951","123397282"
"27-168",46.23054,-89.25982,"L43623","123397524"
"27-17",46.24653,-89.06347,"L45004","123396952"
"27-170",46.24165,-89.2626,"L43704","123397287"
"27-172",46.24925,-89.27221,"L45265","123397109"
"27-173",46.23193,-89.26538,"L43486","123397591"
"27-177",46.23471,-89.28204,"L43745","123397557"
"27-178",46.23748,-89.27788,"L43807","123397384"
"27-179",46.24304,-89.27649,"L43285","123397324"
"27-18",46.24259,-89.08241,"L48258",NA
"27-180",46.23332,-89.29176,"L45613","123397174"
"27-181",46.23204,-89.29787,"L43725","123397602"
"27-184",46.24026,-89.3126,"L43998","123397426"
"27-188",46.22498,-89.31676,"L44753","123397479"
"27-191",46.24374,-89.34077,"L46359","123397276"
"27-193",46.24165,-89.36676,"L45080","123397423"
"27-194",46.24721,-89.35565,"L45179","123397259"
"27-195",46.2236,-89.34454,"L45437","123397734"
"27-199",46.22443,-89.34176,"L46214","123397723"
"27-200",46.22915,-89.34176,"L43313","123397678"
"27-201",46.23025,-89.31642,"L44108","123397633"
"27-206",46.21351,-89.25565,"L45835","123397787"
"27-207",46.19402,-89.27349,"L44472","70330155"
"27-211",46.21315,-89.26567,"L44371","123397809"
"27-216",46.20934,-89.28732,"L43514","70330149"
"27-218",46.19998,-89.29593,"L46201","70338351"
"27-220",46.21665,-89.32093,"L46231","{1C13D74A-2111-4B6B-9E89-440D9523897D}"
"27-221",46.20832,-89.3501,"L45631","123397919"
"27-223",46.21387,-89.33065,"L46049","123397837"
"27-227",46.19026,-89.34371,"L44160","123398031"
"27-23",46.24304,-89.1001,"L43683","123397062"
"27-230",46.19566,-89.33882,NA,NA
"27-232",46.19165,-89.32232,"L44355","70330185"
"27-238",46.19165,-89.30426,"L45493","70330187"
"27-241",46.18748,-89.29315,"L43102","70330193"
"27-248",46.1986,-89.25149,"L44557","70330161"
"27-249",46.18943,-89.24926,"L43999","70330171"
"27-255",46.18332,-89.26954,"L45407","70330209"
"27-257",46.17998,-89.28343,"L43625","70330213"
"27-263",46.1736,-89.2426,"L43898","70330247"
"27-265",46.22915,-89.4001,"L43127","123397651"
"27-267",46.2446,-89.40914,"L45807","123397443"
"27-27",46.24304,-89.11954,"L46034","123397037"
"27-274",46.24165,-89.4251,"L44397","123397510"
"27-275",46.24165,-89.44593,"L45780","{E170924C-4133-4C8E-8883-F6D0D6E6766B}"
"27-281",46.23918,-89.45968,"L45804","123397611"
"27-283",46.24721,-89.4626,"L43939","123397412"
"27-284",46.231,-89.46353,"L46099","123397714"
"27-285",46.24221,-89.47093,"L44709","123397574"
"27-287",46.24617,-89.47046,"L44209","123397499"
"27-289",46.23887,-89.47926,"L43307","123397563"
"27-291",46.24369,-89.48769,"L45387","123397532"
"27-298",46.21665,-89.47371,"L46255","123397860"
"27-3",46.13679,-89.08121,"L43942","70330419"
"27-30",46.21665,-89.0751,"L43711","123397639"
"27-301",46.22221,-89.4501,"L45574","123397784"
"27-305",46.21804,-89.42788,"L45641","123397820"
"27-306",46.21943,-89.44176,"L43930","123397848"
"27-309",46.21665,-89.41676,"L44513","123397845"
"27-311",46.21804,-89.38482,"L45076","123397801"
"27-312",46.21943,-89.36954,"L44641","123397803"
"27-314",46.21665,-89.36676,"L46295","123397840"
"27-315",46.20693,-89.3751,"L44217","123397922"
"27-316",46.2111,-89.38482,"L44405","123397911"
"27-318",46.20276,-89.40704,"L44473","{A66F3A0C-5F1C-4F6F-A193-22E41EE4D9F7}"
"27-319",46.21248,-89.40426,"L44054","123397868"
"27-320",46.20415,-89.42788,"L43738","{34C90CE4-F2EB-4622-B846-6235E3E866FA}"
"27-321",46.21387,-89.43343,"L44823","123397888"
"27-322",46.20998,-89.44399,"L46449","123397925"
"27-325",46.21387,-89.45982,"L43340","123397905"
"27-327",46.19165,-89.38899,"L45690","123398039"
"27-331",46.23583,-89.50222,"L43842","123397672"
"27-333",46.23471,-89.5126,"L45384","123397683"
"27-334",46.24359,-89.50588,"L44308","123397594"
"27-335",46.24582,-89.5126,"L45797","123397504"
"27-338",46.22772,-89.54988,"L45466","123148113"
"27-339",46.23253,-89.56982,"L43850","123148117"
"27-341",46.24242,-89.57301,"L44335","123148065"
"27-343",46.24165,-89.59454,"L43481","123148072"
"27-345",46.23889,-89.60381,"L48987","123148097"
"27-346",46.24165,-89.60843,"L46241","123148097"
"27-349",46.22352,-89.52581,"L45044","123397776"
"27-35",46.22136,-89.00866,"L46287","123397538"
"27-350",46.2236,-89.50843,"L44106","123397798"
"27-353",46.22498,-89.49788,"L45230","123397806"
"27-354",46.22776,-89.50704,"L43801","123397767"
"27-357",46.24721,-89.64315,"L46382","123148056"
"27-363",46.33063,-89.04246,"L38798","123395434"
"27-364",46.31998,-89.10927,"L41950","123395631"
"27-367",46.3111,-89.10427,"L41315","123395765"
"27-368",46.31768,-89.07727,"L39484","123395657"
"27-369",46.31526,-89.07371,"L39126","123395660"
"27-386",46.29909,-88.99934,"L41872","123395998"
"27-4",46.13471,-89.00843,"L45643","111861055"
"27-404",46.30303,-89.0247,"L39512","123395944"
"27-42",46.19304,-89.0376,"L44983","111860783"
"27-424",46.29836,-89.08963,"L42862","123396075"
"27-429",46.28165,-89.10704,"L44315","123396422"
"27-43",46.19304,-89.05149,"L45115","111860793"
"27-439",46.27464,-89.014,"L42231","123396450"
"27-443",46.27498,-88.99593,"L39648","123396407"
"27-49",46.1739,-89.05127,"L45317","111860875"
"27-495",46.26387,-89.0876,"L44926","123396614"
"27-499",46.26665,-89.11538,"L44504","123396611"
"27-5",46.13193,-89.00149,"L44195","111861053"
"27-500",46.24942,-89.09881,"L45514","123396938"
"27-506",46.25276,-89.05704,"L38836","123396813"
"27-508",46.25415,-89.06676,"L44345","123396708"
"27-512",46.33526,-89.12232,"L37321","123395423"
"27-515",46.32776,-89.2376,"L43148","123395654"
"27-517",46.3037,-89.25364,"L44299","123396195"
"27-520",46.30498,-89.17427,"L41392","123396104"
"27-522",46.3004,-89.12308,"L41594","123396067"
"27-573",46.26374,-89.18557,"L44116","123396748"
"27-578",46.26398,-89.20409,"L46162","123396723"
"27-582",46.2611,-89.22093,"L44832","123396807"
"27-592",46.25832,-89.23899,"L43482","123396907"
"27-595",46.24928,-89.21191,"L44226","123397065"
"27-6",46.12332,-88.99176,"L44474","70330471"
"27-603",46.26026,-89.19315,"L45496","123396790"
"27-611",46.25109,-89.1449,"L44487","123396910"
"27-615",46.24998,-89.12926,"L44339","123396955"
"27-616",46.31943,-89.25982,"L39263","123395770"
"27-618",46.31928,-89.28173,"L38848","123395759"
"27-619",46.32554,-89.29454,"L40288","123395705"
"27-62",46.25137,-89.13482,"L45452","123396861"
"27-620",46.32082,-89.30427,"L41440","123395751"
"27-621",46.3236,-89.31927,"L42635","123395785"
"27-622",46.32804,-89.36621,"L40590","123395671"
"27-623",46.31248,-89.30427,"L41758","123396018"
"27-624",46.31546,-89.28816,"L41341","123395992"
"27-626",46.29721,-89.2876,"L36935","123396362"
"27-63",46.24206,-89.14415,"L44356","123397115"
"27-643",46.29443,-89.27093,"L42123","123396334"
"27-646",46.28887,-89.3126,"L41020","123396441"
"27-651",46.26526,-89.26121,"L43324","123396740"
"27-655",46.2611,-89.2626,"L44886","123396785"
"27-661",46.26037,-89.36305,"L46046","123396998"
"27-666",46.2469,-89.32561,"L43575","123397242"
"27-670",46.25415,-89.30704,"L44642","123397093"
"27-678",46.25368,-89.28705,"L43453","123397048"
"27-68",46.23332,-89.1501,"L43895","123397420"
"27-682",46.24955,-89.26046,"L43258","123397118"
"27-686",46.32498,-89.39176,"L38628","123395801"
"27-693",46.31248,-89.38482,"L42114","123396073"
"27-695",46.26359,-89.43117,NA,NA
"27-696",46.27498,-89.47926,"L45536","123396879"
"27-7",46.11943,-89.00565,"L43941","70330487"
"27-70",46.23136,-89.17006,"L44714","123397431"
"27-700",46.26928,-89.37784,"L46125","123396767"
"27-71",46.23332,-89.1751,"L46298","123397417"
"27-713",46.25693,-89.40982,"L43653","123397023"
"27-715",46.26665,-89.44038,"L45043","123396876"
"27-722",46.24807,-89.47129,"L45899","123397456"
"27-723",46.25274,-89.48224,"L45056","123397332"
"27-725",46.25315,-89.48667,"L43723","123397307"
"27-726",46.25415,-89.46676,"L44923","123397225"
"27-727",46.2552,-89.45584,"L44231","123397189"
"27-730",46.25276,-89.3876,"L45451","123397132"
"27-731",46.25163,-89.39812,"L44716","{CF872D26-2212-4495-856E-CBEDDD9D7220}"
"27-732",46.25276,-89.40426,"L43252","{D0F64C0B-1C33-47CE-8B3C-3C6D22F915AC}"
"27-733",46.25693,-89.36954,"L45275","123397054"
"27-736",46.25287,-89.38321,"L44552","123397180"
"27-737",46.25276,-89.37926,"L45617","123397203"
"27-740",46.32693,-89.58954,"L42630","123396012"
"27-746",46.32943,-89.61288,"L36884","123395981"
"27-748",46.30466,-89.61106,"L42269","123147749"
"27-749",46.30601,-89.58405,"L39657","123147744"
"27-75",46.2411,-89.17232,"L46220","123397237"
"27-761",46.27915,-89.5751,"L43227","123147889"
"27-762",46.27597,-89.58657,"L41025","123147910"
"27-766",46.27498,-89.49454,"L45531","123396753"
"27-769",46.26804,-89.50288,"L45116","{B0CDF3B7-4F28-4149-8A5D-4FF36807F020}"
"27-777",46.2686,-89.5701,"L45100","123147937"
"27-781",46.26387,-89.61121,"L46137","123147974"
"27-784",46.25554,-89.60704,"L43171","123148014"
"27-785",46.25554,-89.61399,"L46086","123148017"
"27-787",46.2486,-89.58343,"L44462","123148042"
"27-788",46.24721,-89.59121,"L45361","123148048"
"27-792",46.25615,-89.55597,"L44437","123148002"
"27-793",46.25554,-89.56121,"L44212","123148003"
"27-794",46.25832,-89.57093,"L44496","123147993"
"27-796",46.25693,-89.52093,"L45569","123397262"
"27-805",46.25132,-89.49762,"L46245","123397403"
"27-808",46.25276,-89.50426,"L45288","123397370"
"27-809",46.24998,-89.50704,"L45702","123397434"
"27-81",46.24026,-89.20149,"L45590","123397296"
"27-812",46.33193,-89.69593,"L44239","123147691"
"27-818",46.33078,-89.71235,"L43487","123147695"
"27-819",46.32701,-89.7108,"L43125","123147701"
"27-820",46.35829,-89.6974,"L43431","123147694"
"27-821",46.32082,-89.73899,"L45542","123147722"
"27-822",46.31236,-89.71971,"L44607","123147743"
"27-825",46.30957,-89.64613,"L36898","123147735"
"27-827",46.2895,-89.67857,"L38421","123147844"
"27-83",46.24304,-89.20843,"L45998","123397217"
"27-833",46.27498,-89.7185,"L45248","123147939"
"27-835",46.28471,-89.68204,"L45859","123147875"
"27-836",46.27776,-89.68343,"L44243","123147931"
"27-841",46.27559,-89.6586,"L43175","123147930"
"27-844",46.27498,-89.66676,"L44755","123147932"
"27-847",46.26287,-89.62028,"L45232","123147981"
"27-852",46.2611,-89.65149,"L44959","123147995"
"27-854",46.27082,-89.65313,"L44403","123147936"
"27-855",46.27475,-89.66197,"L45034","123147938"
"27-857",46.26248,-89.66399,"L45046","123147994"
"27-858",46.25721,-89.66649,"L45017","123148028"
"27-859",46.26215,-89.66734,"L45834","123147996"
"27-863",46.25971,-89.68899,"L43579","123148024"
"27-864",46.26248,-89.68482,"L44689","123148001"
"27-866",46.27221,-89.7001,"L41345","123147953"
"27-867",46.2744,-89.69447,"L39080","123147943"
"27-868",46.27082,-89.70843,"L39936","123147968"
"27-870",46.25868,-89.70729,"L45811","123147980"
"27-871",46.26665,-89.70982,"L46048","123147982"
"27-872",46.27221,-89.72232,"L45144","123147963"
"27-873",46.2713,-89.7183,"L43788","123147969"
"27-875",46.25612,-89.6961,"L44532","123148038"
"27-876",46.25554,-89.66538,"L45421","123148032"
"27-877",46.25276,-89.66815,"L44069","123148041"
"27-878",46.25181,-89.67336,"L45304","123148052"
"27-879",46.25693,-89.64315,"L45274","123148026"
"27-882",46.25637,-89.62621,"L43886","123148008"
"27-883",46.31823,-89.76996,"L45581","123147729"
"27-885",46.32179,-89.78103,"L45438","123147725"
"27-886",46.32543,-89.77797,"L44730","123147718"
"27-887",46.3236,-89.78343,"L45075","123147720"
"27-888",46.32776,-89.79038,"L43345","123147707"
"27-889",46.32082,-89.79315,"L44087","123147727"
"27-892",46.30971,-89.81121,"L46044","123147761"
"27-896",46.31387,-89.78343,"L45793","123147768"
"27-903",46.30837,-89.77427,"L46405","123147775"
"27-909",46.31248,-89.7501,"L43508","123147745"
"27-911",46.30832,-89.7501,"L45355","123147766"
"27-913",46.30693,-89.75704,"L45102","123147771"
"27-914",46.29582,-89.76121,"L45252","123147813"
"27-916",46.29304,-89.77788,"L43933","123147855"
"27-92",46.24721,-89.23065,"L45587","123397095"
"27-926",46.28665,-89.8038,"L45183","123147897"
"27-93",46.24443,-89.23343,"L45933","123397245"
"27-930",46.27776,-89.78343,"L46082","123147972"
"27-933",46.31665,-89.9126,"L36814","123147724"
"27-935",46.30971,-89.93482,"L37261","123147792"
"27-937",46.31011,-89.90881,"L37845","123147789"
"27-944",46.2981,-89.87844,"L41634","123147847"
"27-945",46.29786,-89.88338,"L37649","69883614"
"27-946.1",46.33332,-90.05149,"L39438","123147737"
"27-948",46.38054,-89.49177,"L38772","123394671"
"27-95",46.24052,-89.23378,"L43248","123397343"
"27-96",46.23193,-89.22454,"L46189","123397560"
"27-965",46.33748,-89.37371,"L39642","123395599"
"27-97",46.22615,-89.22754,"L43349","123397605"
"27-976",46.36317,-89.62897,"L37552","123395368"
"27-979",46.35832,-89.64454,"L41799","123395415"
"27-980",46.35693,-89.66954,"L37879","123147643"
"27-981",46.35415,-89.74593,"L45428","123147649"
"27-984",46.3361,-89.69732,"L45808","123147677"
"28-1",44.59832,-85.38093,"L19884","155417670"
"28-10",44.56029,-85.34403,"L15749","60088422"
"28-101",44.68547,-85.62687,"L16603","155417612"
"28-102",44.69277,-85.68621,"L20498","129224966"
"28-103",44.66665,-85.67815,"L19002","129224976"
"28-106",44.69138,-85.70676,"L20706","129224969"
"28-107",44.67138,-85.73232,"L21286","129224973"
"28-11",44.55659,-85.34025,"L15595","60088442"
"28-110",44.66999,-85.78454,"L14745","129225172"
"28-113",44.68749,-85.79176,"L38514","129225147"
"28-114",44.67675,-85.80555,"L42326","129225171"
"28-115",44.66721,-85.80315,"L40906","129225173"
"28-120",44.66304,-85.74843,"L17833","129226207"
"28-121",44.6582,-85.69855,"L21483","129224978"
"28-122",44.66249,-85.71343,"L20533","{67D77AB0-8A42-45EE-8447-9410B2AC6DCE}"
"28-124",44.63138,-85.7451,"L18856","129226234"
"28-125",44.64332,-85.75787,"L22273","129225192"
"28-126",44.65082,-85.75204,"L22951","129226208"
"28-127",44.65415,-85.77871,"L15175","129225183"
"28-13",44.5686,-85.3601,"L14920","60088408"
"28-132",44.63915,-85.78537,"L20123","129225193"
"28-137",44.6061,-85.80898,"L43015","129225024"
"28-138",44.75415,-85.34732,"L21889","155417534"
"28-139",44.76721,-85.40204,"L17661","155417522"
"28-14",44.56193,-85.35982,"L14565","60088428"
"28-142",44.72914,-85.35346,"L22193","155417564"
"28-144",44.72415,-85.44815,"L21641","155417573"
"28-145",44.7236,-85.41954,"L17006","155417578"
"28-148",44.71773,-85.35712,"L18812","155417584"
"28-149",44.71304,-85.35593,"L15309","155417593"
"28-152",44.71469,-85.34806,"L19930","155417591"
"28-154",44.70971,-85.34927,"L20960","155417600"
"28-155",44.71198,-85.36029,"L21343","155417597"
"28-156",44.70352,-85.4078,"L17451","155417606"
"28-157",44.70221,-85.41121,"L15985","155417607"
"28-159",44.70473,-85.42917,"L19572","155417604"
"28-166",44.69054,-85.41787,"L20692","155417619"
"28-172",44.7011,-85.53815,"L17126","155417608"
"28-181",44.68999,-85.50954,"L21597","155417616"
"28-182",44.6911,-85.48287,"L16267","155417621"
"28-183",44.69332,-85.49065,"L18271","155417615"
"28-187",44.75667,-85.61472,"L17129","155417550"
"28-192",44.71526,-85.68297,"L16529","129224962"
"28-194",44.70017,-85.62041,"L16269","155417603"
"28-201",44.74443,-85.7976,"L42173","129225109"
"28-203",44.75721,-85.74426,"L14276","129226071"
"28-204",44.74388,-85.73371,"L20555","129224953"
"28-205",44.74777,-85.71343,"L16726","129224952"
"28-206",44.7436,-85.71121,"L21915","129224954"
"28-208",44.73165,-85.71565,"L15576","129224958"
"28-211",44.7309,-85.73199,"L21898","129224959"
"28-213",44.73471,-85.73399,"L14691","129224957"
"28-214",44.71165,-85.74843,"L20782","129226233"
"28-219",44.73749,-85.78093,"L18410","129225121"
"28-22",44.54032,-85.35434,"L22559","60088500"
"28-221",44.72999,-85.80232,"L21360","129225127"
"28-228",44.70304,-85.7151,"L21944","129224968"
"28-23",44.54268,-85.36453,"L22429","60088504"
"28-230",44.69499,-85.81204,"L38005","129225146"
"28-231",44.69777,-85.76093,"L23015","129225142"
"28-238",44.96749,-85.47926,"L5536","155417421"
"28-240",44.96582,-85.49565,"L8169","155417425"
"28-241",44.72888,-85.76454,"L18551","{FA475026-476C-452E-81F5-14F158B5830E}"
"28-242",44.54153,-85.73625,"L43319","60088636"
"28-243",44.84674,-85.42573,"L2639","155417490"
"28-244",44.68012,-85.77672,"L41883","129225164"
"28-25",44.54165,-85.34565,"L20395","60088510"
"28-27",44.52304,-85.40287,"L21835","60088624"
"28-31",44.58832,-85.56815,"L20669","155417674"
"28-45",44.57943,-85.59093,"L17631","155417677"
"28-46",44.5736,-85.59704,"L17893","155417679"
"28-47",44.56971,-85.60176,"L20599","155417680"
"28-48",44.56165,-85.68815,"L17639","60088526"
"28-50",44.54804,-85.6851,"L16399","60088594"
"28-56",44.61138,-85.78426,"L19923","129226235"
"28-57",44.57527,-85.79871,"L43537","129225028"
"28-59",44.58193,-85.79537,"L45879","129225027"
"28-60",44.68138,-85.39982,"L15612","155417633"
"28-63",44.68444,-85.43181,"L16283","155417628"
"28-65",44.68971,-85.43954,"L20841","155417620"
"28-67",44.67597,-85.45396,"L48353",NA
"28-70",44.67721,-85.44155,"L14594","155417638"
"28-71",44.68341,-85.43814,"L22678","155417630"
"28-72",44.67999,-85.44399,"L22200","155417634"
"28-74",44.66804,-85.46787,"L20567","155417642"
"28-77",44.60304,-85.38399,"L20917","155417668"
"28-79",44.67277,-85.47676,"L15748","155417644"
"28-8",45.78561,-87.81837,"L44175","75473923"
"28-80",44.68027,-85.47676,"L19064","155417635"
"28-81",44.67721,-85.48926,"L16148","155417627"
"28-82",44.67443,-85.50315,"L15112","155417643"
"28-84",44.66443,-85.51815,"L21429","155417639"
"28-85",44.68832,-85.51565,"L19886","155417624"
"28-86",44.68749,-85.52621,"L14624","155417626"
"28-91",44.65999,-85.50093,"L22439","155417651"
"28-93",44.65749,-85.5151,"L14446","155417654"
"28-94",44.6686,-85.51149,"L14805","155417647"
"28-95",44.64332,-85.50899,"L21521","155417658"
"28-97",44.62663,-85.53279,"L19088","{5F25CB9F-4F85-4BFB-ADF2-B7E7927B64F9}"
"29-1.2",43.19922,-84.41828,NA,NA
"29-101",43.41344,-84.60675,"L48394",NA
"29-13",43.26694,-84.43579,"L7565","148709961"
"29-19",43.23792,-84.42715,"L40","148709977"
"29-246",43.4561,-84.82371,"L12933","150436891"
"29-251",43.42777,-84.73621,"L13069","150436903"
"29-257",43.12696,-84.69879,"L12033","151870658"
"29-258",43.39119,-84.61556,"L7413","150436931"
"29-259",43.38159,-84.62407,"L3226","150436941"
"29-260",43.28653,-84.57891,"L13185","148709949"
"29-261",43.28618,-84.58801,"L895","148709951"
"29-262",43.28697,-84.58532,"L4799","148709950"
"29-263",43.28538,-84.58521,"L11093","148709953"
"29-264",43.36246,-84.66797,"L13547","150436947"
"29-265",43.2271,-84.37273,"L785","148709991"
"29-59",43.37349,-84.66882,"L48393",NA
"29-94",43.29478,-84.76787,"L6813","150436963"
"3-10",42.46498,-85.74797,NA,NA
"3-101",42.56415,-85.61426,"L21311","152517624"
"3-117",42.56888,-85.69426,"L15160","152517621"
"3-118",42.56499,-85.69593,"L20468","152517625"
"3-119",42.57138,-85.66815,"L21315","152517619"
"3-128",42.55499,-85.68759,"L20737","152517631"
"3-131",42.55832,-85.72231,"L28750","152517637"
"3-135",42.54415,-85.68704,"L28598","152517670"
"3-143",42.53055,-85.66759,"L32063","152517698"
"3-144",42.53268,-85.67003,"L26715","152517693"
"3-145",42.52777,-85.6637,"L30611","152517700"
"3-146",42.53569,-85.6779,"L23365","152517692"
"3-148",42.52415,-85.69093,"L25237","152517706"
"3-151",42.59332,-85.83648,"L30114","152517593"
"3-153",42.59249,-85.86454,"L26841","152517590"
"3-158",42.56777,-85.78981,"L28413","152517626"
"3-162",42.56114,-85.95343,"L27072","152517671"
"3-168",42.52334,-85.85106,NA,NA
"3-169",42.51165,-85.8862,"L26889","152517718"
"3-171",42.58016,-85.97081,"L48372",NA
"3-174",42.56457,-85.9515,NA,NA
"3-175",42.54749,-85.98204,"L27067","152517656"
"3-176",42.55054,-86.01481,"L23875","152517653"
"3-177",42.59554,-86.04759,"L26527","152517588"
"3-178",42.57971,-86.13009,"L29919","152274829"
"3-182",42.52135,-86.02425,"L25260","152274839"
"3-183",42.53415,-86.03148,"L27475","152274837"
"3-184",42.5311,-86.03731,"L25002","152274838"
"3-185",42.52444,-86.03586,"L27114","152274840"
"3-190",42.67325,-85.56664,"L21100","152517488"
"3-191",42.67027,-85.59037,"L20750","152517491"
"3-196",42.66443,-85.57148,"L20435","152517495"
"3-197",42.64471,-85.60454,"L16777","152517522"
"3-198",42.63638,-85.60648,"L20573","152517529"
"3-200",42.6403,-85.61241,"L18775","152517526"
"3-201",42.6411,-85.61456,"L21992","152517525"
"3-202",42.63994,-85.6159,"L15369","152517527"
"3-203",42.65125,-85.62498,"L17952","152517514"
"3-204",42.63633,-85.62936,"L19315","152517532"
"3-205",42.63693,-85.64343,"L18601","152517531"
"3-208",42.62415,-85.62176,"L19965","152517545"
"3-209",42.63132,-85.62236,"L15960","152517540"
"3-215",42.62638,-85.59593,"L21213","152517541"
"3-219",42.61499,-85.5662,"L22724","152517554"
"3-221",42.6161,-85.58926,"L21793","152517557"
"3-222",42.61915,-85.61287,"L15918","152517552"
"3-223",42.6086,-85.62898,"L17570","152517559"
"3-224",42.61749,-85.63176,"L15950","152517548"
"3-231",42.59955,-85.66004,"L18951","152517582"
"3-233",42.60388,-85.56426,"L18736","152517576"
"3-238",42.65527,-85.76954,"L26161","152517512"
"3-24",42.48165,-85.85287,"L27284","152517759"
"3-241",42.66443,-85.77593,"L30868","152517496"
"3-245",42.6486,-85.76759,"L28240","152517515"
"3-246",42.64943,-85.77509,"L29622","152517516"
"3-248",42.60277,-85.75398,"L26278","152517579"
"3-249",42.60527,-85.74843,"L30368","152517574"
"3-253",42.67277,-85.78565,"L25679","152517490"
"3-255",42.66277,-85.79009,"L27815","152517497"
"3-257",42.60971,-85.87926,"L23411","152517566"
"3-258",42.60443,-85.87537,"L29689","152517575"
"3-26",42.46499,-85.8262,"L24155","152517805"
"3-27",42.47415,-85.8462,"L31931","152517780"
"3-271",42.65415,-86.00593,"L26154","152517503"
"3-28",42.46971,-85.84231,"L26270","152517782"
"3-285",42.61901,-86.03082,NA,NA
"3-288",42.61054,-86.06565,"L23655","152517564"
"3-29",42.46832,-85.85704,"L24316","152517791"
"3-292",42.68249,-86.18204,"L29726","152517477"
"3-297",42.65054,-86.20704,"L48374",NA
"3-308",42.75415,-85.59509,"L17356","152517451"
"3-310",42.75749,-85.63815,"L30890","152517450"
"3-314",42.74499,-85.59315,"L17959","152517453"
"3-32",42.47554,-85.87259,"L23775","152517768"
"3-33",42.44721,-85.87565,"L28776","152517847"
"3-332",42.70665,-85.54768,"L14635","152517462"
"3-35",42.44777,-85.84898,"L24068","152517848"
"3-39",42.44249,-85.80843,"L27734","152517878"
"3-4",42.45547,-85.66786,NA,NA
"3-43",42.43124,-85.89374,"L26491","152517908"
"3-44",42.4236,-85.85343,"L29985","152517935"
"3-448",42.74915,-86.19815,"L24951","152274817"
"3-449",42.73138,-86.19537,"L25535","152274822"
"3-452",42.68935,-85.81795,"L30547","152517474"
"3-453",42.44868,-85.55353,"L25045","152517838"
"3-454",42.58299,-85.97613,"L48371",NA
"3-455",42.44519,-86.11776,NA,NA
"3-456",42.51402,-85.64544,"L25715","152517714"
"3-457",42.73363,-86.07975,"L26512","892040dd-4a2a-4281-9777-cba64ab78ade"
"3-458",42.73572,-86.08784,"L25112","7d26dc8d-53b3-4e1e-87b5-6403c9c5527e"
"3-459",42.73572,-86.07316,"L25181","2d292207-c138-4855-9d03-7f523fed5087"
"3-460",42.74267,-86.06698,"L28527","152274818"
"3-461",42.68303,-85.6296,"L30480","152517475"
"3-462",42.68321,-85.62674,"L15757","152517476"
"3-463",42.58772,-85.66491,"L21148","152517594"
"3-464",42.5795,-85.67717,"L16565","152517607"
"3-465",42.67795,-85.79564,"L23314","152517481"
"3-466",42.45323,-85.67649,"L30137","152517832"
"3-467",42.53749,-85.67898,"L24585","152517688"
"3-468",42.64943,-86.16509,"L48375",NA
"3-469",42.4552,-85.73537,"L48369",NA
"3-49",42.49192,-85.9411,NA,NA
"3-50",42.48915,-85.93398,"L29992","152517748"
"3-51",42.48443,-85.91593,"L31895","152517753"
"3-52",42.46471,-85.96009,"L29652","152517809"
"3-54",42.44679,-85.97807,"L24950","152274855"
"3-60",42.42249,-85.92787,"L27154","152517931"
"3-63",42.42638,-85.90204,"L29628","152517912"
"3-64",42.41527,-85.91398,"L25183","152517946"
"3-65",42.48888,-86.07509,"L28748","152274849"
"3-67",42.47777,-86.06731,"L26289","152274853"
"3-68",42.45221,-86.04065,"L25695","152274854"
"3-70",42.44138,-86.03176,"L29004","152274856"
"3-71",42.43499,-86.04009,"L25993","152274857"
"3-73",42.42777,-86.08315,"L23370","152274863"
"3-8",42.48289,-85.79465,NA,NA
"3-88",42.4465,-86.17847,NA,NA
"3-97",42.55749,-85.59676,"L15121","152517632"
"3-98",42.55638,-85.58704,"L32028","152517638"
"30-1",42.06416,-84.41204,"L9492","152095092"
"30-10",42.06582,-84.45787,"L495","152095094"
"30-104",41.92804,-84.5387,"L11732","155636574"
"30-114",41.9786,-84.61426,"L7709","155636404"
"30-115",41.97166,-84.61981,"L2105","155636443"
"30-116",41.97193,-84.66061,"L11948","155636457"
"30-126",41.95388,-84.66787,"L7656","155636518"
"30-134",41.94138,-84.70537,"L6027","155636584"
"30-136",41.92721,-84.70065,"L2988","155636640"
"30-14",42.05726,-84.4741,"L6870","152518676"
"30-141",41.92935,-84.61528,"L7510","155636612"
"30-142",41.92944,-84.61383,NA,NA
"30-143",41.92894,-84.61307,"L12125","89a0a85e-095d-438c-aa4f-3c013ffd2bc0"
"30-144",41.92721,-84.61287,"L13290","155636619"
"30-148",41.92354,-84.60401,NA,NA
"30-154",41.922,-84.61006,NA,NA
"30-158",41.92249,-84.60611,"L6766","155636647"
"30-161",41.9136,-84.62454,"L1342","155636731"
"30-171",41.91693,-84.69537,"L4347","155636756"
"30-173",41.90904,-84.69475,"L1904","155636780"
"30-174",41.90908,-84.69603,"L1526","155636778"
"30-181",41.89888,-84.64592,"L6479","155636813"
"30-184-GRP",41.90416,-84.61325,"L11731","155636825"
"30-192",41.9136,-84.73537,"L3334","155636768"
"30-193",41.9161,-84.79509,"L12704","155636772"
"30-194",41.89554,-84.79204,"L13394","155636937"
"30-195",41.89773,-84.40709,"L12233","152335384"
"30-197",41.83277,-84.39287,"L12856","152335392"
"30-198",41.83027,-84.40148,"L1971","152335396"
"30-199",41.8336,-84.41537,"L10129","152335393"
"30-2",42.0586,-84.41259,"L12598","152095097"
"30-200",41.83249,-84.43315,"L4489","152335395"
"30-201",41.83221,-84.42565,"L2614","152335394"
"30-205",41.82693,-84.47092,"L11020","150994110"
"30-21",42.02971,-84.39954,"L11681","151874060"
"30-213",41.88888,-84.55204,"L3308","150994084"
"30-216",41.88304,-84.54676,"L11620","150994086"
"30-22",42.03971,-84.41176,"L4762","151874052"
"30-222",41.88582,-84.59565,"L6875","155636850"
"30-223",41.87999,-84.56648,"L12239","{43A80843-6A34-4F64-A064-8986A3EA66F6}"
"30-228",41.87446,-84.53548,"L2145","150994088"
"30-229",41.85638,-84.49842,"L148","150994095"
"30-23",42.03804,-84.41731,"L8945","151874053"
"30-234",41.867049,-84.565429,"L13028","155637000"
"30-241",41.84443,-84.48065,"L14151","150994102"
"30-245",41.82888,-84.52981,"L12915","150994111"
"30-247",41.81304,-84.51426,"L2434","150994116"
"30-251",41.88304,-84.60342,"L565","155636849"
"30-255",41.88804,-84.69092,"L13872","150994087"
"30-256",41.87804,-84.68426,"L3827","150994093"
"30-257",41.87166,-84.69315,"L13324","150994100"
"30-258",41.86777,-84.6887,"L8807","150994101"
"30-259",41.8686,-84.68092,"L1089","150994099"
"30-27",42.03943,-84.45843,"L4535","{CBCD0836-097B-46B7-8F06-9E7EB476E9F9}"
"30-270",41.82268,-84.66214,"L3926","150994115"
"30-274",41.81721,-84.63676,"L7726","150994118"
"30-276",41.89666,-84.76815,"L4643","155636890"
"30-277",41.88888,-84.7962,"L3000","155636974"
"30-278",41.87332,-84.79676,"L7830","155637094"
"30-291",41.8411,-84.79704,"L13057","155637336"
"30-294",41.84443,-84.80037,"L9508","155637306"
"30-295",41.8511,-84.78842,"L10037","155637272"
"30-296",41.84054,-84.80204,"L18869","155637335"
"30-299",41.83499,-84.80148,"L20298","155637367"
"30-3",42.06055,-84.43363,"L422","152095100"
"30-301",41.82193,-84.81009,"L48274","150994123"
"30-302",41.81804,-84.81065,"L15430","150994123"
"30-303",41.81332,-84.80676,"L19207","{5D72DE67-4FCF-4F0E-A3FF-DF7D56FC4EE2}"
"30-307",41.78277,-84.37731,"L5688","152335403"
"30-32",41.99971,-84.41065,"L10885","152335363"
"30-321",41.80554,-84.59315,"L9251","150994120"
"30-350",41.80888,-84.82287,"L21665","155637505"
"30-354",41.74666,-84.80537,"L21046","150994147"
"30-356",41.71999,-84.78454,"L1914","150994211"
"30-357",42.0561,-84.37954,"L5146","151874017"
"30-358",41.71011,-84.65307,"L14054","150994186"
"30-359",41.71016,-84.56615,"L7505","150994167"
"30-36",41.99221,-84.37676,"L8126","152335369"
"30-360",41.83638,-84.47829,"L2058","150994104"
"30-361",42.02633,-84.40335,"L199","151874061"
"30-362",41.94645,-84.56541,"L9391","155636528"
"30-363",42.03933,-84.43353,"L13701","{08752B64-3E4E-49D8-9D44-3463AE50204C}"
"30-364",42.02164,-84.39376,"L6490","151874066"
"30-365",41.90608,-84.63596,"L6709","155636753"
"30-366",41.90711,-84.5625,"L3419","150994078"
"30-367",41.90404,-84.56386,"L7837","150994080"
"30-368",42.00854,-84.49398,"L3323","152518707"
"30-369",41.71538,-84.64907,"L4945","150994185"
"30-370",42.04519,-84.5041,"L834","152518686"
"30-371",41.82162,-84.50251,"L12852","150994113"
"30-372",41.7796,-84.36868,"L13216","152335404"
"30-373",41.7794,-84.37334,"L6526","152335405"
"30-374",41.80688,-84.80612,"L16891","150994124"
"30-375",41.93113,-84.61673,"L3894","155636604"
"30-376",41.92531,-84.61052,"L7757","155636629"
"30-377",41.92494,-84.60765,"L6422","155636631"
"30-378",41.92319,-84.60938,"L14150","155636641"
"30-379",41.92383,-84.60593,"L10796","155636637"
"30-380",41.759,-84.54641,"L3710","150994133"
"30-381",42.02861,-84.48017,"L5968","152518694"
"30-382",41.70139,-84.67823,"L9698","150994222"
"30-383",42.06966,-84.43147,"L4544","152095093"
"30-384",41.99942,-84.40879,"L11622","152335362"
"30-385",42.00117,-84.40619,"L11458","152335360"
"30-386",41.85642,-84.79397,"L10293","155637245"
"30-45",42.05861,-84.53014,"L9457","152518673"
"30-48",42.05249,-84.49065,"L12159","152518681"
"30-57",42.00138,-84.56426,NA,NA
"30-66",42.05783,-84.65855,"L11753","152518679"
"30-67",42.057834,-84.658337,"L11753","152518679"
"30-72",42.04027,-84.63509,"L3981","152518689"
"30-74",42.02442,-84.65502,"L11498","152518699"
"30-77",42.02471,-84.63954,"L11909","152518695"
"30-81",41.99159,-84.67151,NA,NA
"30-84",41.99535,-84.62944,"L6423","152518714"
"30-85",41.99082,-84.61954,"L1102","155636345"
"30-91",41.97193,-84.42259,"L8241","152335375"
"30-92",41.94332,-84.4137,"L1372","152335376"
"30-94",41.91499,-84.36148,"L8853","152335379"
"30-97",41.96388,-84.55009,"L8739","155636449"
"31-1",46.50315,-88.7419,"L37554","117627631"
"31-1019",47.01498,-88.70788,"L32845","f885fec2-c04f-4f4c-93b3-512c129d7493"
"31-1022",47.01943,-88.76482,"L34983","116542703"
"31-1026",47.00776,-88.80316,"L32820","116542709"
"31-1030",47.00998,-88.77232,"L35268","116542705"
"31-1033",47.00276,-88.74954,"L35317","dbbc3230-7da2-4605-a3ad-65820774b6f6"
"31-1035",47.00248,-88.72399,"L33869","117625591"
"31-1040",46.98276,-88.71816,"L32248","117625607"
"31-1044",46.9936,-88.74704,"L34942","117625599"
"31-1046",46.99498,-88.75843,"L33660","ba4a7f96-5bf5-419a-9353-92c6b44fc9b3"
"31-1052",46.98979,-88.79407,"L35926","116542719"
"31-1053",46.98689,-88.7938,"L32967","081ae9ea-f36b-43be-958c-454f50be8655"
"31-1054",46.98745,-88.79693,"L32131","00e19aeb-1852-4da6-af3a-461f92cbf5ff"
"31-1055",46.98365,-88.799,"L35555","116542727"
"31-1056",46.98736,-88.80057,"L34104","116542721"
"31-1058",46.97675,-88.7863,"L32508","116542745"
"31-1061",46.96748,-88.78538,"L32983","116542771"
"31-1068",46.95332,-88.77093,"L35318","116542807"
"31-1070",46.96332,-88.78621,"L35627","116542783"
"31-111",46.44582,-88.94399,"L40580","123392767"
"31-1111",47.10443,-88.58593,"L34577","116542639"
"31-1117",47.10248,-88.68204,"L34833","116542645"
"31-1145",47.03026,-88.73371,"L35823","116542693"
"31-1161",47.18582,-88.26038,"L33881","116542555"
"31-1164",47.1636,-88.28482,"L35835","116542581"
"31-1172",47.15387,-88.2701,"L36061","116542589"
"31-1178",47.15832,-88.4251,"L35219","116542605"
"31-1181",47.12943,-88.31788,"L32843","116542621"
"31-1182",47.19223,-88.43304,"L33304","e1b3bb40-9ac3-4bca-92d2-a9ecebecdde6"
"31-1183",47.17054,-88.52704,"L32526","116542587"
"31-1192",47.17721,-88.59038,"L36475","116542577"
"31-1193",47.17247,-88.55539,"L35482","dc070774-74b1-43b2-a4c7-8e4f3de3c111"
"31-1222",47.14803,-88.76434,"L34596","116542631"
"31-1243",47.25499,-88.44593,"L32888","116542503"
"31-1256",47.23387,-88.59482,"L33363","116542531"
"31-1259",47.22364,-88.62457,"L46972","120007759"
"31-1261",47.20612,-88.66434,"L35235","116542557"
"31-1262",46.98025,-88.43551,NA,NA
"31-1265",46.60023,-88.73261,"L37532","117627029"
"31-1266",47.01307,-88.51863,"L33312","120018914"
"31-1267",46.92173,-88.80884,"L32368","116543081"
"31-1268",46.42313,-88.86827,"L40689","123393023"
"31-1269",46.58593,-88.79196,"L41709","123390876"
"31-1270",46.67036,-88.82902,"L40172","117626667"
"31-1271",46.58178,-88.76855,"L37196","117627239"
"31-1272",46.60371,-88.71985,"L39264","117626999"
"31-1273",46.60368,-88.71028,"L37114","117627001"
"31-1274",46.60984,-88.72802,"L41781","117626939"
"31-1275",47.1659,-88.5042,"L32488","116542591"
"31-1276",46.83925,-88.74301,"L32448","117625899"
"31-1277",46.94058,-88.84755,"L32970","116542939"
"31-1278",47.26608,-88.433,"L34188","116542497"
"31-1279",47.20946,-88.61957,"L46972","120007759"
"31-1280",46.82271,-88.83341,"L43094","117626033"
"31-1281",46.59173,-88.74965,NA,NA
"31-13",46.45005,-88.72521,"L32521","123392638"
"31-140",46.42721,-88.88843,"L42306","123393009"
"31-141",46.43248,-88.86927,"L38436","123392940"
"31-142",46.42958,-88.87621,"L39935","123392972"
"31-156",46.52804,-88.68593,"L41996","117627525"
"31-157",46.52832,-88.70121,"L38614","117627531"
"31-159",46.51054,-88.72204,"L40550","117627599"
"31-160",46.50998,-88.73038,"L37580","117627609"
"31-165",46.51415,-88.71677,"L40544","117627583"
"31-167",46.59452,-88.74364,"L40984","117627123"
"31-184",46.58721,-88.7851,"L39191","117627203"
"31-188",46.58332,-88.78427,"L40453","123390972"
"31-189",46.58035,-88.78533,"L36642","123391018"
"31-195",46.58915,-88.80593,"L42586","123390859"
"31-214",46.59137,-88.82538,"L36892","123390811"
"31-226",46.57276,-88.78232,"L37294","123391063"
"31-228",46.57713,-88.79584,"L37432","123391049"
"31-236",46.57998,-88.8051,"L40676","123391040"
"31-24",46.45165,-88.69343,"L42368","117627685"
"31-242",46.5736,-88.76788,"L36617","117627285"
"31-244",46.57082,-88.76954,"L42671","117627309"
"31-258",46.56637,-88.75954,"L36757","117627339"
"31-261",46.55443,-88.75593,"L42500","117627411"
"31-263",46.55804,-88.75454,"L37160","117627381"
"31-266",46.54971,-88.78204,"L40069","123391394"
"31-281",46.54776,-88.75677,"L39280","117627459"
"31-289",46.54721,-88.76621,"L40593","{F294AEF2-B3DD-4658-BAAA-CFAB9E460550}"
"31-29",46.43665,-88.70732,"L33321","117627695"
"31-290",46.54215,-88.76206,"L37250","123391490"
"31-296",46.54414,-88.78057,"L38527","123391464"
"31-3",46.47776,-88.74177,"L38497","123392323"
"31-300",46.54887,-88.7476,"L39370","117627443"
"31-310",46.52998,-88.76288,"L36865","123391637"
"31-314",46.53498,-88.7726,"L37174","123391606"
"31-317",46.52571,-88.77406,"L49014",NA
"31-331",46.51721,-88.74371,"L40239","117627581"
"31-34",46.43899,-88.72538,"L35383","123392716"
"31-39",46.42708,-88.74425,"L36192","{D81F2860-57E8-4FE8-99E6-149F3AB08624}"
"31-41",46.50248,-88.76177,"L37054","123392114"
"31-42",46.50054,-88.77093,"L42421","123392185"
"31-420",46.5165,-88.98221,"L42741","123392092"
"31-51",46.46748,-88.75371,"L41491","123392450"
"31-540",46.61248,-88.8476,"L42414","123390585"
"31-545",46.61471,-88.86093,"L42482","123390562"
"31-56",46.45297,-88.78379,"L48257",NA
"31-585",46.66582,-88.90871,"L32926","123390259"
"31-60",46.44443,-88.74788,"L35384","123392688"
"31-612",46.65471,-88.9071,"L33201","123390318"
"31-613",46.65445,-88.91131,"L34579","123390303"
"31-65",46.44026,-88.81565,"L36793","123392747"
"31-697",46.7083,-88.85615,"L42997","117626477"
"31-698",46.71147,-88.8528,"L37897","117626459"
"31-7",46.46471,-88.71815,"L39748","117627667"
"31-700",46.71481,-88.8645,"L41528","117626451"
"31-707",46.70094,-88.85533,"L42237","117626529"
"31-760",46.83471,-88.84482,"L37567","117626013"
"31-763",46.84344,-88.86268,"L39348","117625929"
"31-765",46.84199,-88.8699,"L38340","400f28cd-5adf-4cea-b25a-7a7d2cf7ed83"
"31-766",46.84643,-88.86201,"L40659","117625903"
"31-767",46.85137,-88.87093,"L37252","117625857"
"31-771",46.83721,-88.87093,"L38727","117625969"
"31-772",46.84018,-88.87631,"L37918","117625953"
"31-781",46.83443,-88.87982,"L41229","117625985"
"31-792",46.8111,-88.8676,"L39995","117626085"
"31-818",46.76193,-88.9326,"L32452","b0cbc811-6d19-44c6-9aa8-ad91009008b5"
"31-825",46.91332,-88.57371,"L36510","117625661"
"31-826",46.93387,-88.59232,"L33055","8793bfe2-93f5-4b54-81b4-448c04903ed0"
"31-837",46.93165,-88.79927,"L34148","116542983"
"31-84",46.42169,-88.7944,"L34347","123393006"
"31-843",46.9225,-88.78889,"L33700","117625635"
"31-909",46.89915,-88.83121,"L35850","116543277"
"31-910",46.90748,-88.81704,"L33717","116543223"
"31-915",46.88971,-88.85121,"L35180","116543343"
"31-942",46.87518,-88.86882,"L33122","116543387"
"31-950",46.86933,-88.87913,"L34552","116543431"
"31-970",46.8636,-88.90093,"L32104","116543453"
"31-973",46.85943,-88.85399,"L39500","117625797"
"31-982",47.0036,-88.39482,"L34593","116542701"
"31-993",47.06637,-88.49704,"L35220","116542669"
"32-1",43.68166,-83.20871,"L9755","152237948"
"32-10",43.97012,-83.25517,"L3264","152237816"
"32-11",43.85076,-82.64787,"L2498","155399412"
"32-12",43.81004,-83.01706,"L11944","152237893"
"32-3",43.90888,-83.33815,"L2049","152237855"
"32-5",43.96388,-83.1776,"L9382","152237832"
"32-8",43.96827,-83.25537,"L8016","152237823"
"32-9",43.96537,-83.25545,"L2441","152237822"
"33-1",42.49916,-84.17231,"L11025","145333066"
"33-106",42.66388,-84.40398,"L10690","152094651"
"33-107",42.67973,-84.52137,"L6645","152094619"
"33-11",42.45749,-84.21398,"L1187","152094752"
"33-110",42.64193,-84.54676,"L521","152094684"
"33-111",42.77554,-84.25343,"L6090","152094487"
"33-114",42.72471,-84.26565,NA,NA
"33-118",42.76809,-84.28571,"L10718","152094494"
"33-119",42.76583,-84.28529,"L929","152094499"
"33-120",42.7626,-84.28561,"L6552","152094512"
"33-128",42.75804,-84.39898,"L930","152094516"
"33-129",42.73943,-84.39954,"L10959","152094542"
"33-13",42.46249,-84.16759,"L724","145333578"
"33-137",42.76804,-84.56259,"L7468","152094507"
"33-149",42.72008,-84.56816,NA,NA
"33-150",42.71668,-84.51104,"L12277","152094562"
"33-154",42.75141,-84.42139,"L48216",NA
"33-155",42.69395,-84.53191,"L11634","152094584"
"33-156",42.51206,-84.37936,"L4157","152094739"
"33-157",42.60775,-84.49062,"L2193","152094700"
"33-158",42.60382,-84.48767,"L13768","152094705"
"33-159",42.60233,-84.48613,"L13768","152094705"
"33-160",42.69471,-84.50753,"L7691","152094586"
"33-161",42.72177,-84.52094,"L5758","152094557"
"33-162",42.72006,-84.5201,NA,NA
"33-163",42.72045,-84.51936,NA,NA
"33-164",42.63822,-84.50403,"L12274","152094685"
"33-165",42.63731,-84.50279,"L3288","152094686"
"33-166",42.63259,-84.50364,"L2407","152094691"
"33-167",42.67933,-84.48064,"L6285","152094621"
"33-168",42.68149,-84.48237,"L11121","152094616"
"33-169",42.68155,-84.48667,"L3181","152094617"
"33-170",42.67932,-84.48683,"L1079","152094623"
"33-171",42.54543,-84.38349,NA,NA
"33-172",42.66321,-84.58566,"L3626","152094658"
"33-173",42.66064,-84.51215,"L13696","152094660"
"33-174",42.65585,-84.50976,"L10294","152094666"
"33-175",42.65841,-84.56889,"L1060","152094664"
"33-177",42.61,-84.58854,"L6427","152094702"
"33-178",42.64995,-84.50755,"L9993","152094672"
"33-18",42.42499,-84.19426,"L7357","145333852"
"33-27",42.51277,-84.31648,"L12242","152094735"
"33-42",42.47249,-84.38565,"L10701","152094749"
"33-47",42.45527,-84.54037,"L7620","152094754"
"33-55",42.53166,-84.17593,"L9684","152094726"
"33-6",42.47749,-84.16787,"L5014","145333241"
"33-74",42.52332,-84.33815,"L11141","152094732"
"33-88",42.57691,-84.43141,"L49004",NA
"33-9",42.47749,-84.22731,"L10916","152094746"
"33-98",42.52443,-84.54843,NA,NA
"34-100",42.9914,-84.932,"L6199","151870718"
"34-101",42.99136,-84.92964,"L928","151870717"
"34-102",42.78973,-85.08816,"L9919","157067779"
"34-103",42.83146,-84.85855,"L156","152094405"
"34-104",43.06705,-85.12289,"L15686","152707629"
"34-14",42.80138,-85.07926,"L4278","157067751"
"34-14.1",42.8086,-85.07648,"L11129","157067744"
"34-16",42.79554,-85.0987,"L16750","157067756"
"34-17",42.78443,-85.11565,"L19750","157067788"
"34-21",42.86082,-85.21176,"L14357","152708039"
"34-22",42.83638,-85.27482,"L19818","157067726"
"34-23",42.82749,-85.2837,"L21165","157067736"
"34-32",42.95287,-84.90273,"L48424",NA
"34-34",42.88919,-84.91239,"L48423",NA
"34-36",42.88206,-85.06272,"L6651","152708024"
"34-37",42.91804,-85.14259,"L21231","152707975"
"34-39",42.89888,-85.17148,"L22774","152708001"
"34-4",42.77138,-84.93954,"L8713","152094511"
"34-43",42.8836,-85.21565,"L17438","152708023"
"34-50",42.97706,-84.9503,NA,NA
"34-51",42.96684,-84.9134,NA,NA
"34-58",43.02069,-85.29227,"L48383",NA
"34-62",42.98388,-85.23982,"L14906","152707811"
"34-66",43.09131,-84.84342,NA,NA
"34-69",43.08138,-85.06232,"L10909","152707582"
"34-73",43.11332,-85.12259,"L14784","152707507"
"34-75",43.11751,-85.18406,NA,NA
"34-76.1",43.11225,-85.16882,"L16079","152707511"
"34-78",43.08193,-85.18037,"L22526","152707589"
"34-8",42.77388,-84.88759,"L7071","152094505"
"34-82",43.08984,-85.23617,NA,NA
"34-93",42.944,-85.12609,"L18832","152707939"
"34-94",42.83748,-85.28354,"L18659","157067721"
"34-95",43.07904,-85.2402,"L18524","152707595"
"34-96",43.08067,-85.23741,"L20711","152707593"
"34-97",43.08138,-85.23492,"L18564","152707592"
"34-98",43.08241,-85.23693,"L19748","152707588"
"34-99",42.98113,-85.01311,"L7820","152707815"
"35-1",44.33916,-83.64287,"L1449","118253399"
"35-100",44.39638,-83.76204,"L7845","118252979"
"35-101",44.4011,-83.77426,"L6840","118252953"
"35-102",44.37989,-83.76637,"L11066","118253139"
"35-103",44.37999,-83.82954,"L13713","118253211"
"35-104",44.3486,-83.86954,"L7415","118253477"
"35-105",44.35416,-83.87926,"L10020","118253443"
"35-106",44.36888,-83.71482,"L3014","118253209"
"35-109",44.34721,-83.64954,"L6235","118253341"
"35-111",44.41278,-83.57316,"L5104","118252763"
"35-112",44.37721,-83.58343,NA,NA
"35-13",44.31555,-83.72093,NA,NA
"35-154",44.38038,-83.3434,NA,NA
"35-170",44.34514,-83.34745,"L13972","118253099"
"35-173",44.50555,-83.77232,"L10141","83977125"
"35-174",44.50221,-83.82732,"L1603","83977151"
"35-175",44.48277,-83.88149,"L4486","83977347"
"35-176",44.48582,-83.84954,"L5757","83977267"
"35-177",44.48055,-83.84843,"L229","83977341"
"35-178",44.48221,-83.8276,"L3099","83977219"
"35-179",44.47721,-83.84649,"L14089","83977373"
"35-180",44.47527,-83.87343,"L3289","83977393"
"35-182-184",44.4523,-83.87889,"L3271","83977505"
"35-190",44.4386,-83.87926,"L8214","83977563"
"35-192",44.42956,-83.86131,"L10110","118252803"
"35-193",44.49678,-83.73278,"L4771","83977137"
"35-194",44.4986,-83.76232,"L1547","83977135"
"35-195",44.49027,-83.7251,"L7270","83977157"
"35-198",44.48721,-83.7201,"L578","83977171"
"35-199",44.46332,-83.72232,"L2993","83977413"
"35-2",44.33749,-83.65343,"L5488","118253445"
"35-200",44.45588,-83.67721,"L12830","83977399"
"35-201",44.47257,-83.57251,"L6850","83977435"
"35-205",44.43552,-83.44289,"L11167","83977349"
"35-214",44.43471,-83.41704,"L10844","83977389"
"35-216",44.50415,-83.3726,"L9996","83977023"
"35-219",44.47221,-83.35982,"L12593","83977123"
"35-226",44.43904,-83.39158,"L4120","83977287"
"35-237",44.4361,-83.35704,"L7189","83977311"
"35-239",44.20291,-83.73525,"L4811","118254477"
"35-240",44.48557,-83.84645,"L11891","83977283"
"35-241",44.20115,-83.71888,"L678","118254425"
"35-242",44.20622,-83.71768,"L5822","118254373"
"35-243",44.33898,-83.84107,NA,NA
"35-244",44.44272,-83.39999,"L9174","83977293"
"35-245",44.44047,-83.40357,"L7283","83977317"
"35-246",44.25513,-83.56748,NA,NA
"35-247",44.49804,-83.33466,"L13135","122383359"
"35-248",44.36687,-83.60202,"L9377","118253129"
"35-3",44.32755,-83.65452,"L8969","118253567"
"35-4",44.33943,-83.6601,"L9967","167791873"
"35-5",44.33055,-83.66676,"L5021","118253529"
"35-54",44.31332,-83.48593,"L12814","120020697"
"35-7",44.33693,-83.67065,"L11099","118253451"
"35-84",44.28355,-83.45321,"L4588","118253727"
"35-9",44.32555,-83.68093,"L13821","118253593"
"35-92",44.33666,-83.35482,"L1885","118253191"
"35-93",44.32582,-83.39701,"L7122","118253327"
"35-94",44.41527,-83.80871,"L12811","118252889"
"35-95",44.40971,-83.82371,"L12948","118252887"
"35-96",44.41499,-83.85399,"L10866","118252855"
"35-97",44.40565,-83.86353,"L10342","118252955"
"35-98",44.40416,-83.8776,"L897","118253021"
"35-99",44.40027,-83.76537,"L10331","118252959"
"36-1017",46.32471,-88.65399,"L44461","117627761"
"36-1019",46.32915,-88.66593,"L43418","117627757"
"36-1022",46.32221,-88.67232,"L44974","111860181"
"36-1023",46.32637,-88.69121,"L45472","{78C0AE0D-0109-4A9C-A39C-EC438BA684CD}"
"36-1024",46.32498,-88.7001,"L43598","111860177"
"36-103",46.03443,-88.34593,"L43542","111861337"
"36-104",46.02471,-88.30454,"L46380","111861353"
"36-1058",46.2561,-88.69427,"L45752","111860569"
"36-108",46.00971,-88.29399,"L45256","111861393"
"36-1091",46.30026,-88.77593,"L43729","111860405"
"36-110",46.00637,-88.30871,"L46224","111861419"
"36-112",46.00332,-88.31649,"L43518","111861427"
"36-1122",46.26915,-88.82871,"L32638","111860553"
"36-1124",46.2489,-88.84708,"L35431","111860595"
"36-1145",46.31832,-88.91177,"L36048","111860311"
"36-1152",46.32082,-88.92204,"L37368","111860299"
"36-1154",46.32082,-88.9301,"L42444","111860289"
"36-1155",46.32554,-88.93149,"L48236","111860241"
"36-1159",46.32637,-88.93621,"L42505","111860241"
"36-1160",46.32082,-88.93343,"L43074","111860307"
"36-1164",46.32026,-88.94677,"L39779","111860309"
"36-1166",46.32665,-88.94288,"L38532","111860247"
"36-1171",46.32554,-88.95121,"L37327","111860249"
"36-1172",46.32526,-88.95871,"L40298","111860279"
"36-1177",46.32971,-88.9826,"L40634","123395412"
"36-1178",46.32554,-88.9705,"L36754","123395468"
"36-1189",46.29943,-88.93288,"L42085","111860441"
"36-1194",46.31721,-88.98399,"L38740","123395611"
"36-121.1",45.99268,-88.345,"L43337","111861503"
"36-123",45.99804,-88.33843,"L44529","111861459"
"36-127",45.99779,-88.31938,"L44523","111861453"
"36-1275",46.24943,-88.9601,"L40299","123396674"
"36-1293",46.40785,-88.20498,NA,NA
"36-131",46.07804,-88.42676,"L48237","111864605"
"36-132",46.06582,-88.44621,"L48239","111864605"
"36-1342",46.3336,-88.19032,"L44140","110735563"
"36-1346",46.40387,-88.32704,"L39365","110735335"
"36-1353",46.40443,-88.36177,"L37669","111859809"
"36-136",46.06137,-88.47676,NA,NA
"36-1360",46.37471,-88.30704,"L37677","110735435"
"36-1368",46.36082,-88.31871,"L37581","110735495"
"36-137",46.05693,-88.50593,"L46155","111861285"
"36-1370",46.33749,-88.35204,"L37617","110735601"
"36-1373",46.34054,-88.3276,"L41708","110735573"
"36-138",46.04249,-88.49676,"L44934","111861321"
"36-139",46.04596,-88.45045,"L44023","111861303"
"36-1390",46.40986,-88.47981,"L35663","111859821"
"36-1400",46.38054,-88.40399,"L35435","111859857"
"36-1401",46.38915,-88.41399,"L35111","111859847"
"36-1419",46.36693,-88.4101,"L36360","111859877"
"36-142",46.04346,-88.44985,"L44694","111861325"
"36-1468",46.37832,-88.53149,"L32125","111859869"
"36-147",46.04012,-88.38032,"L43629","111861327"
"36-1473",46.38637,-88.59121,"L34356","111859865"
"36-1480",46.35249,-88.59177,"L36249","111859951"
"36-1488",46.41471,-88.68593,"L34900","117627709"
"36-1490",46.41137,-88.69315,"L35841","117627713"
"36-1491",46.4161,-88.69232,"L34229","117627707"
"36-150",46.03165,-88.4126,"L46154","111861351"
"36-1500",46.39688,-88.73342,"L32229","123393219"
"36-1501",46.38558,-88.72665,"L34761","899fee32-c15f-4e71-a991-e1e9c05c69b6"
"36-1502",46.39443,-88.69315,"L36055","117627725"
"36-1510",46.38175,-88.64917,NA,NA
"36-1513",46.38276,-88.73815,"L32321","123393874"
"36-152",46.03946,-88.45236,"L44071","111861333"
"36-1521",46.3686,-88.73899,"L34562","cf7fc4ef-5cb3-4659-978a-66bdebc8a5a6"
"36-1522",46.37332,-88.73621,"L35751","866ec7a5-937b-4797-aabd-e89fa8a7e623"
"36-1528",46.36943,-88.68788,"L34566","117627733"
"36-1529",46.36221,-88.66177,"L32215","117627737"
"36-153",46.02499,-88.45232,"L46076","111861371"
"36-153.1",46.01054,-88.46232,"L45855","111861409"
"36-1536",46.3536,-88.72093,"L45526","5e0d70a9-30a4-4e18-b063-5287b5d4a411"
"36-1537",46.35693,-88.73343,"L44924","a1255526-2065-4ac9-861a-fa19b8b996f5"
"36-154",46.02443,-88.43593,"L45654","111861373"
"36-1541",46.33471,-88.69454,"L45131","117627749"
"36-1542",46.33493,-88.68318,"L44342","{D7926FA7-617F-48BE-A71F-71A40F614B37}"
"36-1547",46.41221,-88.77565,"L33464","123393077"
"36-1548",46.40832,-88.77649,"L32837","123393108"
"36-155",46.01665,-88.43343,"L45861","111861385"
"36-1556",46.40983,-88.79857,"L35341","123393105"
"36-1570",46.40415,-88.80565,"L35901","123393168"
"36-1572",46.41637,-88.84204,"L34302","123393060"
"36-158",46.00415,-88.44093,"L44151","111861443"
"36-159",46.01079,-88.45676,"L46194","111861431"
"36-161",46.00831,-88.46864,"L45130","111861433"
"36-162",45.9967,-88.42921,"L44384","111861507"
"36-1635",46.39665,-88.82343,"L36280","123393732"
"36-1638",46.40248,-88.76565,"L35059","123393216"
"36-1639",46.39776,-88.76149,"L33165","123393310"
"36-1651",46.3999,-88.75204,"L35721","123393319"
"36-167",46.07026,-88.5351,"L44038","111861235"
"36-1685",46.37776,-88.81815,"L33713","123394022"
"36-17",45.98415,-88.33149,"L44309","111861517"
"36-170",46.03332,-88.51815,"L43525","111861359"
"36-172",46.03276,-88.55176,"L45820","111861365"
"36-173",46.05887,-88.70676,"L44956","111861279"
"36-174",46.04332,-88.72315,"L45720","111861361"
"36-1744",46.36443,-88.80538,"L33502","111859913"
"36-175",46.05221,-88.69426,"L44561","111861339"
"36-1758",46.36492,-88.7596,"L32175","111859917"
"36-1760",46.34582,-88.76454,"L44991","111860053"
"36-1768",46.35415,-88.8126,"L33330","111860005"
"36-1769",46.35971,-88.81204,"L34809","111859965"
"36-177",46.05721,-88.64649,"L45362","111861319"
"36-178",46.0336,-88.68065,"L43195","111861389"
"36-1781",46.35276,-88.82899,"L34358","111860017"
"36-1794",46.34554,-88.8301,"L32679","111860097"
"36-1799",46.34222,-88.81654,"L35240","111860117"
"36-18",45.97846,-88.33274,"L43966","111861541"
"36-1800",46.34137,-88.78538,"L45585","111860107"
"36-1802",46.33582,-88.79315,"L43336","111860147"
"36-1854",46.41256,-88.98749,"L41542","123393242"
"36-186",46.02248,-88.63704,"L45621","111861411"
"36-187",46.00971,-88.65788,"L44050","111861501"
"36-188",46.07526,-88.74454,"L45849","111861265"
"36-19",45.97332,-88.32982,"L44352","111861555"
"36-190",46.05971,-88.77982,"L45276","111861293"
"36-192",46.05776,-88.83843,"L46366","111861383"
"36-193",46.04415,-88.78621,"L44943","111861379"
"36-1931",46.39721,-88.86871,"L42871","123393761"
"36-1932",46.39202,-88.87603,"L39571","123393860"
"36-1936",46.38528,-88.87804,"L42913","123393951"
"36-194",46.04332,-88.77176,"L45653","111861377"
"36-195",46.05387,-88.75899,"L43638","111861345"
"36-1953",46.38554,-88.90149,"L40855","123394005"
"36-1966",46.37637,-88.93343,"L41548","123394245"
"36-1978",46.38387,-88.95427,"L42946","123394039"
"36-2",45.95601,-88.19692,"L43368","110736763"
"36-2003",46.37693,-88.97177,"L39928","123394260"
"36-2012",46.36161,-88.98242,"L38006","123394532"
"36-2017",46.36998,-88.95454,"L41510","123394353"
"36-2018",46.36915,-88.95121,"L37926","123394364"
"36-2019",46.37341,-88.95568,"L41999","123394268"
"36-202",46.1561,-88.17315,"L44724","110736521"
"36-2024",46.3611,-88.95843,"L42133","123394543"
"36-2031",46.37165,-88.92927,"L37676","123394280"
"36-204",46.15992,-88.23498,"L44033","110736531"
"36-2047",46.36165,-88.89038,"L34953","111859967"
"36-2053",46.36526,-88.90427,"L42424","111859947"
"36-206",46.13273,-88.23172,NA,NA
"36-2060",46.3643,-88.87892,"L34897","123394401"
"36-2062",46.37082,-88.88065,"L42822","123394302"
"36-2063",46.37026,-88.88593,"L36860","123394263"
"36-2066",46.34443,-88.87704,"L35527","111860081"
"36-2067",46.35221,-88.88927,"L33194","111860119"
"36-2068",46.35943,-88.88204,"L33553","111859993"
"36-2069",46.3486,-88.89316,"L35100","111860091"
"36-2072",46.35553,-88.90558,"L34718","111860041"
"36-2073",46.3561,-88.91621,"L34585","111860009"
"36-2074",46.36054,-88.91843,"L34607","111860001"
"36-2077",46.34332,-88.93899,"L42456","111860145"
"36-2078",46.35304,-88.94371,"L38579","111860067"
"36-2083",46.35752,-88.94388,"L38576","111860039"
"36-2084",46.35622,-88.94928,"L39082","111860055"
"36-2093",46.35221,-88.95982,"L38651","123394733"
"36-2097",46.34443,-88.96343,"L39505","123394841"
"36-2102",46.34943,-88.98065,"L40653","123394801"
"36-2117",46.33471,-88.98288,"L40457","123395128"
"36-2120",46.34598,-88.98981,"L42957","123394867"
"36-2121",46.34582,-88.95927,"L42985","123394844"
"36-2132",46.34376,-88.8898,NA,NA
"36-2152",46.05938,-88.27773,"L48240","120007813"
"36-2153",46.18994,-88.41483,"L46335","111860685"
"36-2154",46.3931,-88.3863,"L36669","111859835"
"36-2155",46.30783,-88.17238,NA,NA
"36-2156",46.33289,-88.68135,"L43250","117627755"
"36-2157",46.30477,-88.96276,"L42085","111860441"
"36-2158",46.35824,-88.9481,"L38174","111860035"
"36-217",46.11797,-88.17252,"L44042","110736559"
"36-219",46.115656,-88.217156,"L43260","110736567"
"36-231",46.10499,-88.12538,"L43165","155413309"
"36-237",46.0961,-88.13538,"L45661","110736587"
"36-24.1",46.07137,-88.1326,"L45427","110736625"
"36-256",46.07582,-88.18343,"L43492","110736621"
"36-26",46.07304,-88.14093,"L46065","110736623"
"36-264",46.14387,-88.34399,"L43438","111860839"
"36-27",46.06221,-88.15676,"L43624","110736643"
"36-270",46.1479,-88.35573,"L45549","111860827"
"36-272",46.11721,-88.27426,"L43110","110736569"
"36-278",46.1084,-88.33557,NA,NA
"36-279",46.12172,-88.36673,"L46339","111860935"
"36-280",46.12249,-88.36232,"L46447","111860925"
"36-289",46.1011,-88.2976,"L44456","111861007"
"36-292",46.11201,-88.28993,"L44380","111860965"
"36-306",46.14665,-88.37565,"L43284","111860841"
"36-307",46.16332,-88.39482,"L45765","111860805"
"36-310",46.1511,-88.46871,NA,NA
"36-32",45.9911,-88.20871,"L43636","110736743"
"36-331",46.12082,-88.44982,"L45289","111860947"
"36-336",46.11409,-88.46352,"L44571","111861001"
"36-338",46.1086,-88.42482,"L43153","111861023"
"36-339",46.10048,-88.41853,"L46115","111861057"
"36-34",46.05721,-88.22176,"L45545","110736651"
"36-35",46.07165,-88.23982,"L45519","110736637"
"36-351",46.09469,-88.41357,"L43640","111861071"
"36-352",46.08915,-88.42093,"L45344","111864605"
"36-355",46.13221,-88.59038,"L43837","111860937"
"36-357",46.13721,-88.56093,"L44131","111860917"
"36-359",46.18037,-88.13773,"L43568","110736423"
"36-363",46.11249,-88.50149,"L43855","111861049"
"36-366",46.12637,-88.54788,"L43581","111860957"
"36-367",46.12443,-88.5676,"L45994","111860979"
"36-369",46.11804,-88.61121,"L45072","111861019"
"36-371",46.1011,-88.61426,"L45329","111861097"
"36-373",46.0986,-88.5626,"L46372","111861115"
"36-38",46.04425,-88.22238,"L44443","110736679"
"36-382",46.16137,-88.62482,"L43244","111860837"
"36-384",46.14471,-88.65232,"L44906","111860863"
"36-390",46.13915,-88.68482,"L45823","111860929"
"36-4",45.96402,-88.24468,"L46574","120008460"
"36-403",46.1568,-88.74877,"L45321","111860881"
"36-405",46.14876,-88.75539,NA,NA
"36-407",46.14998,-88.82926,"L45078","111860897"
"36-408",46.14248,-88.8251,"L45537","111860961"
"36-410",46.12026,-88.8026,"L46289","111861061"
"36-411",46.11804,-88.81093,"L43828","111861069"
"36-412",46.12498,-88.83343,"L45367","111861031"
"36-414",46.10248,-88.84204,"L44941","111861183"
"36-415",46.10193,-88.78926,"L45176","111861165"
"36-416",46.10415,-88.75343,"L44347","111861113"
"36-417",46.0861,-88.76204,"L45846","111861257"
"36-422",46.08582,-88.85871,"L44843","111861249"
"36-424",46.09943,-88.86204,"L44937","111861199"
"36-440",46.1361,-88.98315,"L45748","111861045"
"36-445",46.12015,-88.9184,"L43602","70330417"
"36-447",46.11804,-88.92593,"L44056","70330485"
"36-451",46.12498,-88.9826,"L45632","{13840EA4-69BB-4AAE-817E-0F9859ED1568}"
"36-452",46.11526,-88.95232,"L46426","111861135"
"36-456",46.09554,-88.94176,"L44271","70330495"
"36-457",46.11387,-88.9426,"L44739","111861139"
"36-463",46.09748,-88.90871,"L44095","111861213"
"36-464",46.09943,-88.93149,"L44586","{24988455-ED07-405B-B60C-B973922DDF8E}"
"36-466",46.08332,-88.92788,"L46050","111861263"
"36-472",46.2411,-88.14899,"L45364","110736127"
"36-486",46.22819,-88.17954,NA,NA
"36-490",46.21971,-88.11843,"L44150","110736213"
"36-497",46.20999,-88.15371,"L44033","110736531"
"36-498",46.21387,-88.15927,"L43604","110736243"
"36-5",45.96137,-88.13926,"L43210","75472831"
"36-512",46.20055,-88.22645,"L45110","110736333"
"36-533",46.19116,-88.16132,NA,NA
"36-548",46.17317,-88.13937,"L43150","110736463"
"36-553",46.1736,-88.15065,"L44911","110736461"
"36-556",46.18637,-88.1601,"L43138","110736427"
"36-599",46.17137,-88.15899,"L43408","110736469"
"36-612",46.23055,-88.30384,"L45708","110736215"
"36-621",46.21614,-88.24615,NA,NA
"36-622",46.21847,-88.2526,"L45568","110736249"
"36-624",46.19776,-88.24704,"L44033","110736531"
"36-628",46.21304,-88.31288,"L43310","110736305"
"36-630",46.20554,-88.33065,"L45727","110736311"
"36-633",46.19276,-88.33649,"L43663","110736421"
"36-636",46.18471,-88.24732,"L44191","110736457"
"36-651",46.16443,-88.3276,"L45718","111860751"
"36-654",46.16971,-88.28621,"L46101","110736497"
"36-660",46.16077,-88.25011,"L46264","110736517"
"36-661",46.16646,-88.25094,"L43373","110736495"
"36-666",46.23415,-88.39593,"L43305","{3BD78EF1-ECB7-4C6E-B444-6EEBE231A206}"
"36-674",46.23554,-88.46704,"L44312","111860573"
"36-680",46.20165,-88.4226,"L45406","111860649"
"36-686",46.19276,-88.46927,"L45648","111860699"
"36-690",46.19971,-88.44315,"L44581","111860663"
"36-696",46.17332,-88.41343,"L43697","111860721"
"36-703",46.17415,-88.43899,"L44888","111860731"
"36-704",46.17387,-88.45288,"L43622","111860737"
"36-71",45.9986,-88.13426,"L43860","110736731"
"36-717",46.19635,-88.496889,"L43249","111860683"
"36-74",45.996314,-88.121366,"L45791","75472741"
"36-747",46.22501,-88.8437,"L33746","111860659"
"36-76",46.0586,-88.26676,NA,NA
"36-760",46.17915,-88.75899,"L45813","111860781"
"36-768",46.24739,-88.98586,"L45675","123397067"
"36-77",46.02138,-88.25863,"L48241","120007813"
"36-771",46.20137,-88.90704,"L46259","111860707"
"36-773",46.19059,-88.98308,"L45026","111860789"
"36-774",46.1861,-88.86676,"L43667","111860785"
"36-777",46.17554,-88.88676,"L43896","111860797"
"36-78",46.06999,-88.3301,"L45206","111861201"
"36-790",46.31909,-88.16761,"L45416","110735629"
"36-8",45.95776,-88.13454,"L44715","75472839"
"36-806",46.29554,-88.13232,"L45880","110735745"
"36-808",46.2961,-88.16454,"L45409","110735757"
"36-811",46.29721,-88.17815,"L43375","110735759"
"36-812",46.29137,-88.19232,"L43448","110735801"
"36-818",46.29504,-88.23896,"L45907","110735799"
"36-821",46.2832,-88.13749,"L46375","110735827"
"36-824",46.28637,-88.11843,"L44803","110735787"
"36-826",46.26871,-88.1188,"L43616","110735909"
"36-839",46.25471,-88.20177,"L45311","110736055"
"36-849",46.3261,-88.32649,"L44533","110735625"
"36-85",46.04554,-88.29149,"L43606","111861291"
"36-866",46.30026,-88.25399,"L43748","110735751"
"36-867",46.30165,-88.3351,"L44134","110735779"
"36-877",46.27565,-88.34038,NA,NA
"36-887",46.25332,-88.34593,"L46197","110736115"
"36-9",45.95387,-88.14732,"L44874","75472849"
"36-923",46.30082,-88.4576,"L44127","111860255"
"36-943",46.25054,-88.3876,"L44663","{7CBAFB57-6321-4DC7-8577-BC8CC3C7F7BB}"
"36-95",46.03483,-88.28729,"L43644","111861331"
"36-952",46.32999,-88.57732,"L43868","111860033"
"36-96",46.03332,-88.29454,"L45007","111861313"
"36-977",46.26908,-88.5873,NA,NA
"36-993",46.26304,-88.57927,"L43839","{7AEA2C5B-86C6-40AF-B623-497FCAC3CB69}"
"37-102",43.71777,-84.93593,"L7157","150436751"
"37-105",43.69195,-84.96373,"L1933","150436772"
"37-107",43.69166,-84.94871,"L2455","150436774"
"37-109",43.6611,-84.95593,"L6453","150436783"
"37-110",43.69749,-85.08009,"L18366","150436761"
"37-111",43.70027,-85.08287,"L48206","150436756"
"37-112",43.70193,-85.08676,"L21810","150436756"
"37-113",43.69138,-84.98648,"L13711","150436775"
"37-114",43.68172,-85.00553,NA,NA
"37-117",43.80082,-84.83843,"L3035","149759386"
"37-120",43.76277,-84.82121,"L9963","150436718"
"37-121",43.76138,-84.84732,"L7524","150436717"
"37-122",43.75638,-84.79871,"L3905","150436723"
"37-129",43.80249,-84.87204,"L872","149759381"
"37-135",43.78416,-84.85704,"L2902","150436698"
"37-139",43.77249,-84.94509,"L5722","150436711"
"37-141",43.77749,-84.95565,"L5722","150436711"
"37-142",43.77527,-84.95871,"L5722","150436711"
"37-146",43.7661,-84.93954,"L5462","150436714"
"37-147",43.76471,-84.94204,"L5719","150436715"
"37-150",43.75332,-84.91621,"L5830","150436725"
"37-153",43.73304,-84.86315,"L13168","150436741"
"37-162",43.80749,-85.00898,"L332","150436672"
"37-177",43.74721,-85.00009,"L8193","150436729"
"37-178",43.79589,-84.71495,NA,NA
"37-179",43.65354,-84.99563,"L1149","150436795"
"37-180",43.62393,-84.73212,"L7120","150436798"
"37-181",43.62403,-84.73096,"L701","150436797"
"37-182",43.61616,-84.74597,"L3572","150436808"
"37-183",43.61715,-84.73428,"L5218","150436804"
"37-184",43.61676,-84.72934,"L599","150436805"
"37-185",43.71863,-84.99774,"L452","150436745"
"37-186",43.5844,-84.61014,"L10620","150436822"
"37-187",43.47796,-85.0356,"L12048","150436882"
"37-188",43.78726,-84.81993,"L6843","149759394"
"37-189",43.72435,-85.00107,"L986","150436746"
"37-190",43.58465,-84.94234,"L7732","150436830"
"37-191",43.79921,-84.71945,"L880","149759385"
"37-192",43.804,-84.72232,"L13718","149759376"
"37-193",43.80118,-84.71984,"L6584","149759380"
"37-194",43.69416,-84.9726,"L2789","150436770"
"37-195",43.69284,-84.96974,"L10537","150436771"
"37-196",43.62325,-84.62261,"L11445","150436796"
"37-197",43.77605,-84.87582,"L10334","150436706"
"37-198",43.53226,-84.67341,"L3205","150436866"
"37-199",43.53295,-84.67116,"L1656","150436865"
"37-200",43.69198,-84.90832,"L7325","150436773"
"37-201",43.58458,-85.07535,"L18571","150436831"
"37-41",43.48638,-84.76926,"L10195","150436880"
"37-42",43.47246,-84.82264,"L13595","150436886"
"37-43",43.4686,-84.81676,"L1784","150436887"
"37-44",43.4736,-84.77176,"L12643","150436885"
"37-45",43.4761,-84.75982,"L13076","150436883"
"37-49",43.5536,-84.86426,"L11416","150436851"
"37-54",43.53483,-84.94612,NA,NA
"37-67",43.52332,-85.07509,"L5927","150436870"
"37-68",43.50777,-85.05454,"L9754","150436877"
"37-79",43.55554,-84.84676,"L4552","150436849"
"37-87",43.55888,-84.97009,"L7267","150436846"
"37-90",43.55777,-84.91009,"L12","150436847"
"37-94",43.60138,-85.06954,"L21723","150436818"
"37-95",43.59804,-85.07065,"L15899","150436819"
"37-98",43.58082,-85.06648,"L2562","150436834"
"37-99",43.58592,-84.97133,NA,NA
"38-10",42.3814,-84.24655,NA,NA
"38-11",42.37832,-84.24204,NA,NA
"38-111",42.32204,-84.21294,"L3652","152094852"
"38-115",42.31774,-84.226,"L6080","152094859"
"38-118",42.31054,-84.15565,"L3339","152094865"
"38-119",42.3136,-84.14426,"L11706","152094858"
"38-120",42.3011,-84.1312,"L1592","152094874"
"38-126",42.30138,-84.25009,"L6400","152094873"
"38-127",42.28249,-84.25287,"L7924","152094886"
"38-128",42.28832,-84.2137,"L3754","152094883"
"38-129",42.28138,-84.21843,"L14047","152094887"
"38-133",42.2736,-84.19009,"L8522","152094897"
"38-134",42.2611,-84.21704,"L1478","152094902"
"38-135",42.27308,-84.24061,"L4271","152094901"
"38-137",42.249657,-84.219792,"L49042",NA
"38-141",42.32638,-84.28343,"L640","152094847"
"38-144",42.32388,-84.29398,"L9050","152094848"
"38-146",42.31999,-84.30954,"L4444","152094857"
"38-150",42.29943,-84.30148,"L14162","152094877"
"38-152",42.37138,-84.39648,"L5560","152094788"
"38-154",42.29416,-84.35287,"L6566","152094881"
"38-156",42.29027,-84.3462,"L1378","152094884"
"38-158",42.2786,-84.32259,"L750","152094892"
"38-159",42.28721,-84.29898,"L2860","152094882"
"38-161",42.2661,-84.31231,"L1082","152094908"
"38-20",42.35412,-84.1401,"L173","152094809"
"38-21",42.3528,-84.13433,"L10149","152094811"
"38-22",42.35729,-84.22058,NA,NA
"38-23",42.35221,-84.22037,"L9813","152094815"
"38-233",42.32421,-84.51626,"L1271","152094855"
"38-234",42.32743,-84.5134,"L5858","152094849"
"38-240",42.33231,-84.60251,"L1267","152094843"
"38-25",42.33832,-84.23481,"L4518","152094826"
"38-26",42.34407,-84.22199,"L9813","152094815"
"38-265",42.32569,-84.60705,"L6987","152094853"
"38-268",42.32107,-84.61186,"L3873","152094860"
"38-27",42.34866,-84.22648,"L9813","152094815"
"38-30",42.34193,-84.16037,"L2115","152094825"
"38-310",42.24314,-84.23962,"L5050","152094926"
"38-316",42.21451,-84.24209,"L979","152094956"
"38-317",42.19495,-84.26051,"L13687","152094989"
"38-318",42.19221,-84.22593,"L48359","152094989"
"38-32",42.33221,-84.14759,"L9496","152094828"
"38-323",42.17888,-84.14926,"L4190","151873792"
"38-324",42.17423,-84.15212,"L870","151873795"
"38-325",42.18777,-84.15759,"L2384","151873789"
"38-327",42.18749,-84.16898,"L5098","151873788"
"38-33",42.33918,-84.13998,"L1297","152094827"
"38-330",42.18711,-84.21619,"L4266","152094990"
"38-333",42.16659,-84.20478,"L11734","151873813"
"38-336",42.16249,-84.16648,"L6425","151873807"
"38-34",42.3936,-84.3487,"L10164","152094769"
"38-346",42.21999,-84.32787,"L10292","152094950"
"38-348",42.2281,-84.32525,"L5819","152094959"
"38-349",42.20693,-84.28676,"L11209","152094961"
"38-35",42.3986,-84.3237,"L1492","152094763"
"38-352",42.18666,-84.34926,"L10165","152094988"
"38-353",42.20169,-84.34715,NA,NA
"38-354",42.19082,-84.3362,"L2886","152094987"
"38-357",42.19887,-84.29064,"L5819","152094959"
"38-359",42.19304,-84.26926,"L8835","152094981"
"38-360",42.19388,-84.27926,"L48358","152094984"
"38-361",42.19582,-84.28259,"L11157","152094984"
"38-362",42.17638,-84.33079,"L48357","152095002"
"38-363",42.17749,-84.33704,"L3872","152095002"
"38-367",42.17277,-84.36065,"L10700","152095007"
"38-368",42.15554,-84.28315,"L4955","151873839"
"38-369",42.228738,-84.428829,"L12989","152094938"
"38-37",42.38166,-84.33287,"L6178","152094777"
"38-381",42.20443,-84.39593,"L5792","152094969"
"38-385",42.19693,-84.45593,"L9608","152094980"
"38-388",42.18999,-84.42981,"L3654","152094992"
"38-39",42.37359,-84.33466,"L3219","152094785"
"38-391",42.20277,-84.4412,"L10887","152094974"
"38-395",42.19388,-84.40981,"L5768","152094985"
"38-396",42.19054,-84.4037,"L14012","152094993"
"38-397",42.18777,-84.41954,"L826","152094996"
"38-398",42.19403,-84.41975,"L1651","152094986"
"38-399",42.17082,-84.37231,"L11711","152095009"
"38-4",42.41471,-84.17231,NA,NA
"38-40",42.3731,-84.3373,"L6306","152094786"
"38-402",42.1811,-84.4387,"L13593","152095001"
"38-42",42.3586,-84.3462,"L3621","152094806"
"38-422",42.20471,-84.50537,"L6177","152094970"
"38-423",42.20752,-84.51022,"L3948","152094964"
"38-424",42.1916,-84.54726,"L2418","152094991"
"38-425",42.18777,-84.54843,"L10045","152094998"
"38-43",42.35138,-84.36426,NA,NA
"38-432",42.16071,-84.56407,"L7642","152518584"
"38-44",42.39958,-84.48156,NA,NA
"38-45",42.4011,-84.45926,NA,NA
"38-450",42.1803,-84.63581,"L8179","152518563"
"38-454",42.18357,-84.61573,"L751","152518554"
"38-457",42.18093,-84.64447,"L8179","152518563"
"38-46",42.38499,-84.37926,"L5966","152094775"
"38-470",42.16624,-84.63502,"L13157","152518576"
"38-474",42.15711,-84.18703,"L11962","151873822"
"38-477",42.1236,-84.13593,"L6942","151873842"
"38-479",42.12527,-84.17565,"L1323","151873855"
"38-48",42.38494,-84.38412,"L1964","152094774"
"38-480",42.12298,-84.1845,"L7903","151873856"
"38-489",42.11259,-84.17075,"L3709","151873868"
"38-494",42.08638,-84.14926,"L13987","151873929"
"38-496",42.09949,-84.15662,"L5842","151873896"
"38-497",42.09542,-84.158,"L944","151873908"
"38-503",42.08249,-84.20981,"L12164","151873916"
"38-508",42.07277,-84.22537,"L1761","151873964"
"38-514",42.07296,-84.1345,"L13550","{891BE9E5-DA0A-45AB-BB45-5F0FC63A39C7}"
"38-516",42.14445,-84.34015,"L11691","152095037"
"38-517",42.13721,-84.29231,"L4150","151873853"
"38-518",42.12054,-84.32648,"L12208","151873883"
"38-519",42.09277,-84.3012,"L4185","151873943"
"38-52",42.36749,-84.38343,"L9913","152094793"
"38-550",42.11943,-84.40426,"L11920","152095066"
"38-559",42.11304,-84.4437,"L5073","152095069"
"38-560",42.11277,-84.45787,"L3753","152095068"
"38-566",42.09466,-84.4363,"L4411","152095076"
"38-567",42.09803,-84.44117,"L8955","152095074"
"38-568",42.08832,-84.47259,"L6581","152518646"
"38-571",42.08416,-84.42176,"L13694","152095082"
"38-573",42.07749,-84.42231,"L5899","152095084"
"38-575",42.07881,-84.3954,"L2074","152095086"
"38-597",42.10999,-84.56287,"L3752","152518629"
"38-598",42.10277,-84.56176,"L2522","152518632"
"38-600",42.09166,-84.48509,"L10820","{0A3A0C9E-2BF9-46E9-A119-A1E840D23323}"
"38-601",42.08388,-84.48537,"L6008","152518642"
"38-602",42.08721,-84.49037,"L12605","{0F0E0A7D-DA8E-4086-8D99-0473C9A0DDA1}"
"38-605",42.08888,-84.56731,"L5747","152518649"
"38-607",42.08416,-84.49898,"L1979","152518653"
"38-608",42.07354,-84.50725,"L3198","152518660"
"38-612",42.15237,-84.65006,"L13476","152518589"
"38-613",42.14955,-84.66097,"L3004","152518596"
"38-618",42.13596,-84.67427,"L2082","152518605"
"38-619",42.13144,-84.68488,"L10588","152518610"
"38-621",42.12193,-84.63343,"L5477","152518617"
"38-625",42.11877,-84.68422,"L6555","152518623"
"38-637",42.07666,-84.6812,"L12479","152518659"
"38-638",42.19431,-84.34295,"L4279","152094979"
"38-639",42.33433,-84.1977,"L6807","152094832"
"38-640",42.32554,-84.17487,"L8376","152094842"
"38-641",42.12412,-84.1401,"L6851","151873848"
"38-642",42.14418,-84.20704,"L10944","151873832"
"38-643",42.10658,-84.23574,"L4074","151873893"
"38-644",42.11021,-84.27075,"L3307","151873895"
"38-645",42.23589,-84.24309,"L10477","152094930"
"38-646",42.23683,-84.23865,"L10466","152094928"
"38-647",42.23368,-84.51058,"L496","152094937"
"38-648",42.31818,-84.23491,"L2063","152094856"
"38-649",42.13615,-84.49272,"L13575","152518604"
"38-650",42.28065,-84.14819,"L4760","152094888"
"38-651",42.12394,-84.41911,"L12480","152095062"
"38-652",42.22813,-84.34316,"L7617","152094940"
"38-653",42.22564,-84.34454,"L9017","152094943"
"38-654",42.22506,-84.34348,"L3188","152094947"
"38-655",42.22483,-84.34201,"L3188","152094947"
"38-656",42.22669,-84.34075,"L8833","152094942"
"38-657",42.16062,-84.17836,"L11007","151873819"
"38-658",42.29943,-84.39862,"L48305",NA
"38-659",42.3553,-84.21826,"L9813","152094815"
"38-7",42.3911,-84.14204,"L13773","152094770"
"38-75",42.35717,-84.54133,"L7098","152094812"
"38-8",42.38499,-84.17259,"L6434","152094771"
"38-86",42.36281,-84.59237,"L12156","152094804"
"38-9",42.38145,-84.22217,"L9910","152094773"
"38-91",42.33421,-84.55298,"L48304",NA
"38-93",42.40777,-84.61731,"L7070","152094762"
"38-94",42.40693,-84.63065,"L4655","152094764"
"38-95",42.41471,-84.6762,"L10255","152094760"
"38-96",42.41304,-84.70676,"L4972","152094761"
"38-97",42.37943,-84.6412,"L10892","152094783"
"39-1",42.4061,-85.31343,"L20070","152517988"
"39-102",42.38614,-85.46031,"L26341","152518073"
"39-107",42.36221,-85.48934,"L27762","152518147"
"39-111",42.36457,-85.41794,"L23688","152518143"
"39-113",42.35413,-85.42827,"L23536","152518173"
"39-114",42.35249,-85.4312,"L24739","152518177"
"39-115",42.34848,-85.44037,"L24044","152518189"
"39-116",42.3592,-85.48167,"L29682","152518154"
"39-120",42.3511,-85.50315,"L23932","152518180"
"39-121",42.34388,-85.51148,"L23217","152518197"
"39-129",42.40749,-85.7337,"L23064","152517994"
"39-13",42.37836,-85.40261,"L16773","152517995"
"39-130",42.39443,-85.71287,"L29854","152518056"
"39-131",42.39221,-85.71731,"L24962","152518057"
"39-132",42.39832,-85.7187,"L26998","152518030"
"39-133",42.36837,-85.69046,"L23710","152518131"
"39-134",42.36756,-85.69356,"L25044","152518138"
"39-14",42.39749,-85.38537,"L18992","152518020"
"39-145",42.32582,-85.32093,"L22314","152518259"
"39-154",42.30999,-85.35731,"L20291","152518303"
"39-156",42.30888,-85.35231,"L48433","152518303"
"39-159",42.3105,-85.34457,"L49005",NA
"39-164",42.29471,-85.30565,"L20009","152518355"
"39-168",42.34027,-85.65648,"L23785","152518229"
"39-171",42.27388,-85.32926,"L16297","155635771"
"39-172",42.27388,-85.33481,"L48432","155635771"
"39-175",42.25696,-85.35568,"L15128","155635774"
"39-189",42.24943,-85.34815,"L20856","155635783"
"39-190",42.24499,-85.35259,"L22384","155635789"
"39-191",42.3236,-85.46676,"L24932","152518264"
"39-192",42.32832,-85.52981,"L31027","152518247"
"39-193",42.31425,-85.49194,"L31917","152518300"
"39-194",42.30587,-85.49707,"L26549","152518329"
"39-195",42.30749,-85.5112,"L29486","152518321"
"39-199",42.24445,-84.26629,"L5515","152094921"
"39-20",42.4044,-85.33621,"L15586","152517999"
"39-200",42.28237,-85.49077,"L28773","152518388"
"39-202",42.32107,-85.54613,"L30557","152518274"
"39-206",42.31399,-85.55786,"L29348","152518287"
"39-210",42.26804,-85.57676,NA,NA
"39-211",42.2636,-85.60565,"L31551","152518416"
"39-212",42.26165,-85.61593,"L25153","152518421"
"39-214",42.26744,-85.64056,"L28191","152518408"
"39-215",42.24665,-85.63287,"L31840","152518453"
"39-218",42.25082,-85.60648,"L31769","152518439"
"39-219",42.25499,-85.57426,"L26336","152518431"
"39-223",42.28943,-85.71148,"L25191","152518367"
"39-224",42.2936,-85.74343,"L30491","155635778"
"39-225",42.28415,-85.73898,"L23834","155635781"
"39-227",42.26981,-85.6941,"L28324","152518404"
"39-228",42.26133,-85.72976,NA,NA
"39-232",42.21999,-85.37231,"L25681","155635829"
"39-234",42.22813,-85.3629,"L14855","155635810"
"39-241",42.2286,-85.4937,"L23181","152518495"
"39-244",42.19499,-85.5237,"L31047","155635904"
"39-246",42.1736,-85.4487,"L25364","155635948"
"39-247",42.16915,-85.48787,"L31487","155635963"
"39-249",42.15277,-85.48426,"L26145","155635994"
"39-257",42.1911,-85.63204,"L24180","152518556"
"39-26",42.37721,-85.34481,"L15231","152518089"
"39-262",42.18638,-85.57398,"L29733","155635952"
"39-263",42.1736,-85.55204,"L25949","155635938"
"39-267",42.15804,-85.6287,"L30835","155636040"
"39-268",42.15499,-85.63759,"L30552","155636079"
"39-270",42.15804,-85.57898,"L24292","155636056"
"39-271",42.23277,-85.65731,"L31549","152518484"
"39-275",42.2186,-85.72009,"L28760","152518514"
"39-286",42.21592,-85.6881,"L27468","152518524"
"39-287",42.21332,-85.68204,"L24337","152518525"
"39-290",42.20582,-85.70176,"L28434","152518531"
"39-293",42.20214,-85.72997,"L28978","152518533"
"39-299",42.1936,-85.72926,"L25749","152518552"
"39-303",42.19915,-85.71954,"L24974","152518548"
"39-306",42.17668,-85.6587,"L27242","152518568"
"39-31",42.36332,-85.40176,"L31961","152518146"
"39-311",42.16475,-85.70458,"L29354","155636030"
"39-312",42.15999,-85.74981,"L28122","155636084"
"39-315",42.16789,-85.73649,"L31946","944a2089-4a86-42d2-b5b3-8bbb427e26ff"
"39-316",42.1572,-85.69606,"L23507","155636106"
"39-318",42.12693,-85.53509,"L31029","155636100"
"39-319",42.13277,-85.5062,"L30058","155636113"
"39-32",42.3611,-85.41065,"L28469","152518149"
"39-321",42.12304,-85.50731,"L24856","155636143"
"39-322",42.10582,-85.51065,"L31467","155636182"
"39-324",42.09193,-85.5162,"L28428","155636236"
"39-328",42.1486,-85.58787,"L26293","155636076"
"39-332",42.10607,-85.64063,"L25362","ec30ef76-22bc-4aef-bf26-252f269f7510"
"39-335",42.09804,-85.56398,"L25805","155636245"
"39-336",42.09193,-85.53926,"L26631","155636263"
"39-337",42.08804,-85.57537,"L28914","155636266"
"39-340",42.08082,-85.58981,"L24295","155636286"
"39-342",42.07138,-85.58176,"L26857","155636360"
"39-343",42.14437,-85.67534,"L23507","155636106"
"39-348",42.13176,-85.65609,NA,NA
"39-357",42.21791,-85.68512,"L24769","152518516"
"39-358",42.35513,-85.38,"L23174","152518155"
"39-359",42.20569,-85.54959,"L29428","155635878"
"39-360",42.31357,-85.34665,"L17381","152518299"
"39-361",42.23157,-85.40714,"L28549","155635806"
"39-362",42.15615,-85.61827,"L24983","155636083"
"39-363",42.08283,-85.68552,"L24788","155636331"
"39-364",42.29916,-85.52993,"L31906","152518356"
"39-365",42.38187,-85.42891,"L23129","152518082"
"39-367",42.34382,-85.65658,"L24124","152518199"
"39-369",42.337,-85.65358,"L23785","152518229"
"39-370",42.3525,-85.50158,NA,NA
"39-371",42.35128,-85.50277,"L23932","152518180"
"39-372",42.35193,-85.50222,"L26240","152518179"
"39-373",42.25905,-85.34702,"L15128","155635774"
"39-43",42.36098,-85.34333,NA,NA
"39-62",42.35027,-85.38926,"L23253","152518175"
"39-63",42.36002,-85.3929,"L27817","152518150"
"39-66",42.33631,-85.40264,"L23499","152518200"
"39-70",42.3361,-85.37815,"L24205","152518224"
"39-89",42.40947,-85.4853,"L24698","152517980"
"39-9",42.40804,-85.38176,"L22972","152517976"
"39-93",42.40332,-85.43398,"L16224","152518005"
"39-94",42.39527,-85.43565,"L28055","152518034"
"39-95",42.39485,-85.42874,"L21746","152518038"
"39-96",42.39274,-85.43171,"L17265","152518051"
"4-1",44.93777,-83.79899,"L12004","113471071"
"4-10",44.98714,-83.46471,"L8554","122383219"
"4-12",45.06388,-83.76399,"L8983","113470563"
"4-13",45.03629,-83.8128,"L5109","113470675"
"4-14",45.11277,-83.64343,"L996","113470325"
"4-15",45.10243,-83.52047,"L8769","113470293"
"4-16",45.09305,-83.50301,"L48164","113470293"
"4-18",45.06916,-83.54093,"L7401","122383172"
"4-19",45.07193,-83.52843,"L1337","122383166"
"4-2",44.89888,-83.8926,"L8323","113471169"
"4-20",45.07278,-83.43755,"L5423","113470389"
"4-23",45.04443,-83.48343,"L9506","122383185"
"4-24",45.12888,-83.3376,"L1509","122383120"
"4-25",45.09329,-83.34228,"L2357","122383148"
"4-26",45.09554,-83.32625,"L1494","122383147"
"4-28",45.07499,-83.35899,"L12728","122383158"
"4-29",45.0686,-83.34704,"L6743","122383156"
"4-30",45.0637,-83.36466,"L12845","122383164"
"4-35",45.03967,-83.3026,"L10019","122383175"
"4-38",45.19638,-83.51204,"L3386","122383081"
"4-39",45.20276,-83.53848,"L6643","122383073"
"4-4",44.98277,-83.84287,"L1678","113471001"
"4-40",45.17527,-83.58815,"L3124","113470075"
"4-41",45.17416,-83.59426,"L7049","113470081"
"4-42",45.16547,-83.43694,"L10484","122383070"
"4-44",45.17499,-83.38788,"L8331","122383092"
"4-45",45.15971,-83.41538,"L456","122383108"
"4-48",45.14047,-83.35169,"L12770","122383118"
"4-49",44.94735,-83.73628,"L882","113470989"
"4-50",45.06395,-83.36471,"L12845","122383164"
"4-51",45.08424,-83.41597,"L11374","122383153"
"4-52",45.06268,-83.36223,NA,NA
"4-8",44.97999,-83.48982,"L2222","122383239"
"40-102",44.72916,-84.92593,"L8827","60087902"
"40-103",44.73499,-84.92343,"L5318","60087890"
"40-104",44.72916,-84.94399,"L647","60087894"
"40-105",44.73416,-84.95482,"L3170","60087898"
"40-106",44.71888,-84.95371,"L12344","60087932"
"40-108",44.72465,-84.91867,"L12985","60087910"
"40-109",44.72017,-84.91868,"L5302","60087928"
"40-11",44.58749,-85.23093,"L48354",NA
"40-110",44.72082,-84.92482,"L7927","60087926"
"40-112",44.69221,-84.95093,"L5067","60087956"
"40-116",44.7561,-85.00426,"L4960","60087852"
"40-117",44.78249,-85.02065,"L9923","60087814"
"40-123",44.76388,-85.03621,"L10265","60087848"
"40-127",44.76471,-85.06093,"L6656","155417521"
"40-133",44.75166,-85.0151,"L7586","120020856"
"40-137",44.7536,-85.02287,"L7489","60087866"
"40-14",44.58811,-85.3027,"L18101","60088340"
"40-145",44.7286,-85.07899,"L7826","155417553"
"40-145.2",44.69021,-85.0079,"L843","60087962"
"40-15",44.58764,-85.30533,"L20441","60088342"
"40-156",44.75719,-85.16474,"L10140","155417532"
"40-158",44.74638,-85.15843,"L12795","155417542"
"40-16",44.57193,-85.29871,"L17498","60088364"
"40-160",44.74554,-85.14343,"L5174","155417543"
"40-161",44.74971,-85.14649,"L1495","155417541"
"40-162",44.73999,-85.10343,"L14158","155417546"
"40-163",44.74043,-85.12111,"L1482","155417544"
"40-164",44.73638,-85.12287,"L10801","155417549"
"40-165",44.73054,-85.12704,"L3741","155417556"
"40-167",44.72888,-85.14176,"L6926","155417558"
"40-168",44.72723,-85.1737,"L510","155417568"
"40-169",44.72777,-85.11815,"L13237","155417563"
"40-171",44.76388,-85.22399,"L16241","155417525"
"40-174",44.76499,-85.32704,"L14622","155417524"
"40-175",44.75489,-85.32042,"L18665","155417535"
"40-18",44.57193,-85.23232,"L13780","60088366"
"40-182",44.73971,-85.22121,"L16466","155417545"
"40-186",44.73054,-85.24037,"L8030","155417559"
"40-187",44.7261,-85.29149,"L3855","155417567"
"40-188",44.7236,-85.31399,"L14481","155417576"
"40-189",44.71404,-85.31835,"L21688","155417590"
"40-19",44.56804,-85.2276,"L1474","60088368"
"40-192",44.7111,-85.32704,"L20199","155417594"
"40-193",44.72003,-85.32225,"L18594","155417582"
"40-194",44.71972,-85.3243,"L15340","155417583"
"40-195",44.72018,-85.32672,"L20562","155417581"
"40-199",44.71082,-85.31954,"L19803","155417598"
"40-20",44.56693,-85.2201,"L1942","60088376"
"40-200",44.70757,-85.31458,"L14439","155417602"
"40-203",44.85036,-84.90764,"L9929","60087648"
"40-206",44.84777,-84.91093,"L4421","60087660"
"40-207",44.84666,-84.94787,"L4293","60087664"
"40-209",44.83582,-84.94621,"L579","60087692"
"40-21",44.55721,-85.24093,"L10928","60088418"
"40-211",44.83999,-84.93815,"L1040","60087685"
"40-212",44.83916,-84.94176,"L2962","60087688"
"40-214",44.83666,-84.90371,"L13465","60087682"
"40-216",44.81666,-84.89649,"L7605","60087712"
"40-22",44.55693,-85.27093,"L9676","60088424"
"40-223",44.81693,-84.9701,"L5770","60087724"
"40-224",44.82193,-84.96482,"L14160","60087704"
"40-236",44.80769,-84.93051,"L5980","60087734"
"40-237",44.79916,-84.9326,"L3650","60087758"
"40-240",44.80527,-84.91732,"L11724","60087740"
"40-244",44.80211,-84.88414,"L1973","60087736"
"40-247",44.8011,-84.89426,"L5427","60087748"
"40-252",44.80777,-84.89343,"L4850","120020854"
"40-260",44.79502,-84.88982,NA,NA
"40-261",44.79473,-84.90964,"L7203","60087772"
"40-265",44.79228,-84.93781,"L2978","60087782"
"40-27",44.68082,-84.96732,"L4640","60087988"
"40-278",44.8286,-84.99149,"L1841","60087708"
"40-279",44.82666,-84.97732,"L2976","60087701"
"40-283",44.81817,-85.07781,"L1404","155417496"
"40-284",44.81953,-85.08496,NA,NA
"40-290",44.80761,-85.07324,"L8936","155417503"
"40-291",44.8086,-85.07649,"L11255","155417502"
"40-292",44.81166,-85.08704,"L12602","155417501"
"40-295",44.80027,-84.97732,"L5979","60087756"
"40-302",44.79888,-85.07815,"L958","155417507"
"40-304",44.78554,-85.03204,"L4852","60087802"
"40-307",44.81471,-85.09343,"L646","155417498"
"40-310",44.79082,-85.09621,"L4043","155417516"
"40-311",44.79221,-85.10399,"L13760","155417508"
"40-319",44.78352,-85.19941,"L15802","155417519"
"40-326",44.5928,-85.10271,"L10260","60088282"
"40-327",44.76122,-84.86055,"L12256","60087808"
"40-328",44.61133,-85.09279,"L8519","60088242"
"40-329",44.59952,-85.08923,"L10057","60088270"
"40-34.1",44.61804,-84.87121,"L961","60088106"
"40-38",44.68082,-85.04482,"L2731","60088012"
"40-46",44.62084,-85.0589,"L4855","60088168"
"40-47",44.67527,-85.2076,"L11598","155417640"
"40-48",44.65693,-85.20399,"L13250","155417653"
"40-54",44.6311,-85.20371,"L3196","155417662"
"40-56",44.62434,-85.17434,"L10936","60088204"
"40-57",44.62971,-85.17343,"L13339","60088176"
"40-61",44.63665,-85.15621,"L9575","60088122"
"40-64",44.62081,-85.15563,"L10698","60088210"
"40-65",44.6211,-85.16954,"L5654","60088208"
"40-78",44.66693,-85.22371,"L4755","155417648"
"40-89",44.63854,-85.28285,"L2514","155417659"
"40-93",44.61471,-85.23482,"L9576","155417665"
"40-96",44.75943,-84.95399,"L3645","60087834"
"41-10",42.83027,-85.39343,"L17790","157067735"
"41-104",42.86888,-85.40898,"L22222","157067681"
"41-109",42.86527,-85.39398,"L21447","157067689"
"41-112",42.86693,-85.40204,"L19819","157067690"
"41-119.1",42.94975,-85.48545,"L48382",NA
"41-12",42.83693,-85.40287,"L21250","157067724"
"41-121",42.92971,-85.50954,"L17981","157067646"
"41-125",42.92888,-85.52565,"L19241","157067648"
"41-128",42.92554,-85.52926,"L21415","157067650"
"41-133",42.89999,-85.45565,"L21207","157067662"
"41-134",42.9088,-85.50015,"L48381",NA
"41-15",42.83638,-85.35954,"L16742","157067725"
"41-169",42.887414,-85.769603,"L24741","152708022"
"41-176",43.03999,-85.37954,"L14933","152707734"
"41-180",42.97888,-85.41704,"L19945","152707822"
"41-181",42.96923,-85.33494,NA,NA
"41-181.1",42.94474,-85.34343,NA,NA
"41-182",42.96832,-85.40454,"L21684","152707863"
"41-184",42.96616,-85.41309,"L20535","152707864"
"41-185",43.01471,-85.46565,"L14806","152707759"
"41-187",43.0086,-85.45093,"L22697","152707770"
"41-188",43.01041,-85.46714,"L20798","152707768"
"41-20",42.81249,-85.31732,"L15786","157067741"
"41-200",43.01558,-85.57501,"L19642","152707757"
"41-205",43.02221,-85.60732,"L17773","152707740"
"41-209",43.02971,-85.60954,"L21744","152707720"
"41-214",43.02082,-85.62176,"L18426","152707744"
"41-215",43.02082,-85.62926,"L17938","152707743"
"41-220",43.02193,-85.63982,"L21528","152707742"
"41-221",42.97482,-85.67446,NA,NA
"41-223",43.01863,-85.65939,"L20332","152707754"
"41-23",42.8136,-85.38898,"L21615","157067742"
"41-233",43.00527,-85.60787,"L17785","152707775"
"41-238",43.00527,-85.58065,"L15292","152707780"
"41-247",42.97193,-85.58343,"L18027","152707848"
"41-25",42.8186,-85.39037,"L16261","157067738"
"41-252",42.96304,-85.56676,"L17248","152707877"
"41-254",42.96499,-85.59454,"L17353","152707869"
"41-255",42.96527,-85.60732,"L22666","152707870"
"41-255.1",42.95054,-85.60343,"L19287","152707902"
"41-256",42.9661,-85.60232,"L16097","152707868"
"41-257",42.9561,-85.62037,"L18497","152707897"
"41-27",42.81471,-85.40009,"L23023","157067740"
"41-271",42.95888,-85.78509,"L26929","152707895"
"41-278",43.10138,-85.36593,"L19158","152707525"
"41-279",43.11549,-85.36785,"L21252","152707508"
"41-28",42.81888,-85.4012,NA,NA
"41-280",43.11804,-85.36732,"L19626","152707504"
"41-281",43.11893,-85.36925,"L19961","152707500"
"41-282",43.11221,-85.37537,"L22309","152707515"
"41-283",43.1111,-85.38454,"L21928","152707513"
"41-284",43.10082,-85.39037,"L16706","152707544"
"41-285",43.11582,-85.42343,"L19765","152707502"
"41-287",43.09943,-85.4137,"L21974","152707549"
"41-288",43.08832,-85.4112,"L22017","152707573"
"41-289",43.0886,-85.42176,"L17669","152707575"
"41-29",42.81138,-85.42565,"L22414","157067745"
"41-290",43.08777,-85.40287,"L14772","152707577"
"41-291",43.09027,-85.3862,"L18108","152707568"
"41-292",43.0861,-85.35982,"L17436","152707578"
"41-293",43.08971,-85.32787,"L17394","152707565"
"41-294",43.07138,-85.34315,"L20427","152707625"
"41-298",43.07943,-85.37815,"L16751","152707601"
"41-30",42.80138,-85.42843,"L17979","157067754"
"41-300",43.08415,-85.41426,"L19775","152707585"
"41-302",43.05721,-85.39426,"L21408","152707652"
"41-303",43.05527,-85.40759,"L16681","152707671"
"41-304",43.06277,-85.37759,"L22480","152707643"
"41-305",43.06582,-85.36565,"L20075","152707635"
"41-311",43.05082,-85.37426,"L15926","152707681"
"41-312",43.04721,-85.37898,"L18994","152707693"
"41-313",43.05554,-85.4237,"L22786","152707673"
"41-314",43.03471,-85.43037,"L21361","152707707"
"41-315",43.03388,-85.35093,"L17476","152707716"
"41-323",43.09082,-85.51482,"L19029","152707569"
"41-324",43.09138,-85.49148,"L17434","152707562"
"41-325",43.09138,-85.45898,"L22241","152707559"
"41-329",43.07499,-85.46565,"L22575","152707614"
"41-330",43.08304,-85.45926,"L22780","152707591"
"41-333",43.08165,-85.48482,"L14530","152707594"
"41-334.1",43.04304,-85.49593,"L23022","152707697"
"41-334.3",43.04082,-85.48676,"L21087","152707700"
"41-334.9",43.1016,-85.57692,NA,NA
"41-337",43.11277,-85.62759,"L16537","152707522"
"41-338",43.11193,-85.63982,"L21650","152707514"
"41-340",43.10582,-85.63759,"L22721","152707532"
"41-341",43.10527,-85.64898,"L20329","152707535"
"41-343",43.10165,-85.65537,"L18652","152707547"
"41-346",43.09915,-85.65287,"L16078","152707552"
"41-347",43.09277,-85.65509,"L18739","152707563"
"41-348",43.09971,-85.67037,"L17514","152707550"
"41-349",43.08582,-85.64426,"L18635","152707581"
"41-380",43.03332,-85.58232,"L20942","152707724"
"41-386",43.1061,-85.7912,"L16185","152707533"
"41-387",43.08971,-85.71759,"L20875","152707576"
"41-388",43.09999,-85.72565,"L16500","152707554"
"41-393",43.04693,-85.74787,"L27905","152707695"
"41-399",43.20277,-85.33343,"L21576","{F4893BD3-E85A-4D9C-A29C-6A9735AC3E4C}"
"41-400",43.19304,-85.3362,"L18489","152707265"
"41-401",43.19471,-85.3437,"L18244","{B2B3606D-2E74-40A0-85CF-F92EFF490102}"
"41-404",43.20693,-85.33898,"L15708","{576B3AD7-0975-4ABA-8E61-B5E8E09919D2}"
"41-410",43.18665,-85.39704,"L19113","152707295"
"41-411",43.18309,-85.38767,"L22880","152707303"
"41-412",43.18915,-85.40815,"L16250","152707288"
"41-417",43.17749,-85.33843,"L19245","152707310"
"41-422",43.16415,-85.33204,"L21970","152707344"
"41-423",43.15915,-85.33454,"L17941","152707353"
"41-432",43.1711,-85.40926,"L21259","152707319"
"41-433",43.16443,-85.4112,"L18814","152707345"
"41-446",43.15915,-85.40759,"L16288","152707366"
"41-449",43.15388,-85.35954,"L16944","152707377"
"41-45",42.84027,-85.44787,"L22703","157068671"
"41-452",43.15388,-85.31482,"L19525","152707383"
"41-453",43.1477,-85.31512,"L22163","152707407"
"41-454",43.1536,-85.32398,"L19286","152707381"
"41-464",43.13804,-85.37732,"L14572","152707436"
"41-468",43.12388,-85.38426,"L20540","152707484"
"41-469",43.12165,-85.37315,"L17667","152707493"
"41-47",42.8461,-85.5212,"L17521","157067714"
"41-470",43.12804,-85.35482,"L19446","152707463"
"41-471",43.12027,-85.35926,"L21019","152707489"
"41-488",43.17304,-85.44982,"L17393","152707317"
"41-49",42.8336,-85.44926,"L18153","157068672"
"41-490",43.14888,-85.47537,"L21456","152707388"
"41-495",43.14471,-85.43204,"L17561","152707416"
"41-496",43.13138,-85.46065,"L19052","152707459"
"41-498",43.13665,-85.48704,"L18946","152707435"
"41-499",43.14027,-85.49148,"L15422","152707426"
"41-50",42.83527,-85.43815,"L22235","157067734"
"41-501",43.12193,-85.48065,"L18599","152707480"
"41-504",43.12804,-85.48537,"L15376","152707475"
"41-51",42.81183,-85.48395,"L49016",NA
"41-510",43.20665,-85.63732,"L15553","152707244"
"41-512",43.19213,-85.6645,"L19505","152707287"
"41-513",43.19395,-85.67007,"L22337","152707281"
"41-514",43.19999,-85.67232,"L19099","152707264"
"41-515",43.20582,-85.66287,"L20984","152707246"
"41-516",43.17665,-85.66593,"L18219","152707304"
"41-517",43.1861,-85.59787,"L22983","152707301"
"41-52",42.80027,-85.45204,"L19163","157067755"
"41-523",43.17193,-85.64732,"L21530","152707325"
"41-524",43.1636,-85.65565,"L22531","152707358"
"41-526",43.1536,-85.65509,"L14389","152707389"
"41-527",43.14804,-85.66482,"L14168","152707410"
"41-529",43.15638,-85.64732,"L17246","152707378"
"41-538",43.14499,-85.6687,"L19731","152707417"
"41-543",43.12061,-85.56206,NA,NA
"41-547",43.20554,-85.75787,"L18392","152707249"
"41-558",43.27688,-85.35064,"L20051","152707104"
"41-559",43.27499,-85.35565,"L20051","152707104"
"41-565",43.26809,-85.35293,"L18215","152707115"
"41-566",43.26471,-85.35759,"L14701","152707120"
"41-573",43.26471,-85.32509,"L14358","152707117"
"41-58",42.79332,-85.44787,"L21807","157067761"
"41-584",43.25943,-85.35732,"L22764","152707133"
"41-586",43.24415,-85.36037,"L15949","152707171"
"41-59",42.79388,-85.51343,"L16969","157067759"
"41-592",43.23499,-85.34204,"L23012","152707179"
"41-607",43.21165,-85.3712,"L22164","152707229"
"41-608",43.21474,-85.36971,"L18321","152707221"
"41-609",43.21304,-85.33426,"L18107","{2E138D0C-66D0-4019-B67D-16265244F3D3}"
"41-612",43.29304,-85.50148,"L21398","152707074"
"41-614",43.28473,-85.5131,"L15987","152707094"
"41-615",43.29366,-85.52995,"L20356","152707063"
"41-620",43.26665,-85.50315,"L21450","152707121"
"41-649",43.21915,-85.46815,"L18093","152707213"
"41-66",42.79304,-85.5787,"L19270","157067777"
"41-663",43.28082,-85.56787,"L17599","152707100"
"41-664",43.27777,-85.58176,"L16604","152707105"
"41-665",43.28415,-85.58509,"L18617","152707099"
"41-666",43.28804,-85.5912,"L22864","152707089"
"41-674",43.29304,-85.62287,"L21300","152707070"
"41-691",43.2632,-85.5984,"L17160","152707126"
"41-702",43.25406,-85.58021,"L20254","152707151"
"41-709",43.25554,-85.66954,"L19101","152707147"
"41-729",43.22332,-85.62926,"L14956","152707207"
"41-731",43.20693,-85.65315,"L17968","152707243"
"41-732",43.21249,-85.66204,"L14393","152707231"
"41-742",43.21811,-85.62996,"L22262","152707218"
"41-750",43.25995,-85.67714,"L20077","152707135"
"41-752",43.25856,-85.68819,"L16817","152707142"
"41-755",43.26221,-85.77093,"L20649","152707137"
"41-757",43.23943,-85.72093,"L17468","152707176"
"41-759",43.20735,-85.76457,"L18243","152707247"
"41-760",43.05844,-85.57666,"L15442","152707667"
"41-761",42.94396,-85.74761,"L27074","152707921"
"41-762",42.92695,-85.35495,"L20648","152707963"
"41-763",43.00739,-85.67017,"L16811","152707763"
"41-764",43.0603,-85.58334,"L21661","152707663"
"41-765",43.2427,-85.54971,NA,NA
"41-766",42.96089,-85.48656,"L15217","152707879"
"41-767",42.93738,-85.73311,"L49006",NA
"41-768",42.94093,-85.73372,NA,NA
"41-769",42.94423,-85.74163,"L15446","152707922"
"41-770",42.94241,-85.74263,"L15446","152707922"
"41-771",42.94113,-85.74053,NA,NA
"41-772",42.94004,-85.7419,NA,NA
"41-773",42.93786,-85.74228,NA,NA
"41-774",42.93376,-85.74329,NA,NA
"41-775",42.93409,-85.72755,"L18908","152707948"
"41-776",42.93199,-85.72645,"L23795","152707952"
"41-777",42.93063,-85.73042,"L27107","152707957"
"41-778",42.92928,-85.73563,"L26759","152707961"
"41-779",42.94042,-85.74586,"L26096","152707934"
"41-780",42.94033,-85.74946,"L26096","152707934"
"41-781",42.93277,-85.74614,"L28394","152707949"
"41-782",42.92833,-85.75385,"L23560","152707966"
"41-783",42.9285,-85.75087,"L27866","152707964"
"41-784",42.92369,-85.75523,"L30087","152707971"
"41-785",42.91787,-85.76071,"L27816","152707980"
"41-786",42.91641,-85.75687,"L31161","152707981"
"41-787",42.92775,-85.74121,NA,NA
"41-788",42.92593,-85.74246,NA,NA
"41-789",42.92655,-85.73701,"L26759","152707961"
"41-790",42.91892,-85.74138,"L27361","152707978"
"41-791",42.92254,-85.73467,"L23454","{861FED7B-0D64-4652-96AF-DB44ABDA5345}"
"41-792",42.92454,-85.73144,"L31836","152707970"
"41-793",42.91617,-85.73396,"L28496","152707983"
"41-794",42.92778,-85.71742,"L25713","152707967"
"41-795",42.93049,-85.70936,"L31921","152707951"
"41-796",42.94424,-85.73159,NA,NA
"41-797",42.94305,-85.74068,"L15446","152707922"
"41-798",42.93965,-85.73234,NA,NA
"41-799",42.93518,-85.74177,NA,NA
"41-8",42.83582,-85.39482,"L16589","157067730"
"41-800",42.93391,-85.75697,NA,NA
"41-801",42.92167,-85.75473,NA,NA
"41-802",42.92214,-85.75064,NA,NA
"41-803",42.92156,-85.75065,NA,NA
"41-804",42.92657,-85.74135,NA,NA
"41-805",42.92763,-85.73878,"L26759","152707961"
"41-806",42.9174,-85.57456,"L18620","152707979"
"41-807",43.11824,-85.3565,"L16954","152707499"
"41-808",42.92138,-85.52386,"L18433","157067656"
"41-809",42.92257,-85.51943,"L22418","157067654"
"41-810",43.21127,-85.5649,"L21676","152707237"
"41-811",43.21126,-85.56249,"L19533","152707236"
"41-812",43.21038,-85.55986,"L21654","152707238"
"41-813",43.16097,-85.36519,"L17010","152707350"
"41-814",43.29067,-85.53824,"L21828","152707076"
"41-815",43.26077,-85.73457,"L18234","152707129"
"41-816",42.85793,-85.36018,"L17947","157067707"
"41-817",42.94633,-85.52655,"L14183","152707918"
"41-818",42.99359,-85.69449,"L19946","152707798"
"41-819",42.94265,-85.3586,"L15922","152707924"
"41-89",42.78527,-85.69148,"L48223",NA
"41-9",42.83693,-85.3987,"L20507","157067728"
"41-90",42.78804,-85.69509,"L30338","152708060"
"41-94",42.92333,-85.34998,NA,NA
"41-99",42.88138,-85.32259,"L19682","157067677"
"42-100",47.45026,-88.17204,"L42405","116542273"
"42-103",47.43276,-88.12454,"L35885","116542305"
"42-105",47.43971,-88.07927,"L35537","116542289"
"42-12",47.2174,-88.16893,"L33360","116542521"
"42-120",47.44582,-88.18371,"L38474","116542281"
"42-126",47.41693,-88.19093,"L36748","116542345"
"42-127",47.4236,-88.1876,"L38671","116542333"
"42-128",47.41473,-88.20443,"L40206","116542363"
"42-140",47.40582,-88.19316,"L32340","116542387"
"42-141",47.3936,-88.18093,"L32118","116542397"
"42-146",47.4636,-87.86427,"L33318","116542223"
"42-147",47.46887,-87.84149,"L33319","116542213"
"42-148",47.46304,-87.83566,"L34589","116542221"
"42-149",47.4761,-87.94927,"L34564","116542211"
"42-150",47.47499,-88.0001,"L34416","116542215"
"42-151",47.46165,-88.04677,"L33098","116542233"
"42-151.1",47.46195,-87.94563,"L34668","116542225"
"42-154",47.89024,-88.96223,"L36215","{446C4F81-6BA3-4AEA-BB10-863B59C2579D}"
"42-156",47.87332,-89.01343,"L33543","{83BCDD3C-DF04-4531-8B13-4B6ACBD2A609}"
"42-158",47.87193,-88.99538,"L32099","{51256F9E-30BF-4391-A4B9-33C1BB15C76F}"
"42-161",47.85415,-89.16677,"L35902","{3C3B27D0-746F-47B2-A225-BF01275283B2}"
"42-165",48.00054,-88.79593,"L48168",NA
"42-166",47.96248,-88.89621,"L32683","{F4389463-8E03-4E2B-AC55-55E2C8A0BA84}"
"42-167",47.97443,-88.98899,"L33541","{4819A36C-3B6E-4686-8BF5-39C60D5CB9CA}"
"42-169",47.92113,-88.98379,"L32517","{1AC99E57-099C-4D3E-B8DF-DBADDEE95115}"
"42-173",47.91165,-89.09149,"L35594","{EE640A80-016B-4951-8CAA-8FD3EBA10CA8}"
"42-175",48.05749,-88.58899,"L35763","{037DDA48-BDEC-4E54-8F8D-1A698ADCFE4A}"
"42-177",48.06249,-88.61288,"L35412","{324639D1-5AB4-44A5-932F-C725698F4D33}"
"42-179",48.05721,-88.6301,"L34112","{A8FAB02C-8DE3-4350-918A-B98B1A936B52}"
"42-18",47.28915,-88.26177,"L32675","116542475"
"42-185",48.03665,-88.63816,"L34743","{57F9750B-46A9-42F2-BFA9-DA353F7D5B1E}"
"42-188",48.04054,-88.6151,"L34918","{EBA8221E-B299-4EDB-8AE1-20E5CC872DE5}"
"42-189",48.03443,-88.63121,"L34641","{72C530F4-1640-4DB7-A938-45C3BD04F60E}"
"42-200",48.04082,-88.70093,"L33088","{F29DF1DD-A94B-42A9-B1DF-EA477927ABCF}"
"42-202",48.05832,-88.70843,"L35299","{EADC05AD-5FCF-469C-95C8-19227F21F69D}"
"42-204",48.06498,-88.70788,"L34151","{A39EABB4-CAEC-4FAD-85CB-A5496D3F1CEB}"
"42-205",48.06971,-88.70955,"L33158","{21D3A37A-951D-4F94-ADA3-D8823DAECCE9}"
"42-207",48.04943,-88.79843,"L32622","{0E3A2A48-E317-4B7C-8EDF-CD035A407E7F}"
"42-223",48.03054,-88.72871,"L34045","{E92FB7A4-1D92-4C29-91AD-5CE4525F2208}"
"42-242",48.0036,-88.74427,"L48167",NA
"42-244",48.00665,-88.70649,"L32549","{A030EAA7-02E2-4C6C-A12E-44FA161D5447}"
"42-247",48.00887,-88.68982,"L33540","{397CC4CC-73D6-4318-B07D-585F3A0909BF}"
"42-249",48.00748,-88.68705,"L32943","{DD757CA8-94AC-4541-879D-1748E00CEEBF}"
"42-252",48.00415,-88.69871,"L35052","{F1BD9FA8-5F18-4AC5-A559-601E3F359662}"
"42-265",48.02415,-88.84621,"L35376","{21154E27-FC93-4E50-B8F7-A41262BDFEE7}"
"42-276",48.00176,-88.95157,"L35221","{FA7DD4DD-BCC3-4A39-B26C-BB969E7FB529}"
"42-287",48.14276,-88.51288,"L35414","{D58B52C3-C7EE-42AD-95E6-2392C9BB0526}"
"42-288",48.14915,-88.53955,"L35416","{F469122C-5D8A-4EBF-B5F6-188CC9B51D2C}"
"42-289",48.14276,-88.55149,"L34919","{C7CA6D91-CFBF-44DC-AF17-5CBEBB811BE6}"
"42-290",48.14693,-88.63482,"L32682","{72E18C6F-6741-4E09-817B-F679D02D3432}"
"42-291",48.12276,-88.64038,"L35903","{1E98A4AA-0858-405B-AF5E-F6FD39737A42}"
"42-303",48.11193,-88.64343,"L35186","{F58B2455-0E02-4B37-88E7-0C8D19663213}"
"42-305",48.10721,-88.65316,"L35905","{76E207CF-0355-47BE-8106-FE13167CEF1E}"
"42-311",48.09568,-88.65433,"L32362","{D69C87EB-BB68-4E38-9CE4-2336A62C9B29}"
"42-315",48.10193,-88.60899,"L36184","{B358BD7E-B7F1-4B26-98B6-CBD76EE2AE03}"
"42-318",48.08764,-88.62051,"L34741","{1CD2C8D8-DDC9-4A41-B393-DDB493F5B418}"
"42-319",48.09108,-88.62532,"L32623","{95B7F602-CD05-4BD9-80D7-C1CB7F97486C}"
"42-32",47.21161,-88.20835,"L34973","116542533"
"42-320",48.08304,-88.65066,"L36250","{FF0A9A54-E9BA-46C2-B99D-B2E9763A8E0B}"
"42-321",48.0911,-88.64705,"L35025","{4EAE018F-EE0B-4FC6-895E-4185FECCF793}"
"42-324",48.07054,-88.6126,"L34067","{E21E04BF-88CF-4CEA-80F3-7EDDA1419A0D}"
"42-33",47.37443,-88.01177,"L33581","116542403"
"42-336",48.0886,-88.73316,"L32901","{6D980F5E-A70E-4077-BAF1-9CD00B33CE5B}"
"42-338",48.07721,-88.75232,"L34808","{3141C676-630E-42D7-A499-8A8EF928EF42}"
"42-339",48.07998,-88.75732,"L32421","{9C5815FC-C490-4E6D-85E3-E2A404EB4DD1}"
"42-34",47.35193,-88.03732,"L33283","116542423"
"42-354",48.15872,-88.47562,"L33295","{9B91E2A5-CC67-417D-94FE-B88B6D1A61AD}"
"42-356",48.06798,-88.58346,"L36323","{9A875D0F-55A1-4F0F-BA72-E02DE35F74B1}"
"42-357",48.13656,-88.57574,"L35690","{6A05C35E-0CB6-40E5-81DC-2AA5CD0998A3}"
"42-358",48.05883,-88.68672,"L35692","{7121359A-239B-4F30-AC33-1121642B3909}"
"42-359",48.13513,-88.53104,"L34672","{C03B0D6B-C39B-4785-8FB1-B14769C8BE14}"
"42-36",47.35304,-88.12899,"L32891","116542415"
"42-360",48.01939,-88.66315,"L34780","{98F2A0B8-223B-4A88-9EA6-4A147F830B17}"
"42-361",47.8275,-89.17183,"L35904","{C4FD084C-02C8-4471-AB4B-7615F5C09B57}"
"42-362",47.98605,-88.76027,"L32516","{F28D3F6B-1FE1-4F6B-873F-471FBDBCA129}"
"42-40",47.34665,-88.2751,"L32740","116542439"
"42-46",47.3636,-88.41982,"L33409","116542435"
"42-50",47.31526,-88.37454,"L36547","116542463"
"42-59",47.41471,-87.61232,"L48255",NA
"42-61",47.42971,-87.7401,"L35936","116542253"
"42-62",47.42582,-87.71649,"L33572","116542271"
"42-64",47.40637,-87.76399,"L32328","116542321"
"42-66",47.45471,-87.88316,"L32411","116542229"
"42-71",47.42943,-87.81899,"L33359","116542277"
"42-72",47.42304,-87.88649,"L33257","116542299"
"42-73",47.41776,-87.91621,"L36211","116542309"
"42-74",47.41415,-87.91204,"L32706","116542315"
"42-76",47.41082,-87.83343,"L34760","116542317"
"42-77",47.40554,-87.80899,"L36462","116542331"
"42-86",47.44221,-87.98232,"L36581","116542245"
"42-87",47.44582,-88.03232,"L35723","116542265"
"42-88",47.43665,-88.04704,"L35033","116542291"
"42-89",47.43804,-88.01621,"L33654","116542283"
"42-90",47.41999,-88.0076,"L33998","116542323"
"42-91",47.42387,-88.03566,"L32219","116542311"
"42-93",47.45749,-88.09843,"L33716","116542239"
"43-108",43.96615,-85.60289,"L20964","121859268"
"43-111",43.94888,-85.58343,"L20666","121859341"
"43-127",44.05499,-85.6526,"L18734","{97766401-87C7-4594-9571-BDFCCEEA438C}"
"43-135",43.96527,-85.84871,"L21490","82815952"
"43-136",43.92499,-85.82621,"L21695","82816274"
"43-137",43.91665,-85.84121,"L14841","82816346"
"43-138",43.91749,-85.85426,"L18406","82816356"
"43-139",43.91665,-85.86398,"L15522","82816364"
"43-140",43.90638,-85.90315,"L20147","82816466"
"43-141",43.90554,-85.91176,"L18792","82816490"
"43-142",43.90332,-85.91982,"L15937","82816504"
"43-143",43.90415,-85.88509,"L18634","82816474"
"43-145",43.90443,-85.84065,"L22886","82816438"
"43-146",43.91277,-85.85898,"L21856","82816388"
"43-147",43.90971,-85.82037,"L18257","82816402"
"43-148",43.90665,-85.82232,"L17775","82816416"
"43-149",43.91249,-85.83898,"L21268","82816370"
"43-150",43.95165,-86.00926,"L16307","82816168"
"43-151",43.94582,-85.99732,"L21175","82816214"
"43-152",43.92582,-85.92898,"L14765","82816312"
"43-161",44.04554,-85.65121,"L14916","60091572"
"43-168",44.01721,-85.59315,"L22277","60091688"
"43-173",43.99097,-85.65363,"L20088","60091720"
"43-178",44.04566,-85.71756,"L16990","60091613"
"43-179",43.98689,-85.76667,"L21513","82815644"
"43-181",44.0711,-85.80871,"L20496","60091512"
"43-182",44.0711,-85.81704,"L18788","60091496"
"43-183",44.00249,-85.85287,"L15947","82815504"
"43-191",44.06333,-85.94944,"L15328","82815250"
"43-192",44.06699,-85.95374,"L16809","82815228"
"43-193",44.06418,-85.95547,"L16790","82815256"
"43-194",44.07025,-85.95388,"L16809","82815228"
"43-195",44.07188,-85.96122,"L22185","82815224"
"43-196",44.07633,-85.96109,"L18629","82815206"
"43-198",44.06804,-85.9751,"L18562","82815230"
"43-199",44.08304,-85.97787,"L17552","82815138"
"43-201",44.06221,-85.98482,"L18559","82815270"
"43-205",44.05832,-85.97843,"L17422","82815286"
"43-206",44.05499,-85.97843,"L19921","82815312"
"43-207",44.05415,-85.98815,"L20525","82815320"
"43-208",44.04915,-85.97093,"L18865","82815324"
"43-210",44.04443,-86.02926,"L21923","82815362"
"43-212",44.01665,-86.02926,"L16531","82815564"
"43-213",44.0259,-85.98885,"L18331","82815466"
"43-214",44.02629,-85.99111,"L16204","82815456"
"43-215",44.02082,-85.95093,"L14177","82815486"
"43-218",44.15999,-85.56898,"L22425","60090690"
"43-223",44.13217,-85.6089,NA,NA
"43-230",44.07832,-85.7926,"L15569","60091463"
"43-231",44.08665,-85.80148,"L18997","60091386"
"43-232",44.15304,-85.91676,"L18685","60091008"
"43-233",44.07665,-85.81287,"L21860","{6FD1C064-E65C-4107-8CFD-492E8AD2E90A}"
"43-234",44.16054,-85.93593,"L21289","60090932"
"43-235",44.16304,-85.94037,"L14549","60090898"
"43-236",44.15249,-85.95982,"L14971","60091038"
"43-237",44.15888,-85.96732,"L17690","60090988"
"43-238",44.16027,-85.95898,"L17962","60090970"
"43-239",44.16165,-85.96537,"L18774","60090966"
"43-240",44.15082,-85.96398,"L18539","60091066"
"43-241",44.1536,-85.96787,"L19625","60091036"
"43-243",44.15554,-85.99732,"L19845","60091040"
"43-244",44.15138,-86.00204,"L18466","60091090"
"43-245",44.17054,-86.04343,"L18480","60090908"
"43-247",44.14443,-86.00565,"L15396","60091136"
"43-250",44.13811,-85.98156,"L15725","60091174"
"43-251",44.14027,-86.00148,"L19154","60091176"
"43-252",44.14554,-86.00065,"L21616","60091128"
"43-254",44.13304,-85.97343,"L22947","60091184"
"43-255",44.12582,-85.94732,"L22205","60091250"
"43-256",44.12271,-85.95129,NA,NA
"43-257",44.12443,-85.95704,"L20349","60091254"
"43-258",44.12971,-85.96121,"L16808","60091240"
"43-261",44.12415,-86.00565,"L23007","82815032"
"43-262",44.12082,-86.0126,"L21577","82815036"
"43-264",44.12777,-86.0176,"L21570","82815030"
"43-267",44.11888,-86.0151,"L18682","82815050"
"43-268",44.10504,-86.00665,"L48397",NA
"43-272",44.09165,-85.96815,"L19577","82815126"
"43-277",44.07999,-85.96815,"L23005","82815182"
"43-278",44.07915,-85.9551,"L14537","82815184"
"43-279",44.08054,-85.95843,"L14875","82815172"
"43-280",44.03387,-85.77056,"L20416","60091680"
"43-281",43.81749,-85.76866,"L15165","82817258"
"43-282",44.1201,-85.56526,"L21172","60091042"
"43-283",43.84661,-85.9496,"L17697","82817110"
"43-31",43.84492,-85.66009,"L21990","82816880"
"43-35",43.83618,-85.64231,"L20571","82816954"
"43-36",43.82582,-85.67509,"L22274","82817112"
"43-37",43.8886,-85.78454,"L22204","82816492"
"43-38",43.89656,-85.78526,"L15259","82816472"
"43-40",43.89749,-85.78954,"L21693","82816464"
"43-42",43.89443,-85.79593,"L17990","82816484"
"43-43",43.87388,-85.77176,"L16859","82816692"
"43-46",43.81999,-85.79232,"L17039","82817260"
"43-48",43.89417,-85.80591,"L15598","82816498"
"43-49",43.90304,-85.82259,"L22488","82816436"
"43-54",43.90082,-85.88371,"L22629","82816508"
"43-55",43.86943,-85.80759,"L19335","82816738"
"43-56",43.86388,-85.80426,"L16591","82816786"
"43-57",43.86443,-85.81621,"L22753","82816800"
"43-59",43.86332,-85.83343,"L16731","82816806"
"43-60",43.86165,-85.84315,"L15163","82816858"
"43-61",43.86332,-85.90676,"L22487","82816922"
"43-67",43.82832,-85.84648,"L17484","82817208"
"43-68",43.83554,-85.85315,"L21426","82817156"
"43-69",43.8336,-85.85676,"L22469","82817168"
"43-71",43.84193,-85.87148,"L14678","82817114"
"43-72",43.84027,-85.88204,"L21333","82817144"
"43-74",43.82471,-85.84926,"L17976","82817244"
"43-77",43.89304,-85.97009,"L21966","82816666"
"43-78",43.85832,-85.94509,"L20125","82816948"
"43-79",43.8586,-85.96454,"L22882","82816984"
"43-80",43.85832,-85.97843,"L18329","82817060"
"43-81",43.86971,-85.99593,"L15969","82816892"
"43-82",43.86582,-86.00454,"L19444","82816914"
"43-86",43.85848,-86.02045,"L20264","82817056"
"43-87",43.85332,-85.98343,"L22431","82817076"
"43-88",43.85554,-85.99037,"L14494","82817072"
"43-89",43.8511,-85.95787,"L19382","82817048"
"43-90",43.84554,-85.97398,"L22283","82817158"
"43-91",43.85332,-85.97537,"L48473","82817060"
"43-92",43.84832,-85.94065,"L14528","82817100"
"43-93",43.84471,-85.93898,"L17331","82817134"
"43-94",43.84277,-85.94843,"L15794","82817154"
"43-95",43.83277,-85.94454,"L21374","82817148"
"43-99",43.82747,-86.00849,"L20893","82817374"
"44-109",42.9036,-83.2937,"L6932","147104452"
"44-110",42.91082,-83.31093,"L6899","147104437"
"44-113",42.8886,-83.31398,"L5553","147104500"
"44-125",42.92666,-83.19565,"L2811","147104407"
"44-133",42.89693,-83.18704,"L5455","147104478"
"44-134",42.88667,-83.18564,"L6692","147104497"
"44-136",42.88971,-83.15815,"L5548","146646162"
"44-137",42.89582,-83.15704,"L3930","146646160"
"44-139",42.8967,-83.13368,"L3131","{7847FD2F-CE6C-4142-988C-8EAB54129CBA}"
"44-145",42.93027,-83.0887,"L10882","155404849"
"44-15",43.20888,-83.41926,"L6005","147103920"
"44-155",43.05027,-83.45398,"L2701","147104205"
"44-156",43.04277,-83.45843,"L8973","147104220"
"44-157",43.02832,-83.35398,"L4450","147104241"
"44-158",43.02471,-83.3537,"L715","147104246"
"44-159",43.01749,-83.37176,"L2664","147104249"
"44-160",43.02455,-83.40648,"L8109","147104247"
"44-161",43.00805,-83.38176,"L5675","147104272"
"44-162",42.98916,-83.35982,"L5798","147104302"
"44-175",42.98193,-83.36287,"L1706","147104311"
"44-177",42.98166,-83.35982,"L12083","147104314"
"44-183",43.0161,-83.29926,"L9529","147104262"
"44-186",43.01749,-83.31398,"L13386","147104256"
"44-187",43.01527,-83.33037,"L6466","147104259"
"44-195",42.99416,-83.30454,"L9856","147104292"
"44-196",42.9836,-83.32065,"L6728","147104307"
"44-198",42.9811,-83.31815,"L3581","147104308"
"44-199",42.97499,-83.26287,"L6810","147104318"
"44-201",42.97831,-83.27008,"L49007",NA
"44-202",43.05777,-83.17759,"L242","147104177"
"44-203",43.04193,-83.15843,"L6951","155404780"
"44-204",43.02943,-83.16287,"L3929","155404790"
"44-208",43.01471,-83.14982,"L3368","155404793"
"44-210",42.98943,-83.14704,"L1370","155404813"
"44-211",42.99499,-83.1737,"L4122","155404804"
"44-212",42.98249,-83.12482,"L4040","155404823"
"44-213",42.98638,-83.13732,"L2360","155404820"
"44-217",43.04451,-82.99491,"L892","155404779"
"44-223",42.99569,-83.06823,"L13556","155404803"
"44-225",42.98305,-83.08426,"L13557","155404822"
"44-226",42.98777,-83.08259,"L2479","155404816"
"44-230",43.1386,-83.34176,"L10827","147104019"
"44-232",43.11805,-83.36093,"L7972","147104052"
"44-233",43.10236,-83.41016,"L9639","147104108"
"44-234",43.10043,-83.41501,"L7124","147104114"
"44-235",43.10343,-83.41326,"L11844","147104099"
"44-236",43.09677,-83.41169,"L2821","147104121"
"44-237",43.10092,-83.41572,"L11844","147104099"
"44-238",43.0911,-83.44704,"L11738","147104135"
"44-239",43.0948,-83.45676,"L12206","147104125"
"44-241",43.08999,-83.41982,"L5894","147104134"
"44-242",43.08555,-83.42537,"L9093","147104137"
"44-243",43.09249,-83.38537,"L12947","147104120"
"44-244",43.08832,-83.39343,"L10277","147104132"
"44-246",43.08332,-83.36343,"L10413","147104142"
"44-248",43.07388,-83.37148,"L1884","147104158"
"44-25",42.9452,-83.35184,"L2894","147104376"
"44-251",43.07082,-83.40343,"L7649","147104169"
"44-252",43.06193,-83.39537,"L11179","147104185"
"44-253",43.13805,-83.24093,"L2236","147104018"
"44-254",43.14277,-83.28732,"L4918","147104008"
"44-257",43.13332,-83.34648,"L7347","147104025"
"44-258",43.147007,-83.344264,"L49008",NA
"44-259",43.1261,-83.34509,"L2687","147104041"
"44-260",43.12974,-83.33129,"L7263","147104034"
"44-263",43.11249,-83.24121,"L2551","147104071"
"44-270",43.09721,-83.27398,"L6911","147104113"
"44-271",43.10471,-83.22426,"L10839","147104089"
"44-275",43.06416,-83.2837,"L10401","147104174"
"44-276",43.13898,-83.12517,"L12737","147104015"
"44-278",43.135386,-83.217507,"L2676","147104020"
"44-279",43.13441,-83.21764,"L2676","147104020"
"44-280",43.11944,-83.22688,"L49013",NA
"44-281",43.12969,-83.23012,"L4019","147104027"
"44-282",43.11916,-83.19371,"L128","147104044"
"44-283",43.12555,-83.20565,"L12200","147104035"
"44-286",43.132696,-83.207819,"L2158","147104023"
"44-287",43.132696,-83.207819,"L2158","147104023"
"44-288",43.12568,-83.13479,"L6498","147104030"
"44-295",43.11943,-83.14648,"L485","155404734"
"44-296-298",43.11249,-83.15398,"L6952","155404744"
"44-304",43.09666,-83.13093,"L12981","155404748"
"44-305",43.09221,-83.12454,"L11005","155404750"
"44-306",43.09027,-83.11954,"L11675","155404752"
"44-308",43.08082,-83.14343,"L56","155404758"
"44-309",43.07721,-83.14704,"L7570","155404759"
"44-313",43.2328,-83.42889,"L1660","147103892"
"44-316",43.2186,-83.46037,"L9525","147103912"
"44-317",43.22277,-83.45565,"L4362","147103910"
"44-318",42.95582,-83.41759,"L5492","147104361"
"44-320",43.17916,-83.32093,"L12622","147103954"
"44-321",43.1861,-83.32509,"L4668","147103948"
"44-322",43.18443,-83.30093,"L7532","147103943"
"44-323",43.16721,-83.28232,"L3216","147103970"
"44-328",43.1735,-83.33813,"L92","147103965"
"44-339",43.27582,-83.30093,"L6132","147103876"
"44-340",43.27665,-83.29209,"L243","147103874"
"44-343",42.97666,-83.36315,"L8462","147104339"
"44-344",42.95683,-83.32887,"L11657","147104357"
"44-345",43.0436,-83.24676,"L11228","147104213"
"44-346",42.88301,-83.44142,"L11078","147104527"
"44-347",42.95419,-83.3255,"L3212","147104367"
"44-348",42.94619,-83.3253,"L8086","147104374"
"44-349",43.12245,-83.2626,"L7663","147104043"
"44-350",42.95362,-83.25464,"L2942","147104360"
"44-351",42.96584,-83.10139,"L2391","155404827"
"44-352",43.03158,-83.27251,"L5460","147104227"
"44-353",43.17981,-83.30735,"L810","147103953"
"44-354",43.11598,-83.15122,"L6747","155404739"
"44-355",42.90938,-83.41499,"L10488","147104443"
"44-356",43.11469,-83.22528,"L13074","147104055"
"44-357",43.08508,-83.12138,"L9428","155404754"
"44-358",42.9531,-83.35431,"L784","147104366"
"44-359",42.95764,-83.44653,"L10076","147104354"
"44-36",42.93166,-83.39898,"L13194","147104401"
"44-360",42.92947,-83.361,"L11643","147104405"
"44-361",42.95115,-83.23411,"L3921","147104359"
"44-362",42.9075,-83.37757,"L3343","147104446"
"44-363",43.13042,-83.23862,"L6031","147104026"
"44-364",43.16827,-83.31568,"L4131","147103971"
"44-365",43.07722,-83.13424,"L10123","155404760"
"44-366",43.13713,-83.42187,"L6096","147104022"
"44-367",43.09963,-83.41449,"L7124","147104114"
"44-368",43.14724,-83.34445,"L49008",NA
"44-41",42.9236,-83.43537,"L13742","147104420"
"44-43",42.9336,-83.44343,"L13388","147104398"
"44-44",42.92971,-83.44176,"L6580","147104406"
"44-48",42.91245,-83.40418,"L5336","147104436"
"44-49",42.91368,-83.41306,"L7550","147104432"
"44-54",42.91221,-83.37343,"L12176","147104433"
"44-58",42.90135,-83.37318,"L2003","147104465"
"44-60",42.89805,-83.3737,"L2691","147104481"
"44-65",42.89888,-83.38454,"L13314","147104471"
"44-70",42.90582,-83.43732,"L7871","147104455"
"44-73",42.88805,-83.44454,"L4702","147104514"
"44-76",42.88138,-83.44732,"L12649","147104535"
"44-79",42.88499,-83.3762,"L5220","147104525"
"44-81",42.88638,-83.39093,"L10968","147104498"
"44-86",42.96082,-83.25704,"L10419","147104342"
"44-86.1",42.96058,-83.24881,"L7896","147104338"
"44-87",42.96165,-83.29264,"L11533","147104344"
"45-1",44.80638,-85.64565,"L15592","155417509"
"45-10",44.84638,-85.90871,"L42962","129224080"
"45-18",44.81388,-85.8401,"L37579","129225343"
"45-22",44.79582,-85.88899,"L39366","129224090"
"45-23",44.79082,-85.91399,"L41346","129224096"
"45-24",44.79606,-85.92861,"L39812","129224091"
"45-28",44.79165,-85.9301,"L41501","129224093"
"45-3",44.97456,-85.70915,"L39328","129226232"
"45-30",44.78044,-85.82244,"L42679","129225358"
"45-31",44.78225,-85.8317,"L37219","129225357"
"45-33",44.86171,-85.99771,"L42876","129226201"
"45-35",44.79999,-86.04093,NA,NA
"45-36",44.83999,-86.06343,"L42559","{879A31EB-582B-4C64-B70A-9EDAC0D6C359}"
"45-37",44.81999,-86.06315,"L42021","129224462"
"45-4",44.84291,-85.76776,"L37154","129225321"
"45-44",44.95041,-85.90211,"L38963","129224756"
"45-45",44.9361,-85.90704,"L37068","129224760"
"45-48",44.92371,-85.88487,"L41631","129224761"
"45-49",44.92221,-85.84176,"L38130","129224838"
"45-5",44.83932,-85.76478,"L42172","129225322"
"45-50",44.91527,-85.8801,"L41059","129224762"
"45-51",44.89304,-85.83954,"L39273","129224852"
"45-53",44.87443,-85.93315,"L39461","129226202"
"45-57",44.90388,-85.95176,"L39510","129224769"
"45-58",44.89596,-85.9479,"L42961","129226200"
"45-64",45.01228,-85.75721,"L48444","129226232"
"45-65",44.99221,-85.77176,"L42776","129224829"
"45-66",44.98165,-85.73093,"L39880","129225781"
"45-67",44.96547,-85.91342,"L37704","129224754"
"45-69",45.00999,-86.11954,"L44757","129225471"
"45-72",45.05974,-85.58351,"L37713","155417396"
"45-73",45.06415,-85.62287,"L42268","155417392"
"45-74",45.05049,-85.57713,NA,NA
"45-75",45.09832,-86.03676,"L44615","129225470"
"45-76",45.17249,-85.56593,"L12145","155417345"
"45-77",45.17221,-85.60093,"L6989","129225477"
"45-82",45.1286,-86.02343,"L45430","129226239"
"45-85",44.82821,-85.86067,"L39989","129225327"
"45-86",44.88849,-85.94269,"L42876","129226201"
"45-9",44.89091,-85.94489,"L42876","129226201"
"46-100",42.02388,-84.2187,"L10371","151874046"
"46-11",42.05277,-84.25926,"L1201","151873997"
"46-120",42.06261,-84.08352,"L10773","151873951"
"46-121",42.05498,-84.07623,"L1579","151873962"
"46-126",42.06027,-84.10676,"L6632","151873957"
"46-13",42.04804,-84.25898,"L5283","151874002"
"46-130",42.05638,-84.11593,"L1250","151873960"
"46-145",42.02193,-84.08259,"L11396","151874026"
"46-150",42.00621,-83.93252,"L21212","151874028"
"46-156",42.02082,-83.94704,"L16430","151873992"
"46-16",42.04443,-84.24759,"L10274","151874009"
"46-160",41.97332,-84.25481,"L12569","152335371"
"46-163",41.96721,-84.27565,"L13799","152335372"
"46-165",41.97582,-84.33009,"L6638","152335373"
"46-169",41.91971,-84.36231,"L12912","152335377"
"46-170",41.90943,-84.35287,"L5030","152335380"
"46-172",41.89536,-84.30767,"L10648","152335382"
"46-173",41.90416,-84.29037,"L3923","152335381"
"46-178",41.9111,-84.03844,"L16759","151874086"
"46-182",41.98236,-83.95437,"L14431","151874067"
"46-183",41.98665,-83.953,"L22576","151874063"
"46-184",41.98425,-83.94839,"L16961","151874062"
"46-194",41.83848,-84.24052,"L8292","151874109"
"46-204",41.83471,-84.15509,"L3041","151874107"
"46-205",41.8336,-84.2262,"L13241","151874110"
"46-21",42.03721,-84.26954,"L11892","151874032"
"46-216",41.79582,-84.33176,"L6171","152335399"
"46-217",41.79138,-84.35065,"L5287","152335400"
"46-22",42.04054,-84.28593,"L1163","151874031"
"46-220",41.80416,-84.20148,"L9524","151874114"
"46-221",41.82832,-84.26009,"L10384","151874113"
"46-222",42.00071,-84.13902,"L10382","151874056"
"46-223",41.99168,-84.33129,"L9216","152335364"
"46-224",41.73334,-84.22951,"L10881","152335411"
"46-225",41.95336,-83.96842,"L21305","151874081"
"46-226",42.01321,-84.34742,"L2968","152335357"
"46-227",41.98591,-84.17593,"L13265","151874078"
"46-228",41.8716,-84.06593,"L17442","151874098"
"46-229",41.70878,-84.33665,"L9939","152335422"
"46-23",42.0345,-84.28286,"L306","151874034"
"46-230",42.06391,-84.07937,"L10657","151873948"
"46-231",42.05901,-84.28559,"L3609","151873985"
"46-24",42.03283,-84.28067,"L53","151874040"
"46-27",42.02554,-84.32926,"L9926","{9FAE605C-0F03-412C-B3F8-6C1BE0DE7259}"
"46-3",42.06046,-84.32787,"L1575","151873994"
"46-30",42.02443,-84.25676,"L2329","151874051"
"46-4",42.05721,-84.33731,"L10218","151874001"
"46-45",41.97916,-84.30773,"L6569","152335370"
"46-46",41.98746,-84.34813,"L8243","152335367"
"46-49",42.07388,-84.15759,"L6273","151873944"
"46-51",42.05832,-84.1637,"L8854","151873968"
"46-53",42.07166,-84.18231,"L5415","151873950"
"46-55",42.05693,-84.1937,"L1557","151873970"
"46-56",42.05721,-84.1837,"L9553","151873978"
"46-57",42.07082,-84.19537,"L659","151873952"
"46-6",42.05666,-84.30731,"L8722","151873995"
"46-65",42.05084,-84.21938,"L6209","151873988"
"46-66",42.04913,-84.22728,"L606","151873996"
"46-67",42.05166,-84.2112,"L2367","151873982"
"46-68",42.04416,-84.22481,"L10160","151874011"
"46-7",42.04388,-84.30731,"L7308","151874027"
"46-70",42.05082,-84.20315,"L3331","151873984"
"46-75",42.05193,-84.18259,"L9553","151873978"
"46-76",42.05304,-84.16981,"L4612","151873976"
"46-77",42.04916,-84.1712,"L5081","151873979"
"46-78",42.04065,-84.1699,"L7246","151873987"
"46-79",42.05181,-84.15367,"L3415","151873973"
"46-80",42.04721,-84.13731,"L11222","151873969"
"46-81",42.03315,-84.1656,"L13753","151874022"
"46-82",42.03036,-84.15549,"L1018","151874020"
"46-88",42.04166,-84.21093,"L12860","151874007"
"46-89",42.03388,-84.22509,"L9653","151874025"
"46-9",42.05443,-84.27731,"L9697","151873993"
"46-91",42.03332,-84.23787,"L2655","151874030"
"46-96",42.02554,-84.23648,"L6443","151874045"
"46-99",42.02388,-84.22704,"L11395","151874048"
"47-101",42.44916,-83.84148,"L48307","145333723"
"47-102",42.44249,-83.86231,"L17581","145333772"
"47-103",42.44971,-83.87148,"L7679","145333656"
"47-104",42.44204,-83.88539,"L14305","145333708"
"47-105",42.44805,-83.89315,"L6165","145333663"
"47-106",42.43221,-83.88648,"L19762","145333779"
"47-108",42.43332,-83.87704,"L48306","145333772"
"47-116",42.4361,-83.79593,"L15562","145333721"
"47-118",42.51249,-83.73148,"L6052","145332786"
"47-120",42.50999,-83.74093,"L6652","145332796"
"47-121",42.51527,-83.75204,"L4761","145332773"
"47-126",42.48832,-83.77593,"L11625","145333036"
"47-129",42.48285,-83.71175,"L9054","145333075"
"47-133",42.4611,-83.74954,"L5511","145333509"
"47-135",42.46582,-83.72176,"L7060","145333254"
"47-138",42.45973,-83.70928,"L7549","145333507"
"47-140",42.5461,-83.7562,"L10056","145332411"
"47-143",42.44777,-83.6762,"L15007","145333598"
"47-145",42.45332,-83.7062,"L13203","145333612"
"47-147",42.45193,-83.71481,"L15913","145333609"
"47-148",42.45555,-83.7237,"L9214","145333563"
"47-149",42.44711,-83.73901,"L18371","145333647"
"47-153",42.43677,-83.75036,"L15513","145333719"
"47-154",42.4286,-83.7337,"L18661","145333794"
"47-166",42.55638,-84.09926,"L5672","152094712"
"47-169",42.53416,-84.0487,NA,NA
"47-17",42.44283,-84.02706,"L16687","145333728"
"47-18",42.44054,-84.02454,"L18071","145333750"
"47-183",42.56902,-83.95461,"L2679","148710590"
"47-19",42.43416,-84.02231,"L18226","145333791"
"47-2",42.49638,-84.06759,"L3375","145333045"
"47-204",42.5361,-83.91843,"L1563","148710602"
"47-207",42.53693,-83.91093,"L1563","148710602"
"47-208",42.5336,-83.90704,"L11971","148710603"
"47-209",42.52249,-83.91787,"L13706","148710606"
"47-21",42.43528,-84.03283,"L48470","145333791"
"47-217",42.52916,-83.96065,"L7481","152094721"
"47-219",42.53638,-83.97009,"L9437","152094719"
"47-22",42.43832,-84.1037,"L9945","145333775"
"47-220",42.53054,-83.98981,"L6688","152094722"
"47-23",42.43943,-84.1212,"L7394","145333777"
"47-233",42.51436,-83.96884,"L4014","145332805"
"47-236",42.51443,-83.95204,"L2650","152094731"
"47-24",42.42888,-84.12037,"L9364","145333832"
"47-243",42.51745,-83.91961,"L12089","148710608"
"47-250",42.58811,-83.82685,"L6325","148710579"
"47-252",42.58221,-83.8487,"L10507","148710583"
"47-259",42.60166,-83.89426,"L7782","148710567"
"47-265",42.58332,-83.81482,"L2833","145331690"
"47-267",42.57999,-83.79232,"L12949","145331727"
"47-269",42.57666,-83.80426,"L8511","145331772"
"47-27",42.43388,-84.13093,"L1139","145333810"
"47-272",42.58367,-83.80852,"L7185","145331705"
"47-275",42.56332,-83.80232,"L12606","145332215"
"47-277",42.56555,-83.82093,"L10133","145332201"
"47-285",42.54721,-83.84593,"L7304","145332409"
"47-286",42.54027,-83.8562,"L5031","145332406"
"47-297",42.53527,-83.79676,"L3758","145332565"
"47-298",42.5286,-83.80954,"L6514","145332610"
"47-299",42.53987,-83.81726,"L13461","145332489"
"47-300",42.53443,-83.82898,"L4807","145332543"
"47-306",42.53888,-83.85009,"L12201","145332491"
"47-317",42.50693,-83.86093,"L5193","145332755"
"47-320",42.51777,-83.81843,"L2619","145332780"
"47-321",42.51805,-83.7962,"L9815","145332736"
"47-330",42.60332,-83.77593,"L5737","145331313"
"47-331",42.58443,-83.76732,"L261","145331675"
"47-332",42.57457,-83.70987,"L11899","{5B4C5088-04D0-45B2-A7DA-92F5C818FFB6}"
"47-334",42.57213,-83.69082,"L19355","145331808"
"47-34",42.50524,-83.96485,"L13211","145332943"
"47-341",42.56138,-83.74815,"L8249","145332254"
"47-343",42.55527,-83.78398,"L7391","145332304"
"47-344",42.5478,-83.78517,"L9439","145332388"
"47-345",42.54473,-83.77551,"L11878","145332397"
"47-349",42.55721,-83.75676,"L13751","145332295"
"47-354",42.55805,-83.70898,"L9046","145332223"
"47-358",42.53042,-83.78318,"L4428","145332545"
"47-368",42.51999,-83.72898,"L11619","145332751"
"47-369",42.51888,-83.73704,"L1578","145332758"
"47-371",42.5261,-83.73565,"L13425","145332591"
"47-373",42.52582,-83.67676,"L16361","145332598"
"47-379",42.61249,-83.91287,"L11411","148710561"
"47-38",42.48693,-84.00481,"L9946","145333106"
"47-385",42.65284,-83.80125,"L1515","148710516"
"47-386",42.65127,-83.80207,"L2810","148710519"
"47-388",42.65805,-83.82148,"L12552","148710512"
"47-389",42.64754,-83.85439,"L8405","148710523"
"47-39",42.48304,-83.9787,"L10026","145333141"
"47-394",42.6437,-83.8416,"L11070","148710528"
"47-395",42.62582,-83.85982,"L11227","148710549"
"47-396",42.62151,-83.85801,"L9487","148710551"
"47-4",42.51054,-84.09287,NA,NA
"47-40",42.49416,-83.95148,"L1866","145333021"
"47-409",42.69305,-83.72593,"L10970","148710463"
"47-410",42.68109,-83.78111,"L4321","148710486"
"47-416",42.66916,-83.71065,"L6035","148710502"
"47-418",42.65221,-83.67954,"L14783","148710509"
"47-422",42.55916,-83.71732,"L10945","145332204"
"47-424",42.65193,-83.74926,NA,NA
"47-426",42.64499,-83.76732,"L3763","148710520"
"47-430",42.63471,-83.7188,"L13316","148710533"
"47-431",42.63193,-83.72815,"L3676","148710537"
"47-440",42.6261,-83.72565,"L8529","145331077"
"47-441",42.62027,-83.7387,"L531","145331116"
"47-442",42.6286,-83.74093,"L2445","148710542"
"47-443",42.60527,-83.75815,"L7794","145331264"
"47-444",42.60721,-83.77037,"L723","145331259"
"47-446",42.60332,-83.74565,"L6276","145331266"
"47-45",42.47582,-83.95426,"L5136","145333219"
"47-453",42.76721,-84.0462,"L4202","148710325"
"47-454",42.7586,-83.99648,"L5561","148710360"
"47-455",42.7636,-83.99954,"L4580","148710341"
"47-459",42.71971,-84.03232,"L13703","148710446"
"47-46",42.47582,-83.97593,"L4731","145333245"
"47-462",42.70194,-84.01791,"L12734","148710469"
"47-463",42.68721,-84.00287,"L5210","148710492"
"47-464",42.69166,-84.00565,"L4335","148710481"
"47-465",42.69777,-84.01065,"L10535","148710477"
"47-466",42.69714,-83.92844,"L13543","148710471"
"47-467",42.7012,-83.92568,"L13140","148710467"
"47-469",42.76916,-83.79898,"L5247","148710308"
"47-47",42.4561,-83.95259,"L5845","145333605"
"47-471",42.76978,-83.82227,"L48298","148710305"
"47-472",42.77166,-83.82037,"L48297","148710305"
"47-478",42.76193,-83.8612,"L3677","148710336"
"47-480",42.7761,-83.85954,"L3881","148710279"
"47-485",42.74425,-83.88943,"L9414","148710390"
"47-486",42.74975,-83.89642,"L9838","148710379"
"47-489",42.75082,-83.8662,"L8237","148710375"
"47-491",42.74693,-83.86065,"L3469","148710382"
"47-492",42.75409,-83.86186,"L9299","148710368"
"47-495",42.74082,-83.88898,"L10118","148710418"
"47-50",42.43943,-84.00343,"L22903","145333746"
"47-500",42.69693,-83.81398,"L9058","148710470"
"47-502",42.76666,-83.72926,"L4232","148710306"
"47-506",42.76832,-83.77815,"L5222","148710304"
"47-509",42.76685,-83.79612,"L10295","148710318"
"47-51",42.42407,-84.01309,"L15551","145333845"
"47-510",42.75943,-83.75093,"L1131","148710348"
"47-512",42.75277,-83.69398,"L5833","148710345"
"47-513",42.76416,-83.70009,"L5018","148710320"
"47-52",42.43527,-83.99676,"L14597","145333783"
"47-528",42.49638,-83.78759,"L3395","145332994"
"47-529",42.72443,-83.7937,"L12165","148710473"
"47-530",42.52082,-83.69315,"L5618","145332740"
"47-531",42.48943,-83.72439,"L4888","145333034"
"47-532",42.64018,-83.71424,"L14861","148710525"
"47-533",42.69901,-83.86914,"L4099","148710472"
"47-534",42.72911,-83.92043,"L124","148710422"
"47-535",42.5613,-83.79045,"L7363","145332154"
"47-536",42.63657,-83.92645,"L35","148710534"
"47-537",42.47764,-83.72599,"L1488","145333127"
"47-538",42.48372,-83.96733,"L2877","145333114"
"47-539",42.69379,-83.85117,"L13631","148710475"
"47-54",42.42666,-83.99231,"L22157","145333805"
"47-540",42.49309,-83.75376,"L1090","145333006"
"47-541",42.66681,-84.08124,"L8309","152094641"
"47-542",42.48593,-83.67114,"L14441","145333038"
"47-543",42.58378,-83.74182,"L432","145331643"
"47-544",42.74407,-83.91448,"L10506","148710396"
"47-545",42.74464,-83.9106,"L7863","148710395"
"47-546",42.45231,-83.83605,"L22594","145333623"
"47-547",42.53632,-83.78326,"L11839","145332473"
"47-548",42.4755,-83.73855,"L4509","145333118"
"47-549",42.4756,-83.73184,"L613","145333178"
"47-550",42.49615,-83.70186,"L14112","145332976"
"47-551",42.43779,-83.98501,"L18301","145333770"
"47-552",42.43236,-83.98518,"L18020","145333798"
"47-553",42.45849,-83.85565,"L1727","145333552"
"47-554",42.43014,-84.03955,"L16825","145333812"
"47-555",42.56513,-83.8276,NA,NA
"47-556",42.62865,-83.71883,"L8242","145331046"
"47-557",42.51614,-84.00879,"L13261","{09C6C11E-CF56-4E2E-84F6-E049E6FE4845}"
"47-558",42.50508,-83.68497,"L19568","145332903"
"47-559",42.51068,-83.9015,"L4388","145332906"
"47-560",42.75895,-83.88921,"L233","148710354"
"47-561",42.44933,-84.01766,"L15484","145333674"
"47-562",42.45622,-84.01358,NA,NA
"47-59",42.50943,-83.82204,"L6094","145332899"
"47-62",42.50469,-83.82171,"L4494","145332934"
"47-64",42.50443,-83.82954,"L4366","145332923"
"47-65",42.50095,-83.81205,"L9882","145332972"
"47-66",42.51055,-83.83343,"L10877","145332908"
"47-67",42.50666,-83.83898,"L4083","145332917"
"47-68",42.49971,-83.84759,"L7458","145332956"
"47-73",42.50416,-83.89454,"L9217","145332941"
"47-74",42.50612,-83.90199,"L11347","145332932"
"47-76",42.49388,-83.85204,"L8164","145333032"
"47-77",42.4911,-83.85156,"L8021","145333043"
"47-78",42.4958,-83.81443,"L799","145333004"
"47-81",42.48138,-83.7962,"L15829","145333091"
"47-85",42.47662,-83.80558,"L21009","145333176"
"47-86",42.47999,-83.81065,"L19473","145333139"
"47-88",42.47072,-83.82487,"L16553","145333260"
"47-89",42.4761,-83.82926,"L20519","145333194"
"47-93",42.47277,-83.88148,"L9548","145333227"
"47-94",42.45693,-83.87509,"L4034","145333589"
"47-96",42.46666,-83.8487,"L17443","145333488"
"47-97",42.45999,-83.8462,"L17858","145333723"
"47-98",42.45388,-83.8612,"L5881","145333603"
"47-99",42.45888,-83.81898,"L17720","145333525"
"48-105",46.34582,-85.65815,"L24804","86671755"
"48-11",46.24165,-85.43482,"L23328","86672071"
"48-110",46.35638,-85.79121,"L27452","44362318"
"48-120",46.46665,-85.35427,"L29388","86670983"
"48-122",46.43527,-85.3226,"L28346","86671157"
"48-127",46.45389,-85.43254,"L29167","86671087"
"48-131",46.44548,-85.45738,"L31192","86671183"
"48-135",46.48888,-85.61177,"L26105","109945518"
"48-138",46.46693,-85.57454,"L26120","86671077"
"48-139",46.47304,-85.58954,"L28174","86671033"
"48-14",46.25445,-85.4,"L48291",NA
"48-140",46.46332,-85.59621,"L25081","86671107"
"48-141",46.47082,-85.60732,"L26665","86671067"
"48-142",46.451,-85.60027,"L31686","86671207"
"48-154",46.43776,-85.5937,"L30948","86671329"
"48-155",46.44082,-85.59121,"L27482","86671295"
"48-162",46.5061,-85.68732,"L26304","109945450"
"48-163",46.49415,-85.68371,"L26577","109945514"
"48-164",46.47721,-85.73316,"L23065","86671085"
"48-166",46.48388,-85.73649,"L31791","86671049"
"48-169",46.4636,-85.69621,"L25697","86671177"
"48-170",46.46971,-85.70149,"L28231","86671121"
"48-171",46.46388,-85.71704,"L24393","86671161"
"48-172",46.46554,-85.72621,"L23602","86671181"
"48-173",46.4661,-85.73871,"L31748","86671165"
"48-175",46.44804,-85.73954,"L30038","86671343"
"48-181",46.45691,-85.6226,"L24313","86671175"
"48-185",46.43971,-85.64621,"L23631","86671339"
"48-19",46.33249,-85.52843,"L25710","86671777"
"48-190",46.44027,-85.69649,"L23037","86671373"
"48-191",46.4436,-85.71593,"L27411","86671369"
"48-192",46.44471,-85.72482,"L26449","86671355"
"48-197",46.42843,-85.64868,"L31742","86671411"
"48-201",46.49777,-85.79066,"L24749","86670995"
"48-204",46.49277,-85.84149,"L31848","86671041"
"48-205",46.49302,-85.84607,"L30693","86671047"
"48-206",46.48998,-85.84388,"L28872","86671065"
"48-207",46.50165,-85.83621,"L29256","86670997"
"48-208",46.50398,-85.83477,"L30803","86670971"
"48-210",46.49027,-85.84982,"L27129","86671039"
"48-211",46.4972,-85.8543,"L26744","86671029"
"48-212",46.49177,-85.85753,"L27954","86671045"
"48-213",46.49051,-85.86202,"L27779","86671069"
"48-214",46.49804,-85.86204,"L25635","86671025"
"48-215",46.48415,-85.84399,"L27129","86671039"
"48-216",46.48753,-85.86313,"L24837","86671089"
"48-217",46.48027,-85.82871,"L29003","86671105"
"48-218",46.47965,-85.83896,"L23057","86671127"
"48-219",46.47804,-85.84177,"L28809","86671125"
"48-220",46.48433,-85.83428,"L27136","86671099"
"48-221",46.48503,-85.83812,"L31288","86671095"
"48-222",46.4861,-85.80831,"L29944","86671053"
"48-223",46.48354,-85.81606,"L27514","86671079"
"48-224",46.47474,-85.81555,"L30869","86671123"
"48-225",46.47971,-85.77482,"L26244","120018799"
"48-226",46.48334,-85.77788,"L27935","{3D62B816-C271-4431-BB5E-9B0C0C7C1069}"
"48-227",46.46471,-85.81232,"L31474","86671217"
"48-228",46.46277,-85.81927,"L28329","86671257"
"48-230",46.4736,-85.82816,"L23831","86671167"
"48-232",46.46804,-85.82566,"L31930","120018800"
"48-238",46.45332,-85.8426,"L30784","{7DC04BDB-368A-404C-AA5A-E6D6229704D8}"
"48-239",46.45915,-85.80454,"L29706","86671255"
"48-24",46.30221,-85.5726,"L31512","86671873"
"48-240",46.45527,-85.80482,"L27399","86671305"
"48-242",46.45693,-85.81621,"L28341","86671285"
"48-244",46.45082,-85.78982,"L29054","86671349"
"48-245",46.45471,-85.79593,"L25524","86671311"
"48-246",46.44888,-85.76816,"L30173","86671353"
"48-247",46.4511,-85.7676,"L23403","86671327"
"48-248",46.44943,-85.74927,"L28711","86671333"
"48-249",46.44999,-85.75704,"L29527","86671325"
"48-250",46.44665,-85.74982,"L24321","86671365"
"48-252",46.42582,-85.76621,"L31080","86671477"
"48-253",46.42777,-85.77566,"L27488","86671463"
"48-257",46.5836,-85.29843,"L26323","86670839"
"48-26",46.30332,-85.55649,"L23116","86671863"
"48-260",46.58749,-85.30649,"L28481","109944242"
"48-27",46.30899,-85.5349,"L27031","86671829"
"48-274",46.57749,-85.40593,"L30311","109944334"
"48-275",46.58565,-85.41488,"L24961","109944288"
"48-28",46.30777,-85.52929,"L27031","86671829"
"48-280",46.57526,-85.41299,"L30311","109944334"
"48-281",46.56937,-85.40712,"L28414","109944556"
"48-282",46.56649,-85.40998,"L28414","109944556"
"48-283",46.56961,-85.4156,"L28270","109944488"
"48-284",46.56632,-85.40159,"L23058","109944502"
"48-288",46.52388,-85.47066,"L24538","109945036"
"48-290",46.58943,-85.50871,"L28663","109944304"
"48-30",46.29971,-85.52899,"L30642","86671867"
"48-300",46.55277,-85.57204,"L26018","109944810"
"48-317",46.53147,-85.6019,"L32078","109945136"
"48-32",46.27804,-85.53649,"L28798","86671925"
"48-322",46.50915,-85.55149,"L28393","109945350"
"48-327",46.58723,-85.66967,"L29235","109944522"
"48-328",46.58669,-85.67477,"L31870","109944540"
"48-329",46.58582,-85.67834,"L27539","109944558"
"48-330",46.59499,-85.66788,"L25817","109944390"
"48-331",46.59304,-85.67745,"L25691","109944442"
"48-332",46.59235,-85.68032,"L29606","109944446"
"48-333",46.58866,-85.68167,"L26748","109944462"
"48-334",46.58888,-85.68621,"L27474","109944480"
"48-336",46.58705,-85.69018,"L27677","bb8377d5-abbf-47d3-b0fe-781446c5fc5b"
"48-337",46.5914,-85.69309,"L24942","109944456"
"48-339",46.59076,-85.72586,"L27127","109944526"
"48-340",46.5878,-85.72741,"L26674","109944572"
"48-341",46.58737,-85.73891,"L26107","109944584"
"48-342",46.57277,-85.71704,"L29402","109944718"
"48-343",46.57413,-85.72911,"L27324","109944714"
"48-344",46.56974,-85.72699,"L30577","109944784"
"48-345",46.57106,-85.73314,"L29903","109944774"
"48-346",46.57165,-85.73899,"L30934","109944766"
"48-347",46.57267,-85.73268,"L30133","109944752"
"48-348",46.57394,-85.73936,"L29829","109944746"
"48-350",46.5636,-85.68204,"L25239","109944802"
"48-351",46.56918,-85.6354,"L27211","109944692"
"48-358",46.53963,-85.71746,"L31368","109945082"
"48-359",46.53958,-85.72038,"L26448","109945140"
"48-360",46.54185,-85.72339,"L23990","109945078"
"48-361",46.54309,-85.72658,"L31096","109945084"
"48-362",46.54389,-85.7295,"L31190","109945068"
"48-364",46.54081,-85.69838,"L24802","109945070"
"48-365",46.53922,-85.70016,"L30171","109945118"
"48-366",46.53638,-85.70732,"L25554","109945180"
"48-367",46.53656,-85.71277,"L24140","109945142"
"48-369",46.54209,-85.69535,"L26517","109945062"
"48-370",46.54716,-85.69355,"L23296","109944972"
"48-374",46.5311,-85.67954,"L29552","109945212"
"48-377",46.52932,-85.70474,"L23053","109945254"
"48-378",46.53368,-85.70951,"L26295","109945220"
"48-379",46.52221,-85.73982,"L30627","109945340"
"48-380",46.5086,-85.6901,"L24134","109945428"
"48-382",46.58076,-85.74874,"L27477","109944688"
"48-384",46.56915,-85.80621,"L26388","109944850"
"48-385",46.56443,-85.80264,"L27191","109944890"
"48-387",46.56527,-85.82288,"L24451","109944900"
"48-391",46.57637,-85.74545,"L31434","109944724"
"48-392",46.57193,-85.74313,"L24509","109944770"
"48-393",46.57261,-85.74696,"L25712","109944772"
"48-394",46.57517,-85.75285,"L29960","109944734"
"48-395",46.57245,-85.75449,"L23396","109944780"
"48-396",46.55082,-85.8076,"L27642","109945052"
"48-401",46.54329,-85.8636,"L30348","109945246"
"48-408",46.53499,-85.75732,"L25957","109945240"
"48-410",46.51804,-85.74982,"L30309","109945408"
"48-411",46.52082,-85.78149,"L25031","109945412"
"48-422",46.50999,-85.76371,"L26608","109945456"
"48-423",46.51221,-85.75177,"L27793","109945442"
"48-426",46.67443,-85.30482,"L30208","109943480"
"48-428",46.66638,-85.32593,"L24519","109943494"
"48-43",46.30582,-85.65454,"L24684","86671875"
"48-435",46.67138,-85.35927,"L26366","109943490"
"48-436",46.65975,-85.34454,"L30377","109943522"
"48-437",46.65915,-85.35066,"L24198","109943524"
"48-438",46.65487,-85.35206,"L26750","109943536"
"48-443",46.62443,-85.27454,"L29700","109943924"
"48-444",46.65041,-85.30571,"L23468","109943542"
"48-449",46.62161,-85.24751,"L26298","109943752"
"48-45",46.29665,-85.6426,"L25910","86671899"
"48-454",46.61127,-85.35966,"L27109","109944008"
"48-456",46.60638,-85.34371,"L27864","109944046"
"48-459",46.59569,-85.36254,"L27456","109944188"
"48-46",46.29888,-85.67454,"L27787","44362674"
"48-461",46.68089,-85.36953,"L26537","109943466"
"48-462",46.68027,-85.37319,"L26175","109943476"
"48-463",46.6661,-85.38871,"L25641","109943512"
"48-470",46.65249,-85.39371,"L30790","109943596"
"48-479",46.63907,-85.38785,"L28722","109943704"
"48-480",46.64193,-85.40732,"L24004","109943660"
"48-481",46.64471,-85.4251,"L31167","109943654"
"48-485",46.64749,-85.45093,"L31370","109943662"
"48-487",46.63227,-85.45337,"L29826","109943846"
"48-488",46.63332,-85.46066,"L29012","109943820"
"48-49",46.28749,-85.73899,"L26910","44362910"
"48-50",46.28665,-85.66538,"L23511","44362828"
"48-513",46.61378,-85.40448,"L26809","109944004"
"48-52",46.27304,-85.65593,"L27016","44362950"
"48-521",46.61214,-85.41158,"L25012","109944044"
"48-53",46.23332,-85.78343,"L23878","44363696"
"48-544",46.59871,-85.41003,"L29089","109944196"
"48-545",46.59646,-85.4165,"L24694","109944232"
"48-547",46.59608,-85.40407,"L23716","109944224"
"48-55",46.30193,-85.78065,"L27480","44362736"
"48-553",46.60019,-85.42165,"L23473","109944176"
"48-558",46.60654,-85.39371,"L28345","109944080"
"48-561",46.60651,-85.40359,"L29888","109944084"
"48-566",46.66943,-85.63177,"L28168","109943604"
"48-567",46.62648,-85.59939,"L29152","109944050"
"48-570",46.64848,-85.51977,"L23912","109943706"
"48-573",46.6311,-85.59649,"L24188","109943956"
"48-577",46.62388,-85.60566,"L23223","109944058"
"48-58",46.26221,-85.75038,"L26820","44363206"
"48-583",46.6261,-85.5076,"L27940","109943970"
"48-592",46.60832,-85.56232,"L31239","109944218"
"48-597",46.59902,-85.55938,"L30161","109944266"
"48-601",46.66971,-85.66093,"L28140","109943606"
"48-604",46.67304,-85.67066,"L28291","109943600"
"48-608",46.66249,-85.7126,"L30131","109943694"
"48-609",46.66999,-85.71899,"L29013","109943640"
"48-61",46.40415,-85.32677,"L26660","86671421"
"48-612",46.65527,-85.73038,"L31735","109943830"
"48-613",46.65665,-85.73954,"L27281","109943814"
"48-615",46.65486,-85.67246,"L26752","109943780"
"48-619",46.61665,-85.65732,"L23235","109944216"
"48-620",46.61193,-85.66677,"L31685","109944250"
"48-621",46.60638,-85.67371,"L25688","109944274"
"48-622",46.60527,-85.67982,"L29705","109944284"
"48-623",46.6061,-85.68871,"L23741","109944280"
"48-628",46.60165,-85.74454,"L23894","109944380"
"48-634",46.59888,-85.68066,"L28072","109944360"
"48-636",46.59313,-85.68367,"L23168","109944460"
"48-639",46.6011,-85.6601,"L31794","109944316"
"48-640",46.59915,-85.66454,"L29707","109944358"
"48-641",46.59582,-85.65899,"L24814","109944384"
"48-641.1",46.58743,-85.67229,"L28507","109944532"
"48-642",46.59693,-85.6751,"L27460","109944382"
"48-643",46.59943,-85.67038,"L27263","109944322"
"48-646",46.59693,-85.65093,"L24959","109944364"
"48-650",46.66249,-85.75316,"L23467","109943746"
"48-653",46.66332,-85.82038,"L25622","109943788"
"48-654",46.65804,-85.78343,"L24957","109943834"
"48-655",46.65665,-85.77593,"L30735","109943826"
"48-66",46.36138,-85.3501,"L27644","86671603"
"48-660",46.59457,-85.85999,"L29148","109944594"
"48-664",46.59726,-85.8587,"L23209","109944564"
"48-673",46.59943,-85.75454,"L23901","109944428"
"48-676",46.74783,-85.24804,"L28538","109943376"
"48-677",46.71277,-85.36149,"L31144","109943400"
"48-681",46.70082,-85.32704,"L29477","109943412"
"48-685",46.69415,-85.35371,"L27685","109943422"
"48-70",46.42027,-85.43871,"L24275","86671379"
"48-703",46.68138,-85.82427,"L25707","109943622"
"48-713",46.41795,-85.62968,"L30740","86671457"
"48-714",46.41447,-85.62664,"L27397","86671483"
"48-715",46.64205,-85.76752,"L28589","109943906"
"48-718",46.4294,-85.66138,"L27696","86671429"
"48-719",46.53899,-85.7038,"L28547","109945090"
"48-72",46.40388,-85.4301,"L26653","86671451"
"48-720",46.53513,-85.70355,"L31423","109945188"
"48-721",46.63464,-85.59859,"L31247","109943902"
"48-722",46.55214,-85.72068,"L29462","109944946"
"48-723",46.61201,-85.45837,"L27791","109944076"
"48-724",46.41368,-85.37192,"L27096","86671397"
"48-725",46.64978,-85.50756,"L24389","109943682"
"48-726",46.64845,-85.51354,"L26714","109943698"
"48-727",46.64898,-85.50816,"L30995","109943696"
"48-728",46.65069,-85.50635,"L23549","109943678"
"48-729",46.64817,-85.50967,"L25621","109943702"
"48-730",46.6469,-85.51364,"L26821","109943730"
"48-731",46.64657,-85.51609,"L27102","109943734"
"48-732",46.64638,-85.51487,"L25078","109943738"
"48-733",46.64537,-85.51564,"L23772","109943756"
"48-734",46.25138,-85.39968,NA,NA
"48-735",46.25035,-85.40007,NA,NA
"48-736",46.58297,-85.67892,"L24005","109944588"
"48-737",46.45285,-85.48356,"L32076","86671117"
"48-738",46.64886,-85.31473,"L23305","109943558"
"48-739",46.39841,-85.86381,"L48351",NA
"48-740",46.35439,-85.54889,"L27865","86671725"
"48-741",46.67446,-85.65952,"L27749","109943582"
"48-78",46.41165,-85.55704,"L26179","86671467"
"48-80",46.39314,-85.60044,"L32060","86671547"
"48-89",46.40883,-85.6176,"L28237","86671501"
"49-1",45.77221,-84.39732,"L48199",NA
"49-100",46.06582,-85.57927,"L31197","118044865"
"49-103",46.06582,-85.59704,"L25960","118044889"
"49-106",46.06471,-85.63815,"L40379","118044903"
"49-11",45.7461,-84.39796,"L48187",NA
"49-112",46.05665,-85.67065,NA,NA
"49-113",46.04665,-85.62621,"L41835","118045003"
"49-114",46.03554,-85.62899,"L39946","118045083"
"49-117",46.0136,-85.65038,"L8035","118045157"
"49-118",46.0236,-85.63232,"L10681","118045111"
"49-119",46.00971,-85.64482,"L832","118045195"
"49-12",45.72976,-84.41609,"L48186",NA
"49-120",46.01777,-85.63315,"L2310","118045155"
"49-122",46.00193,-85.65927,"L42648","118045231"
"49-126",45.9911,-85.66871,"L43057","118045379"
"49-127",46.07915,-85.80427,"L40096","118044909"
"49-128",46.05738,-85.849,"L41259","118045053"
"49-13",45.87749,-84.75649,"L8503","118045583"
"49-130",46.01332,-85.86288,"L37655","118045259"
"49-131",46.02249,-85.83177,"L37161","118045191"
"49-133",45.99638,-85.75343,"L37333","118045373"
"49-134",46.00138,-85.77927,"L36897","118045311"
"49-135",46.00249,-85.85732,"L37940","118045389"
"49-136",45.99389,-85.83931,"L42727","118045435"
"49-137",45.99415,-85.81639,"L37986","118045433"
"49-14",45.88166,-84.80454,"L9901","118045593"
"49-151",46.12804,-84.53177,"L27178","123110973"
"49-152",46.10554,-84.52371,"L30460","123111049"
"49-153",46.1111,-84.49593,"L28134","111830921"
"49-154",46.10416,-84.50343,"L31553","120018907"
"49-16",45.88693,-84.82121,"L6522","118045589"
"49-166",46.12638,-84.80427,"L24096","123111060"
"49-167",46.12666,-84.77899,"L31414","123111051"
"49-17",45.87499,-84.78649,"L6192","118045607"
"49-172",46.13193,-84.95232,"L30975","123111069"
"49-175",46.13166,-85.09754,"L25068","123111094"
"49-176",46.14286,-85.08178,"L28784","123111065"
"49-19",45.96221,-84.31843,"L48180",NA
"49-192",46.07416,-84.81315,"L26292","123111223"
"49-20",45.97999,-84.52482,"L29590","123111700"
"49-201",46.14554,-85.19677,"L23406","118043967"
"49-202",46.15415,-85.22454,"L28037","118043949"
"49-208",46.13193,-85.17871,"L24060","118044135"
"49-21",45.98228,-84.6972,"L24236","118044935"
"49-213",46.11888,-85.17288,"L28233","118044231"
"49-216",46.10388,-85.19538,"L23998","118044385"
"49-217",46.10471,-85.17482,"L25838","118044377"
"49-219",46.11082,-85.15343,"L28096","118044347"
"49-228",46.15193,-85.24482,"L27326","118043991"
"49-229",46.14527,-85.25204,"L31438","118044067"
"49-230-236",46.14554,-85.26704,"L23670","118044077"
"49-237",46.15665,-85.29649,"L25636","118043971"
"49-240",46.13082,-85.34704,"L28518","118044269"
"49-254",46.11443,-85.45954,"L29242","118044447"
"49-26",45.98223,-84.74733,"L28431","118044963"
"49-261",46.14773,-85.49634,"L29099","118044211"
"49-262",46.1536,-85.51315,"L25247","118044311"
"49-27",45.96027,-84.87038,"L5975","118045133"
"49-273",46.09721,-85.55982,"L26446","118044699"
"49-274",46.09249,-85.5751,"L23848","118044761"
"49-275",46.1436,-85.66538,"L28931","{88C3B3C4-3CF5-454D-9129-5AD90C905196}"
"49-28",45.95582,-84.84093,"L7707","118045149"
"49-280",46.17499,-85.7626,"L23138","44364664"
"49-281",46.15554,-85.81732,"L24128","44364976"
"49-285",46.13082,-85.79204,"L24381","44365308"
"49-286",46.11971,-85.75177,"L31607","44365366"
"49-287",46.11388,-85.76871,"L31152","44365482"
"49-288",46.11554,-85.8001,"L26616","44365586"
"49-292",46.23761,-85.11343,"L28673","86671971"
"49-294",46.23694,-85.16947,"L30797","86671997"
"49-3",45.77888,-84.40927,"L48171",NA
"49-30",45.95487,-84.77969,"L13540","118045131"
"49-312",46.20277,-85.17954,"L24829","86672235"
"49-318",46.16638,-85.23371,"L23165","118043817"
"49-319",46.16999,-85.23815,"L23953","{54747EEF-0653-4A9A-988D-448172324B5D}"
"49-321",46.24185,-85.26147,"L29333","86672003"
"49-329",46.23019,-85.33673,"L23307","86672103"
"49-33",45.9386,-84.78815,"L12082","118045183"
"49-333",46.22121,-85.27824,"L24047","86672143"
"49-336",46.19499,-85.3026,"L29183","86672271"
"49-34",45.93832,-84.80288,"L7291","118045201"
"49-347",46.18471,-85.30649,"L28828","118043733"
"49-353",46.17027,-85.33343,"L28241","118043891"
"49-354",46.23777,-85.39093,"L23463","86672081"
"49-355",46.22999,-85.39482,"L24947","86672159"
"49-357",46.24165,-85.41038,"L26664","86672059"
"49-359",46.24193,-85.4176,"L27391","86672069"
"49-360",46.24385,-85.42055,"L25596","86672067"
"49-364",46.2436,-85.47899,"L27777","86672095"
"49-365",46.2136,-85.44121,"L25719","118043677"
"49-368",46.22307,-85.42312,"L30989","86672229"
"49-369",46.22221,-85.42427,"L30989","86672229"
"49-371",46.2286,-85.38038,"L24833","86672163"
"49-374",46.22527,-85.36815,"L28223","86672173"
"49-375",46.20888,-85.4101,"L29270","86672261"
"49-377",46.20317,-85.40909,"L28744","86672269"
"49-386",46.1911,-85.41982,"L31947","118043739"
"49-399",46.23621,-85.54128,"L31180","118043607"
"49-4",45.7886,-84.41677,"L48198",NA
"49-412",46.22693,-85.55658,NA,NA
"49-42",45.91335,-84.85664,"L1962","118045477"
"49-43",45.90666,-84.76704,"L25665","118045443"
"49-430",46.21697,-85.71447,"L27771","44363880"
"49-435",46.23749,-85.85399,"L28849","44363758"
"49-437",46.19804,-85.85315,"L25887","44364398"
"49-438",46.18582,-85.81899,"L28179","44364530"
"49-44",45.90304,-84.75093,"L29592","118045465"
"49-441",46.18356,-85.83264,"L30096","44364566"
"49-442",46.00698,-84.43399,"L48182",NA
"49-443",45.89518,-84.75314,"L12107","118045523"
"49-444",45.98641,-84.74763,"L28581","118044923"
"49-445",45.9535,-84.76622,"L965","118045121"
"49-446",45.74693,-84.43788,"L48202",NA
"49-447",46.15415,-85.86396,NA,NA
"49-448",46.22242,-85.26535,"L26970","86672115"
"49-449",46.19052,-85.41324,"L29327","118043743"
"49-45",45.99999,-84.93343,"L7218","118044901"
"49-450",46.19152,-85.65099,"L26330","118043921"
"49-451",45.99281,-84.27188,"L25445","123111641"
"49-452",45.97761,-84.69615,"L23284","118044959"
"49-453",45.72513,-84.42209,"L48185",NA
"49-454",46.12955,-85.09979,"L25306","123111096"
"49-455",46.20849,-85.25074,"L29600","86672223"
"49-456",46.12262,-85.12297,"L31441","118044167"
"49-457",45.9387,-84.74093,"L27745","118045197"
"49-458",46.04743,-84.79041,"L28254","123111534"
"49-459",46.07753,-85.10811,"L28944","118044545"
"49-460",46.04033,-84.81676,"L30659","123111629"
"49-461",46.21331,-85.27231,"L27357","86672207"
"49-462",46.02857,-85.60519,"L12879","118045045"
"49-463",46.24188,-85.59946,"L25388","118043591"
"49-464",46.23572,-85.53067,"L23375","118043577"
"49-465",46.00094,-84.4757,"L23515","123111685"
"49-466",45.88475,-84.81413,"L7170","118045591"
"49-467",45.99539,-85.66454,"L37031","118045319"
"49-47",45.93394,-84.88439,"L6751","118045309"
"49-48",45.9356,-84.8811,"L3393","118045291"
"49-49",45.93016,-84.885,"L11488","118045369"
"49-50",45.93126,-84.88146,"L6527","118045351"
"49-51",45.92793,-84.87548,"L6184","118045383"
"49-52",45.93345,-84.86715,"L9218","118045301"
"49-53",45.93438,-84.86578,"L2207","118045299"
"49-54",45.93772,-84.86607,"L5158","118045253"
"49-55",45.91889,-84.87303,"L8883","118045409"
"49-6",45.75982,-84.46333,NA,NA
"49-60",45.98027,-85.70621,"L37141","118045461"
"49-62",45.97249,-85.70732,"L37222","118045513"
"49-64",46.01527,-84.35093,"L27331","123111418"
"49-65",45.98604,-84.25479,"L29474","123111671"
"49-69",46.0411,-84.44315,"L28310","123111225"
"49-7",45.7486,-84.45843,"L48201",NA
"49-70",46.03138,-84.47149,"L24095","123111360"
"49-73",46.01749,-84.36482,"L27584","123111424"
"49-76",46.05638,-84.69593,"L31719","123111300"
"49-8",45.74582,-84.41427,"L48200",NA
"49-82",46.01438,-84.82142,"L5043","118044831"
"49-85",45.9886,-84.75177,"L13583","118044919"
"49-86",46.06729,-84.86702,"L28042","123111337"
"49-87",46.04715,-84.86146,"L32041","123111612"
"49-95",46.06984,-85.09378,NA,NA
"49-97",46.01804,-85.00843,"L291","118044907"
"5-1",44.82789,-85.35028,"L5784","155417513"
"5-10",44.9311,-84.9951,"L6990","155417443"
"5-101",45.16471,-85.22704,"L10591","155417348"
"5-102",45.19082,-85.23676,"L2866","155417335"
"5-103",45.19527,-85.29899,"L8494","155417332"
"5-105",45.19165,-85.31676,"L4757","155417333"
"5-107",45.17777,-85.31121,"L292","155417339"
"5-108",45.18804,-85.2901,"L5063","155417336"
"5-109",45.17749,-85.27371,"L7479","155417340"
"5-11",44.89027,-85.06843,"L6083","155417467"
"5-110",45.15415,-85.24454,"L7499","155417358"
"5-111",45.16527,-85.26899,"L3069","155417350"
"5-114",45.13165,-85.29232,"L10804","155417366"
"5-116",45.07881,-84.99143,"L5661","155417377"
"5-117",45.07706,-84.9918,"L10592","155417379"
"5-118",45.0761,-84.98815,"L12576","155417380"
"5-119",45.07595,-84.98461,"L8929","155417381"
"5-120",45.00936,-85.15675,"L11260","155417410"
"5-121",44.90932,-85.19927,"L4632","155417453"
"5-122",44.9082,-85.19839,NA,NA
"5-123",44.94825,-84.97778,NA,NA
"5-124",44.94921,-84.97802,NA,NA
"5-125",44.94639,-84.97755,NA,NA
"5-126",45.02297,-85.17563,"L6862","155417407"
"5-127",44.896,-85.15437,"L12895","155417465"
"5-15",44.88582,-85.06954,"L12791","155417469"
"5-18",44.8841,-85.07393,NA,NA
"5-2",44.86665,-85.38343,"L5051","155417505"
"5-20",44.86835,-85.04445,"L12957","155417483"
"5-25",44.91587,-85.13773,"L8836","155417450"
"5-26",44.90388,-85.17121,"L10066","155417456"
"5-27",44.9086,-85.18343,"L10062","155417452"
"5-32",44.90804,-85.19753,"L9922","155417454"
"5-34",44.8936,-85.15065,"L2527","155417466"
"5-35",44.88502,-85.13006,"L13358","155417475"
"5-36",44.88165,-85.1251,"L13795","155417476"
"5-37",44.87415,-85.13093,"L418","155417480"
"5-38",44.88165,-85.13565,"L13358","155417475"
"5-39",44.88406,-85.13338,"L10897","155417473"
"5-40",44.88416,-85.13645,"L3739","155417472"
"5-41",44.88554,-85.15037,"L1402","155417471"
"5-42",44.87941,-85.14149,"L4948","155417479"
"5-43",44.88193,-85.1551,"L2534","155417477"
"5-45",44.86679,-85.10126,"L8927","155417484"
"5-5",44.90082,-84.91931,"L3303","60087616"
"5-50",44.95721,-85.22426,"L3190","155417427"
"5-51",44.98332,-85.30843,"L9685","155417478"
"5-53",44.93888,-85.33343,"L6664","155417439"
"5-54",44.92888,-85.28037,"L5313","155417446"
"5-55",44.92749,-85.24454,"L4175","155417449"
"5-57",44.93554,-85.38204,"L10263","155417444"
"5-58",44.90471,-85.39926,"L12376","155417455"
"5-59",44.85665,-85.44149,"L10064","155417488"
"5-6",44.87693,-84.92926,"L7821","60087634"
"5-64",44.94527,-84.90204,"L11279","155417434"
"5-68",44.96388,-85.00676,"L642","155417424"
"5-7",44.94534,-84.97701,"L2095","155417436"
"5-75",45.0236,-85.22065,"L9145","155417412"
"5-76",44.9797,-85.20404,"L11389","155417414"
"5-77",44.97832,-85.19287,"L1184","155417416"
"5-80",44.95375,-85.13358,"L48401",NA
"5-82",44.97415,-85.34954,"L4525","155417417"
"5-85",45.05693,-84.86149,"L184","155417395"
"5-86",45.05166,-84.86149,"L48410",NA
"5-89",45.11249,-85.20121,"L9804","155417371"
"5-90",45.08721,-85.14676,"L2834","155417375"
"5-91",45.06999,-85.17649,"L1182","155417389"
"5-92",45.06221,-85.16537,"L3241","155417391"
"5-93",45.12888,-85.24843,"L1295","155417369"
"5-94",45.10665,-85.25537,"L12689","155417373"
"5-97",45.08388,-85.26287,"L179","155417384"
"50-128",42.64345,-83.08254,"L8878","146647086"
"50-130",42.64762,-83.07993,"L10231","146647067"
"50-131",42.64911,-83.0849,"L6528","146647070"
"50-132",42.64756,-83.07599,"L12110","146647078"
"50-153",42.80027,-83.06093,"L12958","146646404"
"50-154",42.7876,-83.07238,"L1003","146646450"
"50-156",42.78555,-83.07426,"L4225","146646481"
"50-157",42.78832,-83.08593,"L48315",NA
"50-159",42.77555,-83.06898,"L9432","146646548"
"50-160",42.78027,-83.07732,"L5708","146646504"
"50-175",42.71891,-83.08994,"L5665","146646749"
"50-177",42.79443,-82.96315,NA,NA
"50-179",42.76799,-82.93388,NA,NA
"50-202",42.85277,-83.02454,"L384","146646224"
"50-204",42.8461,-83.08037,"L5506","146646235"
"50-206",42.83388,-83.05148,"L10558","146646278"
"50-209",42.82666,-83.06537,"L9654","146646304"
"50-212",42.81743,-83.08704,"L11251","146646359"
"50-214",42.80666,-83.05926,"L1935","146646381"
"50-224",42.66352,-82.85542,"L21737","155396315"
"50-225",42.79597,-82.78622,"L13952","155396294"
"50-226",42.67818,-83.08125,"L12696","146646964"
"50-227",42.74466,-83.06775,"L10740","146646633"
"50-228",42.63495,-83.08322,"L152","146647123"
"50-229",42.75902,-82.80846,"L7689","146646560"
"50-230",42.61757,-82.97997,"L9885","146647153"
"50-231",42.77294,-83.07423,NA,NA
"50-232",42.67434,-83.08126,"L12983","146646998"
"50-233",42.67037,-83.07577,"L12983","146646998"
"50-234",42.67178,-83.07061,"L12983","146646998"
"50-235",42.7894,-83.05578,"L12637","146646453"
"50-236",42.63743,-83.07533,"L2182","146647120"
"50-237",42.63984,-82.83797,"L20584","155396324"
"50-238",42.87137,-83.08909,"L10813","146646203"
"50-239",42.73023,-82.74237,"L11238","155396300"
"50-240",42.51267,-83.04218,"L22968","146647275"
"50-241",42.64664,-83.01218,"L13870","146647071"
"50-242",42.64297,-83.01175,"L1155","146647089"
"50-243",42.63887,-83.01616,"L13989","146647109"
"50-244",42.53822,-82.90472,"L17873","155396353"
"50-245",42.74369,-82.81451,"L9997","146646640"
"50-246",42.78303,-83.06442,NA,NA
"50-247",42.69513,-83.00828,"L13552","146646877"
"50-248",42.84188,-82.86717,"L7953","146646239"
"50-249",42.84464,-82.86549,"L6511","146646231"
"50-250",42.83968,-82.86755,"L7953","146646239"
"50-251",42.54542,-82.89519,"L17169","155396347"
"50-252",42.87808,-83.02025,"L7574","146646182"
"50-253",42.6242,-82.97776,"L3533","146647149"
"50-254",42.60116,-82.86714,"L17724","146647197"
"50-92",42.56154,-82.84683,NA,NA
"50-99",42.56864,-82.78572,NA,NA
"51-11",44.22027,-85.94176,"L22294","60090452"
"51-118",44.29721,-86.29176,"L20957","129225563"
"51-121",44.26501,-86.27835,NA,NA
"51-126",44.36245,-85.81978,"L14299","60089640"
"51-127",44.42165,-85.95343,"L14979","60089436"
"51-128",44.38499,-85.99371,"L22605","60089590"
"51-129",44.38553,-86.00209,"L14285","60089584"
"51-130",44.38888,-86.03371,"L22251","60089586"
"51-132",44.43332,-86.15287,"L18128","60089362"
"51-133",44.38429,-86.17221,"L18980","129223518"
"51-135",44.3742,-86.14106,"L15515","60089700"
"51-136",44.37804,-86.12482,"L16535","60089674"
"51-137",44.36971,-86.14371,"L22743","60089708"
"51-138",44.36277,-86.14926,"L15988","129225494"
"51-14",44.20443,-85.93454,"L21099","60090530"
"51-140",44.35443,-86.13065,"L14628","60089816"
"51-142",44.35999,-86.24037,"L17513","{394AFB10-39A1-488C-8638-A0EEC17BEB97}"
"51-143",44.38471,-86.18982,"L21833","129223517"
"51-149",44.4772,-85.92918,"L22545","60088894"
"51-157",44.45713,-85.87566,"L18164","60089048"
"51-161",44.43665,-86.00148,"L19481","60089356"
"51-162",44.50165,-86.12343,"L20353","{36DB2CE5-8E5E-43DC-9873-493B75E8432E}"
"51-163",44.48665,-86.07593,"L15131","60088896"
"51-167",44.48332,-86.23343,"L15882","{C8F068BE-F0A7-41F7-91F4-DA8F348D8509}"
"51-169",44.25552,-86.33306,"L48428",NA
"51-170",44.16619,-85.9476,"L48396",NA
"51-18",44.17378,-85.9021,"L22142","60090812"
"51-20",44.25217,-86.04624,"L18049","60090226"
"51-21",44.21546,-85.96045,"L21229","60090486"
"51-22",44.22054,-85.96453,"L18715","60090462"
"51-24",44.21388,-85.98065,"L21117","60090508"
"51-25",44.19221,-86.00287,"L20041","60090668"
"51-27",44.20138,-85.94575,"L21500","60090568"
"51-30",44.19499,-86.03398,"L20022","60090692"
"51-37",44.2511,-86.21204,"L19800","60090346"
"51-42",44.25854,-86.29631,"L15604","60090340"
"51-43",44.23304,-86.29982,"L14969","60090748"
"51-5",44.26047,-85.93595,"L16793","60090166"
"51-52",44.17776,-86.27871,"L16966","82814942"
"51-54",44.18165,-86.28204,"L22127","82814908"
"51-60",44.23054,-86.31982,"L17777","60090556"
"51-67",44.21332,-86.31593,"L48429",NA
"51-68",44.20971,-86.32232,"L18707","60090770"
"51-82",44.32249,-86.0126,"L14189","60089968"
"51-83",44.30943,-85.99704,"L14318","60090024"
"51-84",44.30554,-86.01232,"L20206","60090034"
"51-85",44.30693,-86.00343,"L20101","60090028"
"51-96",44.25915,-86.03121,"L48398",NA
"51-98",44.34527,-86.12398,"L16329","60089864"
"52-100",46.21221,-87.49149,"L45093","152512584"
"52-101",46.19984,-87.49016,"L45481","152512589"
"52-1018",46.48364,-87.5882,"L42736","152512227"
"52-1022",46.48754,-87.49366,"L33111","105233911"
"52-1024",46.46749,-87.49121,"L33062","152512238"
"52-1027",46.47026,-87.5201,"L32757","152512237"
"52-1028",46.46669,-87.52624,"L41800","152512239"
"52-1050",46.42332,-87.54427,"L39081","152512303"
"52-1063",46.50054,-87.65982,"L40035","105233885"
"52-1064",46.49415,-87.67399,"L43077","105233929"
"52-1066",46.50582,-87.70843,"L41325","105233873"
"52-1067",46.49304,-87.70954,"L39685","105233961"
"52-1074",46.47769,-87.68093,"L37909","ddf25467-8da7-4c2f-803b-11336c81cf76"
"52-1075",46.48026,-87.66454,"L39270","b369495d-c407-4a07-8f18-157d572f6134"
"52-1079",46.48526,-87.63343,"L43038","105233991"
"52-1081",46.48276,-87.64121,"L39573","105234001"
"52-1086",46.46887,-87.63371,"L41982","{28D45D47-ED25-48F6-AADE-4FC3FEE6B980}"
"52-1087",46.47415,-87.6301,"L40551","152512231"
"52-1088",46.47156,-87.65686,"L38096","152512234"
"52-1090",46.4686,-87.65919,"L40970","152512236"
"52-1093",46.47253,-87.66989,"L38151","7bcc9ecb-b5e4-4a0d-be27-07d02eade33b"
"52-1095",46.4768,-87.67513,"L42361","ef4f60fe-829a-4fc8-bc94-d8603fc3abd0"
"52-110",46.20971,-87.49649,"L45019","152512586"
"52-1109",46.45415,-87.63677,"L38393","152512254"
"52-111",46.21526,-87.55427,"L43849","152512583"
"52-1112",46.45887,-87.64565,"L41064","152512243"
"52-1113",46.4586,-87.6301,"L42547","152512248"
"52-1114",46.44165,-87.61788,"L40395","152512271"
"52-1124",46.42999,-87.6901,"L36932","152512293"
"52-1133",46.5011,-87.76204,"L42483","105233933"
"52-1138",46.48443,-87.8276,"L40792","152512223"
"52-1152",46.49749,-87.9626,"L35120","152512217"
"52-1153",46.49526,-87.97704,"L34297","152512218"
"52-1154",46.48499,-87.98038,"L33419","152512222"
"52-1155",46.49205,-87.9899,"L32599","152512219"
"52-1161",46.48025,-87.88901,"L39231","152512224"
"52-1164",46.47443,-87.87649,"L40826","152512229"
"52-1166",46.46971,-87.91871,"L33709","152512232"
"52-1167",46.47526,-87.93454,"L32752","152512228"
"52-1171",46.44637,-87.96593,"L36062","152512255"
"52-1178",46.43776,-87.99065,"L36131","152512267"
"52-1180",46.44554,-87.99565,"L36233","152512262"
"52-1181",46.42693,-87.95399,"L33049","152512292"
"52-1185",46.48486,-88.07377,"L34555","110734859"
"52-1187",46.50637,-88.09788,"L42341","110734759"
"52-1192",46.49026,-87.99788,"L36142","152512221"
"52-1193",46.47221,-88.00343,"L35101","152512230"
"52-1194",46.46415,-87.99649,"L32719","152512235"
"52-1195",46.4711,-88.05621,"L33740","110734915"
"52-1210",46.45221,-88.04982,"L34685","110734985"
"52-1211",46.44971,-88.01454,"L34617","152512253"
"52-1219",46.42259,-88.0667,NA,NA
"52-1223",46.42471,-88.01315,"L34928","110735097"
"52-1233",46.5836,-87.38565,"L33253","105233621"
"52-1234",46.57774,-87.40393,"L48247","{D93A3048-2CD8-4E81-9E4D-44A949E98BBB}"
"52-1241",46.57406,-87.46221,"L37346","105233661"
"52-1243",46.57804,-87.4576,"L40496","105233651"
"52-1246",46.56933,-87.41797,"L33076","105233665"
"52-1252",46.54054,-87.46288,"L38519","105233711"
"52-1253",46.52971,-87.39788,"L34263","105233733"
"52-1256",46.52165,-87.45649,"L43002","105233775"
"52-1261",46.58637,-87.6026,"L40058","105233649"
"52-1263",46.56471,-87.57093,"L40054","105233689"
"52-1268",46.55252,-87.52072,"L38803","105233685"
"52-1275",46.54026,-87.56371,"L36634","105233729"
"52-1277",46.54415,-87.53454,"L38886","105233717"
"52-1286",46.52887,-87.54177,"L42984","105233765"
"52-1287",46.53221,-87.60371,"L37515","105233771"
"52-1288",46.51304,-87.62815,"L40561","105233829"
"52-1289",46.51776,-87.51621,"L40437","105233795"
"52-1301",46.55443,-87.72677,"L42170","105233719"
"52-1311",46.53133,-87.66816,"L39304","105233827"
"52-132",46.32582,-87.29204,"L44101","109946586"
"52-1320",46.51299,-87.70201,"L41485","105233849"
"52-1323",46.5136,-87.66038,"L41334","105233837"
"52-1324",46.51304,-87.66399,"L43003","105233841"
"52-1327",46.58215,-87.84175,"L39424","152512183"
"52-1328",46.57943,-87.85038,"L40587","152512185"
"52-1335",46.52887,-87.76204,"L41100","105233819"
"52-1336",46.5211,-87.77232,"L39834","105233831"
"52-1349",46.50943,-87.82399,"L40513","152512215"
"52-1356",46.59165,-87.89399,"L32244","152512179"
"52-1358",46.58054,-87.91983,"L32904","152512184"
"52-1359",46.58637,-87.92649,"L34290","152512181"
"52-1360",46.5858,-87.95761,"L35457","152512180"
"52-1361",46.58026,-87.98121,"L33504","110734517"
"52-1363",46.57249,-87.98275,"L33882","110734539"
"52-1375",46.55804,-87.94732,"L36529","152512195"
"52-1378",46.5543,-87.96629,"L34330","152512196"
"52-1379",46.54897,-87.97867,"L35788","152512198"
"52-138",46.32915,-87.3426,"L38885","109946570"
"52-139",46.33304,-87.33871,"L38217","109946536"
"52-1394",46.5486,-87.87288,"L37679","152512199"
"52-1403",46.58582,-88.01427,"L35498","110734497"
"52-1412",46.59221,-88.08454,"L33226","110734481"
"52-142",46.31971,-87.35093,"L42283","152512409"
"52-1426",46.57721,-88.01065,"L34843","110734531"
"52-1430",46.56046,-87.99385,"L33337","152512192"
"52-1431",46.52767,-88.00439,NA,NA
"52-1434",46.55971,-88.03204,"L32524","110734601"
"52-1436",46.55082,-88.07482,"L35910","110734663"
"52-1443",46.5361,-88.04065,"L36452","110734703"
"52-1444",46.54009,-88.04485,"L34132","110734687"
"52-1445",46.54887,-88.05204,"L34908","110734665"
"52-1446",46.5478,-88.04756,"L34026","110734669"
"52-1448",46.53387,-88.02315,"L35838","110734705"
"52-1450",46.5086,-88.11454,"L40343","110734755"
"52-1453",46.62915,-87.48899,"L42348","105233311"
"52-1454",46.60332,-87.47232,"L39932","105233557"
"52-1457",46.6686,-87.56871,"L40577","105232995"
"52-1465",46.64304,-87.5451,"L36620","105233229"
"52-147",46.30653,-87.35305,"L46221","152512441"
"52-1471",46.60887,-87.59704,"L39614","105233561"
"52-1474",46.59804,-87.57149,"L42857","105233609"
"52-149",46.30471,-87.35732,"L44903","152512448"
"52-1499",46.60304,-87.65315,"L38528","105233603"
"52-1500",46.67803,-87.77396,"L39497","105233037"
"52-1502",46.67165,-87.7876,"L39202","105233097"
"52-1503",46.66494,-87.79538,"L39345","105233137"
"52-1505",46.65832,-87.8376,"L40530","105233339"
"52-1509",46.67054,-87.85093,"L36950","105233139"
"52-1510",46.661541,-87.792294,"L37730","105233175"
"52-1511",46.66159,-87.79236,"L37730","105233175"
"52-1518",46.64054,-87.75982,"L39823","105233367"
"52-1522",46.64082,-87.76454,"L42185","105233375"
"52-1523",46.64026,-87.76982,"L37316","105233377"
"52-1528",46.62647,-87.79425,"L39474","105233521"
"52-1541",46.66054,-87.97399,"L37772","105233293"
"52-1543",46.63614,-87.93842,"L42466","110734293"
"52-1545",46.63177,-87.94799,"L40275","110734311"
"52-1546",46.62415,-87.93093,"L32216","110734325"
"52-1552",46.61026,-87.97129,"L32122","110734407"
"52-1553",46.59999,-87.99482,"L32446","110734447"
"52-1557",46.68306,-87.99094,"L38601","{67754C7E-CD2D-4038-8DD6-C0E2EE055741}"
"52-1558",46.66499,-88.01843,"L39023","110734211"
"52-1559",46.67567,-88.03849,"L40311","110734167"
"52-1560",46.66971,-88.04649,"L40368","110734197"
"52-1563",46.67054,-88.0851,"L41969","110734207"
"52-1565",46.6486,-88.10704,"L41850","110734273"
"52-1567",46.64554,-88.0626,"L37057","110734261"
"52-157",46.30943,-87.34093,"L44146","152512437"
"52-1572",46.66248,-87.99373,"L39969","105233289"
"52-1573",46.64891,-87.99264,"L40237","110734259"
"52-1577",46.63776,-88.07288,"L39758","110734317"
"52-1578",46.64249,-88.08315,"L36890","110734301"
"52-1579",46.63165,-88.09482,"L36786","110734355"
"52-1583",46.63165,-88.08288,"L42785","110734339"
"52-1585",46.62971,-88.0601,"L41748","110734343"
"52-1587",46.61943,-88.05899,"L41968","110734391"
"52-1588",46.63165,-88.02121,"L38375","110734323"
"52-1589",46.62369,-87.99685,"L32695","110734365"
"52-1590",46.62193,-88.00644,"L34591","110734377"
"52-1592",46.60851,-88.00299,"L32965","110734413"
"52-160",46.31485,-87.29457,"L44004","109946614"
"52-1600",46.60788,-88.08457,"L35107","110734453"
"52-1606",46.60238,-88.10683,"L42724","110734477"
"52-1607",46.59943,-88.07121,"L34405","110734471"
"52-1610",46.6032,-88.00107,"L35671","110734451"
"52-1611",46.71249,-87.5751,"L39429","105232533"
"52-1623",46.75249,-87.66343,"L40116","105232139"
"52-163",46.2936,-87.27649,"L45596","109946664"
"52-1631",46.69415,-87.65066,"L39041","105232831"
"52-1633",46.68736,-87.64572,"L42688","105232883"
"52-1634",46.68526,-87.63732,"L37744","105232895"
"52-1636",46.68355,-87.63251,"L40539","105232911"
"52-1645",46.69471,-87.82232,"L39966","105232919"
"52-1648",46.70406,-87.84509,"L39589","105232839"
"52-1649",46.69465,-87.84875,"L42197","105232939"
"52-1651",46.69664,-87.84996,"L37597","105232905"
"52-166",46.29638,-87.30343,"L45895","109946662"
"52-169",46.29388,-87.3251,"L45006","152512482"
"52-1697",46.68554,-87.96371,"L37911","105233095"
"52-1698",46.69026,-87.9801,"L39831","105233039"
"52-1702",46.8119,-87.65259,NA,NA
"52-1703",46.80554,-87.70454,"L40507","105231881"
"52-171",46.28961,-87.33499,"L45533","152512490"
"52-1727",46.84776,-87.83038,"L32936","105231605"
"52-1728",46.84776,-87.84899,"L33402","105231607"
"52-1729",46.85054,-87.87066,"L33465","105231601"
"52-1731",46.86054,-87.91427,"L32579","105231679"
"52-1739",46.84751,-87.96993,"L38503","105231661"
"52-1741",46.83332,-87.92149,"L33635","105231727"
"52-1761",46.77938,-88.00031,"L37005","105232101"
"52-1778",46.89026,-87.91427,"L32968","105231485"
"52-1780",46.87999,-87.87566,"L32779","120019339"
"52-1782",46.87554,-87.8201,"L34374","105231495"
"52-1784",46.87137,-87.86316,"L35607","{B7776A61-8D79-4578-B608-F7B98CD57549}"
"52-1785",46.85943,-87.89482,"L35478","105231591"
"52-1786",46.86165,-87.8501,"L34069","{0E74B1EC-B50F-4FDC-9D1A-97A6E02DFDC1}"
"52-1793",46.89221,-87.94954,"L33138","105231479"
"52-1801",46.87193,-87.92788,"L34533","105231561"
"52-1802",46.87781,-88.04024,"L34308","105231571"
"52-1805",46.435,-87.78565,"L39537","152512268"
"52-1806",46.38015,-87.64481,"L38587","152512344"
"52-1807",46.44276,-87.80232,"L40744","152512263"
"52-1808",46.36238,-87.95209,"L45120","110735397"
"52-1809",46.48276,-87.12093,"L34076","109945776"
"52-181",46.28863,-87.36497,"L45231","152512491"
"52-1810",46.41473,-87.64781,"L41962","152512306"
"52-1811",46.30361,-87.62609,"L44836","152512445"
"52-1813",46.39372,-87.64427,"L36843","152512334"
"52-1814",46.4243,-87.63358,"L42423","152512298"
"52-1815",46.43069,-87.66654,"L36772","152512288"
"52-1816",46.37886,-87.95711,"L35468","110735281"
"52-1817",46.37095,-87.9449,"L45377","110735355"
"52-1818",46.36698,-87.9569,"L43709","110735371"
"52-1819",46.48086,-87.9153,"L35388","152512226"
"52-182",46.27693,-87.34815,"L45714","152512528"
"52-1820",46.4802,-87.87615,"L41511","152512225"
"52-1821",46.35364,-87.9473,"L45025","110735403"
"52-1822",46.80259,-87.72351,"L40758","105231855"
"52-1823",46.38915,-87.95257,"L36056","110735253"
"52-1824",46.48959,-87.90295,"L35433","152512220"
"52-1825",46.50255,-87.5091,"L37374","105233839"
"52-1826",46.37915,-87.94539,"L34392","110735305"
"52-1827",46.37848,-87.63713,"L42697","152512342"
"52-1828",46.42854,-87.6267,"L39629","152512297"
"52-1829",46.49518,-88.05529,"L35602","110734793"
"52-183",46.2861,-87.32649,"L44702","152512500"
"52-1830",46.50277,-87.51618,"L38776","105233843"
"52-1831",46.50492,-87.51573,"L37488","105233833"
"52-1832",46.2976,-87.16929,"L34610","92130878"
"52-1833",46.37402,-87.51696,"L34642","152512347"
"52-1834",46.36855,-87.50727,"L35909","152512354"
"52-1835",46.39329,-87.55575,"L41983","152512333"
"52-1836",46.27383,-87.31652,"L44457","152512533"
"52-1837",46.50467,-87.58895,"L39088","105233853"
"52-1838",46.43695,-87.99662,"L36233","152512262"
"52-1839",46.43042,-87.63812,"L40486","152512295"
"52-184",46.27638,-87.32843,"L43980","152512525"
"52-1840",46.40965,-87.6615,NA,NA
"52-1841",46.40557,-87.67248,NA,NA
"52-1842",46.44643,-87.61482,NA,NA
"52-1843",46.62976,-87.68239,"L37780","105233457"
"52-1844",46.69738,-87.59501,"L41041","105232761"
"52-1845",46.27097,-87.44105,"L44528","152512539"
"52-1846",46.26888,-87.44112,"L43557","152512545"
"52-1847",46.38074,-87.61855,"L39827","152512338"
"52-1848",46.36057,-87.9421,"L44491","110735401"
"52-1849",46.28272,-87.3883,"L45272","152512506"
"52-1850",46.43317,-87.87079,"L37065","152512282"
"52-1851",46.37634,-87.59647,"L41698","152512346"
"52-1852",46.67596,-87.95524,"L40626","105233145"
"52-1853",46.42165,-87.82789,"L42091","152512302"
"52-1854",46.30947,-87.63384,"L44567","152512429"
"52-1855",46.30669,-87.7305,"L48226",NA
"52-1856",46.25332,-87.36077,"L45680","152512565"
"52-1857",46.864,-87.7728,NA,NA
"52-1858",46.51576,-87.87406,NA,NA
"52-1859",46.46863,-87.35818,"L33474","109945910"
"52-186",46.28221,-87.31788,"L43569","152512507"
"52-188",46.28554,-87.28315,"L43151","109946674"
"52-192",46.27221,-87.35343,"L43156","152512540"
"52-196",46.25888,-87.37093,"L45492","152512555"
"52-199",46.3261,-87.38232,"L37607","109946602"
"52-20",46.1498,-87.344,"L43671","152512599"
"52-203",46.31499,-87.39399,"L37759","109946618"
"52-21",46.15024,-87.35361,"L45550","152512598"
"52-212",46.29999,-87.36371,"L43565","152512467"
"52-218",46.3021,-87.36845,"L44453","152512462"
"52-221",46.28832,-87.37871,"L44780","152512488"
"52-226",46.29249,-87.40065,"L44068","152512483"
"52-240",46.27578,-87.38921,"L44324","152512526"
"52-243",46.28547,-87.40697,"L46436","152512502"
"52-245",46.27888,-87.38643,"L43915","152512516"
"52-246",46.2761,-87.37399,"L44363","152512515"
"52-248",46.26582,-87.41149,"L43149","152512551"
"52-255",46.26582,-87.42149,"L43753","152512548"
"52-256",46.27193,-87.41899,"L45354","152512535"
"52-258",46.25971,-87.4801,"L43631","152512557"
"52-259",46.25832,-87.49482,"L43435","152512556"
"52-261",46.24749,-87.48343,"L45234","152512568"
"52-263",46.25443,-87.42482,"L43113","152512563"
"52-265",46.25249,-87.39815,"L43315","152512562"
"52-273",46.30387,-87.55211,"L44997","152512446"
"52-274",46.3086,-87.51538,"L43716","152512421"
"52-275",46.29554,-87.53149,"L43775","152512464"
"52-277",46.29382,-87.57575,"L45836","152512475"
"52-287",46.2791,-87.56011,"L43433","152512510"
"52-291",46.26832,-87.5076,"L44891","152512532"
"52-295",46.27229,-87.53112,"L44291","152512531"
"52-297",46.26693,-87.57593,"L45068","152512544"
"52-304",46.26804,-87.58704,"L44525","152512546"
"52-305",46.26332,-87.59204,"L43903","152512549"
"52-308",46.26554,-87.60038,"L44279","152512542"
"52-319",46.25665,-87.51232,"L44100","152512559"
"52-321",46.313803,-87.737513,"L45127","152512416"
"52-326",46.33301,-87.68096,"L41570","152512383"
"52-330",46.31764,-87.7109,"L46133","152512403"
"52-331",46.31326,-87.69199,"L45733","152512404"
"52-337",46.31054,-87.72427,"L43347","152512424"
"52-338",46.3136,-87.73732,"L45127","152512416"
"52-341",46.30971,-87.73871,"L46113","152512426"
"52-346",46.30749,-87.6776,"L45233","152512427"
"52-348",46.30812,-87.63019,"L44567","152512429"
"52-351",46.29415,-87.63427,"L46177","152512469"
"52-353",46.28971,-87.64204,"L45199","152512493"
"52-354",46.29269,-87.64528,"L45747","152512471"
"52-362",46.29832,-87.73954,"L44257","152512449"
"52-367",46.28499,-87.65788,"L44411","152512495"
"52-369",46.28657,-87.63774,"L45199","152512493"
"52-373",46.27915,-87.63538,"L45063","152512505"
"52-379",46.268975,-87.622701,"L43736","152512538"
"52-383",46.26072,-87.62685,"L46029","152512554"
"52-384",46.26164,-87.63353,"L44671","152512553"
"52-387",46.25637,-87.68482,"L43231","152512558"
"52-394",46.33193,-87.77315,"L40086","152512385"
"52-395",46.33054,-87.78649,"L37791","152512387"
"52-405",46.32181,-87.84362,"L46320","152512399"
"52-406",46.32374,-87.84647,"L35948","152512396"
"52-408",46.32082,-87.85732,"L44768","152512401"
"52-412",46.32304,-87.86482,"L44432","152512398"
"52-414",46.30471,-87.84427,"L43476","152512436"
"52-420",46.31471,-87.78565,"L45781","152512410"
"52-433",46.31554,-87.76121,"L46004","152512407"
"52-437",46.31436,-87.7744,"L43205","152512413"
"52-438",46.31304,-87.77649,"L43960","152512420"
"52-444",46.31387,-87.75593,"L43166","152512415"
"52-455",46.28966,-87.77818,"L45894","152512470"
"52-457",46.30165,-87.78093,"L45395","152512442"
"52-465",46.29804,-87.83065,"L43318","152512452"
"52-486",46.28838,-87.77083,"L44894","152512485"
"52-497",46.27304,-87.86704,"L44493","152512513"
"52-504",46.33526,-87.90343,"L43682","110735487"
"52-505",46.3236,-87.92454,"L44643","110735533"
"52-515",46.30415,-87.94899,"L44978","110735649"
"52-527",46.31471,-87.87093,"L43639","152512406"
"52-536",46.29832,-87.91621,NA,NA
"52-537",46.28776,-87.91899,"L45015","{F4604D38-A062-4F5F-AC93-E84AF007ACDA}"
"52-540",46.30082,-87.93593,"L43428","110735657"
"52-542",46.29971,-87.95538,"L43220","110735673"
"52-556",46.27915,-87.92538,"L44973","152512498"
"52-572",46.26804,-87.91177,"L44367","152512529"
"52-576",46.2686,-87.93149,"L44125","152512527"
"52-577",46.26943,-87.93341,"L43495","152512524"
"52-578",46.26926,-87.93643,"L45512","152512521"
"52-581",46.26471,-87.94982,"L45858","110735871"
"52-587",46.26665,-87.99288,"L45507","110735885"
"52-589",46.25304,-87.9751,"L45113","110735965"
"52-606",46.3286,-87.99732,"L44712","110735543"
"52-610",46.32087,-88.04985,"L45642","110735595"
"52-611",46.33443,-88.05899,"L46267","110735525"
"52-614",46.33304,-88.08621,"L45212","110735547"
"52-617",46.31693,-88.0851,"L46009","110735627"
"52-620",46.33221,-88.0951,"L45874","110735537"
"52-621",46.31443,-88.09621,"L45105","110735633"
"52-623",46.29887,-88.06427,"L44524","110735659"
"52-626",46.31637,-88.03788,"L45703","110735613"
"52-627",46.30915,-88.04482,"L45473","110735647"
"52-628",46.31443,-88.04371,"L44657","110735619"
"52-629",46.30693,-88.02121,"L43139","110735651"
"52-636",46.29386,-88.01961,"L44656","110735721"
"52-638",46.28471,-88.0251,"L44769","110735741"
"52-639",46.30048,-88.0253,"L46254","110735679"
"52-642",46.2961,-88.04649,"L45298","110735705"
"52-644",46.28804,-88.05871,"L43254","{9F789D79-70EF-4883-90E9-2B3E345B6D80}"
"52-649",46.2886,-88.09982,"L43407","110735755"
"52-650",46.29804,-88.09343,"L44433","110735713"
"52-652",46.28165,-88.11677,"L46052","110735841"
"52-660",46.28304,-88.06815,"L46358","110735809"
"52-661",46.28193,-88.04482,"L44776","110735835"
"52-662",46.27415,-88.04149,"L43522","110735863"
"52-663",46.28026,-88.0376,"L44637","110735823"
"52-664",46.2748,-88.03322,"L43923","110735851"
"52-666",46.27832,-88.00871,"L44585","110735793"
"52-675",46.27193,-88.03399,"L43245","110735873"
"52-679",46.26058,-88.04397,"L45560","110735923"
"52-683",46.26165,-88.0901,"L45974","110735941"
"52-686",46.25554,-88.08843,"L43795","110735975"
"52-688",46.25249,-88.07288,"L44132","110736005"
"52-691",46.25943,-88.05649,"L44802","110735939"
"52-700",46.37698,-87.21756,"L35880","109946340"
"52-706",46.3411,-87.33482,"L37535","109946514"
"52-708",46.33693,-87.32815,"L39521","109946524"
"52-710",46.34554,-87.34343,"L32609","109946486"
"52-710.1",46.39915,-87.44871,"L35336","152512328"
"52-714",46.38082,-87.45454,"L35035","152512345"
"52-755",46.41999,-87.69843,"L38677","152512307"
"52-777",46.37304,-87.67121,"L37491","152512348"
"52-78",46.18078,-87.25188,"L43551","92131136"
"52-785",46.35499,-87.64963,"L36710","152512362"
"52-807",46.40033,-87.78992,"L32715","152512326"
"52-808",46.39807,-87.78732,"L36597","152512327"
"52-811",46.38665,-87.8001,"L34078","152512336"
"52-812",46.36693,-87.82649,"L32700","152512353"
"52-821",46.34915,-87.86927,"L32736","152512368"
"52-823",46.33832,-87.80204,"L36224","152512379"
"52-83",46.23832,-87.47899,"L45324","152512570"
"52-839",46.40165,-87.98565,"L48345",NA
"52-840",46.40497,-87.97826,"L33243","110735181"
"52-844",46.38978,-87.98648,NA,NA
"52-846",46.40082,-87.95565,"L34380","110735183"
"52-847",46.39665,-87.96288,"L34885","110735243"
"52-851",46.40054,-87.89399,"L34000","152512322"
"52-855",46.36489,-87.97289,"L48346",NA
"52-859",46.37443,-87.93565,"L43556","110735327"
"52-861",46.36776,-87.92815,"L45885","110735357"
"52-863",46.36774,-87.93524,"L45307","110735353"
"52-865",46.37443,-87.92565,"L43217","110735333"
"52-87",46.2436,-87.49121,"L48227",NA
"52-871",46.3511,-87.96232,"L45353","110735439"
"52-876",46.33943,-87.89204,"L35613","110735469"
"52-877",46.34165,-87.9051,"L35427","110735461"
"52-88",46.23887,-87.49399,"L48441",NA
"52-908",46.381163,-88.073991,"L33109","110735339"
"52-91",46.22221,-87.49177,"L43982","152512577"
"52-913",46.35887,-88.0701,"L44011","110735421"
"52-914",46.37443,-87.99871,"L32580","110735343"
"52-915",46.36749,-87.99649,"L44328","110735373"
"52-92",46.22546,-87.4715,"L44644","152512576"
"52-926",46.35137,-88.08677,"L45092","110735463"
"52-931",46.34415,-88.10565,"L45522","110735509"
"52-941",46.33689,-88.02836,"L43464","110735515"
"52-944",46.47859,-87.21493,"L34851","109945792"
"52-951",46.47221,-87.23343,"L33901","109945804"
"52-968",46.48576,-87.33734,"L33736","109945786"
"52-975",46.46638,-87.27621,"L33826","109945884"
"52-983",46.4611,-87.27927,"L34021","109945924"
"52-988",46.50026,-87.39427,"L32185","109945718"
"52-989",46.49332,-87.44565,"L35195","105233863"
"52-99",46.20954,-87.48603,"L44227","152512585"
"52-991",46.49499,-87.46149,"L36674","105233865"
"52-994",46.48165,-87.43204,"L32201","105233891"
"52-996",46.43332,-87.48343,"L33435","152512291"
"52-997",46.42776,-87.43177,"L33549","109946160"
"53-10",43.88915,-86.18898,"L17271","82816840"
"53-100",43.99165,-86.30565,"L17916","82816012"
"53-101",43.98332,-86.32509,"L16412","82816122"
"53-116",43.97943,-86.44843,"L20342","82816184"
"53-12",43.89693,-86.23704,"L15717","82816782"
"53-123",43.94304,-86.44787,"L17203","82816600"
"53-13",43.88888,-86.24148,"L15213","82816882"
"53-130",44.06054,-86.12065,"L20122","82815318"
"53-131",44.06749,-86.1376,"L17428","82815300"
"53-132",44.07221,-86.15148,"L14356","82815282"
"53-133",44.05499,-86.16148,"L20828","82815366"
"53-134",44.0561,-86.13093,"L14476","82815348"
"53-135",44.04749,-86.12093,"L14202","82815358"
"53-138",44.03888,-86.11121,"L19993","82815444"
"53-139",44.03054,-86.07926,"L16279","82815474"
"53-140",44.02721,-86.09787,"L17987","82815516"
"53-141",44.01749,-86.04176,"L22270","82815590"
"53-143",44.00832,-86.11454,"L15875","82815694"
"53-144",44.00999,-86.13704,"L19367","82815702"
"53-148",44.06888,-86.17093,"L18373","82815314"
"53-15",43.87721,-86.22787,"L14769","82817000"
"53-150",44.07221,-86.17898,"L21643","82815302"
"53-151",44.08193,-86.17482,"L14759","82815234"
"53-152",44.06415,-86.18621,"L16249","82815326"
"53-153",44.07832,-86.1976,"L15352","82815272"
"53-155",44.0376,-86.49111,"L18835","82815984"
"53-163",44.07728,-86.4559,"L19438","82815360"
"53-164",44.07739,-86.46113,"L16596","82815350"
"53-173",44.04415,-86.49232,"L18835","82815984"
"53-179",44.02656,-86.45245,"L22807","82815748"
"53-180",44.01471,-86.45371,"L19144","82815914"
"53-184",44.1561,-86.15176,"L17192","60091130"
"53-185",44.12388,-86.11204,"L14978","82815062"
"53-187",44.12332,-86.12898,"L20352","82815060"
"53-192",44.14804,-86.19482,"L20817","82815002"
"53-196",44.1736,-86.29732,"L15037","82814954"
"53-20",43.8711,-86.18343,"L15669","82817022"
"53-200",44.09304,-86.43807,"L19676","82815290"
"53-201",43.89445,-86.43876,"L30958","82816854"
"53-202",43.94448,-86.41048,"L17540","82816442"
"53-203",43.94435,-86.4065,"L18537","82816440"
"53-204",43.9448,-86.40431,"L15466","82816452"
"53-205",43.94443,-86.40258,"L14623","82816448"
"53-206",43.91725,-86.38125,"L18842","82816710"
"53-207",44.00067,-86.46941,"L16071","82816048"
"53-208",43.94404,-86.27305,NA,NA
"53-209",43.92692,-86.42657,"L18464","82816660"
"53-210",43.95009,-86.38198,"L48337",NA
"53-211",43.9531,-86.3881,"L48338",NA
"53-212",43.94949,-86.38966,"L48336",NA
"53-213",43.90792,-86.14991,"L17482","82816640"
"53-214",43.91263,-86.14081,NA,NA
"53-215",43.8387,-86.15903,"L22444","82817386"
"53-216",43.93131,-86.42524,"L18258","82816596"
"53-217",43.85948,-86.23985,NA,NA
"53-218",44.02533,-86.47158,"L19076","82815776"
"53-219",43.82229,-86.12117,"L19153","82817504"
"53-220",43.9152,-86.38588,"L16547","82816714"
"53-221",44.11327,-86.2385,"L21224","82815116"
"53-222",43.83783,-86.28631,"L14451","82817478"
"53-24",43.87221,-86.23759,"L14349","82817062"
"53-25",43.85832,-86.24454,"L19501","82817176"
"53-28",43.86999,-86.24926,"L19020","82817120"
"53-3",43.82998,-86.05304,"L22198","82817354"
"53-30",43.85572,-86.23113,"L15668","82817224"
"53-48",43.85054,-86.31843,"L19008","82817372"
"53-51",43.83499,-86.29176,"L19423","82817512"
"53-52",43.84276,-86.31537,"L15544","82817450"
"53-53",43.84113,-86.31962,"L22202","82817452"
"53-56",43.8911,-86.41093,"L27149","82816976"
"53-63.1",43.83319,-86.41958,"L14677","82817604"
"53-64",43.97765,-86.07545,"L17003","82815980"
"53-65",43.97521,-86.07962,"L17003","82815980"
"53-66",43.99054,-86.10704,"L16861","82815850"
"53-67-GRP",43.96388,-86.10148,"L16339","82816138"
"53-69",43.95665,-86.09176,"L21781","82816140"
"53-71",43.94971,-86.08537,"L22354","82816224"
"53-76",43.94499,-86.08982,"L22172","82816282"
"53-78",43.92136,-86.09285,"L18533","82816456"
"53-79",43.92333,-86.09782,"L17431","82816444"
"53-8",43.81915,-86.11259,"L18593","82817530"
"53-83",43.90971,-86.15565,"L19575","82816634"
"53-84",43.97888,-86.17287,"L20950","82816064"
"53-85",43.98145,-86.1951,"L20850","82816038"
"53-87",43.97443,-86.1832,"L14911","82816104"
"53-9",43.82721,-86.04898,"L17705","82817404"
"53-98",43.90999,-86.18926,"L15250","82816656"
"54-100",43.68777,-85.13676,"L16947","150436777"
"54-103",43.65388,-85.12009,"L17591","{B89819DD-E168-485A-84C5-8166EC6D4435}"
"54-104",43.65582,-85.12343,"L20082","{DF929EEF-E80D-4225-8C00-7E9E4F4A5330}"
"54-105",43.65249,-85.13898,"L14758","121860077"
"54-106",43.65388,-85.15148,"L8618","121860079"
"54-107",43.65971,-85.16315,"L4734","121860065"
"54-109",43.66693,-85.18426,"L416","121860047"
"54-111",43.71054,-85.21676,"L10868","{43E752CC-9FBE-4426-82ED-8537CEACD39C}"
"54-112",43.72027,-85.21537,"L10216","{7A326647-434D-4E61-99CA-71D1481868AE}"
"54-113",43.71832,-85.23398,"L13078","{E60A9522-34CB-407A-8810-6C6AA2002573}"
"54-114",43.71749,-85.23926,"L11531","{BA59515C-41E7-4856-A81E-6E794982AAB3}"
"54-115",43.72721,-85.23371,"L8314","{7109D867-DAAA-49EA-A60F-64BE0220A746}"
"54-116",43.69999,-85.26287,"L2759","121859991"
"54-117",43.70415,-85.22454,"L7887","{7E96B92F-D92D-4ACD-9DF6-C673907E253B}"
"54-118",43.6961,-85.23482,"L367","150436762"
"54-120",43.71027,-85.23259,"L1674","{29F665AB-2F35-4289-8876-3020DE7F6218}"
"54-121",43.70915,-85.24037,"L14092","{33DF2AC2-0212-4699-8E39-3A1B6D2B5BD8}"
"54-124",43.70586,-85.20733,"L693","150436753"
"54-125",43.7011,-85.21815,"L5592","{2697092B-FC57-4982-8E24-35B74AF49537}"
"54-126",43.69693,-85.22593,"L2597","150436765"
"54-128",43.7178,-85.25245,"L49011",NA
"54-135",43.68777,-85.24954,"L4068","121864967"
"54-136",43.67721,-85.25815,"L2861","121860038"
"54-140",43.68971,-85.27787,"L15743","121860023"
"54-147",43.64693,-85.25926,"L18002","121860098"
"54-148",43.71221,-85.33065,"L18713","121859984"
"54-149",43.72082,-85.34232,"L19237","121859967"
"54-15",43.49888,-85.29454,"L14392","121860388"
"54-150",43.72665,-85.37454,"L16910","121859956"
"54-151",43.71415,-85.37371,"L22125","121859989"
"54-152",43.72888,-85.40426,"L18764","121859952"
"54-153",43.72027,-85.44204,"L15320","121859981"
"54-157",43.70887,-85.39015,"L14288","121859994"
"54-158",43.70165,-85.36509,"L14182","121860009"
"54-161",43.69965,-85.36221,"L17624","121860014"
"54-163",43.70082,-85.33926,"L22846","121860007"
"54-165",43.69804,-85.35732,"L16198","121860018"
"54-173",43.6786,-85.39426,"L21363","121860062"
"54-177",43.71638,-85.45398,"L20796","121859996"
"54-179",43.72104,-85.45776,"L15208","121859987"
"54-182",43.71034,-85.48263,NA,NA
"54-194",43.8086,-85.15565,"L11747","150436670"
"54-195",43.79971,-85.16037,"L3118","150436681"
"54-197",43.80554,-85.17232,"L1787","150436677"
"54-20",43.48749,-85.43871,"L22345","121860446"
"54-202",43.7911,-85.20732,"L9486","150436691"
"54-205",43.74629,-85.14672,"L46706","150436731"
"54-209",43.80388,-85.21648,"L4563","150436678"
"54-210",43.80082,-85.24732,"L5224","150436684"
"54-213",43.80193,-85.27454,"L7094","121859680"
"54-217",43.7986,-85.31009,"L10795","121859697"
"54-219",43.80971,-85.30704,"L6060","121859674"
"54-221",43.78527,-85.28482,"L10950","150436701"
"54-228",43.77443,-85.22371,"L8345","150436708"
"54-230",43.78054,-85.30009,"L11656","150436703"
"54-232",43.75443,-85.29815,"L2504","150436722"
"54-240",43.75193,-85.22732,"L9869","150436727"
"54-245",43.75027,-85.31815,"L17783","{4FCCF22E-687B-4A0C-9D99-32DF96AA3A73}"
"54-246",43.73749,-85.22787,"L8874","{2641CB28-3DFF-4BC0-92A4-224EEBBC8A31}"
"54-257",43.79999,-85.40648,"L22867","121859716"
"54-261",43.78471,-85.44343,"L17535","121859774"
"54-262",43.79721,-85.40759,"L22867","121859716"
"54-264",43.78999,-85.37732,"L16406","121859746"
"54-27",43.53721,-85.50482,"L21406","121860355"
"54-270",43.77319,-85.39478,"L21930","121859806"
"54-271",43.78054,-85.41093,"L16128","121859789"
"54-277",43.76568,-85.37689,"L17838","121859864"
"54-28",43.52777,-85.50037,"L18847","121860364"
"54-280",43.75498,-85.34407,"L22282","121859857"
"54-281",43.74789,-85.35357,"L19380","121859866"
"54-29",43.50082,-85.51065,"L16803","121860427"
"54-292",43.75492,-85.35918,NA,NA
"54-293",43.74291,-85.36363,"L17702","121859887"
"54-298",43.73986,-85.4075,"L14214","121859930"
"54-299",43.7461,-85.42871,"L19214","121859916"
"54-300",43.7511,-85.43037,"L15439","121859892"
"54-303",43.73696,-85.44316,"L20407","121859945"
"54-305",43.73276,-85.41583,"L15083","121859948"
"54-306",43.73665,-85.41565,"L15846","121859938"
"54-307",43.73001,-85.38268,"L14257","121859949"
"54-328",43.76943,-85.45371,"L14547","121859842"
"54-331",43.75304,-85.44509,"L15409","121859889"
"54-342",43.73165,-85.44815,"L15287","121859963"
"54-344",43.71605,-85.11014,"L22027","150436750"
"54-345",43.56082,-85.27198,"L17202","121860257"
"54-346",43.57595,-85.30519,"L17497","121860225"
"54-347",43.59595,-85.3161,"L17850","121860198"
"54-348",43.77432,-85.26724,"L10724","150436709"
"54-349",43.74088,-85.41122,"L18628","121859927"
"54-350",43.80887,-85.22196,"L4243","150436667"
"54-351",43.80931,-85.19647,"L815","150436671"
"54-352",43.59118,-85.29047,"L19155","121860202"
"54-353",43.73175,-85.34313,"L21700","121859933"
"54-354",43.57279,-85.2925,"L20596","121860236"
"54-355",43.56525,-85.30304,"L14752","121860264"
"54-356",43.56353,-85.30735,"L19600","121860267"
"54-357",43.56196,-85.28001,"L20680","121860279"
"54-358",43.72521,-85.41994,"L22744","121859970"
"54-359",43.70704,-85.27493,"L3743","121859983"
"54-360",43.7567,-85.23729,"L5090","150436724"
"54-361",43.74389,-85.51231,"L15248","121859941"
"54-362",43.73135,-85.41427,"L19581","121859955"
"54-363",43.66837,-85.50296,"L21032","121860097"
"54-364",43.71076,-85.09855,"L18075","150436752"
"54-365",43.65421,-85.10716,NA,NA
"54-366",43.52173,-85.10221,"L4344","150436872"
"54-367",43.4942,-85.16282,"L21958","152706963"
"54-370",43.7398,-85.34415,"L19951","121859917"
"54-371",43.70762,-85.09706,"L48207",NA
"54-38",43.6386,-85.18398,"L14284","121860100"
"54-39",43.64027,-85.19621,"L14272","121860099"
"54-40",43.61749,-85.16537,"L20884","121860136"
"54-41",43.59249,-85.19732,"L22177","121860182"
"54-42",43.58304,-85.14121,"L18221","150436832"
"54-43",43.5711,-85.16343,"L16948","150436839"
"54-47",43.5646,-85.14355,"L2036","150436843"
"54-48",43.62961,-85.2996,"L20405","121860131"
"54-49",43.6318,-85.29988,"L19813","121860122"
"54-51",43.62054,-85.30982,"L22888","{204B8A6D-F555-4756-84BE-C0FB3DF0A18A}"
"54-53",43.61971,-85.28371,"L22741","121860154"
"54-54",43.61304,-85.29759,"L18849","121860155"
"54-57",43.59665,-85.27343,"L15178","121860166"
"54-61",43.58304,-85.30787,"L19073","121860210"
"54-7",43.51193,-85.18537,"L21722","152706959"
"54-74",43.61388,-85.47926,"L17826","121860170"
"54-76",43.62239,-85.33859,"L17411","121860150"
"54-80",43.48817,-85.62984,"L14490","121860494"
"54-89",43.72304,-85.20454,"L12966","150436747"
"54-90",43.71782,-85.18328,"L4105","{D9107D6B-6602-4B50-9488-649665FFD7F9}"
"54-91",43.69527,-85.20037,"L3436","150436766"
"54-94",43.70443,-85.09482,"L20925","150436754"
"54-99",43.68249,-85.12648,"L17953","150436780"
"55-1",45.10802,-87.65854,NA,NA
"55-10",45.40588,-87.47106,NA,NA
"55-11",45.43276,-87.43982,"L43674","155413438"
"55-14",45.45721,-87.52343,"L43406","155413432"
"55-15",45.46276,-87.74787,"L44306","75475791"
"55-16",45.45554,-87.75037,"L45623","75475805"
"55-17",45.45249,-87.75704,"L43402","75475817"
"55-18",45.44026,-87.76343,"L45735","75475851"
"55-2",45.10765,-87.66013,"L48458",NA
"55-20",45.4236,-87.7426,"L43761","75475907"
"55-21",45.4286,-87.77649,"L45121","75475899"
"55-23",45.42526,-87.80649,"L45091","75475931"
"55-24",45.42276,-87.81537,"L45091","75475931"
"55-25",45.43165,-87.81871,"L45618","75475897"
"55-26",45.41804,-87.80954,"L48210","75475945"
"55-27",45.4136,-87.81565,"L43789","75475945"
"55-28",45.42082,-87.82343,"L45091","75475931"
"55-29",45.39832,-87.80093,"L43370","75476003"
"55-3",45.25943,-87.59704,"L44442","75476195"
"55-30",45.39082,-87.81926,"L45159","75476031"
"55-31",45.41971,-87.8351,"L45091","75475931"
"55-32",45.42387,-87.84732,"L44276","75475929"
"55-35",45.51137,-87.52982,"L44090","75475533"
"55-37",45.48193,-87.48871,"L45580","155413427"
"55-38",45.51361,-87.60151,NA,NA
"55-39",45.54609,-87.76642,"L44480","75475431"
"55-40",45.54165,-87.76954,"L45723","75475485"
"55-41",45.51396,-87.80202,"L48212","120008460"
"55-42",45.48582,-87.7376,"L44136","75475705"
"55-43",45.48491,-87.7979,"L48212","120008460"
"55-45",45.47387,-87.72565,"L44872","75475751"
"55-46",45.59252,-87.41886,"L43167","155413403"
"55-48",45.63443,-87.5226,"L46363","75474911"
"55-49",45.57249,-87.66871,"L43955","75475279"
"55-5",45.36443,-87.50065,"L45454","155413451"
"55-50",45.63637,-87.76843,"L46002","75475001"
"55-53",45.72471,-87.42565,"L46038","155413379"
"55-54",45.67721,-87.54121,"L43609","155413389"
"55-55",45.66721,-87.45426,"L46263","155413393"
"55-56",45.6561,-87.54871,"L46144","155413394"
"55-57",45.64332,-87.54093,"L46404","75474881"
"55-58",45.70984,-87.61177,"L43867","75474379"
"55-59",45.69082,-87.69176,"L46291","75474587"
"55-6",45.36415,-87.51371,"L45956","155413450"
"55-62",45.64499,-87.78204,"L44171","75474945"
"55-64",45.75749,-87.42871,"L46170","155413372"
"55-65",45.75082,-87.42843,"L45410","155413374"
"55-66",45.7361,-87.34704,"L44542","155413376"
"55-7",45.30582,-87.55399,"L44783","75476163"
"55-71",45.78693,-87.67121,"L45584","155413367"
"55-73",45.77499,-87.6651,"L44998","75473925"
"55-74",45.76471,-87.62315,"L43784","155413369"
"55-75",45.88736,-87.36385,"L45657","155413346"
"55-77",45.8311,-87.46038,"L44826","155413356"
"55-8",45.36246,-87.65631,"L45079","75476059"
"55-9",45.36022,-87.76683,"L45425","75476085"
"55-93",45.91387,-87.58232,"L44026","155413340"
"55-94",45.39276,-87.48232,"L46057","155413445"
"55-95",45.48335,-87.79448,"L45419","75475719"
"55-96",45.55687,-87.43572,"L47656","155413414"
"55-97",45.50965,-87.45822,NA,NA
"56-14",43.67693,-84.38009,"L1639","149759448"
"56-16",43.79554,-84.26542,"L9709","152868378"
"56-17",43.57606,-84.22139,"L13296","149759476"
"56-18",43.7535,-84.54987,NA,NA
"56-18-GRP",43.59021,-84.23741,"L6910","149759473"
"56-19",43.74744,-84.45521,"L9965","149759414"
"56-20",43.6078,-84.19495,"L7112","149759466"
"56-21",43.72091,-84.43726,"L7453","149759432"
"56-22",43.70859,-84.39489,NA,NA
"56-23",43.63807,-84.48571,"L7996","149759459"
"56-24",43.70525,-84.42623,"L9531","149759445"
"56-25",43.81793,-84.18091,"L3992","152868372"
"56-26",43.76225,-84.42379,"L783","149759404"
"56-27",43.81363,-84.2533,"L3557","152868375"
"56-28",43.70677,-84.43717,"L10124","149759443"
"56-29",43.8273,-84.32895,"L8404","149759370"
"56-6.1",43.61849,-84.17375,"L9824","152868511"
"56-8",43.5952,-84.22461,NA,NA
"57-102",44.35332,-85.2476,"L7823","121857894"
"57-104",44.35221,-85.25621,"L12898","121857887"
"57-106",44.35415,-85.26871,"L4520","121857880"
"57-107",44.35582,-85.30871,"L16667","121857893"
"57-108",44.36138,-85.32315,"L18633","121857869"
"57-110",44.3461,-85.32398,"L21834","121857959"
"57-123",44.34197,-85.26031,"L7302","121857954"
"57-124",44.34239,-85.25409,"L6657","121857938"
"57-129",44.34943,-85.24621,"L5977","121857898"
"57-13",44.24495,-85.09734,NA,NA
"57-132",44.34685,-85.2543,"L2208","121857910"
"57-133",44.50277,-84.92871,"L3933","{38D202DF-9DF4-44F5-9AED-7A1E1A93DCAB}"
"57-134",44.49521,-84.96472,"L9921","60088548"
"57-143",44.5086,-85.01176,"L4306","60088532"
"57-149",44.47378,-85.0057,"L8940","121857625"
"57-160",44.4321,-85.13807,"L13017","121857667"
"57-166",44.49119,-84.97686,"L11148","60088584"
"57-167",44.30118,-84.86572,"L12246","121857968"
"57-168",44.35101,-85.31119,"L19362","121857924"
"57-169",44.17337,-84.92689,"L8162","121858513"
"57-170",44.45424,-84.9546,"L12901","121857628"
"57-171",44.22558,-85.20766,"L9811","121858430"
"57-172",44.34509,-84.99389,"L6194","121857835"
"57-45",44.32221,-85.24676,"L1856","121857955"
"57-5",44.24142,-85.08966,"L10161","121858328"
"57-53",44.33388,-85.28121,"L10694","121857961"
"57-56",44.32277,-85.32426,"L4621","121858065"
"57-6",44.22193,-85.00676,"L10459","121858376"
"57-64",44.31527,-85.33454,"L14667","121858104"
"57-70",44.3161,-85.27093,"L15468","121858052"
"57-78",44.28039,-85.3118,"L22350","121858252"
"57-80",44.41666,-84.88982,"L2533","121857652"
"57-9",44.2041,-84.99211,"L48294",NA
"57-98",44.37582,-85.26411,"L11720","121857806"
"57-99",44.36999,-85.25093,"L3090","121857810"
"58-141",41.9762,-83.24923,"L48418",NA
"58-152",41.96579,-83.25575,NA,NA
"58-154",41.95047,-83.26043,"L16127","149425752"
"58-187",41.90645,-83.34162,"L15914","149425786"
"58-237",41.89617,-83.33786,NA,NA
"58-261",41.78403,-83.74629,"L49002",NA
"58-264",41.7886,-83.73537,"L16699","149425869"
"58-271",41.80473,-83.61174,"L21394","149425860"
"58-272",41.78795,-83.58188,"L17486","149425867"
"58-293",41.78195,-83.44545,NA,NA
"58-311",42.06683,-83.56322,"L15345","149425720"
"58-312",41.88327,-83.3727,"L14777","149425804"
"58-313",41.85248,-83.64704,NA,NA
"58-314",41.75122,-83.66174,"L20585","149425878"
"58-315",41.95249,-83.54947,"L20172","151874058"
"58-316",42.06649,-83.38632,"L15026","149425722"
"58-317",41.99964,-83.24094,NA,NA
"58-318",42.03267,-83.35163,"L14303","149425735"
"58-319",41.79823,-83.44738,NA,NA
"58-320",41.73736,-83.65763,"L20936","149425891"
"58-321",42.00092,-83.22907,NA,NA
"58-322",41.74502,-83.50292,"L21728","149425880"
"58-323",41.95664,-83.27386,"L17542","149425751"
"58-324",41.9535,-83.27425,"L22668","149425757"
"58-325",41.81791,-83.66641,"L16524","149425849"
"58-326",41.82089,-83.66573,NA,NA
"58-327",41.81784,-83.66967,"L16524","149425849"
"58-328",41.99028,-83.6509,"L21392","151874003"
"58-329",42.07673,-83.36776,"L17459","149425709"
"58-330",42.06904,-83.36231,"L17027","149425710"
"58-331",42.08433,-83.37334,"L22708","149425705"
"58-332",41.79299,-83.44508,NA,NA
"58-333",41.91791,-83.6747,"L15068","151874085"
"58-334",41.86665,-83.64201,"L17481","149425814"
"58-335",42.01401,-83.33972,"L17159","149425738"
"58-336",42.01026,-83.33821,"L19264","149425740"
"58-337",42.00395,-83.33824,"L19939","149425743"
"58-338",41.90361,-83.56446,"L14936","149425798"
"58-339",41.90581,-83.56301,"L16358","149425792"
"58-340",41.97905,-83.39375,"L18300","149425746"
"58-341",41.98816,-83.65682,"L21811","151874010"
"58-342",41.84109,-83.65928,"L17374","149425834"
"58-343",41.83262,-83.43338,NA,NA
"58-344",41.85442,-83.65767,NA,NA
"58-345",41.89975,-83.36896,NA,NA
"58-346",41.78655,-83.64006,"L19832","149425870"
"58-347",41.81851,-83.63758,"L17032","149425847"
"58-348",41.79102,-83.57612,"L16080","149425866"
"58-36",42.02195,-83.21723,NA,NA
"58-88",41.79422,-83.44771,NA,NA
"59-100",43.15894,-85.29881,"L18780","152707365"
"59-101",43.15527,-85.29176,"L18649","152707376"
"59-111",43.15249,-85.23458,"L20110","152707384"
"59-116",43.14638,-85.19787,"L16254","152707406"
"59-132",43.27721,-84.95787,"L11911","151870589"
"59-133",43.26193,-84.93148,"L6111","151870594"
"59-134",43.27384,-84.91803,"L9812","151870592"
"59-135",43.26832,-84.87676,"L14045","151870590"
"59-155",43.25221,-85.05982,"L5991","151870608"
"59-156",43.25045,-85.07065,"L6530","151870609"
"59-157",43.23749,-85.00259,"L3545","151870616"
"59-158",43.23804,-84.98982,"L8267","151870620"
"59-159",43.23971,-84.97315,"L9124","151870619"
"59-160",43.23832,-84.95732,"L7705","151870618"
"59-163",43.22527,-85.02593,"L12392","152707194"
"59-164",43.23082,-85.04509,"L13697","151870622"
"59-166",43.22082,-85.06315,"L211","151870631"
"59-167",43.22582,-85.06093,"L2624","151870626"
"59-168",43.22166,-85.07065,"L7096","151870629"
"59-17",43.15166,-84.98093,"L11033","152707379"
"59-172",43.27915,-85.10676,"L4182","151870588"
"59-175",43.28554,-85.13176,"L8062","151870582"
"59-176",43.28832,-85.11426,"L3388","151870577"
"59-177",43.28082,-85.13843,"L4270","151870584"
"59-179",43.28249,-85.14759,"L3306","152707096"
"59-18",43.14499,-84.98426,"L14123","152707405"
"59-182",43.29388,-85.16704,"L20292","152707066"
"59-184",43.24165,-85.1887,"L21720","152707161"
"59-189",43.27499,-85.12704,"L1862","151870593"
"59-190",43.26304,-85.09176,"L17266","151870602"
"59-192",43.26721,-85.07926,"L5535","151870598"
"59-193",43.25629,-85.08232,"L2959","151870607"
"59-194",43.25493,-85.08582,"L14009","151870606"
"59-196",43.2586,-85.10259,"L21867","151870603"
"59-2",43.17961,-84.85518,"L5985","151870639"
"59-20",43.13471,-85.05426,"L5159","152707441"
"59-201",43.22304,-85.08315,"L5644","151870628"
"59-206",43.20943,-85.07676,"L6330","152707228"
"59-207",43.21915,-85.09176,"L18313","151870633"
"59-210",43.26632,-85.25387,"L18952","152707101"
"59-211",43.28221,-85.26732,"L15851","152707097"
"59-212",43.28915,-85.28065,"L18576","152707080"
"59-224",43.2586,-85.26843,"L17961","152707134"
"59-226",43.25415,-85.30926,"L17316","152707146"
"59-227",43.2586,-85.30732,"L22388","152707131"
"59-228",43.24026,-85.29458,"L21594","152707170"
"59-229",43.23648,-85.29295,"L14190","152707178"
"59-230",43.24027,-85.2837,"L20830","152707165"
"59-234",43.22638,-85.19482,"L19173","152707192"
"59-235",43.23138,-85.21343,"L22421","152707184"
"59-236",43.22058,-85.24487,"L17467","152707204"
"59-248",43.37832,-84.87176,"L13079","150436943"
"59-251",43.3136,-84.88426,"L764","150436956"
"59-259",43.33388,-85.08176,"L6455","152707030"
"59-263",43.37062,-85.18161,"L20924","152707012"
"59-264",43.38082,-85.18926,"L20426","152707011"
"59-266",43.3626,-85.16762,"L21385","152707015"
"59-295",43.30832,-85.18954,"L22965","152707051"
"59-297",43.36721,-85.30148,"L20956","121860837"
"59-298",43.35471,-85.29621,"L20341","121860877"
"59-299",43.36583,-85.2999,"L16865","121860848"
"59-30",43.2011,-85.13009,"L21883","152707254"
"59-301",43.35249,-85.24843,"L17901","152707022"
"59-304",43.34915,-85.31009,"L17417","152707023"
"59-305",43.33777,-85.30676,"L19841","152707026"
"59-306",43.33193,-85.3062,"L20258","152707027"
"59-308",43.33221,-85.32037,"L18179","152707031"
"59-310",43.32554,-85.28148,"L16242","152707041"
"59-311",43.32332,-85.29954,"L16103","152707043"
"59-313",43.32777,-85.25898,"L16386","152707040"
"59-314",43.3236,-85.2637,"L22698","152707042"
"59-315",43.33082,-85.25343,"L16702","152707033"
"59-322",43.32122,-85.29408,"L18763","152707045"
"59-324",43.30054,-85.27009,"L17296","152707062"
"59-327",43.30554,-85.2612,"L21261","152707054"
"59-328",43.36721,-85.32787,"L15741","121860855"
"59-333",43.37138,-85.35343,"L22891","121860832"
"59-334",43.36499,-85.37759,"L19121","152707014"
"59-335",43.38304,-85.36871,"L15803","121860804"
"59-342",43.361,-85.41034,"L19482","152707018"
"59-347",43.35388,-85.35621,"L17784","152707020"
"59-348",43.35804,-85.32676,"L14811","121860882"
"59-358",43.32777,-85.37315,"L16955","152707039"
"59-359",43.33082,-85.35898,"L21051","152707036"
"59-360",43.33554,-85.33843,"L16897","152707029"
"59-361",43.31777,-85.34676,"L15760","152707044"
"59-363",43.31643,-85.36447,"L17259","152707048"
"59-364",43.31832,-85.40204,"L22224","152707046"
"59-365",43.31027,-85.4137,"L21823","152707050"
"59-368",43.37193,-85.52974,NA,NA
"59-369",43.35804,-85.53704,"L14344","121860913"
"59-371",43.35324,-85.51593,"L21502","121860929"
"59-374",43.34332,-85.49176,"L16143","121860948"
"59-376",43.34832,-85.51926,"L20406","121860939"
"59-377",43.33277,-85.53982,"L20061","121860999"
"59-380",43.33915,-85.54954,"L18695","121860974"
"59-381",43.34749,-85.55954,"L20457","121860954"
"59-382",43.32362,-85.53045,"L16376","121861000"
"59-383",43.31907,-85.5493,"L17752","121861018"
"59-385",43.30054,-85.49898,"L18077","152707067"
"59-386",43.29638,-85.49926,"L14250","152707071"
"59-389",43.29689,-85.50842,"L21713","152707068"
"59-39",43.19358,-85.16355,"L16427","152707272"
"59-395",43.40832,-84.94287,"L10092","150436910"
"59-399",43.40027,-84.84871,"L9183","150436919"
"59-400",43.39221,-84.87565,"L11446","150436933"
"59-403",43.40249,-84.92732,"L803","150436913"
"59-404",43.4061,-84.95287,"L9063","150436916"
"59-414",43.44804,-85.08482,"L1218","152706971"
"59-415",43.42888,-84.98926,"L1328","150436904"
"59-421",43.40804,-84.97398,"L3920","150436911"
"59-425",43.45249,-85.18732,"L19752","152706969"
"59-426",43.45527,-85.20426,"L16223","152706968"
"59-428",43.43804,-85.14371,"L8192","152706983"
"59-429",43.43721,-85.15426,"L19043","152706982"
"59-430-GRP",43.4361,-85.13509,"L7607","152708065"
"59-431",43.43527,-85.11037,"L5306","152706984"
"59-434",43.44027,-85.10121,"L4155","152706979"
"59-436",43.43554,-85.12315,"L619","152706985"
"59-439",43.42721,-85.17121,"L20652","152706989"
"59-440",43.40777,-85.18343,"L16083","152706997"
"59-441",43.39721,-85.14926,"L20674","152707002"
"59-442",43.40693,-85.14287,"L2626","152706998"
"59-444",43.38858,-85.19366,"L22031","152707009"
"59-445",43.39037,-85.19524,"L20469","152707007"
"59-448",43.44415,-85.26621,"L15182","121860556"
"59-449",43.42471,-85.23621,"L17948","152706991"
"59-450",43.43415,-85.24676,"L19901","152706986"
"59-451",43.4186,-85.22871,"L15351","152706993"
"59-454",43.40812,-85.30322,"L21842","121860700"
"59-457",43.38471,-85.20648,"L20158","152707010"
"59-459",43.4386,-85.39343,"L22291","121860624"
"59-462",43.41971,-85.43204,"L18476","121860684"
"59-471",43.38699,-85.37535,"L18134","121860783"
"59-477",43.42943,-85.47732,"L14767","121860674"
"59-484",43.43054,-85.48482,"L20815","121860668"
"59-491",43.3921,-85.52716,"L18273","121860819"
"59-496",43.21144,-85.23661,"L17675","152707227"
"59-497",43.33536,-85.29471,"L20611","152707028"
"59-498",43.35435,-85.54995,"L16696","121860927"
"59-499",43.1667,-85.2645,"L17190","152707339"
"59-500",43.42381,-85.44155,"L18916","121860664"
"59-501",43.39855,-85.37622,"L17338","121860746"
"59-510",43.14717,-85.14626,"L21130","152707403"
"59-511",43.42925,-85.2482,"L15266","152706987"
"59-512",43.1728,-85.03773,"L14002","152707315"
"59-513",43.16982,-85.1658,"L22334","152707318"
"59-514",43.16491,-85.15039,"L20608","152707341"
"59-515",43.44521,-85.17165,"L14860","152706974"
"59-518",43.13579,-85.18471,"L14326","152707446"
"59-52",43.15499,-85.19343,"L15296","152707373"
"59-62",43.1336,-85.10232,"L20218","152707438"
"59-70",43.1336,-85.1762,"L16867","152707451"
"59-82",43.12749,-85.10982,"L18006","152707465"
"59-86",43.12943,-85.09065,"L18424","152707460"
"59-88",43.18398,-85.26045,NA,NA
"59-91",43.1986,-85.30315,"L22593","152707259"
"59-95",43.1786,-85.21315,"L22343","152707305"
"59-98",43.16082,-85.26426,"L16396","152707356"
"59-99",43.16388,-85.26982,"L21480","152707332"
"6-12",44.07336,-83.74122,"L1538","118255001"
"6-13",44.07921,-83.75385,"L48284",NA
"6-16",44.04543,-83.71814,"L5605","118255099"
"6-25",44.12416,-83.60732,"L1931","118254835"
"6-26",44.1211,-83.58926,"L5596","118254845"
"6-27",44.11978,-84.05444,"L10536","118254959"
"6-28",44.05764,-84.04536,"L2130","118255163"
"6-29",44.00921,-84.04278,"L4355","152868320"
"6-30",44.09533,-84.11402,"L3578","118255039"
"6-31",44.07879,-84.09228,"L12747","118255103"
"6-32",44.1571,-84.13492,"L5345","118254889"
"6-33",44.0076,-83.82299,"L13963","118255245"
"6-34",44.08147,-83.61968,"L5256","118254945"
"6-35",44.00299,-83.76485,"L1451","118255239"
"60-10",44.92054,-84.34787,"L5300","83975805"
"60-100",44.94917,-84.23086,"L94","113471111"
"60-109",45.11332,-84.24926,"L8498","155408592"
"60-11",44.9261,-84.3526,"L8255","83975791"
"60-110",45.11416,-84.25676,"L9199","155408590"
"60-114",45.10916,-84.30815,"L4769","155408597"
"60-122",45.10582,-84.19232,"L5700","155408596"
"60-125",45.10332,-84.20649,"L5556","155408602"
"60-128",45.10861,-84.24193,"L4085","155408594"
"60-130",45.09166,-84.17815,"L540","155408606"
"60-131",45.09137,-84.19158,"L8615","155408608"
"60-134",45.08666,-84.16065,"L1338","155408609"
"60-138",45.0711,-84.19093,"L9324","155408614"
"60-14",44.90454,-84.34596,"L13774","83975849"
"60-143",45.03471,-84.18343,"L12040","113470763"
"60-147",45.09666,-84.07399,"L1152","113470525"
"60-15",44.90328,-84.35522,"L48192","83975855"
"60-151",45.06819,-84.10142,"L8123","113470651"
"60-157",45.04841,-84.11896,"L6477","113470697"
"60-16",44.90054,-84.35843,"L9177","83975855"
"60-160",45.03388,-84.11426,"L6789","113470727"
"60-162",45.10388,-83.95621,"L8725","113470445"
"60-163",45.11443,-83.96093,"L4568","113470425"
"60-165",45.10246,-83.97308,"L637","113470465"
"60-166",45.12777,-83.97315,"L12729","113470369"
"60-167",45.11249,-83.98343,"L3416","113470423"
"60-169",45.09416,-83.97232,"L8063","113470505"
"60-17",44.88916,-84.36899,"L10128","83975873"
"60-176",45.06096,-83.90333,"L48166","113470977"
"60-178",45.05221,-83.96815,"L7333","113470673"
"60-180",45.19277,-84.3176,"L10573","155408554"
"60-183",45.16867,-84.3559,"L2052","155408566"
"60-184",45.159719,-84.355487,"L5007","155408569"
"60-185",45.15166,-84.36065,"L3104","155408570"
"60-186",45.14798,-84.36113,"L1998","155408571"
"60-19",44.87749,-84.34954,"L6023","83975891"
"60-190",45.12999,-84.3176,"L11651","155408582"
"60-195",45.11416,-84.36565,"L9870","155408591"
"60-197",45.12221,-84.3626,"L9624","155408583"
"60-20",44.87082,-84.2751,"L10464","83975881"
"60-200",45.18527,-84.20649,"L3452","155408555"
"60-201",45.19082,-84.20538,"L4689","155408553"
"60-202",45.1936,-84.22371,"L5851","155408552"
"60-204",45.17999,-84.21538,"L10319","155408560"
"60-208",45.16926,-84.14254,"L11314","155408567"
"60-209",45.16582,-84.1477,"L11314","155408567"
"60-21",44.86971,-84.30704,"L11428","83975907"
"60-212",45.16804,-84.21065,"L26","155408564"
"60-217",45.12193,-84.17926,"L8611","155408580"
"60-220",45.17999,-84.08149,"L13823","155408557"
"60-221",45.18443,-84.06149,"L4634","{EBE190A4-4C34-4664-BBD7-073EB165E7F0}"
"60-223",45.11971,-84.09649,"L8066","113470463"
"60-225",45.14721,-84.0351,"L9622","113470313"
"60-226",45.12693,-84.0251,"L6999","113470399"
"60-227",45.18221,-83.98788,"L1963","113470147"
"60-228",45.1811,-83.98176,"L1244","113470153"
"60-231",45.13666,-83.96982,"L14014","113470349"
"60-236",45.11916,-83.96176,"L10315","113470393"
"60-238",45.12388,-83.97926,"L2631","113470391"
"60-239",45.11999,-83.94649,"L5009","113470397"
"60-240",45.11636,-83.94921,"L12366","113470413"
"60-241",44.94555,-84.01555,"L9086","113471049"
"60-242",45.0052,-84.2452,"L3682","113470929"
"60-243",45.09911,-84.06117,"L48165","113470525"
"60-244",45.17946,-84.12229,"L8102","155408558"
"60-245",45.18266,-84.12674,"L10317","155408556"
"60-246",45.15059,-84.06141,"L5916","113470327"
"60-247",45.18005,-83.96641,"L4285","113470155"
"60-248",45.13867,-83.98146,"L1314","113470353"
"60-26",44.86582,-84.3726,"L13655","83975949"
"60-29",44.9361,-84.19093,"L1912","113471151"
"60-32",44.92054,-84.20454,NA,NA
"60-33",44.89451,-84.21407,NA,NA
"60-34",44.89261,-84.14848,"L2026","113471225"
"60-39",44.87803,-84.16891,"L49009",NA
"60-42",44.87027,-84.17426,"L528","113471265"
"60-44",44.86554,-84.17732,"L9563","113471273"
"60-45",44.86138,-84.17315,"L6104","113471293"
"60-46",44.85776,-84.18301,"L817","113471315"
"60-47",44.85638,-84.18676,"L13607","113471321"
"60-48",44.86811,-84.16447,"L7630","113471267"
"60-53",44.89554,-84.08037,"L8099","113471205"
"60-57",44.87166,-84.07343,"L48299",NA
"60-59",44.91388,-84.00065,"L13263","113471143"
"60-6",44.9161,-84.34093,"L13916","83975821"
"60-62",44.85721,-83.9426,"L2872","113471251"
"60-68",45.00867,-84.31799,"L13945","155408620"
"60-7",44.91948,-84.34259,"L9766","83975809"
"60-70",44.97499,-84.33593,"L11933","83975687"
"60-71",44.97721,-84.30343,"L5751","113471035"
"60-72",44.9726,-84.31215,"L2271","83975693"
"60-74",44.9586,-84.24843,"L13666","113471097"
"60-75",44.94777,-84.25871,"L3530","113471123"
"60-76",44.94193,-84.26343,"L4224","113471137"
"60-87",45.00047,-84.15448,"L10553","113470895"
"60-88",45.01138,-84.13232,"L6478","113470819"
"60-91",44.98022,-84.1473,"L3097","113471013"
"60-93",44.98804,-84.1776,"L11419","113470985"
"60-96",44.98193,-84.16482,"L13654","113471007"
"60-97",44.96054,-84.15593,"L14063","113471059"
"60-98",44.95417,-84.22972,"L3687","113471085"
"61-101",43.32999,-86.05065,"L19506","121861075"
"61-102",43.32078,-86.09621,"L29498","121861113"
"61-109",43.36943,-86.17509,"L29922","121861004"
"61-110",43.37721,-86.18287,"L23073","121860996"
"61-111",43.37195,-86.18028,"L28617","121861003"
"61-112",43.36943,-86.19093,"L31267","121861009"
"61-116",43.37749,-86.21232,"L27566","82820378"
"61-117",43.38125,-86.21294,"L27433","82820372"
"61-119",43.38027,-86.24232,"L23718","82820376"
"61-125",43.37721,-86.38037,"L31153","82820398"
"61-126",43.3386,-86.38926,"L26914","82820400"
"61-127",43.32832,-86.39954,"L48333",NA
"61-131",43.3869,-86.42484,NA,NA
"61-134",43.42646,-86.12745,"L28185","82820134"
"61-137",43.41221,-86.15176,"L30324","82820212"
"61-138",43.39499,-86.06982,"L27152","121860928"
"61-139",43.40509,-86.11995,"L27233","121860909"
"61-140",43.3986,-86.15176,"L27889","82820284"
"61-142",43.39749,-86.1587,"L31106","82820294"
"61-143",43.39027,-86.15009,"L31200","121860960"
"61-144",43.45388,-86.20426,"L24018","82820054"
"61-145",43.46277,-86.25787,"L31332","82820034"
"61-153",43.43971,-86.22009,"L30331","82820156"
"61-154",43.44277,-86.19593,"L25790","82820094"
"61-16",43.26999,-85.82343,"L14592","152707116"
"61-161",43.43471,-86.19259,"L24763","82820118"
"61-164",43.43329,-86.2154,"L25418","82820122"
"61-165",43.4286,-86.27315,"L27006","82820172"
"61-169",43.41277,-86.21398,"L23336","82820238"
"61-17",43.27443,-85.79954,"L17622","152707108"
"61-171",43.41915,-86.21259,"L31102","82820214"
"61-175",43.42083,-86.17055,"L32052","82820174"
"61-176",43.41756,-86.15894,"L27890","82820186"
"61-177",43.42432,-86.16237,"L23072","82820154"
"61-178",43.40638,-86.17732,"L31223","82820250"
"61-184",43.4036,-86.20954,"L29200","82820286"
"61-190",43.39943,-86.27287,"L24625","82820316"
"61-191",43.39721,-86.27926,"L24819","82820320"
"61-192",43.39232,-86.26106,"L26266","82820336"
"61-193",43.39138,-86.27009,"L27148","82820354"
"61-194",43.38904,-86.25355,"L28214","82820358"
"61-197",43.39249,-86.22732,"L27424","82820318"
"61-198",43.38502,-86.22533,"L31833","82820362"
"61-20",43.2586,-85.81037,"L15761","152707132"
"61-203",43.43138,-86.29574,"L29915","82820162"
"61-212",43.42304,-86.28148,"L28102","82820208"
"61-221",43.38772,-86.35083,"L29842","82820382"
"61-235",43.24606,-86.02607,"L17391","121861178"
"61-236",43.2497,-86.04756,"L15015","121861209"
"61-237",43.25971,-86.04168,"L21012","121861179"
"61-238",43.25952,-86.04692,"L15707","121861183"
"61-239",43.25952,-86.04999,"L20162","121861185"
"61-240",43.25952,-86.05306,"L18845","121861186"
"61-241",43.25951,-86.05613,"L16284","121861188"
"61-242",43.22081,-86.12486,NA,NA
"61-243",43.36662,-86.14133,"L29035","121861005"
"61-244",43.37369,-86.06456,"L28021","121860989"
"61-245",43.41546,-86.29085,"L28084","82820244"
"61-246",43.25773,-86.1104,"L27887","121861194"
"61-247",43.38503,-86.23913,"L28803","82820368"
"61-248",43.36156,-86.1366,"L27060","121861021"
"61-249",43.36378,-86.13937,"L24583","121861013"
"61-250",43.29826,-86.0832,"L21612","121861137"
"61-251",43.31976,-86.22466,"L25209","121861126"
"61-252",43.31728,-86.22322,"L27111","121861129"
"61-253",43.31883,-86.23301,"L31266","121861131"
"61-254",43.40199,-86.28535,"L29868","82820306"
"61-255",43.37613,-86.1744,"L24135","121860998"
"61-256",43.3494,-86.24473,"L24329","121861073"
"61-257",43.26138,-85.81661,"L17244","152707130"
"61-45",43.25777,-86.10204,"L19664","121861196"
"61-46",43.25482,-86.12237,"L31116","121861202"
"61-47",43.25573,-86.12014,"L23378","121861203"
"61-48",43.21971,-86.12454,"L26812","{CD558AA9-DAB4-4785-9B6D-06E01940603B}"
"61-54",43.25776,-86.28009,"L25943","{9A9B2973-2CC0-4E0E-BDBD-939392B1C5BA}"
"61-61",43.262,-86.24516,"L30823","121861217"
"61-66",43.2361,-86.28315,"L23027","121861263"
"61-7",43.18054,-86.25093,"L25424","{36B3DE9F-A764-400C-8B2F-6A203BBB2D46}"
"61-76",43.25376,-86.34188,"L27710","121861253"
"61-79",43.215163,-86.283347,"L25420","{0E46C01E-5FFD-463D-AB9C-BD44EE0A0FCE}"
"61-8",43.11999,-86.20815,"L31703","152707501"
"61-82",43.36875,-86.10531,"L48377",NA
"61-83",43.37221,-86.14537,"L25508","121860994"
"61-84",43.38304,-86.15148,"L28965","121860983"
"61-86",43.37014,-86.14791,"L27426","121861001"
"61-88",43.35502,-86.11407,"L19078","121861030"
"61-89",43.35527,-86.08426,"L17541","121861035"
"61-9",43.12277,-86.24704,"L31580","82820410"
"61-90",43.34971,-86.09037,"L18465","121861040"
"61-91",43.35777,-86.0737,"L21933","121861026"
"61-93",43.34721,-86.04787,"L18779","121861039"
"61-94",43.33832,-86.04648,"L17276","121861059"
"61-95",43.34249,-86.06759,"L22300","121861052"
"62-106",43.39665,-85.75176,"L17220","121860858"
"62-11",43.31971,-85.58315,"L19363","121861011"
"62-110",43.40249,-85.77871,"L17683","121860854"
"62-111",43.40832,-85.78398,"L17930","121860834"
"62-115",43.45665,-85.82398,"L17992","121860685"
"62-117",43.45499,-85.88371,"L31595","121860701"
"62-119",43.44943,-85.86148,"L22330","121860713"
"62-12",43.33332,-85.5812,"L16026","121860988"
"62-123",43.43582,-85.83176,"L18096","121860742"
"62-124",43.42832,-85.88343,"L32014","121860778"
"62-128",43.45054,-85.96482,"L25423","121860736"
"62-129",43.46138,-85.98648,"L30591","121860702"
"62-137",43.42693,-85.97454,"L28097","121860820"
"62-14",43.32166,-85.66235,NA,NA
"62-158",43.54674,-85.76288,"L19717","82819312"
"62-165",43.5111,-85.70009,"L17181","121860437"
"62-172",43.50586,-85.71905,"L14266","121860451"
"62-175",43.48835,-85.7395,"L18703","121860541"
"62-176",43.47332,-85.76565,"L17764","121860605"
"62-177",43.47059,-85.77151,"L18143","121860612"
"62-178",43.47042,-85.74436,"L16662","121860608"
"62-179",43.47527,-85.73148,"L20597","121860586"
"62-181",43.53888,-85.82732,"L22030","82819426"
"62-182",43.55249,-85.86843,"L20381","82819342"
"62-183",43.5436,-85.88565,"L17142","82819410"
"62-186",43.53665,-85.90926,"L27498","82819490"
"62-188",43.53221,-85.85509,"L14567","82819488"
"62-189",43.53276,-85.82794,"L14497","82819480"
"62-190",43.52554,-85.83121,"L19234","82819534"
"62-191",43.53138,-85.81065,"L17896","82819476"
"62-192",43.5061,-85.86509,"L14350","82819628"
"62-193",43.51138,-85.90093,"L24450","121860491"
"62-196",43.49388,-85.88843,"L31762","121860570"
"62-198",43.50054,-85.84537,"L15942","121860515"
"62-199",43.49527,-85.85121,"L20838","121860532"
"62-2",43.34082,-85.5787,"L17334","121860975"
"62-20",43.30332,-85.66426,"L16119","152707061"
"62-200",43.48221,-85.85926,"L21279","121860619"
"62-201",43.48943,-85.87815,"L26201","121860592"
"62-202",43.48082,-85.88537,"L25998","121860611"
"62-208",43.49999,-86.02371,"L25864","82819778"
"62-209",43.49832,-86.02009,"L24992","{BEE2CEF9-EAE7-4585-B341-26A2C06E407A}"
"62-21",43.29693,-85.67426,"L19683","152707069"
"62-212",43.50451,-85.94109,"L27368","82819684"
"62-216",43.49721,-85.93509,"L24151","121860573"
"62-217",43.4886,-85.93037,"L26269","121860594"
"62-218",43.48027,-85.92815,"L27806","121860627"
"62-219",43.48138,-85.93537,"L26137","121860630"
"62-22",43.29443,-85.65688,"L22897","152707073"
"62-220",43.48256,-85.93971,"L27695","121860623"
"62-227",43.4811,-86.00121,"L23484","82819884"
"62-228",43.4761,-85.93871,"L31978","121860634"
"62-231",43.62999,-85.60843,"L21568","121860171"
"62-237",43.59832,-85.59759,"L16674","121860234"
"62-239",43.59777,-85.60676,"L17506","121860241"
"62-248",43.57193,-85.59394,"L15454","121860306"
"62-249",43.57249,-85.59843,"L18182","121860305"
"62-253",43.566,-85.60976,"L18140","121860322"
"62-255",43.63749,-85.68787,"L14839","82818658"
"62-263",43.64054,-85.82982,"L17694","82818728"
"62-266",43.62665,-85.89482,"L20135","82818854"
"62-268",43.6251,-85.84764,"L16405","82818846"
"62-269",43.60499,-85.81759,"L22691","82818916"
"62-271",43.57721,-85.81148,"L17427","82819108"
"62-277",43.55638,-85.82482,"L21694","82819298"
"62-279",43.56289,-85.8109,NA,NA
"62-28",43.38749,-85.76843,"L22675","121860894"
"62-283",43.63923,-85.95975,"L22825","82818768"
"62-284",43.6386,-85.96648,"L21151","82818792"
"62-286",43.63582,-85.97176,"L20550","82818834"
"62-288",43.63888,-85.99176,"L19191","82818818"
"62-289",43.63277,-85.98676,"L17365","82818882"
"62-29",43.3586,-85.69037,"L20008","152707021"
"62-292",43.63804,-86.00092,"L15676","82818826"
"62-293",43.6311,-86.01565,"L14692","82818896"
"62-294",43.63915,-86.02843,"L15050","82818840"
"62-295",43.64059,-86.0359,"L21681","82818866"
"62-297",43.6236,-86.03898,"L20057","82818950"
"62-298",43.6236,-86.00732,"L18254","82818934"
"62-3",43.34499,-85.5812,"L14843","121860967"
"62-300",43.59304,-86.02759,"L30672","82819114"
"62-31",43.30915,-85.77509,"L21176","152707053"
"62-312",43.70941,-85.58606,"L16937","121860033"
"62-317",43.69499,-85.58759,"L21926","82818108"
"62-318",43.69427,-85.61627,"L14754","82818152"
"62-321",43.69332,-85.63343,"L22442","82818172"
"62-33",43.3411,-85.80398,"L15607","121861006"
"62-335",43.70693,-85.73343,"L22686","82818126"
"62-34",43.32665,-85.90954,"L22448","121861061"
"62-341",43.67494,-85.76917,"L16270","82818396"
"62-342",43.67277,-85.77815,"L15239","82818428"
"62-35",43.31054,-85.89676,"L21373","121861103"
"62-354",43.64388,-85.80426,"L15514","82818684"
"62-355",43.65415,-85.73759,"L18711","82818574"
"62-358",43.72638,-85.90621,"L20346","82818010"
"62-362",43.69943,-85.86398,"L18407","82818290"
"62-363",43.70832,-85.86259,"L48334","82818192"
"62-364",43.69889,-85.86086,"L14212","82818280"
"62-365",43.70304,-85.84648,"L16007","82818222"
"62-366",43.70201,-85.85115,"L18415","82818236"
"62-368",43.70943,-85.85343,"L18417","82818192"
"62-369",43.70971,-85.83509,"L20626","82818168"
"62-370",43.7111,-85.80843,"L18758","82818124"
"62-371",43.6911,-85.80371,"L48335","82818346"
"62-372",43.68777,-85.80648,"L22494","82818346"
"62-373",43.68693,-85.81232,"L20632","82818354"
"62-375",43.68507,-85.86404,"L20488","82818370"
"62-378",43.67138,-85.89009,"L16208","82818500"
"62-379",43.68193,-85.89537,"L21270","82818422"
"62-381",43.68138,-85.87509,"L22240","82818424"
"62-383",43.66999,-85.82509,"L15524","82818444"
"62-387",43.64846,-85.81351,"L15411","82818650"
"62-388",43.72615,-85.92413,"L19432","82818066"
"62-389",43.71165,-86.03093,"L20476","82818272"
"62-391",43.64999,-85.98787,"L15609","82818740"
"62-394",43.64471,-85.95009,"L18337","82818750"
"62-40",43.35054,-86.00509,"L23975","121861024"
"62-402",43.76284,-85.67412,"L21113","82817678"
"62-413",43.74999,-85.66259,"L20898","82817742"
"62-429",43.7674,-85.71232,"L17836","82817658"
"62-43",43.32721,-86.02204,"L22173","121861078"
"62-432",43.80165,-85.84093,"L14246","82817488"
"62-434",43.78388,-85.86759,"L22819","82817644"
"62-435",43.78249,-85.84148,"L19230","82817616"
"62-436",43.79304,-85.83259,"L22815","82817574"
"62-437",43.79165,-85.82509,"L22347","82817572"
"62-438",43.77054,-85.81009,"L20953","82817672"
"62-440",43.77082,-85.88343,"L20688","82817726"
"62-441",43.77082,-85.89176,"L22619","82817724"
"62-445",43.76415,-85.90065,"L22508","82817762"
"62-447",43.76777,-85.90815,"L21095","82817750"
"62-448",43.75721,-85.89815,"L20896","82817808"
"62-450",43.7453,-85.85408,"L15667","82817860"
"62-451",43.74296,-85.86163,"L21442","82817862"
"62-452",43.75249,-85.85204,"L21754","82817822"
"62-453",43.75277,-85.85565,"L22550","82817820"
"62-454",43.75165,-85.86148,"L20382","82817824"
"62-455",43.74888,-85.86815,"L21516","82817834"
"62-456",43.74832,-85.87585,"L18131","82817842"
"62-457",43.74218,-85.88079,"L19496","82817902"
"62-459",43.74499,-85.89871,"L23021","82817890"
"62-461",43.73415,-85.90287,"L16129","82817956"
"62-463",43.7301,-85.91433,"L15044","82818008"
"62-464",43.73732,-85.9139,"L16175","82817966"
"62-472",43.73515,-85.92799,"L19807","82817974"
"62-473",43.73525,-85.92436,"L19709","82817994"
"62-474",43.7331,-85.92284,"L15605","82818004"
"62-475",43.72943,-85.92648,"L16607","82830092"
"62-476",43.76832,-85.92259,"L21890","82817760"
"62-477",43.64192,-85.96361,"L17778","82818776"
"62-478",43.42034,-85.95623,"L28645","121860836"
"62-479",43.41731,-85.95766,"L29896","121860850"
"62-480",43.41731,-85.95459,"L28836","121860847"
"62-481",43.30574,-85.57091,"L20364","152707057"
"62-482",43.71707,-85.92037,"L21116","82818150"
"62-483",43.69594,-85.81287,"L20703","82818266"
"62-484",43.79406,-85.69575,"L22358","82817462"
"62-485",43.72441,-85.89694,"L18281","82818052"
"62-486",43.75165,-85.87732,"L16646","82817836"
"62-487",43.56657,-85.98501,"L30401","82819302"
"62-488",43.80507,-85.90649,"L18640","82817480"
"62-490",43.457,-85.79406,"L15602","121860663"
"62-52",43.32138,-86.01093,"L18768","121861094"
"62-55",43.29832,-86.03787,"L20140","121861135"
"62-60",43.46943,-85.61732,"L17080","121860577"
"62-61",43.43749,-85.66398,"L18290","121860665"
"62-7",43.34165,-85.63315,"L21861","152707025"
"62-73",43.41138,-85.67843,"L19452","8bf5056e-8135-46ba-8e3a-1ada931fe391"
"62-75",43.39388,-85.66148,"L16767","5e023011-9915-4641-a1a4-36d19b2a0432"
"62-76",43.40164,-85.67589,"L21822","152707003"
"62-77",43.40483,-85.67208,"L17598","152706999"
"62-79",43.46165,-85.76954,"L20068","121860633"
"62-8",43.33138,-85.66926,"L15074","152707037"
"62-81",43.46478,-85.78538,"L16856","121864970"
"62-82",43.46193,-85.78843,"L14989","121860628"
"62-84",43.45665,-85.81232,"L18843","121860658"
"62-85",43.44721,-85.79759,"L15665","121860696"
"62-86",43.426,-85.79621,"L21023","121860761"
"62-89",43.4226,-85.79746,"L49015",NA
"62-92",43.40896,-85.80115,"L18264","121860831"
"63-1001",42.67027,-83.18954,"L12447","146647016"
"63-1014",42.77749,-83.58343,"L11530","148710267"
"63-1015",42.78582,-83.59398,"L11781","148710239"
"63-1017",42.78242,-83.61485,"L7664","148710262"
"63-1019",42.77055,-83.66176,"L2131","148710287"
"63-1021",42.77027,-83.68065,"L6216","148710295"
"63-1022",42.78249,-83.67898,"L2787","148710258"
"63-1024",42.76221,-83.65232,"L4999","148710314"
"63-1025",42.75693,-83.66065,"L2265","148710332"
"63-1026",42.75499,-83.64093,"L4449","148710347"
"63-1036",42.74221,-83.61204,"L48217","148710384"
"63-1037",42.74416,-83.6162,"L1527","148710384"
"63-1038",42.74469,-83.62077,"L5797","148710380"
"63-1040",42.74943,-83.63037,"L5837","148710362"
"63-1041",42.74943,-83.63898,"L7556","148710372"
"63-1044",42.7436,-83.63454,"L12399","148710383"
"63-1047",42.71666,-83.67732,"L4133","148710421"
"63-1049",42.7286,-83.6212,"L6950","148710410"
"63-1051",42.72581,-83.64389,"L1429","148710420"
"63-1053",42.72235,-83.61928,"L2337","148710423"
"63-1064",42.71603,-83.6108,"L7108","148710439"
"63-1065",42.71381,-83.61998,"L9969","148710443"
"63-1067",42.71275,-83.63294,"L5674","148710444"
"63-1068",42.71288,-83.64216,NA,NA
"63-1071",42.71443,-83.65259,"L13278","148710442"
"63-1076",42.70082,-83.65454,"L10229","148710457"
"63-1077",42.70716,-83.65694,"L5123","148710454"
"63-1087",42.76082,-83.56093,"L3546","148710303"
"63-1095",42.76693,-83.52287,"L5800","148710283"
"63-1096",42.76499,-83.49204,"L7397","146646617"
"63-1097",42.76098,-83.47746,"L6093","146646629"
"63-1098",42.76721,-83.4562,"L12978","146646622"
"63-1099",42.76868,-83.46498,"L8070","146646599"
"63-1101",42.7511,-83.47065,"L855","146646685"
"63-1103.1",42.74332,-83.46926,"L8641","146646715"
"63-1111",42.75375,-83.52098,"L14090","148710344"
"63-1112",42.75162,-83.53816,"L9746","148710352"
"63-1116",42.75527,-83.5462,"L10969","148710338"
"63-1124",42.7336,-83.51843,"L9","148710400"
"63-1127",42.73832,-83.49676,"L2812","148710393"
"63-1137",42.71916,-83.44676,"L2061","146646840"
"63-1138",42.7161,-83.45037,"L6439","146646847"
"63-1144",42.72277,-83.51982,"L3102","145330311"
"63-1155",42.71332,-83.50648,"L7065","145330364"
"63-1156",42.70408,-83.51673,"L12263","145330397"
"63-1157",42.71416,-83.45426,"L10703","145330320"
"63-1162",42.78277,-83.3587,"L8640","146646524"
"63-1165",42.78888,-83.37815,"L8590","146646514"
"63-1166",42.77916,-83.37787,"L7956","146646518"
"63-1167",42.78046,-83.37482,"L7956","146646518"
"63-1168",42.77721,-83.3937,"L13422","146646555"
"63-1172",42.76193,-83.44787,"L1475","146646632"
"63-1177",42.76388,-83.34676,"L3493","146646595"
"63-1179",42.75443,-83.41426,"L9477","146646659"
"63-1180",42.74943,-83.41426,"L194","146646682"
"63-1183",42.74082,-83.43732,"L14113","146646742"
"63-1184",42.73332,-83.43315,"L12266","146646788"
"63-1186",42.7386,-83.41482,"L3311","146646757"
"63-1190",42.74388,-83.37704,"L11348","146646706"
"63-1195",42.71971,-83.33343,"L4078","146646829"
"63-1200",42.72777,-83.39704,"L11685","146646797"
"63-1201",42.71943,-83.39259,"L3100","146646836"
"63-1202",42.72388,-83.42259,"L8901","146646821"
"63-1203",42.71388,-83.42509,"L12265","146646861"
"63-1205",42.72721,-83.42454,"L5268","146646812"
"63-1213",42.70777,-83.40065,"L2507","146646881"
"63-1219",42.78943,-83.22009,"L11112","146646476"
"63-1220",42.79249,-83.23454,"L11168","146646465"
"63-1221",42.78055,-83.2487,"L7844","146646474"
"63-1222",42.79607,-83.25881,"L1868","146646437"
"63-1223",42.79305,-83.26815,"L9309","146646456"
"63-1229",42.78624,-83.27919,"L13433","146646497"
"63-1233",42.78193,-83.28482,"L6891","146646520"
"63-1234",42.78597,-83.28265,"L7625","146646495"
"63-1235",42.78138,-83.2987,"L10812","146646540"
"63-1238",42.79193,-83.32037,"L13800","146646478"
"63-124",42.4742,-83.30088,"L20231","{DE9F32CC-15A6-464E-A39C-197C93C224A7}"
"63-1242",42.77221,-83.33065,"L13428","146646562"
"63-1244",42.7761,-83.30676,"L9053","146646551"
"63-1246",42.77443,-83.2737,"L4310","146646575"
"63-1247",42.76888,-83.26843,"L5084","146646592"
"63-1249",42.76943,-83.24065,"L10071","146646577"
"63-1254",42.76193,-83.2737,"L13684","146646603"
"63-1256",42.75777,-83.28037,"L12762","146646631"
"63-1257",42.7561,-83.28704,"L7626","146646643"
"63-1259",42.74499,-83.31065,"L10481","146646702"
"63-1261",42.74414,-83.32673,"L1263","146646710"
"63-1262",42.7461,-83.29454,"L973","146646669"
"63-1268",42.74056,-83.22325,"L6440","146646726"
"63-1269",42.7186,-83.29204,"L1765","146646830"
"63-1272",42.71805,-83.27482,"L11988","146646828"
"63-1273",42.71999,-83.27815,"L13730","146646825"
"63-1274",42.79193,-83.14009,"L13685","146646443"
"63-1277",42.78777,-83.1846,"L13367","146646500"
"63-1278",42.78798,-83.18732,"L10137","146646480"
"63-1279",42.78809,-83.18997,NA,NA
"63-1280",42.78862,-83.19166,"L11050","146646477"
"63-1281",42.78638,-83.19926,"L4389","146646492"
"63-1287",42.783,-83.19894,"L9478","146646513"
"63-1291",42.7811,-83.16648,"L6892","146646511"
"63-1294",42.78193,-83.17454,"L14055","146646516"
"63-1296",42.76715,-83.11734,"L1803","146646584"
"63-1297",42.76866,-83.12231,"L7678","146646581"
"63-1315",42.87106,-83.61091,"L7247","147104586"
"63-1316",42.86916,-83.61787,"L6837","147104616"
"63-1317",42.85388,-83.61676,"L11759","147104700"
"63-1318",42.86888,-83.62204,"L1664","147104618"
"63-1319",42.86221,-83.62843,"L5563","147104652"
"63-1320",42.86777,-83.6412,"L1709","147104626"
"63-1321",42.85666,-83.63454,"L1534","147104699"
"63-1323",42.84138,-83.68398,"L11452","147104777"
"63-1326",42.84999,-83.61315,"L12170","147104727"
"63-1327",42.84277,-83.60759,"L6612","147104753"
"63-1328",42.84443,-83.60176,"L11071","147104747"
"63-1329",42.85024,-83.60307,"L9517","147104706"
"63-1330",42.84416,-83.57009,"L9165","147104751"
"63-1332",42.8386,-83.5987,"L11661","147104781"
"63-1334",42.83481,-83.59719,"L906","147104794"
"63-1335",42.82916,-83.60259,"L11308","147104811"
"63-1335.1",42.83888,-83.66343,"L10875","147104778"
"63-1336",42.83443,-83.67343,"L3466","147104780"
"63-1337",42.6086,-83.36676,"L4664","146647224"
"63-1339",42.82693,-83.67648,"L1420","147104826"
"63-1347",42.8211,-83.64593,"L9379","147104849"
"63-1348",42.8186,-83.5987,"L2268","147104870"
"63-1349",42.82061,-83.59665,"L804","147104851"
"63-1352",42.82027,-83.58732,"L5795","147104854"
"63-1353",42.81305,-83.57482,"L7742","147104875"
"63-1356.1",42.80812,-83.58634,"L8311","147104897"
"63-1357",42.8086,-83.60676,"L12819","148710182"
"63-1358",42.80821,-83.61142,"L6579","148710178"
"63-1359",42.80305,-83.61648,"L9092","148710201"
"63-1360",42.79888,-83.6112,"L13535","148710206"
"63-1361",42.81098,-83.61882,"L8007","147104878"
"63-1362",42.80166,-83.6312,"L12185","148710202"
"63-1363",42.80555,-83.6612,"L8547","147104912"
"63-1364",42.80708,-83.65523,"L11758","147104905"
"63-1365",42.80582,-83.6587,"L6469","147104906"
"63-1366",42.80777,-83.66565,"L12752","147104903"
"63-1371",42.78555,-83.67509,"L2934","148710237"
"63-1375",42.7936,-83.62398,"L4695","148710219"
"63-1376",42.78249,-83.5937,"L11781","148710239"
"63-1387",42.85412,-83.54518,"L6493","147104688"
"63-1392",42.85612,-83.52997,"L11183","147104671"
"63-1393",42.84527,-83.50287,"L13070","147104729"
"63-1400",42.84055,-83.45648,"L12413","147104746"
"63-1402",42.82999,-83.47315,"L6260","147104798"
"63-1406",42.84277,-83.50759,"L5128","147104742"
"63-1420",42.82943,-83.54565,"L8197","147104815"
"63-1422",42.81888,-83.54593,"L774","147104837"
"63-1425",42.82706,-83.49397,"L7981","147104814"
"63-1433",42.80764,-83.51745,"L13818","147104898"
"63-1436",42.80332,-83.52176,"L10339","147104907"
"63-1440",42.79943,-83.55732,"L3036","147104924"
"63-1442",42.79749,-83.53759,"L3225","147104926"
"63-1452",42.87416,-83.39065,"L5024","147104560"
"63-1464",42.85082,-83.41315,"L2113","147104689"
"63-1466",42.85499,-83.37593,"L11745","147104657"
"63-1479",42.84226,-83.44802,NA,NA
"63-1480",42.82193,-83.43287,"L3352","147104852"
"63-1481",42.81888,-83.4412,"L12036","147104823"
"63-1485",42.83249,-83.44843,"L4354","147104787"
"63-1487",42.82925,-83.40458,"L6820","147104800"
"63-1488",42.82999,-83.41037,"L3697","147104799"
"63-1489",42.81047,-83.3488,NA,NA
"63-149",42.60721,-83.60343,"L20232","145331244"
"63-1493",42.81082,-83.42648,"L11662","147104869"
"63-1494",42.80999,-83.43343,"L10504","147104879"
"63-1502",42.81183,-83.43646,"L10504","147104879"
"63-1509",42.80693,-83.3787,"L2874","146646425"
"63-1515",42.87693,-83.27676,"L11954","147104543"
"63-152",42.60077,-83.62915,"L15631","145331302"
"63-1523",42.86332,-83.26315,"L6726","147104605"
"63-153",42.60693,-83.64009,"L19127","145331233"
"63-1539",42.8411,-83.2812,"L3972","146646262"
"63-1555",42.82987,-83.24025,"L7054","146646314"
"63-1556",42.82473,-83.24306,"L13920","146646342"
"63-1566",42.81055,-83.22676,"L1938","146646388"
"63-1567",42.81166,-83.23204,"L1369","146646378"
"63-1568",42.81256,-83.23962,"L11838","146646376"
"63-157",42.59221,-83.65259,"L22038","145331603"
"63-1570",42.82265,-83.23277,"L5202","146646351"
"63-1571",42.81499,-83.24732,"L6529","146646375"
"63-1573",42.82013,-83.25367,"L13137","146646364"
"63-1575",42.81249,-83.27287,"L10173","146646377"
"63-1576",42.81832,-83.28482,"L3534","146646372"
"63-1580-GRP",42.81539,-83.29747,"L48311","146646383"
"63-1581",42.81632,-83.29436,"L48312","146646383"
"63-1581-GRP",42.81295,-83.28379,"L48314","146646383"
"63-1582",42.81742,-83.29241,"L48313","146646383"
"63-1585",42.82351,-83.29447,"L12538","146646383"
"63-1587",42.80749,-83.32093,"L9361","146646415"
"63-1588",42.80971,-83.32732,"L3868","146646406"
"63-1592",42.79724,-83.29268,"L9943","146646452"
"63-1597",42.80499,-83.24537,"L3601","146646413"
"63-1598",42.80138,-83.25148,"L4079","146646423"
"63-16",42.52055,-83.48287,"L6097","149285986"
"63-1603",42.87666,-83.11732,"L3421","146646198"
"63-1606",42.87499,-83.1287,"L12656","146646196"
"63-1608",42.88027,-83.15037,"L1985","146646184"
"63-1610",42.87916,-83.15926,"L1721","146646194"
"63-1613",42.87527,-83.15482,"L11893","146646201"
"63-1615",42.88499,-83.15343,"L529","146646174"
"63-1618",42.87555,-83.18454,"L6904","147104522"
"63-1628",42.86582,-83.16065,"L12801","146646209"
"63-164",42.57763,-83.68436,"L20781","145331699"
"63-1640",42.8436,-83.15093,"L761","146646259"
"63-1641",42.84584,-83.1536,"L8402","146646257"
"63-1650",42.8286,-83.15009,"L9735","146646317"
"63-166",42.57999,-83.6662,"L20575","145331717"
"63-1660",42.82082,-83.1387,"L7059","146646346"
"63-1664",42.79777,-83.20815,"L9208","146646429"
"63-1680",42.80751,-83.16452,"L6895","146646393"
"63-1682",42.80859,-83.14082,"L7214","146646386"
"63-1683",42.82824,-83.67356,"L3019","147104819"
"63-1690",42.53999,-83.31343,"L22146","149285862"
"63-1691",42.81876,-83.67895,"L11166","147104900"
"63-1692",42.81082,-83.53065,"L7841","147104885"
"63-1693",42.817,-83.24153,NA,NA
"63-1694",42.70496,-83.51404,"L14049","145330403"
"63-1695",42.67425,-83.63383,"L9705","145330539"
"63-1696",42.5282,-83.60306,"L15621","145332567"
"63-1697",42.82853,-83.31035,"L10604","146646322"
"63-1698",42.48862,-83.56793,"L21391","145332985"
"63-1699",42.48309,-83.57296,NA,NA
"63-17",42.50888,-83.48093,"L8294","149286033"
"63-1700",42.83481,-83.22204,"L5322","146646290"
"63-1701",42.4872,-83.58185,"L19034","145333001"
"63-1702",42.82279,-83.29862,"L3760","146646362"
"63-1703",42.48787,-83.5767,NA,NA
"63-1704",42.83655,-83.30255,"L2111","146646287"
"63-1705",42.62854,-83.10429,"L3570","146647140"
"63-1706",42.61508,-83.11655,"L3973","146647179"
"63-1707",42.83799,-83.2786,"L10482","146646283"
"63-1708",42.79686,-83.19871,"L2020","146646445"
"63-1709",42.49187,-83.46499,"L12916","149286145"
"63-1710",42.48014,-83.57567,"L15428","145333102"
"63-1711",42.47696,-83.58074,"L16815","145333134"
"63-1712",42.78421,-83.62011,"L7893","148710244"
"63-1713",42.81199,-83.58847,"L11843","147104887"
"63-1714",42.59717,-83.54904,"L19252","145331358"
"63-1715",42.52917,-83.4492,"L4253","145332485"
"63-1716",42.53142,-83.4554,"L4253","145332485"
"63-1717",42.84242,-83.37902,"L3535","147104745"
"63-1718",42.84875,-83.56202,"L11100","147104733"
"63-1719",42.80193,-83.59049,"L11788","147104917"
"63-1720",42.59943,-83.65088,"L20988","145331317"
"63-1721",42.60291,-83.6585,"L20312","145331268"
"63-1722",42.59846,-83.66338,"L16903","145331329"
"63-1723",42.78326,-83.33101,"L5549","146646536"
"63-1724",42.59984,-83.13397,"L6710","146647212"
"63-1725",42.62045,-83.11508,"L5398","146647167"
"63-1726",42.61777,-83.11366,"L1549","146647178"
"63-1727",42.61304,-83.1145,"L2389","146647185"
"63-1728",42.61256,-83.1184,"L430","146647186"
"63-1729",42.60886,-83.12137,"L10664","146647189"
"63-1730",42.4835,-83.56774,"L21460","145333051"
"63-1731",42.48443,-83.57025,NA,NA
"63-1732",42.82891,-83.2549,"L1986","146646311"
"63-1733",42.81458,-83.66862,"L7861","147104867"
"63-1734",42.5061,-83.54855,"L20084","145332807"
"63-1735",42.49517,-83.56576,"L22770","145332965"
"63-1736",42.49146,-83.56354,NA,NA
"63-1737",42.84744,-83.2731,NA,NA
"63-1738",42.84303,-83.28907,NA,NA
"63-1739",42.52872,-83.58902,"L22650","145332549"
"63-1740",42.53176,-83.58834,"L22650","145332549"
"63-1741",42.80718,-83.45715,"L9948","147104886"
"63-1742",42.79612,-83.18964,"L12163","146646442"
"63-1743",42.65484,-83.46074,"L11674","145330794"
"63-1744",42.70119,-83.46282,"L13138","145330420"
"63-1745",42.64602,-83.45479,"L9132","145330863"
"63-1746",42.81358,-83.27949,"L5077","146646379"
"63-1747",42.618,-83.56781,"L18806","145331089"
"63-1748",42.75152,-83.59572,"L13615","148710387"
"63-1749",42.70319,-83.40503,"L9110","146646898"
"63-1750",42.83366,-83.2937,"L6791","146646291"
"63-1751",42.48171,-83.55824,"L19532","145333088"
"63-1752",42.83381,-83.28218,"L13549","146646303"
"63-1753",42.8267,-83.28483,"L11460","146646338"
"63-1754",42.82818,-83.27989,"L12459","146646335"
"63-1755",42.82965,-83.27692,"L13064","146646321"
"63-1756",42.83269,-83.27685,"L1634","146646305"
"63-1757",42.4547,-83.4591,"L9210","149286284"
"63-1758",42.45957,-83.44735,"L7795","149286272"
"63-1759",42.68473,-83.45726,"L8792","145330454"
"63-1760",42.64683,-83.67066,"L22583","148710518"
"63-1761",42.61573,-83.09692,"L2949","146647175"
"63-1762",42.85504,-83.54156,"L6108","147104677"
"63-1763",42.59716,-83.54227,"L21978","145331306"
"63-1764",42.86043,-83.59718,"L3439","147104659"
"63-1765",42.85966,-83.59402,"L3439","147104659"
"63-1766",42.821,-83.52466,"L1988","147104835"
"63-1768",42.83388,-83.59295,"L9633","147104801"
"63-177",42.58615,-83.62498,"L18367","145331658"
"63-1770",42.77984,-83.19993,"L375","146646535"
"63-1772",42.78026,-83.16266,"L3835","146646525"
"63-1773",42.62162,-83.55013,"L17547","145331083"
"63-1774",42.68002,-83.62698,"L1731","145330498"
"63-1775",42.78448,-83.21478,"L7790","146646515"
"63-1776",42.74183,-83.6316,"L6370","{EA61D4F2-94EB-4DF0-8985-1D690459A138}"
"63-1777",42.77284,-83.68379,"L1666","148710288"
"63-1778",42.77444,-83.68438,"L5731","148710281"
"63-178",42.58526,-83.62169,"L19400","145331660"
"63-179",42.58567,-83.63202,"L21180","145331638"
"63-180",42.58872,-83.62125,"L16830","145331611"
"63-184",42.58651,-83.61519,"L14938","145331645"
"63-2",42.51305,-83.67593,"L21525","145332627"
"63-230",42.53416,-83.57037,"L15773","145332499"
"63-231",42.6111,-83.45676,"L9310","145331129"
"63-232",42.60218,-83.44493,"L4899","145331204"
"63-236",42.61666,-83.45426,"L8526","145331071"
"63-237",42.61221,-83.4762,"L11343","145331157"
"63-238",42.60943,-83.4787,"L48218","145331157"
"63-239",42.60749,-83.47676,"L9803","145331202"
"63-242",42.60805,-83.48648,"L1830","145331181"
"63-249",42.60166,-83.53648,"L21880","145331261"
"63-250",42.60666,-83.53398,"L18532","145331221"
"63-252",42.58888,-83.54982,"L19252","145331358"
"63-256-N",42.58193,-83.49176,"L22148","145331670"
"63-256-S",42.57249,-83.49926,"L22391","145331777"
"63-258",42.58166,-83.45982,"L9542","145331619"
"63-263",42.57999,-83.43232,"L7843","145331665"
"63-266",42.57416,-83.47565,"L15622","145331735"
"63-270",42.57306,-83.48334,"L16290","145331729"
"63-277",42.58055,-83.50982,"L20293","145331651"
"63-278",42.56805,-83.52287,"L16752","145331833"
"63-279",42.56592,-83.52897,"L48251","145331833"
"63-280",42.57138,-83.53787,"L48252","145331833"
"63-299",42.55527,-83.49176,"L8403","145332244"
"63-300",42.56777,-83.48009,"L5711","145331824"
"63-303",42.55749,-83.46926,"L2876","145332213"
"63-305",42.56221,-83.44759,"L8592","145332197"
"63-315",42.54082,-83.48787,"L8072","145332401"
"63-316",42.54832,-83.5087,"L2283","145332334"
"63-318",42.54805,-83.52926,"L14362","145332346"
"63-319",42.53916,-83.54315,"L16895","145332457"
"63-329",42.6236,-83.33704,"L13267","146647176"
"63-330",42.60721,-83.32565,"L11284","149285629"
"63-333",42.61666,-83.36815,"L5042","146647192"
"63-334",42.59888,-83.40232,"L12659","146647230"
"63-337",42.60693,-83.41954,"L9547","145331190"
"63-338",42.60999,-83.42287,"L65","145331167"
"63-339",42.61166,-83.42648,NA,NA
"63-340",42.59166,-83.41565,"L9950","145331332"
"63-342",42.59601,-83.41309,"L3157","145331294"
"63-344",42.58527,-83.3712,"L3660","146647236"
"63-346",42.59832,-83.37009,"L5266","146647228"
"63-347",42.59138,-83.34204,"L14166","146647235"
"63-348",42.59499,-83.31898,"L16371","149285658"
"63-349",42.58138,-83.3237,"L20991","149285669"
"63-353",42.57943,-83.34204,"L14240","149285674"
"63-356",42.57249,-83.34815,"L21247","149285696"
"63-359",42.57555,-83.39537,"L4867","145331740"
"63-365",42.56582,-83.39926,"L4487","149285715"
"63-366",42.55666,-83.41537,"L409","145332206"
"63-367",42.57082,-83.38537,"L5383","145331759"
"63-368",42.56189,-83.38214,"L11680","149285731"
"63-371",42.56527,-83.37704,"L2325","149285720"
"63-372",42.56666,-83.34398,"L19830","{2FE556BA-21F9-4ABF-BA55-51E6C5A211A7}"
"63-373",42.56582,-83.34843,"L15284","149285714"
"63-377",42.5636,-83.34593,"L16165","149285728"
"63-381",42.56193,-83.33037,"L17447","149285711"
"63-404",42.6111,-83.27232,"L10567","146647200"
"63-405",42.60999,-83.31204,"L4616","149285623"
"63-406",42.60221,-83.31093,"L428","149285636"
"63-410",42.59555,-83.30065,"L18015","149285647"
"63-411",42.58832,-83.29426,"L17655","149285656"
"63-416",42.59193,-83.27259,"L21044","149285652"
"63-420",42.58749,-83.23287,"L11399","149285655"
"63-444",42.5836,-83.30065,"L14595","149285664"
"63-446",42.57277,-83.29732,"L14796","149285691"
"63-447",42.5861,-83.31509,"L18967","149285665"
"63-449",42.57721,-83.31593,"L15418","149285678"
"63-452",42.57055,-83.2887,"L17102","149285698"
"63-453",42.56313,-83.29832,"L15822","149285722"
"63-454",42.56471,-83.30093,"L22839","149285713"
"63-456",42.55805,-83.27759,"L20446","149285730"
"63-461",42.5711,-83.24537,"L18819","149285694"
"63-473",42.56309,-83.23474,"L18492","149285717"
"63-494",42.55277,-83.29843,"L20505","149285740"
"63-496",42.55303,-83.31388,"L18569","149285744"
"63-540",42.69478,-83.62043,"L12062","148710468"
"63-551",42.67443,-83.65009,"L6213","145330540"
"63-553",42.88166,-83.27287,"L8087","147104517"
"63-559",42.67027,-83.63065,"L9807","145330552"
"63-561",42.67447,-83.64135,"L3201","145330543"
"63-564",42.66693,-83.61315,"L8824","145330558"
"63-568",42.67555,-83.61954,"L8644","145330536"
"63-569",42.67666,-83.58648,"L11169","145330503"
"63-575",42.6686,-83.5637,"L11561","145330487"
"63-579",42.65749,-83.58176,"L260","145330791"
"63-588",42.65388,-83.59926,"L13758","145330836"
"63-589",42.65855,-83.58956,"L7681","145330780"
"63-590",42.66055,-83.60398,"L2051","145330773"
"63-594",42.65388,-83.6087,"L3362","145330814"
"63-609",42.66305,-83.64954,"L20978","145330728"
"63-614",42.65755,-83.65687,"L20436","145330788"
"63-641",42.64416,-83.60787,"L8051","145330903"
"63-643",42.64457,-83.61241,NA,NA
"63-644",42.64527,-83.59037,"L14000","145330893"
"63-671",42.63441,-83.61085,"L17883","145331001"
"63-673",42.6261,-83.60982,"L19098","145331021"
"63-675",42.6302,-83.60763,"L19098","145331021"
"63-691",42.61443,-83.64454,"L14643","145331174"
"63-7",42.4861,-83.61593,"L17657","{F648A915-C9E7-4165-93D9-F9E03CA6A07C}"
"63-709",42.69446,-83.47085,NA,NA
"63-711",42.68721,-83.49287,"L9423","145330450"
"63-712",42.68669,-83.49821,NA,NA
"63-728",42.66888,-83.54232,"L11402","145330550"
"63-731",42.66666,-83.45843,"L1630","145330572"
"63-736",42.65638,-83.48287,"L11626","145330782"
"63-737",42.65943,-83.48787,"L952","145330763"
"63-754",42.65916,-83.55537,"L18552","145330754"
"63-768",42.64443,-83.5562,"L15025","145330901"
"63-771",42.6411,-83.50787,"L10070","145330940"
"63-774",42.64582,-83.48065,"L12310","145330879"
"63-779",42.65499,-83.50176,"L7309","145330785"
"63-780",42.64999,-83.46676,"L8434","145330805"
"63-781",42.64082,-83.51898,"L11986","145330931"
"63-789",42.62971,-83.47926,"L8295","145330973"
"63-798",42.63286,-83.51907,"L11901","145330983"
"63-801",42.63888,-83.52792,"L487","145330935"
"63-803",42.63749,-83.53954,"L2925","145330956"
"63-813",42.62777,-83.55093,"L19539","145331039"
"63-825",42.61451,-83.543,"L18289","145331111"
"63-829",42.61943,-83.50565,"L11079","145331081"
"63-833",42.61832,-83.49787,"L11993","145331103"
"63-834",42.62414,-83.46972,"L9483","145331027"
"63-837",42.61916,-83.47176,"L1638","145331059"
"63-838",42.61971,-83.47982,"L3489","145331079"
"63-842",42.69193,-83.32343,"L9112","146646936"
"63-843",42.69055,-83.33898,"L5324","{42F36298-20AA-4502-A38F-7F64E9E97C5F}"
"63-844",42.69416,-83.34343,"L10809","146646933"
"63-846",42.70027,-83.36065,"L8455","146646930"
"63-848",42.70249,-83.37898,"L3422","{C512E135-C799-4A41-B676-7468FB476A71}"
"63-849",42.69777,-83.38565,"L6634","146646924"
"63-854",42.70338,-83.42869,"L48290","146646951"
"63-855",42.70332,-83.42287,"L5321","146646901"
"63-856",42.69027,-83.4312,"L5781","146646951"
"63-857",42.6761,-83.42259,"L914","146647017"
"63-859",42.68499,-83.40537,"L10272","146646981"
"63-860",42.683,-83.38783,"L5275","146646993"
"63-865",42.68027,-83.35732,"L4570","146646999"
"63-868",42.68749,-83.34398,"L658","146646958"
"63-869",42.68555,-83.34843,"L6568","146646969"
"63-871",42.67885,-83.34317,"L4431","146647009"
"63-872",42.67666,-83.3287,"L4661","146647005"
"63-876",42.66971,-83.35259,"L8069","146647024"
"63-877",42.66471,-83.36954,"L6962","146647031"
"63-89",42.52614,-83.2446,"L48308",NA
"63-896",42.67221,-83.39593,"L3312","146647025"
"63-915",42.64166,-83.4362,"L7788","146647136"
"63-918",42.64332,-83.38676,"L857","146647133"
"63-920",42.64971,-83.3762,"L10025","146647099"
"63-921",42.6436,-83.36565,"L9883","146647118"
"63-925",42.6311,-83.38148,"L534","146647158"
"63-934",42.6286,-83.34787,"L13267","146647176"
"63-943",42.677,-83.32354,"L48190","146647005"
"63-953",42.66499,-83.25148,"L7725","146647040"
"63-954",42.6611,-83.31398,"L1260","146647055"
"63-956",42.65499,-83.29704,"L4379","146647069"
"63-957",42.6586,-83.30648,"L1167","146647059"
"63-969",42.6211,-83.30398,"L259","146647170"
"63-970",42.62443,-83.31676,"L196","146647168"
"63-976",42.63388,-83.25593,"L9419","146647137"
"63-979",42.70749,-83.10204,NA,NA
"64-104",43.5736,-86.28759,"L25348","82819424"
"64-11",43.49467,-86.10102,"L24461","82819828"
"64-111",43.56783,-86.32992,"L31543","82819484"
"64-114",43.62721,-86.46176,"L23938","{9A6CBB28-ADA8-4C6E-A3D7-08B94B289D0F}"
"64-119",43.61665,-86.44509,"L24211","82819166"
"64-123",43.57826,-86.4278,"L28242","82819482"
"64-127",43.58971,-86.52176,"L30109","{126E11C6-D567-4EDA-861F-A6A5B3C76CD8}"
"64-130",43.72443,-86.07843,"L21416","82818180"
"64-131",43.72388,-86.15148,"L21400","82818260"
"64-133",43.68471,-86.15565,"L23014","82818570"
"64-136",43.66854,-86.11905,"L15597","82818700"
"64-139",43.64415,-86.12093,"L15729","82818864"
"64-142",43.64749,-86.06537,"L22746","82818772"
"64-158",43.6636,-86.19037,"L22895","82818744"
"64-162",43.65943,-86.27565,"L28019","82818836"
"64-163",43.65527,-86.21926,"L22490","82818814"
"64-168",43.71721,-86.37232,"L18239","82818526"
"64-17",43.51641,-86.19261,"L24460","82819718"
"64-178",43.65221,-86.38037,"L31205","82818914"
"64-18",43.51388,-86.23065,"L29718","82819782"
"64-182",43.70415,-86.42732,"L17843","82818536"
"64-185.1",43.69006,-86.48239,"L18708","{1B95234A-5144-477E-BCBB-63C6EB93E6F8}"
"64-188",43.66776,-86.50482,"L28591","82818876"
"64-192",43.65915,-86.43648,"L28489","{C76A4926-89ED-497B-81FE-DC5EF3AD747E}"
"64-193",43.64807,-86.40587,"L31783","82818972"
"64-2",43.51489,-86.07425,"L27569","82819686"
"64-203",43.77832,-86.09759,"L19297","82817752"
"64-208",43.76305,-86.15507,"L16583","82817904"
"64-21",43.51027,-86.23537,"L29345","82819814"
"64-216",43.74499,-86.12398,"L21512","82818018"
"64-218",43.74582,-86.14454,"L19356","82818028"
"64-219",43.74582,-86.15287,"L17703","82818034"
"64-221",43.74165,-86.11676,"L19892","82818054"
"64-25",43.49471,-86.26926,"L24466","82819920"
"64-251",43.76999,-86.42093,"L20762","82818094"
"64-255",43.80963,-86.04616,"L18791","82817548"
"64-256",43.513,-86.37323,"L25661","82819848"
"64-257",43.64869,-86.13975,"L17222","82818856"
"64-258",43.48859,-86.36418,"L26472","82819986"
"64-259",43.67581,-86.48367,"L18708","{1B95234A-5144-477E-BCBB-63C6EB93E6F8}"
"64-260",43.6191,-86.1958,"L18929","82819040"
"64-261",43.73081,-86.06433,"L18777","82818146"
"64-263",43.75899,-86.15863,"L19929","82817942"
"64-27",43.55388,-86.29232,"L26916","82819560"
"64-29",43.55638,-86.31148,"L29570","82836392"
"64-31",43.54443,-86.35565,"L28350","82819638"
"64-32",43.53332,-86.36565,"L28761","82819704"
"64-33",43.52665,-86.33398,"L25349","82819730"
"64-34",43.52005,-86.34121,"L30953","82819788"
"64-35",43.51888,-86.35398,"L29982","82819806"
"64-37",43.52388,-86.35259,"L28188","82819752"
"64-38",43.5211,-86.36343,"L29037","82819798"
"64-39",43.51304,-86.35926,"L25043","82819850"
"64-45",43.50971,-86.29315,"L25347","82819836"
"64-47",43.55999,-86.47982,"L23638","82819600"
"64-49",43.54138,-86.48565,"L31458","82819710"
"64-50",43.53888,-86.44537,"L27307","82819706"
"64-51",43.53193,-86.43815,"L29717","82819734"
"64-56",43.63027,-86.04897,"L22215","82818960"
"64-57",43.63003,-86.04257,"L18976","82818918"
"64-58",43.6286,-86.05954,"L18145","82818920"
"64-61",43.64582,-86.10843,"L16673","82818800"
"64-63",43.63443,-86.13648,"L18648","82818936"
"64-66",43.61193,-86.08843,"L16482","82819028"
"64-67",43.6161,-86.09009,"L18060","82819010"
"64-68",43.62124,-86.06888,"L15872","82818976"
"64-7",43.50443,-86.09398,"L24772","82819776"
"64-74",43.60777,-86.12037,"L20097","82819068"
"64-75",43.58915,-86.14954,"L21770","82819228"
"64-76",43.58443,-86.11843,"L18197","82819244"
"64-79",43.57317,-86.04013,"L30754","82819294"
"64-8",43.48499,-86.05593,"L30937","82819882"
"64-80",43.62768,-86.20602,"L16613","82819000"
"64-86",43.58754,-86.26752,"L26476","82819306"
"64-89",43.59888,-86.23565,"L27232","82819210"
"64-91",43.58693,-86.16398,"L29105","82819250"
"64-92",43.58117,-86.26814,"L31164","82819374"
"64-93",43.57749,-86.27676,"L31893","82819392"
"64-95",43.55971,-86.26121,"L29039","82819520"
"65-10",44.20832,-84.3501,"L1333","149759017"
"65-100",44.29304,-84.00148,"L677","118253943"
"65-101",44.26332,-83.94843,"L6001","118254091"
"65-102",44.40943,-84.26176,"L11318","83977745"
"65-104",44.40499,-84.28315,"L9814","83977753"
"65-105",44.41054,-84.28065,"L10023","83977749"
"65-106",44.41666,-84.28065,"L1238","83977733"
"65-109",44.39888,-84.2926,"L2021","83977771"
"65-110",44.39999,-84.27371,"L13391","83977763"
"65-111",44.39779,-84.26072,"L116","83977769"
"65-112",44.38832,-84.24898,"L7190","83977789"
"65-119",44.37971,-84.24121,"L1681","83977809"
"65-120",44.37638,-84.15426,"L10178","118253523"
"65-121",44.40332,-84.00565,"L472","118253095"
"65-122",44.40736,-84.01225,"L4800","118253115"
"65-123",44.4111,-84.02093,"L4805","118253065"
"65-124",44.41754,-84.02537,"L9298","118253035"
"65-126",44.40888,-84.02982,"L10303","118253119"
"65-129",44.39943,-84.1101,"L2932","118253273"
"65-13",44.19388,-84.30398,"L9875","149759035"
"65-131",44.39666,-84.08371,"L5000","118253277"
"65-133",44.40081,-84.0265,"L9413","118253167"
"65-134",44.39874,-84.03254,"L13405","118253207"
"65-135",44.39553,-84.02895,"L2458","118253229"
"65-136",44.40228,-84.03304,"L1804","118253169"
"65-138",44.39757,-84.01348,"L2771","118253199"
"65-139",44.3786,-84.02482,"L7437","118253381"
"65-142",44.34166,-84.00732,"L2779","118253663"
"65-143",44.40499,-83.89204,"L239","118253029"
"65-144",44.4111,-83.90843,"L9722","118252967"
"65-145",44.41221,-83.9176,"L8664","118252969"
"65-146",44.41249,-83.92287,"L6342","118252975"
"65-147",44.41943,-83.93537,"L12617","83977673"
"65-148",44.4186,-83.96899,"L1251","118252957"
"65-149",44.41193,-83.98037,"L6585","118252977"
"65-150",44.39749,-83.98926,"L6109","118253181"
"65-151",44.39916,-83.97315,"L13049","118253147"
"65-152",44.38971,-83.89732,"L8560","118253143"
"65-153",44.38416,-83.90398,"L4017","118253237"
"65-154",44.38777,-83.91343,"L474","118253193"
"65-156",44.38172,-83.94814,"L13511","118253299"
"65-158",44.37332,-83.90204,"L13707","118253329"
"65-159",44.36388,-83.91037,"L6838","118253421"
"65-161",44.35006,-83.94562,"L11955","118253503"
"65-162",44.36075,-83.95302,"L8468","118253497"
"65-163",44.35582,-83.97093,"L6938","118253573"
"65-164",44.35544,-83.99032,"L7783","118253587"
"65-165",44.35721,-83.98454,"L8205","118253519"
"65-166",44.34138,-83.98343,"L7564","118253669"
"65-168",44.4911,-84.11871,"L4375","118252739"
"65-169",44.34277,-83.90648,"L10391","118253631"
"65-17",44.20007,-84.25068,"L9163","149759024"
"65-170",44.18721,-84.00093,"L6576","118254707"
"65-171",44.4267,-84.32566,"L8552","83977711"
"65-172",44.50138,-84.13093,NA,NA
"65-173",44.50658,-84.1418,"L14050","83977329"
"65-174",42.05417,-84.47431,NA,NA
"65-176",44.50304,-84.10482,"L6220","83977353"
"65-177",44.50082,-84.10843,"L4194","83977365"
"65-178",44.50332,-84.0926,"L6103","83977335"
"65-18",44.1936,-84.25537,"L10505","149759033"
"65-182",44.49304,-84.10954,"L4442","83977415"
"65-186",44.45193,-84.05954,"L10757","118252783"
"65-187",44.45856,-84.01183,NA,NA
"65-189",44.43971,-84.01787,"L10497","118252843"
"65-190",44.4382,-84.01809,"L3700","118252853"
"65-191",44.43721,-84.01704,"L12297","118252857"
"65-192",44.50054,-83.92704,"L4440","83977203"
"65-193",44.45138,-84.0051,"L11212","118252767"
"65-194",44.45582,-83.88593,"L8700","83977481"
"65-197",44.44027,-83.91954,"L7052","83977601"
"65-198",44.44193,-83.94426,"L9448","83977593"
"65-199",44.44249,-83.94843,"L4510","83977603"
"65-2",44.2361,-84.33454,"L11528","149758995"
"65-200",44.42999,-83.92037,"L10155","83977587"
"65-201",44.42491,-83.88482,"L9501","118252861"
"65-202",44.23693,-84.05676,"L978","118254379"
"65-203",44.23916,-84.05531,"L2809","118254241"
"65-204",44.43812,-83.89702,"L13012","83977595"
"65-205",44.3225,-84.18327,"L6121","118253859"
"65-206",44.23324,-83.91369,"L13971","118254303"
"65-207",44.27475,-84.08288,"L5380","118254077"
"65-208",44.27965,-84.08197,"L5341","118254061"
"65-209",44.27801,-84.08321,"L1807","118254065"
"65-21",44.1811,-84.35232,"L1093","149759054"
"65-210",44.2788,-84.082,"L89","118254063"
"65-211",44.2226,-84.30149,"L1114","149759005"
"65-212",44.20203,-84.29638,"L1533","149759025"
"65-213",44.43119,-84.32778,"L5163","83977697"
"65-214",44.42412,-84.32626,"L1258","83977729"
"65-215",44.50448,-84.08553,"L344","83977303"
"65-216",44.45237,-83.90818,"L13398","83977511"
"65-217",44.3325,-83.99195,"L6006","118253731"
"65-218",44.2079,-83.90658,"L6733","118254555"
"65-219",44.39189,-84.25545,"L7289","83977779"
"65-220",44.44102,-83.92507,"L48282","83977587"
"65-23",44.18277,-84.36315,"L1665","149759046"
"65-24",44.17471,-84.34898,"L3344","149759059"
"65-27",44.16749,-84.34093,"L2568","149759063"
"65-30",44.24039,-84.00718,"L3701","118254313"
"65-31",44.24221,-84.01982,"L4910","118254299"
"65-32",44.24638,-84.01648,"L8570","118254251"
"65-34",44.23443,-84.04926,"L4137","118254405"
"65-36",44.23888,-84.08343,"L9403","118254355"
"65-38",44.22804,-84.08482,"L11095","118254541"
"65-41",44.22825,-84.04818,"L10615","118254517"
"65-42",44.22888,-84.00732,"L3577","118254469"
"65-43",44.22499,-84.00982,"L5598","118254505"
"65-44",44.21332,-84.06204,"L3890","118254585"
"65-47",44.19166,-84.0301,"L6255","118254705"
"65-48",44.1911,-84.0351,"L2777","118254697"
"65-49",44.19527,-84.0401,"L8890","167792215"
"65-50",44.2011,-84.03787,"L8204","118254623"
"65-51",44.19777,-84.00093,"L989","167792111"
"65-52",44.1936,-84.00621,"L4806","118254629"
"65-53",44.19138,-84.01648,"L11862","118254703"
"65-54",44.1936,-84.01815,"L3902","118254683"
"65-55",44.18666,-84.0201,"L12926","118254727"
"65-57",44.18471,-84.0326,"L7149","118254731"
"65-59",44.24638,-83.97982,"L12717","118254219"
"65-60",44.24582,-83.99426,"L1351","118254265"
"65-61",44.22027,-83.99621,"L13381","118254533"
"65-63",44.20804,-83.95704,"L6731","118254567"
"65-64",44.20999,-83.99093,"L4357","118254579"
"65-65",44.20304,-83.99121,"L5567","118254599"
"65-67",44.30916,-84.27898,"L1332","118253991"
"65-68",44.31582,-84.26148,"L8318","118253949"
"65-71",44.26638,-84.28732,"L9743","149758981"
"65-72",44.25604,-84.27669,"L2814","149758985"
"65-73",44.32416,-84.23954,NA,NA
"65-75",44.30582,-84.20732,"L902","118253985"
"65-76",44.3086,-84.19676,"L552","118253957"
"65-78",44.31499,-84.16093,"L3991","118253893"
"65-79",44.29443,-84.17037,"L449","118254033"
"65-8",44.20916,-84.2476,"L12094","149759019"
"65-80",44.30193,-84.19787,"L1329","118253999"
"65-85",44.26332,-84.20593,"L11324","118254249"
"65-87",44.31999,-83.91287,"L12715","118253767"
"65-88",44.32277,-83.93343,"L3537","118253747"
"65-89",44.31605,-83.93959,"L2031","118253755"
"65-90",44.32527,-83.95121,"L2031","118253755"
"65-91",44.33471,-83.9751,"L10617","118253713"
"65-93",44.32277,-83.96843,"L9505","118253787"
"65-94",44.3286,-83.98232,"L9059","118253753"
"65-95",44.33017,-83.99651,"L2788","118253749"
"65-96",44.32997,-83.98385,"L12701","118253745"
"65-98",44.31419,-83.93158,"L7115","118253809"
"65-99",44.30249,-83.98121,"L3013","118253867"
"66-101",46.3511,-89.01121,"L42014","123394784"
"66-103",46.35971,-89.0026,"L41033","123394645"
"66-111",46.34748,-89.08843,"L38307","123394931"
"66-118",46.3461,-89.08115,"L36933","123394980"
"66-119",46.33927,-89.07549,"L42746","123395113"
"66-12",46.41332,-89.01815,"L39011","123393250"
"66-122",46.33998,-89.05482,"L37566","123395051"
"66-123",46.34026,-89.06899,"L38782","123395093"
"66-136",46.33832,-88.99649,"L39084","123395016"
"66-137",46.34554,-89.0026,"L39916","123394895"
"66-145",46.40812,-89.17537,"L40998","123393857"
"66-162",46.38887,-89.12371,"L41114","123394118"
"66-165",46.38819,-89.13488,"L40340","123394171"
"66-172",46.38435,-89.1731,"L42098","123394288"
"66-175",46.37998,-89.22788,"L37537","123394464"
"66-19",46.42082,-89.03371,"L38026","123393114"
"66-190",46.3523,-89.16469,"L41937","123394943"
"66-207",46.37165,-89.25038,"L42156","123394696"
"66-209",46.36171,-89.25661,"L39247","123394850"
"66-215",46.34943,-89.35704,"L42996","123395384"
"66-219",46.3411,-89.35982,"L41350","123395502"
"66-222",46.33332,-89.2751,"L38764","123395554"
"66-223",46.33531,-89.27844,"L41669","123395548"
"66-236",46.43248,-89.06427,"L41621","123393017"
"66-25",46.41498,-89.07065,"L39920","123393299"
"66-261",46.48346,-89.15098,"L39668","123392530"
"66-266",46.46082,-89.23788,"L37290","123392756"
"66-271",46.45054,-89.17038,"L39597","123392915"
"66-272",46.45665,-89.15399,"L42202","123392775"
"66-275",46.4411,-89.17093,"L37437","123393003"
"66-277",46.43645,-89.19401,"L36956","123393046"
"66-293",46.45304,-89.25038,"L38573","123392889"
"66-307",46.56387,-88.99843,"L40818","123391340"
"66-31",46.39443,-89.10343,"L40034","123394248"
"66-315",46.56137,-89.02427,"L37749","123391416"
"66-377",46.58269,-89.5889,"L38665","123394135"
"66-380",46.58612,-89.62118,"L38622","123147444"
"66-381",46.57987,-89.63448,"L36768","123391572"
"66-384",46.56754,-89.63486,"L43055","123391735"
"66-40",46.39809,-89.05469,"L41316","123393919"
"66-406",46.68695,-89.23102,"L32339","123390379"
"66-420",46.66528,-89.57017,"L34522","123148372"
"66-422",46.64804,-89.56732,"L33030","123390605"
"66-423",46.62554,-89.56732,"L40940","123390905"
"66-425",46.60915,-89.58565,"L38700","123391116"
"66-426",46.63415,-89.77093,"L38177","123147374"
"66-427",46.62665,-89.77954,"L36781","123147391"
"66-432",46.75758,-88.91424,"L33701","9208d9fb-517b-4561-b0ec-e2aea362d875"
"66-447",46.75276,-88.9376,"L32540","116543785"
"66-450",46.74155,-88.90583,"L35276","116543817"
"66-451",46.74218,-88.88771,"L34889","{994489A8-E862-4AC0-B665-4167F1671C7C}"
"66-452",46.7411,-88.89677,"L36420","116543819"
"66-457",46.74465,-88.88392,"L37416","117626353"
"66-483",46.74602,-89.22308,"L32137","123390074"
"66-484",46.73978,-89.21461,"L32880","123390080"
"66-485",46.729933,-89.172957,"L35728","123390094"
"66-514",46.76221,-89.76982,"L38537","123147023"
"66-515",46.73804,-89.79177,"L38789","123147088"
"66-525",46.77603,-88.94111,"L32809","116543747"
"66-528",46.766476,-89.095811,"L36513","116543777"
"66-537",46.78109,-89.29055,"L33311","123389951"
"66-560",46.78299,-89.53127,"L36193","{70979B10-5DA8-495F-8922-D3A0035CD566}"
"66-567",46.78459,-89.55124,NA,NA
"66-573",46.80376,-89.671,NA,NA
"66-574",46.76971,-89.69121,"L33834","123146994"
"66-575",46.80387,-89.75204,"L35358","123146856"
"66-610",46.61305,-89.59194,"L38878","123147408"
"66-611",46.62416,-89.27404,"L40307","123390713"
"66-612",46.81592,-89.31021,"L33512","123389929"
"66-613",46.70303,-88.89961,"L36186","117626533"
"66-614",46.33428,-89.28634,"L38908","123395571"
"66-615",46.70229,-88.87386,"L39075","117626493"
"66-616",46.56451,-89.24985,"L41581","123391521"
"66-617",46.49824,-89.24701,"L39707","123392499"
"66-618",46.64926,-89.26958,"L35739","123390487"
"66-619",46.39366,-89.18082,"L42662","123394087"
"66-85",46.36304,-89.08065,"L37112","123394651"
"66-88",46.37221,-88.9976,"L39579","123394375"
"66-91",46.36887,-88.99927,"L40464","123394426"
"66-93",46.36248,-89.0026,"L40297","123394574"
"67-1",43.86665,-85.19593,"L8387","121859500"
"67-10",43.85582,-85.11482,"L6701","150436646"
"67-13",43.84291,-85.17938,"L1705","150436654"
"67-132",43.95325,-85.12869,"L9237","121859117"
"67-138",43.90693,-85.13343,"L2318","121859364"
"67-142",43.95527,-85.26676,"L12779","121859153"
"67-15",43.8161,-85.20426,"L11297","150436663"
"67-152",43.93357,-85.28561,"L18232","121859300"
"67-155",43.92249,-85.21704,"L12154","121859334"
"67-156",43.9209,-85.25189,"L648","121859362"
"67-163",43.97138,-85.43065,"L18200","121859139"
"67-164",43.9686,-85.39204,"L20820","121859132"
"67-165",43.96582,-85.3851,"L15934","121859149"
"67-166",43.9611,-85.40093,"L19927","121859158"
"67-167",43.95915,-85.35648,"L17052","121859174"
"67-168",43.95567,-85.34027,"L23009","121859178"
"67-169",43.95193,-85.34565,"L16877","121859231"
"67-170",43.95027,-85.35176,"L19301","121859239"
"67-173",43.95058,-85.38152,NA,NA
"67-174",43.94758,-85.38151,"L20095","121859277"
"67-175",43.95036,-85.38258,NA,NA
"67-176",43.9469,-85.37928,"L20826","121859279"
"67-18",43.89027,-85.25176,"L2094","121859459"
"67-183",43.97638,-85.45371,"L20522","121859130"
"67-185",43.98221,-85.46037,"L14186","121859107"
"67-192",43.95943,-85.46898,"L18269","121859254"
"67-194",43.94915,-85.45732,"L16004","121859289"
"67-195",43.94527,-85.46371,"L18278","121859325"
"67-22",43.87027,-85.21093,"L9909","121859496"
"67-222",44.0486,-85.31704,"L14211","121858881"
"67-226",44.03138,-85.32787,"L14333","121858912"
"67-227",44.04082,-85.32426,"L16251","121858900"
"67-228",44.02443,-85.30982,"L22008","121858921"
"67-229",44.02746,-85.31948,"L21648","121858922"
"67-230",44.02888,-85.32148,"L14876","121858920"
"67-231",44.02304,-85.2851,"L16401","121858926"
"67-237",44.00304,-85.29815,"L18938","121858952"
"67-242",44.06471,-85.38176,"L18781","60091356"
"67-247",44.04999,-85.35287,"L48395",NA
"67-248",44.04721,-85.33482,"L22403","121858886"
"67-249",44.04638,-85.34482,"L16577","121858890"
"67-25",43.86888,-85.23926,"L2416","121859501"
"67-250",44.04332,-85.33121,"L22748","121858895"
"67-255",44.02388,-85.42398,"L19523","121858936"
"67-257",44.01499,-85.42315,"L15331","121858955"
"67-26",43.8636,-85.28565,"L18187","121859513"
"67-260",44.0236,-85.43371,"L20443","121858938"
"67-269",44.02249,-85.36037,"L20745","60091568"
"67-27",43.85971,-85.30509,"L19132","121859526"
"67-270",44.02693,-85.36121,"L17340","60091546"
"67-272",44.0086,-85.38954,"L18065","121858974"
"67-273",44.00638,-85.4001,"L20699","121858986"
"67-274",44.00888,-85.39843,"L18055","121858978"
"67-275",44.00665,-85.40732,NA,NA
"67-277",44.00386,-85.4331,"L22663","121859019"
"67-278",44.00665,-85.43815,"L14874","121864968"
"67-280",44.00749,-85.44065,"L20837","121859003"
"67-282",44.00971,-85.44204,"L15679","121858993"
"67-284",43.98999,-85.44343,"L22493","121859077"
"67-288",43.99582,-85.41676,"L15799","121859037"
"67-289",43.99332,-85.41315,"L18382","121859056"
"67-29",43.84721,-85.28121,"L22424","121859546"
"67-290",44.0011,-85.41871,"L16139","121859021"
"67-293",43.99762,-85.38384,"L18460","121859027"
"67-295",44.06898,-85.46143,"L21314","60091360"
"67-316",44.00221,-85.45593,"L19130","121859032"
"67-32",43.8461,-85.30148,"L15730","121859552"
"67-33",43.84415,-85.27009,"L6288","121859558"
"67-335",44.14499,-85.21648,"L1194","121858683"
"67-34",43.8436,-85.26426,"L3518","121859557"
"67-349",44.09999,-85.21204,"L6783","121858787"
"67-350",44.08154,-85.26003,"L12383","121858828"
"67-363",44.14915,-85.4001,"L22710","60095832"
"67-365",44.15621,-85.40515,"L21706","60090630"
"67-373",44.11791,-85.35502,"L21161","60090928"
"67-377",44.10749,-85.38648,"L16736","60091018"
"67-379",44.10249,-85.38037,"L14768","60091084"
"67-380",44.10665,-85.35232,"L21493","60091024"
"67-391",44.08054,-85.38371,"L19795","60091274"
"67-393",44.15257,-85.55606,"L18836","60090744"
"67-399",44.08721,-85.48621,"L17067","60091276"
"67-4",43.86471,-85.15759,"L10652","150436636"
"67-40",43.84193,-85.26176,"L13613","121859566"
"67-400",44.09304,-85.50454,"L20565","60091248"
"67-401",44.09804,-85.54704,"L19110","60091236"
"67-404",43.82527,-85.29232,"L13995","121859627"
"67-405",43.81906,-85.28981,"L11718","121859638"
"67-406",44.10439,-85.14898,"L5192","121858759"
"67-407",43.8332,-85.31896,"L21337","121859615"
"67-408",43.84617,-85.18413,"L11886","150436652"
"67-409",43.81674,-85.27157,"L4414","121859645"
"67-41",43.84082,-85.27176,"L7708","121859570"
"67-410",43.82909,-85.24313,"L12373","121859600"
"67-411",43.99893,-85.13735,"L5868","121858941"
"67-412",43.95054,-85.32788,"L20912","121859236"
"67-413",43.90452,-85.18035,"L13474","121859404"
"67-414",43.95837,-85.45895,"L14403","121859235"
"67-415",44.06644,-85.46847,"L21520","60091370"
"67-416",43.95599,-85.39501,"L14405","121859234"
"67-417",43.91322,-85.09071,"L7373","121859330"
"67-418",43.95262,-85.41271,"L21228","121859258"
"67-419",44.07954,-85.50783,"L15614","60091320"
"67-420",43.99223,-85.44007,"L17325","121859068"
"67-421",43.93345,-85.28729,"L17637","121859304"
"67-45",43.83304,-85.29565,"L3079","121859603"
"67-48",43.82999,-85.29871,"L12601","121859628"
"67-63",43.82082,-85.23065,"L5441","121859625"
"67-73",43.83453,-85.33258,"L16727","121859612"
"67-8",43.84943,-85.20676,"L13242","121859536"
"67-85",43.89832,-85.51982,"L14625","121859485"
"67-98",43.87659,-85.50423,NA,NA
"68-101",44.72721,-84.12426,"L10098","83976283"
"68-103",44.77688,-83.89255,"L11161","113471507"
"68-105",44.76943,-83.96954,"L10362","113471559"
"68-106",44.76749,-83.97871,"L1849","113471565"
"68-107",44.76888,-83.98704,"L5086","113471567"
"68-113",44.74027,-83.97787,"L8774","113471633"
"68-114",44.74304,-83.93065,"L11925","113471601"
"68-115",44.73749,-83.94399,"L2016","113471619"
"68-116",44.73777,-83.92065,"L6437","113471603"
"68-118",44.73338,-83.89447,"L7877","113471625"
"68-119",44.72956,-83.89451,"L12671","113471647"
"68-12",44.55304,-84.15149,"L4946","83977097"
"68-120",44.7284,-83.90252,"L12640","113471649"
"68-121",44.72971,-83.90954,"L8450","113471661"
"68-122",44.73251,-83.90346,"L13002","113471639"
"68-134",44.70249,-83.90593,"L4876","83976311"
"68-14",44.559627,-84.17205,"L49041",NA
"68-142",44.84166,-84.29454,"L2542","83976013"
"68-143",44.85402,-84.29202,"L4602","83975939"
"68-144",44.84166,-84.32093,"L7159","83976003"
"68-145",44.84329,-84.35977,NA,NA
"68-147",44.83138,-84.3226,"L7700","83976035"
"68-154",44.83249,-84.26037,"L13656","83976017"
"68-156",44.8236,-84.25676,"L4350","83976043"
"68-169",44.82943,-84.23649,"L1285","83976023"
"68-17",44.54362,-84.18759,"L11600","83977127"
"68-170",44.82693,-84.24621,"L8876","83976025"
"68-172",44.82662,-84.15813,"L2746","83976011"
"68-173",44.82804,-84.14926,NA,NA
"68-174",44.83997,-84.14582,NA,NA
"68-175",44.82379,-84.24997,"L792","83976041"
"68-177",44.79304,-84.22371,"L12892","83976075"
"68-179",44.77684,-84.21882,"L5699","83976113"
"68-18",44.54012,-84.17205,"L7294","83977131"
"68-180",44.77444,-84.22799,"L12772","83976117"
"68-181",44.78138,-84.22915,"L9256","83976099"
"68-183",44.84777,-84.0701,"L13207","113471311"
"68-184",44.8347,-84.07063,"L12400","113471363"
"68-19",44.5436,-84.15204,"L13953","83977117"
"68-195",44.82221,-84.07232,"L6317","113471417"
"68-198",44.81527,-84.07649,"L6474","113471449"
"68-199",44.81819,-84.08465,"L6140","113471443"
"68-20",44.53804,-84.16399,"L11427","83977133"
"68-206",44.8426,-83.94513,"L12298","113471277"
"68-207",44.83892,-83.9449,"L13393","113471285"
"68-208",44.83027,-83.9901,"L3681","113471345"
"68-209",44.82666,-84.00121,"L6923","113471351"
"68-21",44.5286,-84.13315,"L8668","83977153"
"68-211",44.83221,-84.00621,"L11818","113471349"
"68-212",44.83471,-83.93426,"L8984","113471317"
"68-213",44.81138,-83.89371,"L8637","113471375"
"68-214",44.82499,-83.98121,"L1679","113471365"
"68-217",44.81282,-83.97853,"L2544","113471421"
"68-218",44.81396,-83.98359,"L4284","113471413"
"68-22",44.52911,-84.14408,"L1545","83977149"
"68-220",44.82082,-83.99926,"L1480","113471379"
"68-221",44.80999,-84.00426,"L13397","113471425"
"68-222",44.82382,-84.00768,NA,NA
"68-223",44.80943,-83.99843,"L9081","113471439"
"68-225",44.80016,-83.99171,NA,NA
"68-226",44.80999,-83.98204,"L1239","113471429"
"68-227",44.80027,-83.97926,"L5354","113471461"
"68-232",44.80871,-83.98507,"L10785","113471445"
"68-233",44.78166,-83.96454,"L9512","113471509"
"68-234",44.78499,-83.96315,"L2323","113471499"
"68-237",44.77582,-83.98176,"L7590","113471539"
"68-238",44.77221,-83.99037,"L4866","113471551"
"68-239",44.77909,-84.00909,"L10951","113471533"
"68-24",44.5244,-84.15524,"L2249","83977185"
"68-244",44.77777,-83.98482,"L10845","113471535"
"68-245",44.61427,-84.26688,"L11621","83976929"
"68-246",44.70838,-84.30525,"L3794","83976485"
"68-247",44.83947,-83.94261,"L11775","113471301"
"68-248",44.81853,-84.00447,"L5208","113471395"
"68-249",44.53229,-83.94286,"L10404","83977103"
"68-25",44.52678,-84.15635,"L7542","83977167"
"68-250",44.73822,-84.18637,"L7952","83976245"
"68-251",44.72971,-84.19698,"L13090","83976305"
"68-252",44.73474,-84.17438,"L6773","83976253"
"68-253",44.74148,-84.17034,"L2269","83976229"
"68-254",44.64338,-84.2223,"L7424","83976777"
"68-255",44.82329,-84.00858,NA,NA
"68-256",44.51957,-84.14782,"L4459","83977225"
"68-257",44.75685,-84.08215,"L7400","83976121"
"68-259",44.5268,-84.12997,"L13729","83977161"
"68-27",44.52027,-84.21954,"L13114","83977269"
"68-28",44.5111,-84.16843,"L6578","83977323"
"68-31",44.51054,-84.15454,"L11430","83977315"
"68-33",44.5086,-84.15843,"L11204","83977343"
"68-35",44.51777,-84.13732,"L4763","83977201"
"68-39",44.57721,-84.06982,"L11403","83977013"
"68-41",44.51202,-84.12182,"L10078","83977257"
"68-42",44.5161,-84.12732,"L11667","83977241"
"68-43",44.51416,-84.01676,"L2553","83977169"
"68-44",44.59193,-83.9126,"L11596","83976875"
"68-45",44.57138,-83.99315,"L5114","83977011"
"68-46",44.55591,-83.97703,"L12511","83977065"
"68-47",44.55461,-83.97431,"L63","83977069"
"68-48",44.55388,-83.97982,"L11268","83977071"
"68-53",44.66044,-84.13419,"L1","83976639"
"68-6",44.58804,-84.14593,"L12583","83977009"
"68-79",44.7511,-84.23426,"L887","83976193"
"68-80",44.71888,-84.22426,"L4076","83976389"
"68-86-87",44.76901,-84.08074,"L12301","83976091"
"68-94",44.74721,-84.09093,"L7000","83976163"
"68-95",44.74638,-84.1026,"L6473","83976177"
"68-96",44.74989,-84.08703,"L7000","83976163"
"68-97",44.73749,-84.04732,"L8435","83976185"
"68-99",44.73027,-84.11315,"L12884","83976257"
"69-1",44.93804,-84.38454,"L571","83975749"
"69-100",44.90496,-84.75874,"L10168","83975869"
"69-104",44.94416,-84.8376,"L3957","60087566"
"69-105",44.93016,-84.83599,"L9802","60087576"
"69-107",44.92931,-84.83122,"L396","60087578"
"69-11",44.91693,-84.47093,"L6823","83975843"
"69-115",44.90804,-84.83621,"L7242","60087604"
"69-117",44.88786,-84.83083,"L3860","60087624"
"69-119",44.88832,-84.74954,"L9035","83975979"
"69-120",44.89277,-84.75593,"L4464","83975963"
"69-129",44.99166,-84.44704,"L13228","83975665"
"69-130",44.99277,-84.45565,"L5469","83975667"
"69-131",44.99388,-84.48232,"L2991","155411280"
"69-137",44.9737,-84.41546,"L1173","83975703"
"69-139",44.98139,-84.39002,"L8368","83975681"
"69-14",44.92277,-84.44537,"L206","83975817"
"69-140",44.98237,-84.39518,"L10911","83975683"
"69-141",44.9836,-84.38093,"L710","83975675"
"69-145",44.98016,-84.38589,"L11763","83975685"
"69-147",44.96721,-84.39176,"L11601","83975707"
"69-15",44.92332,-84.40065,"L4957","83975811"
"69-157",45.00832,-84.58482,"L1282","155411274"
"69-161",44.99193,-84.49732,"L1439","155411284"
"69-162",44.99554,-84.52704,NA,NA
"69-166",44.99888,-84.57399,"L6159","155411278"
"69-169",44.9836,-84.4976,"L11771","155411286"
"69-176",45.00888,-84.62926,"L8671","83975657"
"69-179",45.00469,-84.63426,"L2919","83975673"
"69-18",44.89888,-84.37399,"L13274","83975859"
"69-182",45.01332,-84.62315,"L7334","83975649"
"69-185",44.99471,-84.63454,"L172","83975689"
"69-186",44.9861,-84.63676,"L950","83975709"
"69-187",44.99916,-84.70843,"L2740","83975701"
"69-189",44.98332,-84.70121,"L2313","83975715"
"69-19",44.9036,-84.40787,"L12923","83975861"
"69-192",44.96471,-84.60843,"L12073","83975743"
"69-193",44.9636,-84.62565,"L3955","83975751"
"69-2",44.93443,-84.40287,"L3384","83975767"
"69-201",44.96435,-84.63613,"L7180","83975757"
"69-202",44.96107,-84.63316,"L9085","83975761"
"69-208",44.97054,-84.66621,"L11594","83975731"
"69-209",44.96582,-84.67037,"L5421","83975753"
"69-210",44.96693,-84.71899,"L480","83975765"
"69-212",44.95693,-84.64704,"L3356","83975785"
"69-214",44.95277,-84.6301,"L5808","83975781"
"69-220",44.97804,-84.75149,"L11546","83975737"
"69-221",44.9761,-84.73815,"L1901","83975735"
"69-222",44.98473,-84.75858,"L5261","83975719"
"69-223",44.98054,-84.72871,"L2203","83975721"
"69-225",44.95999,-84.73871,"L10913","83975793"
"69-229",44.97156,-84.8307,"L4829","60087540"
"69-23",44.88804,-84.47399,"L5330","83975905"
"69-231",44.94971,-84.81426,"L13901","60087558"
"69-233",44.95456,-84.81004,"L2190","60087550"
"69-240",45.06638,-84.48093,"L4399","155411254"
"69-246",45.07888,-84.53843,"L5648","155411241"
"69-26",44.8861,-84.39649,"L5580","83975883"
"69-266",45.08443,-84.71815,"L3242","155411240"
"69-27",44.88888,-84.37621,"L10321","83975875"
"69-273",45.07301,-84.71769,"L564","155411251"
"69-283",45.04292,-84.71887,"L8950","83975641"
"69-284",45.04011,-84.71699,"L13208","83975643"
"69-285",45.04554,-84.71343,"L11951","83975637"
"69-286",45.04443,-84.70972,"L11951","83975637"
"69-287",45.02832,-84.63593,"L12189","155411267"
"69-288",45.0739,-84.76257,"L8796","83975619"
"69-289",45.07405,-84.80272,"L8623","155417382"
"69-291",45.0561,-84.79426,"L5976","155417394"
"69-292",45.05638,-84.78537,"L1070","155417393"
"69-293",45.06221,-84.78954,"L6882","155417390"
"69-296",45.04804,-84.78593,"L12790","155417401"
"69-297",45.05027,-84.79399,"L3636","155417400"
"69-299",45.19332,-84.40788,"L4895","155411155"
"69-3",44.92527,-84.40621,"L1742","83975799"
"69-30",44.87221,-84.3901,"L2969","83975925"
"69-300",45.19249,-84.41176,"L10906","155411157"
"69-301",45.18771,-84.41332,"L2019","155411174"
"69-302",45.18971,-84.44565,"L6603","155411168"
"69-303",45.1936,-84.4576,"L12065","155411152"
"69-306",45.17943,-84.45093,"L10323","155411184"
"69-307",45.18354,-84.41224,"L11125","155411176"
"69-308",45.18193,-84.41399,"L10818","155411178"
"69-309",45.17027,-84.40121,"L8219","155411190"
"69-31",44.88166,-84.38871,"L3726","83975895"
"69-310",45.14554,-84.47315,"L6271","155411207"
"69-312",45.13527,-84.4551,"L8254","155408578"
"69-316",45.19249,-84.49649,"L13947","155411162"
"69-318",45.17666,-84.52232,"L6290","155411186"
"69-324",45.19153,-84.72425,"L10461","155411170"
"69-325",45.19304,-84.72343,"L10461","155411170"
"69-327",45.17804,-84.68371,"L9178","155411188"
"69-328",45.16439,-84.61399,"L6246","155411194"
"69-329",45.16332,-84.72621,"L2353","155411201"
"69-330",45.13249,-84.72843,"L12822","155411212"
"69-332",45.12027,-84.72371,"L8217","155411225"
"69-333",45.12231,-84.72823,"L12677","155411222"
"69-336",45.1236,-84.73232,"L5353","155411219"
"69-337",44.96018,-84.63194,"L3943","83975769"
"69-338",44.89443,-84.82727,"L14022","60087619"
"69-339",45.07403,-84.74907,"L13180","83975617"
"69-34",44.87666,-84.42287,"L1791","83975919"
"69-340",45.07246,-84.75037,"L11744","83975621"
"69-341",45.06928,-84.75201,"L2914","83975623"
"69-342",45.06907,-84.75683,"L14060","83975625"
"69-343",45.06554,-84.75287,"L5534","83975629"
"69-344",45.06431,-84.75109,"L3922","83975631"
"69-345",44.93098,-84.84818,"L2853","60087572"
"69-346",45.07472,-84.80359,"L7298","155417378"
"69-35",44.87721,-84.4851,"L12303","83975927"
"69-366",42.27561,-85.4867,NA,NA
"69-39",44.93166,-84.50621,"L8877","83975801"
"69-40",44.94666,-84.5576,"L2525","83975775"
"69-45",44.94332,-84.59565,"L13914","83975803"
"69-46",44.94027,-84.6051,"L4507","83975827"
"69-47",44.91777,-84.5076,"L8043","83975847"
"69-51",44.88916,-84.59204,"L6219","83975923"
"69-53",44.88277,-84.6026,"L11952","83975951"
"69-54",44.86527,-84.52732,"L8673","83975989"
"69-56",44.93423,-84.60972,"L4507","83975827"
"69-57",44.9261,-84.61315,"L7786","83975841"
"69-58",44.93499,-84.6176,"L2917","83975835"
"69-61",44.95554,-84.69232,"L6888","83975759"
"69-62",44.91846,-84.70175,"L48355",NA
"69-63",44.9036,-84.62593,"L1002","83975893"
"69-65",44.90961,-84.62845,"L10242","83975877"
"69-66",44.90221,-84.63315,"L8437","83975911"
"69-68",44.90416,-84.69982,"L9710","83975909"
"69-69",44.89777,-84.69176,"L828","83975921"
"69-7",44.94166,-84.47649,"L12924","83975787"
"69-75",44.89277,-84.6926,"L14135","83975941"
"69-76",44.89777,-84.63899,"L12067","83975929"
"69-77",44.8911,-84.63037,"L11978","83975933"
"69-78",44.89138,-84.63621,"L9620","83975937"
"69-79",44.8886,-84.63787,"L2251","83975947"
"69-8",44.91971,-84.47676,"L5547","83975837"
"69-80",44.89277,-84.64287,"L12067","83975929"
"69-81",44.89388,-84.62037,"L6948","83975913"
"69-86",44.88249,-84.70232,"L6075","83975991"
"69-87",44.86749,-84.6951,"L11429","83976019"
"69-92",44.86138,-84.61065,"L10463","83976033"
"69-94",44.93221,-84.74426,"L8748","83975853"
"7-103",46.46866,-88.47791,"L36773","111859753"
"7-1100",46.89665,-88.20077,"L35508","105231517"
"7-1101",46.55249,-88.3967,"L41358","117627295"
"7-1102",46.48504,-88.1731,"L38028","110734855"
"7-1103",46.61266,-88.35303,"L36689","117626819"
"7-1104",46.53138,-88.27613,"L42899","117627395"
"7-1105",46.61397,-88.37564,"L40273","117626813"
"7-1106",46.74131,-88.46587,"L40389","105232787"
"7-1107",46.5476,-88.18659,NA,NA
"7-1108",46.7199,-88.58505,"L34631","105233089"
"7-13",46.50054,-88.19065,"L40771","110734809"
"7-132",46.46304,-88.57843,"L33796","111859761"
"7-133",46.44159,-88.53643,"L40367","111859783"
"7-134",46.4326,-88.54179,"L35634","111859785"
"7-136",46.49355,-88.63522,"L36690","117627633"
"7-151",46.59388,-88.14142,"L41084","110734491"
"7-152",46.58961,-88.14819,"L40568","110734509"
"7-158",46.58415,-88.21315,"L36742","110734547"
"7-159",46.59249,-88.23843,"L40082","110734521"
"7-16",46.50221,-88.21177,"L38509","110734811"
"7-160",46.55943,-88.21677,"L42200","110734671"
"7-163",46.5696,-88.20826,"L38080","110734595"
"7-165",46.57302,-88.17894,"L42034","110734575"
"7-168",46.5682,-88.19212,"L39459","110734603"
"7-17",46.48232,-88.23686,"L40754","110734907"
"7-172",46.56387,-88.1351,"L33052","110734609"
"7-176",46.56971,-88.10982,"L41005","110734563"
"7-178",46.54887,-88.15899,"L33378","110734679"
"7-180",46.55082,-88.17204,"L34996","110734675"
"7-182",46.55471,-88.18538,"L37243","110734673"
"7-183",46.54915,-88.20288,"L36665","110734683"
"7-184",46.55896,-88.20425,"L42425","110734651"
"7-189",46.56178,-88.2149,"L42642","110734645"
"7-19",46.4761,-88.18927,"L42356","110734931"
"7-194",46.53665,-88.18815,"L38128","110734709"
"7-197",46.53462,-88.1642,"L33715","110734721"
"7-202",46.5286,-88.14288,"L33843","110734727"
"7-206",46.51943,-88.19482,"L42128","110734749"
"7-209",46.53082,-88.22704,"L38400","110734733"
"7-211",46.51556,-88.1814,"L42880","110734753"
"7-23",46.48815,-88.19411,"L38983","110734879"
"7-231",46.56388,-88.24259,NA,NA
"7-267",46.56422,-88.45977,"L38635","117627251"
"7-272",46.57387,-88.43788,"L37764","117627173"
"7-285",46.53887,-88.49371,"L39878","117627403"
"7-289",46.54026,-88.40538,"L36797","117627361"
"7-295",46.52693,-88.37093,"L39940","117627469"
"7-297",46.52054,-88.4101,"L39609","117627513"
"7-359",46.66425,-88.15922,"L38895","110734235"
"7-361",46.67252,-88.17723,"L39915","110734217"
"7-362",46.67776,-88.19584,"L42297","110734195"
"7-363",46.65832,-88.21399,"L39321","110734285"
"7-369",46.65804,-88.24065,"L41125","105233479"
"7-370",46.65969,-88.20072,"L37218","110734251"
"7-375",46.65613,-88.12076,"L41617","110734255"
"7-376",46.65409,-88.12798,"L39771","110734267"
"7-377",46.6378,-88.16434,"L36660","110734341"
"7-381",46.63339,-88.21094,"L41898","110734367"
"7-382",46.64054,-88.23732,"L37042","105233589"
"7-384",46.63267,-88.23018,"L37722","110734381"
"7-385",46.62471,-88.2251,"L42278","110734395"
"7-386",46.623431,-88.209231,"L40911","110734409"
"7-387",46.62567,-88.21086,"L37113","110734399"
"7-388",46.62471,-88.19121,"L37178","110734397"
"7-389",46.61082,-88.18621,"L39575","110734465"
"7-395",46.60276,-88.15565,"L37423","110734475"
"7-397",46.614799,-88.196052,"L40673","110734443"
"7-40",46.44767,-88.20759,"L42216","110735035"
"7-400",46.61193,-88.23427,"L38888","110734461"
"7-401",46.59887,-88.22704,"L42824","110734499"
"7-403",46.60221,-88.2051,"L37784","110734485"
"7-404",46.59404,-88.17916,"L39194","110734501"
"7-410",46.66556,-88.28859,"L37175","105233451"
"7-420",46.64721,-88.25954,"L38185","105233559"
"7-426",46.63636,-88.33649,"L38504","117626705"
"7-427",46.6451,-88.36094,"L40560","105233605"
"7-428",46.62947,-88.34416,"L37569","117626721"
"7-433",46.6211,-88.26149,"L41280","117626741"
"7-437",46.61385,-88.25794,"L41172","46722e4d-b868-46c1-a665-b2333a92ca80"
"7-439",46.61249,-88.2826,"L39193","117626805"
"7-443",46.61073,-88.34861,"L42636","117626825"
"7-444",46.61036,-88.35425,"L36689","117626819"
"7-450",46.60112,-88.30924,"L38406","117626877"
"7-453",46.5986,-88.26982,"L36909","117626893"
"7-454",46.59387,-88.26371,"L41401","117626907"
"7-464",46.67297,-88.4905,"L36873","105233475"
"7-465",46.6761,-88.49065,"L40832","105233439"
"7-467",46.65639,-88.48416,"L40130","105233579"
"7-468",46.65499,-88.49038,"L41019","105233591"
"7-471",46.65332,-88.3926,"L39452","105233569"
"7-474",46.64429,-88.47818,"L39647","117626703"
"7-489",46.67005,-88.49676,"L40576","105233485"
"7-490",46.67384,-88.49095,"L40816","105233471"
"7-494",46.64693,-88.55871,"L35178","117626713"
"7-5",46.49415,-88.17788,"L42145","110734831"
"7-540",46.61443,-88.57649,"L38811","117626885"
"7-57",46.42665,-88.12232,"L41795","110735121"
"7-583",46.71887,-88.1026,"L36715","110734011"
"7-585",46.70776,-88.08204,"L42443","f12e20a3-8764-4ad0-a745-47606d036154"
"7-587",46.71832,-88.04621,"L37604","105232765"
"7-588",46.71443,-88.03204,"L40106","105232843"
"7-589",46.71026,-88.03566,"L40139","105232897"
"7-590",46.71415,-88.02093,"L37892","105232847"
"7-591",46.69749,-88.0151,"L41134","105233021"
"7-592",46.7011,-88.02538,"L41673","105232963"
"7-594",46.69693,-88.03788,"L37615","110734087"
"7-595",46.69272,-88.05652,"L42604","110734099"
"7-596",46.69554,-88.07232,"L36899","110734095"
"7-597",46.6961,-88.08288,"L41461","110734081"
"7-6",46.50693,-88.17677,"L38937","110734769"
"7-600",46.68026,-88.07454,"L41847","110734163"
"7-603",46.6911,-88.02232,"L41252","110734101"
"7-605",46.68024,-87.99495,"L38601","{67754C7E-CD2D-4038-8DD6-C0E2EE055741}"
"7-619",46.68353,-88.2046,"L42797","110734179"
"7-621",46.68606,-88.18513,"L41466","110734165"
"7-622",46.68137,-88.15927,"L37240","110734177"
"7-674",46.73441,-88.36116,"L40750","105232827"
"7-69",46.45165,-88.33399,"L41359","110735039"
"7-695",46.6907,-88.26295,"L36836","105233167"
"7-696",46.6908,-88.24987,"L39455","110734159"
"7-697",46.76544,-88.39492,"L41097","105232505"
"7-731",46.73445,-88.44297,NA,NA
"7-799",46.71136,-88.57479,"L32453","105233127"
"7-80",46.44132,-88.24593,"L42427","110735063"
"7-843",46.72398,-88.66696,"L33505","117626559"
"7-85",46.4232,-88.35692,"L41600","111859787"
"7-88",46.49665,-88.37454,"L41239","117627577"
"7-888",46.82276,-88.17816,"L39762","105231895"
"7-892",46.79137,-88.2576,"L42381","105232125"
"7-920",46.77499,-88.37593,"L41520","105232351"
"7-948",46.84051,-88.59338,"L34923","117625845"
"7-97",46.47749,-88.44982,"L37266","117627641"
"70-101",42.95249,-85.78954,"L25422","152707905"
"70-103",43.0099,-86.00495,"L26836","152707766"
"70-109",43.01125,-85.96773,"L23661","152707762"
"70-111",43.00575,-85.92513,"L29512","152707777"
"70-116",43.02522,-86.13704,"L46944","{E281B292-B481-406D-B72B-D43A2CD9C31E}"
"70-118",43.02385,-86.15613,"L47975","{E9C33C22-5150-46B4-A1C3-2D86F9CD11EF}"
"70-119",43.02828,-86.18771,"L46951","{FA524EB4-90F7-4B5C-A804-CE02C817D5FE}"
"70-122",43.10388,-85.81398,"L21307","152707540"
"70-13",42.77082,-85.86981,"L28630","152517448"
"70-132",43.04399,-86.12576,"L48376",NA
"70-142",43.03511,-86.04645,"L26712","152707701"
"70-143",43.09249,-86.18426,"L27533","152707574"
"70-145",43.07729,-86.23518,NA,NA
"70-151",43.06392,-86.23663,NA,NA
"70-157",43.0649,-86.18651,"L47412","152707634"
"70-158",43.05534,-86.18396,NA,NA
"70-164",43.1686,-85.85148,"L22989","152707355"
"70-165",42.93024,-85.84007,"L29803","152707955"
"70-166",42.9238,-85.82965,"L27310","152707965"
"70-167",42.89297,-85.806,"L27790","152708013"
"70-168",42.913,-85.81297,"L27559","152707987"
"70-169",42.8967,-85.7996,"L25457","152708005"
"70-170",42.89359,-85.78487,"L25701","152708009"
"70-171",42.89091,-85.78713,"L23574","152708017"
"70-172",43.07335,-86.22844,NA,NA
"70-173",42.79673,-86.00672,"L26403","152274806"
"70-174",43.03941,-86.07023,"L26056","152707705"
"70-175",43.07995,-86.09973,"L24494","152707602"
"70-176",43.05409,-86.07507,"L27776","152707676"
"70-177",42.89635,-85.79334,"L24472","152708008"
"70-178",42.89476,-85.79644,"L23469","152708010"
"70-179",42.89215,-85.80069,"L29710","152708015"
"70-180",42.88287,-85.83196,"L29672","152708025"
"70-181",42.90947,-86.19032,"L28002","152274771"
"70-182",42.90725,-86.19328,"L26452","152274774"
"70-183",42.90732,-86.19049,"L27729","152274772"
"70-184",42.95838,-85.86774,NA,NA
"70-185",42.95596,-85.86628,"L26277","152707898"
"70-186",42.95741,-85.86278,"L30129","152707901"
"70-187",42.95654,-85.85966,"L25427","152707899"
"70-188",42.9554,-85.86333,"L31711","152707903"
"70-189",42.93903,-85.81042,"L25576","152707936"
"70-190",43.0852,-86.04788,"L14997","152707584"
"70-191",42.79549,-86.09508,"L48469","152274812"
"70-192",43.04951,-85.92317,"L27704","152707690"
"70-193",43.05158,-85.92321,"L31854","152707686"
"70-194",43.05158,-85.92569,"L26282","152707687"
"70-195",43.04942,-85.92535,"L25014","152707691"
"70-196",42.96312,-86.21761,NA,NA
"70-197",43.05932,-86.24745,NA,NA
"70-36",42.77915,-86.16454,"L28427","152274814"
"70-73",42.90221,-86.20454,"L30185","152274778"
"70-87",42.9786,-85.82815,"L23369","152707836"
"70-88",42.978203,-85.837536,"L31773","152707838"
"70-90",42.95943,-85.79315,"L23731","152707888"
"71-100",45.30595,-84.01283,"L7132","122383002"
"71-101",45.30193,-84.01288,"L336","122383009"
"71-103",45.28666,-84.02232,"L6471","155408499"
"71-106",45.33888,-83.9976,"L6452","122382924"
"71-109",45.31721,-84.00093,"L9079","122382977"
"71-11",45.24443,-84.17454,"L13983","155408521"
"71-110",45.32388,-84.00371,"L1023","122382973"
"71-111",45.31342,-83.98736,"L13015","122382982"
"71-112",45.29916,-83.99343,"L3310","122383004"
"71-115",45.29388,-83.96649,"L11813","122383011"
"71-116",45.3511,-83.88565,"L9880","122382890"
"71-118",45.37582,-83.66121,"L9418","122382829"
"71-119",45.37249,-83.67121,"L14015","122382835"
"71-120",45.36527,-83.68065,"L1391","122382840"
"71-122",45.36805,-83.7151,"L8697","122382843"
"71-123",45.30082,-83.65621,"L14011","122382930"
"71-124",45.34795,-83.59547,"L3864","122382857"
"71-125",45.33381,-83.5582,"L7541","122382873"
"71-126",45.33076,-83.47337,"L10519","122382868"
"71-127",45.31332,-83.46704,"L4117","122382883"
"71-128",45.29888,-83.47399,"L10873","122382914"
"71-136",45.42999,-83.94288,"L6045","122382808"
"71-140",45.39832,-83.75093,"L3703","122382820"
"71-141",45.39555,-83.73649,"L7704","122382821"
"71-144",45.52416,-84.1476,"L5812","122382769"
"71-145",45.53749,-84.1501,"L23142","122382765"
"71-149",45.50277,-84.20315,"L10939","122382783"
"71-151",45.48582,-84.12926,"L6143","122382793"
"71-154",45.47419,-84.11389,"L12229","122382799"
"71-159",45.48357,-83.94088,"L12356","122382781"
"71-160",45.48365,-83.92686,"L12329","122382779"
"71-161",45.48139,-83.93758,"L11281","122382785"
"71-18",45.23304,-84.20315,"L4109","155408533"
"71-188",45.32381,-83.57853,"L2912","122382894"
"71-189",45.34672,-83.57515,"L48243","{182CC4F2-BC28-4902-8FAF-1585CA67D246}"
"71-190",45.22018,-83.76571,"L3504","113469971"
"71-191",45.35011,-83.53839,"L12635","122382846"
"71-192",45.28689,-83.42143,"L12076","122382925"
"71-193",45.28343,-83.42807,"L8453","122382943"
"71-194",45.40365,-83.76039,"L9871","122382816"
"71-195",45.34334,-83.584,"L5546","122382866"
"71-196",45.21172,-83.73545,"L7986","113469985"
"71-197",45.3936,-83.74778,"L10318","122382823"
"71-198",45.23401,-84.04876,"L12609","155408529"
"71-199",45.43063,-83.84701,"L10316","122382802"
"71-200",45.33104,-83.99373,"L9130","122382938"
"71-203",45.49784,-84.1346,"L3082","122382778"
"71-204",45.29173,-83.85429,NA,NA
"71-22",45.24054,-84.18343,"L10022","155408530"
"71-23",45.23193,-84.18065,"L7735","155408538"
"71-24",45.22916,-84.16732,"L12419","155408540"
"71-27",45.2036,-84.22121,"L12207","155408549"
"71-28",45.22144,-84.12596,"L6868","155408542"
"71-31",45.21677,-84.17901,"L3867","155408544"
"71-32",45.28095,-84.0187,"L7983","155408501"
"71-34",45.24888,-84.03371,"L14082","122383078"
"71-35",45.24517,-84.04767,"L7876","155408519"
"71-36",45.24943,-84.06843,"L6759","155408513"
"71-37",45.24832,-84.0951,"L1240","155408514"
"71-38",45.24952,-84.08796,"L7987","155408512"
"71-39",45.24693,-84.10732,"L11206","155408518"
"71-40",45.24741,-84.11498,"L9514","155408515"
"71-42",45.22951,-84.08322,"L6189","155408539"
"71-43",45.2286,-84.03871,"L2604","155408536"
"71-47",45.27277,-83.93788,"L6218","122383036"
"71-48",45.28027,-83.95815,"L9941","122383030"
"71-49",45.27193,-83.98371,"L9151","122383039"
"71-50",45.28166,-83.98676,"L6865","122383031"
"71-51",45.28624,-83.9778,"L12501","122383025"
"71-52",45.25527,-83.99093,"L6318","122383057"
"71-53",45.25304,-83.94871,"L7962","122383047"
"71-54",45.24832,-83.93426,"L4657","122383068"
"71-55",45.25054,-83.95593,"L2963","122383065"
"71-56",45.24877,-83.96591,"L13682","122383086"
"71-61",45.22905,-84.0034,"L118","122383087"
"71-66",45.23416,-83.9601,"L12894","122383083"
"71-68",45.23709,-83.91707,NA,NA
"71-7",45.25832,-84.16899,"L6357","155408510"
"71-70",45.22153,-83.95499,NA,NA
"71-75",45.21193,-83.71871,"L4873","113469979"
"71-76",45.21499,-83.63899,"L458","113469915"
"71-77",45.2361,-83.59121,"L6502","122383043"
"71-83",45.21555,-83.57954,"L462","113469899"
"71-86",45.29082,-83.45399,"L7753","122382922"
"71-87",45.29999,-83.5001,"L13950","122382916"
"71-88",45.27768,-83.40417,"L48243","{182CC4F2-BC28-4902-8FAF-1585CA67D246}"
"71-93",45.28598,-84.173,"L12354","155408502"
"71-96",45.32221,-84.0201,"L1873","{CE47D1AC-C58D-4F64-BFBA-4F5B3C624D1C}"
"71-97",45.31721,-84.01371,"L12371","{AAD04E5A-2384-4FD4-A1F4-595F05878FA6}"
"71-98",45.31193,-84.02815,"L3969","122382997"
"71-99",45.30388,-84.0201,"L2199","122383005"
"72-1",44.2461,-84.45593,"L10619","149758991"
"72-101",44.3415,-84.40465,"L11517","83977889"
"72-102",44.34471,-84.40871,"L2054","83977877"
"72-103",44.3811,-84.51398,"L14052","83977843"
"72-103.1",44.35711,-84.60576,"L12694","121857723"
"72-104",44.34361,-84.58967,"L8276","121857744"
"72-106",44.42221,-84.66954,"L6994","121857631"
"72-108",44.35638,-84.86063,"L10814","121857727"
"72-11",44.20221,-84.48176,NA,NA
"72-114",44.44888,-84.38371,"L12138","83977681"
"72-115",44.46471,-84.54176,"L11083","83977677"
"72-116",44.4436,-84.58482,"L303","83977747"
"72-117",44.47499,-84.71676,"L7611","121857622"
"72-121",44.45971,-84.56704,"L1203","83977691"
"72-122",44.38654,-84.38754,"L6708","83977827"
"72-123",44.24899,-84.48282,"L10709","149758990"
"72-124",44.29718,-84.8404,"L1190","121857991"
"72-125",44.31091,-84.80125,"L5070","121857905"
"72-126",44.31836,-84.80165,"L2755","121857879"
"72-127",44.31436,-84.80004,"L3940","121857891"
"72-128",44.27618,-84.80804,"L5657","121858072"
"72-129",44.17038,-84.37499,"L775","149759062"
"72-130",44.24674,-84.45104,"L5463","149758992"
"72-132",44.23188,-84.65925,"L12487","121858225"
"72-133",44.37328,-84.76939,"L5072","121857721"
"72-134",44.28871,-84.77973,"L6202","121858000"
"72-135",44.19658,-84.71539,"L11913","121858372"
"72-136",44.41767,-84.45795,"L9588","83977713"
"72-139",44.21498,-84.52678,"L48301",NA
"72-14",44.19187,-84.37919,"L6254","149759038"
"72-18",44.23638,-84.49787,"L2235","149758996"
"72-2",44.23983,-84.46512,"L5480","{EF7823E2-942C-475E-9D77-A6C35BADD56A}"
"72-20",44.2361,-84.55371,"L6660","121858163"
"72-22",44.22416,-84.59232,"L2219","121858231"
"72-23",44.22027,-84.59593,"L5953","121858245"
"72-25",44.22137,-84.52035,"L10914","121858223"
"72-26",44.22721,-84.52982,"L4264","121858199"
"72-29",44.20388,-84.52343,NA,NA
"72-3",44.2486,-84.47898,"L585","149758987"
"72-30",44.21221,-84.58065,"L9925","121858271"
"72-33",44.20527,-84.59426,"L2426","121858301"
"72-35",44.19499,-84.53898,NA,NA
"72-36",44.1936,-84.53148,"L13197","149759039"
"72-38",44.20471,-84.49371,"L7038","{E43C4B4C-2346-4511-8902-9888F71EB2B1}"
"72-39",44.18351,-84.52039,"L1919","149759051"
"72-4",44.23416,-84.48315,"L7643","149758997"
"72-40",44.18728,-84.52406,"L3561","149759041"
"72-41",44.18638,-84.55343,"L3470","149759043"
"72-43",44.17234,-84.5841,"L814","{24A65F93-39DE-48B8-97FC-273F0BF02398}"
"72-45",44.16416,-84.57093,"L12525","149759069"
"72-47",44.2386,-84.65648,"L5978","121858201"
"72-48",44.24165,-84.71165,"L13128","121858189"
"72-5",44.22973,-84.48031,"L3047","149759003"
"72-51",44.22527,-84.65843,"L12149","121858249"
"72-52",44.21582,-84.71572,"L12143","121858303"
"72-53",44.21424,-84.71569,"L3279","121858309"
"72-56",44.23632,-84.84505,"L9578","121858237"
"72-57",44.22429,-84.77099,"L13473","121858281"
"72-6",44.22999,-84.48815,"L6624","149759001"
"72-61",44.18582,-84.78565,"L6087","121858438"
"72-66",44.26841,-84.38209,"L48343",NA
"72-67",44.26582,-84.41704,"L12195","149758982"
"72-68",44.26193,-84.43398,"L8648","149758984"
"72-68.1",44.33034,-84.58103,"L1750","121857794"
"72-69",44.26277,-84.4376,"L6463","149758983"
"72-74",44.29888,-84.63371,"L12804","121857946"
"72-75",44.27916,-84.5776,"L12155","121857988"
"72-78",44.34999,-84.7251,"L13107","121864963"
"72-8",44.20971,-84.40371,"L3214","149759015"
"72-80",44.3111,-84.61343,"L11823","121857839"
"72-82",44.26848,-84.63178,"L48300",NA
"72-83",44.27082,-84.70287,"L3848","121858060"
"72-85",44.27666,-84.83843,"L10257","121858096"
"72-86",44.2894,-84.83296,"L8734","121858018"
"72-88",44.39582,-84.44648,"L6889","120020859"
"72-95",44.36416,-84.46343,"L7954","83977851"
"73-1",43.29091,-84.17027,"L12620","148709941"
"73-1.1",43.25417,-84.24289,NA,NA
"73-100",43.40022,-84.1189,"L8757","148709863"
"73-101",43.39743,-84.11899,"L12941","148709868"
"73-102",43.39994,-84.14471,"L3244","148709866"
"73-103",43.39992,-84.14297,"L12839","148709865"
"73-104",43.51277,-83.90945,"L3471","152234178"
"73-105",43.44902,-84.1484,"L9726","148709836"
"73-106",43.31307,-84.1334,"L448","148709925"
"73-107",43.31103,-84.13489,"L5100","148709929"
"73-108",43.34987,-84.07462,"L48457",NA
"73-25",43.36585,-84.00372,"L2042","148709886"
"73-48",43.41638,-83.95343,"L10415","152234209"
"73-74",43.39941,-84.08513,"L13187","148709864"
"73-75",43.48947,-83.89128,NA,NA
"73-76",43.41267,-83.95763,"L10114","152234210"
"73-77",43.32863,-84.09545,"L48455",NA
"73-78",43.46851,-83.9592,"L13192","152234191"
"73-79",43.46204,-83.90467,"L3444","152234197"
"73-80",43.46422,-83.9042,"L2577","152234195"
"73-81",43.4664,-83.89858,NA,NA
"73-82",43.46391,-83.90076,"L10291","152234196"
"73-83",43.35405,-84.04038,"L2459","148709896"
"73-84",43.33686,-84.08445,"L12545","148709907"
"73-85",43.31977,-84.09518,NA,NA
"73-86",43.44513,-84.05779,NA,NA
"73-87",43.38478,-84.1237,"L777","148709878"
"73-88",43.39678,-83.9685,"L11101","152234213"
"73-89",43.17485,-84.1903,"L7851","148710005"
"73-90",43.17661,-84.18878,"L13410","148710003"
"73-91",43.17669,-84.18742,"L3039","148710004"
"73-92",43.17491,-84.18753,NA,NA
"73-93",43.17077,-84.18713,"L3594","148710007"
"73-94",43.17139,-84.1891,"L1672","148710008"
"73-95",43.15952,-84.20378,"L13411","148710010"
"73-96",43.32271,-84.10079,"L1559","148709918"
"73-97",43.3359,-84.09463,"L48456",NA
"73-98",43.24409,-83.80639,"L3116","147103895"
"73-99",43.39352,-84.12406,"L1781","148709872"
"74-52",43.1722,-82.62254,"L48462",NA
"75-1000",46.48721,-86.23538,"L24540","44361786"
"75-1002",46.4861,-86.21093,"L26245","44361792"
"75-1006",46.48123,-86.19229,"L29398","44361834"
"75-101",45.99999,-85.92093,"L42301","118045457"
"75-1011",46.46256,-86.16775,"L25843","44361950"
"75-1014",46.46599,-86.16633,"L28348","44361922"
"75-1016",46.46822,-86.19191,"L30779","44361920"
"75-1017",46.45721,-86.17843,"L27363","44361938"
"75-1018",46.4681,-86.18559,"L26755","44361914"
"75-1019",46.47403,-86.18028,"L31665","44361896"
"75-1020",46.4605,-86.19452,"L30027","44361960"
"75-1025",46.45138,-86.18343,"L24879","44362038"
"75-103",45.98721,-85.92621,"L42137","118045501"
"75-1030",46.45165,-86.16538,"L30530","44362030"
"75-1031",46.44832,-86.14038,"L30284","44362044"
"75-1034",46.4359,-86.19512,"L29456","44362100"
"75-1035",46.50693,-86.24343,"L32009","44361550"
"75-1041",46.48593,-86.27592,"L29393","44361784"
"75-1043",46.49683,-86.2831,"L28979","44361720"
"75-1046",46.50026,-86.29621,"L28295","44361684"
"75-1048",46.4886,-86.30343,"L27747","44361778"
"75-1049",46.50554,-86.31954,"L31758","44361552"
"75-105",45.99499,-85.87954,"L39842","118045445"
"75-1054",46.48082,-86.2576,"L23089","44361882"
"75-106",46.06365,-86.09121,"L40645","44366278"
"75-1061",46.47304,-86.2476,"L24142","44361926"
"75-1063",46.46193,-86.25232,"L28276","44361998"
"75-1065",46.46165,-86.29232,"L27093","44362012"
"75-1066",46.4687,-86.29293,"L27393","44361962"
"75-1067",46.47456,-86.29869,NA,NA
"75-1068",46.47139,-86.29434,"L30249","44361934"
"75-1069",46.46665,-86.35354,"L25702","44362018"
"75-1078",46.4461,-86.28149,"L26469","44362082"
"75-1079",46.45582,-86.25899,"L28349","44362040"
"75-1087",46.46633,-85.91252,"L28081","44361766"
"75-1088",46.20043,-86.0317,"L26957","44364424"
"75-1089",46.25253,-86.06993,"L28416","44363752"
"75-1090",46.28271,-86.0469,"L25567","44363244"
"75-1091",46.18234,-86.05834,"L27161","44364796"
"75-1092",46.122,-85.93242,"L23847","44365570"
"75-1093",46.08855,-86.05734,NA,NA
"75-1094",46.29027,-85.94474,"L26835","44363004"
"75-1095",46.11616,-86.47276,"L35051","44366102"
"75-1096",46.27589,-85.94607,"L27222","44363204"
"75-1097",46.45347,-86.1318,"L27221","44361990"
"75-1098",46.03857,-86.12674,"L37702","44366508"
"75-1099",46.27042,-85.96614,"L23702","44363330"
"75-1100",46.31656,-85.98952,"L25341","44362768"
"75-1101",46.22726,-86.03817,"L26500","44364030"
"75-1102",46.23425,-86.00177,"L25010","44363954"
"75-1103",46.47158,-86.1696,"L23925","44361900"
"75-1105",46.46695,-85.94507,"L28018","44361806"
"75-1106",46.15117,-86.2899,"L34766","44365530"
"75-112",46.04358,-86.11386,"L40623","44366448"
"75-115",46.04749,-86.04677,"L38213","44366394"
"75-116",46.03249,-86.07093,"L40095","44366538"
"75-117",46.02304,-86.07788,"L37767","44366616"
"75-118",46.01804,-86.10565,"L37961","118045425"
"75-119",45.99915,-86.0676,"L36906","118045511"
"75-120",46.00193,-86.10121,"L41254","118045499"
"75-121",45.99054,-86.0051,"L38801","118045535"
"75-122",46.07027,-86.12899,"L42944","44366250"
"75-127",46.04454,-86.17554,"L36707","44366488"
"75-137",46.03301,-86.16968,"L41646","44366606"
"75-139",46.03664,-86.21187,"L39319","44366586"
"75-14",45.84582,-86.41815,"L41970","113236709"
"75-146",46.01175,-86.22918,"L38961","44366684"
"75-155",45.99415,-86.12843,"L37868","118045547"
"75-160",46.00346,-86.23295,"L42023","44366754"
"75-162",46.0064,-86.24242,"L37624","44366720"
"75-169",46.0572,-86.34808,"L42814","44366496"
"75-170",46.04471,-86.28149,"L42458","44366558"
"75-171",46.02499,-86.30811,"L42926","44366656"
"75-18",45.83165,-86.38649,"L42037","113236735"
"75-184",46.06054,-86.3676,"L41612","44366478"
"75-211",45.99713,-86.4626,"L36612","113236239"
"75-212",46.15082,-85.87954,"L26612","44365032"
"75-213",46.15749,-85.89538,"L30026","44365006"
"75-214",46.14915,-85.91038,"L29410","44365172"
"75-215",46.1386,-85.93288,"L25248","44365272"
"75-218",46.13999,-85.97204,"L26046","44365334"
"75-219",46.13027,-85.87315,"L23933","44365384"
"75-224",46.12249,-85.91343,"L28890","44365580"
"75-228",46.11304,-85.9151,"L30084","44365666"
"75-229",46.1111,-85.86649,"L31287","44365658"
"75-230",46.08415,-85.94677,"L24744","44366002"
"75-237",46.14777,-86.04818,NA,NA
"75-259",46.11915,-86.10649,"L35322","44365748"
"75-275",46.12915,-86.1551,"L36074","44365690"
"75-277",46.11582,-86.22649,"L34047","44365886"
"75-278",46.12249,-86.22038,"L36273","44365796"
"75-280",46.08277,-86.23677,"L38062","44366220"
"75-294",46.14433,-86.29893,"L35618","44365622"
"75-297",46.11332,-86.26843,"L48215","44365904"
"75-298",46.11888,-86.27815,"L34129","44365904"
"75-30",45.98527,-85.97538,"L42355","118045531"
"75-301",46.11915,-86.29454,"L32872","44365944"
"75-302",46.11824,-86.30413,"L34853","44365952"
"75-303",46.12804,-86.3026,"L36372","44365814"
"75-304",46.11127,-86.30346,"L36152","44366036"
"75-305",46.11138,-86.28954,"L38449","44366004"
"75-309",46.10888,-86.27649,"L41024","44366018"
"75-311",46.1136,-86.25482,"L35166","44365976"
"75-320",46.1611,-86.45038,"L35374","44365528"
"75-321",46.15804,-86.4526,"L35335","44365578"
"75-322",46.15184,-86.44863,"L33092","44365680"
"75-323",46.14943,-86.45204,"L35856","44365692"
"75-325",46.15193,-86.47232,"L33135","44365648"
"75-326",46.14638,-86.47649,"L32158","44365740"
"75-327",46.14471,-86.48288,"L36409","44365770"
"75-328",46.15804,-86.47982,"L36270","44365600"
"75-332",46.13165,-86.48482,"L32450","44365934"
"75-333",46.13749,-86.45399,"L32500","44365816"
"75-334",46.12776,-86.45204,"L32657","44365984"
"75-335",46.1325,-86.45714,"L32802","44365902"
"75-336",46.13249,-86.4626,"L34493","44365910"
"75-337",46.12978,-86.43301,"L34882","44365918"
"75-338",46.13316,-86.43495,"L33077","44365866"
"75-345",46.11832,-86.43899,"L36398","44366070"
"75-347",46.11665,-86.47538,"L35051","44366102"
"75-349",46.10165,-86.47288,"L33291","44366290"
"75-353",46.07138,-86.48121,"L39318","44366454"
"75-354",46.08026,-86.46454,"L40182","44366360"
"75-357",46.23221,-85.94149,"L23521","44363940"
"75-358",46.24353,-85.9536,"L24074","44363838"
"75-359",46.24943,-85.95371,"L28076","44363666"
"75-360",46.22138,-85.9876,"L29471","44364076"
"75-365",46.20915,-85.88649,"L28919","44364212"
"75-369",46.19388,-85.89788,"L29769","44364430"
"75-370",46.1961,-85.8676,"L25011","44364408"
"75-371",46.18777,-85.87371,"L26756","44364544"
"75-372",46.1761,-85.87371,"L26808","44364760"
"75-373",46.23996,-86.00827,"L26188","44363789"
"75-377",46.23523,-86.05035,"L27491","44364006"
"75-379",46.22289,-86.01307,"L28652","44364102"
"75-386",46.18775,-86.03193,"L31693","44364724"
"75-407",46.17743,-86.15833,"L30384","44365000"
"75-414",46.24269,-86.31437,"L32598","44364200"
"75-421",46.24776,-86.42149,"L35321","44364252"
"75-422",46.23415,-86.4176,"L33547","44364410"
"75-423",46.22388,-86.44232,"L32680","44364574"
"75-425",46.21304,-86.41954,"L32750","44364718"
"75-429",46.19971,-86.42121,"L36123","44364946"
"75-430",46.20693,-86.47371,"L35471","44364910"
"75-431",46.20193,-86.47899,"L33430","44364990"
"75-432",46.20888,-86.48538,"L35629","44364856"
"75-436",46.19392,-86.4612,"L34875","44365128"
"75-440",46.17915,-86.41093,"L36374","44365254"
"75-444",46.17693,-86.44204,"L35524","44365324"
"75-445",46.17405,-86.44127,"L32937","44365362"
"75-449",46.16749,-86.47288,"L32678","44365502"
"75-459",46.23276,-86.52343,"L36113","44364582"
"75-46",45.97054,-86.00482,"L39858","118045605"
"75-460",46.22999,-86.5301,"L32886","44364620"
"75-461",46.23495,-86.53442,"L34038","44364492"
"75-462",46.23661,-86.53108,"L35804","44364512"
"75-464",46.24221,-86.53593,"L32749","44364388"
"75-466",46.23943,-86.54315,"L36528","44364568"
"75-467",46.24388,-86.55704,"L32587","44364422"
"75-468",46.23749,-86.57954,"L34109","44364496"
"75-47",45.98221,-86.02732,"L37803","118045549"
"75-474",46.22638,-86.60038,"L35526","44364740"
"75-475",46.21526,-86.59038,"L32176","44364916"
"75-479",46.21749,-86.61093,"L35332","44364902"
"75-481",46.22249,-86.58288,"L32234","44364870"
"75-487",46.22776,-86.51677,"L35044","44364672"
"75-488",46.22193,-86.52065,"L32433","44364774"
"75-489",46.21804,-86.51982,"L34413","44364836"
"75-490",46.2211,-86.50177,"L34357","44364716"
"75-492",46.21582,-86.50343,"L32658","44364846"
"75-493",46.2111,-86.49704,"L36363","44364874"
"75-494",46.20221,-86.49288,"L32812","44365018"
"75-495",46.20026,-86.50065,"L35230","44365014"
"75-498",46.20249,-86.51871,"L35146","44365058"
"75-499",46.20193,-86.53732,"L35588","44365074"
"75-500",46.20443,-86.54343,"L33057","44364984"
"75-502",46.20054,-86.57232,"L33029","44365102"
"75-503",46.20833,-86.57116,"L33216","44365004"
"75-507",46.20971,-86.59593,"L33420","44364992"
"75-51",45.97123,-86.06174,"L42856","118045633"
"75-512",46.20804,-86.60427,"L33712","44365026"
"75-515",46.19054,-86.6026,"L33567","44365282"
"75-518",46.20197,-86.61555,"L33051","44365160"
"75-52",45.9726,-86.07199,"L40600","118045635"
"75-520",46.19582,-86.57788,"L36221","44365188"
"75-522",46.19832,-86.56149,"L34015","44365178"
"75-524",46.1961,-86.51399,"L33142","44365134"
"75-525",46.18999,-86.50065,"L33822","44365206"
"75-526",46.16832,-86.50204,"L35206","44365440"
"75-527",46.17915,-86.54149,"L35198","44365400"
"75-528",46.17749,-86.5476,"L35275","44365406"
"75-529",46.17165,-86.5451,"L33873","44365476"
"75-53",45.97971,-86.07038,"L38031","118045599"
"75-530",46.17332,-86.55315,"L33705","44365442"
"75-532",46.18332,-86.5601,"L33405","44365332"
"75-534",46.18026,-86.5651,"L34771","44365412"
"75-535",46.18249,-86.56982,"L33093","44365372"
"75-538",46.17304,-86.60482,"L34987","{B36FAEAA-45F8-4343-923F-04AD68ABEB1B}"
"75-539",46.17806,-86.61102,"L32778","44365462"
"75-540",46.1686,-86.59232,"L33778","44365572"
"75-542",46.16138,-86.5926,"L34016","44365654"
"75-543",46.165,-86.60602,"L36068","{4A8FD889-A2CF-44AE-9DF3-86D4630604DF}"
"75-544",46.16008,-86.60675,"L48231","44365716"
"75-545",46.16804,-86.61232,"L34044","44365560"
"75-546",46.16526,-86.57399,"L34121","44365576"
"75-548",46.16304,-86.53593,"L36439","44365590"
"75-549",46.16221,-86.54038,"L32136","44365608"
"75-552",46.16554,-86.49593,"L36497","44365524"
"75-568",46.31138,-85.89149,"L31148","44362742"
"75-57",45.9811,-86.11399,"L42433","118045603"
"75-571",46.29245,-85.93543,"L27798","44362946"
"75-572",46.28866,-85.93256,"L31690","44362990"
"75-574",46.29107,-85.94979,"L24713","44362962"
"75-575",46.28598,-85.95055,"L23725","44363016"
"75-576",46.2908,-85.96643,"L29338","44363008"
"75-577",46.28394,-85.96677,"L29188","44363130"
"75-579",46.27258,-85.96726,"L25606","44363234"
"75-580",46.27733,-85.98672,"L30346","44363262"
"75-581",46.26582,-85.98649,"L27273","44363388"
"75-582",46.26761,-85.9613,"L31626","44363378"
"75-586",46.25804,-85.95371,"L25824","44363492"
"75-599",46.29721,-86.12982,"L23696","44363256"
"75-6",45.89026,-86.39343,"L38508","113236565"
"75-612",46.28708,-86.11112,"L26734","44363266"
"75-62",45.96986,-86.21785,"L41767","44366814"
"75-622",46.27892,-86.0226,"L27783","44363282"
"75-627",46.26693,-86.02204,"L31995","44363400"
"75-631",46.27981,-86.00015,"L28667","44363215"
"75-64",45.9694,-86.24685,NA,NA
"75-650",46.266,-86.07689,"L25932","44363504"
"75-651",46.26077,-86.07733,"L25063","44363650"
"75-69",45.99165,-86.33343,"L40882","44366918"
"75-7",45.87332,-86.43426,"L41654","113236625"
"75-70",45.961829,-86.242376,"L36912","44366860"
"75-74",45.95219,-86.24848,NA,NA
"75-742",46.26971,-86.44732,"L32514","44363864"
"75-744",46.28026,-86.43454,"L33058","44363734"
"75-746",46.26054,-86.42427,"L34517","44363950"
"75-748",46.26304,-86.4501,"L32133","44364024"
"75-761",46.28312,-86.58072,"L34581","44363884"
"75-765",46.26526,-86.49899,"L36397","44364044"
"75-833",46.4035,-86.15659,"L25231","44362212"
"75-87",45.91165,-86.4501,"L41979","113236507"
"75-88",45.90749,-86.44899,"L40755","113236523"
"75-912",46.50028,-85.87791,"L23310","{75399210-3C6D-477A-A1E4-20635EE289A6}"
"75-913",46.49777,-85.87843,"L23310","{75399210-3C6D-477A-A1E4-20635EE289A6}"
"75-915",46.4986,-85.89177,"L25617","44361338"
"75-917",46.48804,-85.94816,"L30588","44361605"
"75-922",46.49693,-85.98204,"L31138","44361448"
"75-923",46.49332,-85.98788,"L27054","44361460"
"75-927",46.47193,-85.9776,"L27766","44361734"
"75-93",45.90276,-86.39927,"L41055","113236525"
"75-936",46.4986,-85.99204,"L25220","44361400"
"75-937",46.49582,-86.06621,"L28520","44361538"
"75-942",46.50221,-86.08788,"L31170","44361454"
"75-946",46.48221,-86.09927,"L31539","44361740"
"75-947",46.49249,-86.1151,"L25318","44361618"
"75-948",46.4861,-86.10399,"L23902","44361668"
"75-950",46.48943,-86.07649,"L23237","44361630"
"75-953",46.47665,-86.09343,"L29942","44361810"
"75-959",46.4811,-86.0326,"L23408","44361692"
"75-96",46.06165,-85.9176,"L41732","44366194"
"75-962",46.46499,-86.00316,"L31236","44361852"
"75-963",46.46721,-86.06066,"L28857","44361888"
"75-966",46.45834,-86.10181,"L28405","44361944"
"75-968",46.45193,-86.04843,"L26890","44361968"
"75-971",46.49057,-86.159,"L31706","44361774"
"75-992",46.49443,-86.20677,"L29097","44361656"
"75-997",46.49554,-86.23066,"L24539","44361680"
"76-10",42.81082,-84.3312,"L2648","152094437"
"76-110",42.91756,-84.19874,"L3529","151870758"
"76-111",42.91117,-84.20322,"L1957","151870761"
"76-112",42.91783,-84.2049,"L3434","151870752"
"76-113",42.92023,-84.20303,"L4330","151870755"
"76-114",42.95272,-83.96714,"L12088","148710056"
"76-115",42.84888,-84.33698,"L7687","152094357"
"76-116",42.8168,-84.24492,"L8378","{62707FC6-CB9C-4A9C-8F6C-B7FB21320977}"
"76-117",42.81527,-84.24128,"L10363","152094430"
"76-118",42.84153,-84.33466,"L7687","152094357"
"76-119",42.84497,-84.33837,"L10572","152094358"
"76-120",42.84635,-84.33168,"L7687","152094357"
"76-121",42.84863,-84.32966,"L5297","152094356"
"76-122",42.95345,-83.95185,"L12513","148710055"
"76-123",42.95234,-83.95767,"L1455","148710061"
"76-124",42.95018,-83.9579,"L7442","148710062"
"76-125",42.88999,-84.17523,"L12000","152094282"
"76-126",42.89012,-84.17078,"L9570","152094281"
"76-127",42.88733,-84.17077,"L12153","152094289"
"76-128",42.82853,-84.19811,"L3174","152094391"
"76-129",43.00156,-84.35612,"L1839","151870703"
"76-130",42.99656,-84.3654,"L12614","151870707"
"76-131",42.99517,-84.36534,"L1281","151870710"
"76-132",42.994,-84.36572,"L6752","151870712"
"76-15",42.81138,-84.32065,"L6315","152094435"
"76-19",42.79443,-84.23926,"L48276",NA
"76-20",42.80082,-84.24093,NA,NA
"76-21",42.79304,-84.24676,"L48277",NA
"76-22",42.79138,-84.24398,NA,NA
"76-24",42.8261,-84.05037,"L12971","148710167"
"76-27",42.81888,-84.05343,"L2901","148710186"
"76-28",42.8161,-84.05232,"L2901","148710186"
"76-29",42.81249,-84.04787,"L8662","148710200"
"76-31",42.79582,-84.04732,"L139","148710235"
"76-33",42.79999,-84.10843,"L11158","152094450"
"76-34",42.79193,-84.14065,"L48278",NA
"76-37",42.77999,-84.1487,"L13181","{8B4F0E9B-6C4D-4BC1-80D9-77837F00494F}"
"76-41",42.82006,-83.9416,"L12063","148710171"
"76-42",42.79443,-84.00732,"L109","148710233"
"76-43",42.79443,-83.9837,"L2123","148710234"
"76-5",42.83249,-84.31204,NA,NA
"76-50",42.89221,-84.36065,"L7588","152094283"
"76-52",42.87416,-84.30346,"L9334","{DEB57B14-4973-46B7-B21C-C9C66B320C7E}"
"76-59",42.92554,-84.20315,"L1506","151870742"
"76-6",42.82443,-84.29176,"L3880","152094408"
"76-81",42.87531,-84.14488,"L8029","152094298"
"76-82",42.92917,-84.07225,"L11196","148710083"
"76-87",42.87693,-84.07093,"L13803","148710099"
"76-88",42.95181,-83.95427,"L3780","148710059"
"76-89",42.93046,-83.99766,"L3551","148710079"
"76-9",42.81318,-84.35292,"L5420","152094431"
"76-93",42.9786,-84.17593,"L11668","148710043"
"76-95",43.00431,-84.06607,"L3256","147104296"
"77-1",42.60888,-82.63843,"L48445","155396355"
"77-1104",46.2356,-86.34682,"L32793","44364360"
"77-189",42.90632,-82.5811,"L6059","155404853"
"77-190",42.90534,-82.59352,"L657","155404854"
"77-196.1",43.05832,-82.59988,NA,NA
"77-2",42.61388,-82.63926,"L14940","155396326"
"77-201",42.97453,-82.47254,"L7061","155404805"
"77-202",42.96877,-82.50915,"L6270","155404819"
"77-203",42.95691,-82.49596,NA,NA
"77-204",42.94766,-82.50897,"L13326","155404828"
"77-205",42.9436,-82.50977,"L9022","155404832"
"77-206",42.98643,-82.57689,"L2726","155404797"
"77-207",42.98342,-82.56759,"L10883","155404800"
"77-208",42.98467,-82.55587,"L4249","155404799"
"77-209",42.90266,-82.76064,"L10529","155404861"
"77-210",42.90297,-82.7629,"L8705","155404862"
"77-211",42.92154,-82.72889,"L1087","155404848"
"77-212",42.83645,-82.6653,"L8355","155404869"
"77-213",42.83499,-82.66491,"L5145","155404870"
"77-214",42.83239,-82.66983,"L3713","155404871"
"77-215",43.01651,-82.68267,"L10172","155404791"
"77-216",43.06855,-82.46324,NA,NA
"77-217",42.6096,-82.66032,"L48244","155396355"
"77-218",42.97034,-82.72406,"L48288",NA
"77-219",43.10034,-82.60965,"L48461",NA
"77-73",42.65254,-82.62134,NA,NA
"78-1",42.05943,-85.29565,"L22457","155636282"
"78-10",42.04971,-85.50954,"L24349","155636428"
"78-100",41.9511,-85.69454,"L28847","155637071"
"78-102",41.94051,-85.70457,"L31107","155637158"
"78-103",41.94145,-85.71132,"L26843","155637160"
"78-104",41.93193,-85.74176,"L29995","155637270"
"78-106",41.93499,-85.72704,"L32035","155637182"
"78-108",41.92499,-85.72092,"L26009","155637282"
"78-111",41.93499,-85.70454,"L27313","155637191"
"78-117",41.8481,-85.66856,"L23302","61d6e940-31a6-466a-9c59-38bcaef9be4b"
"78-121",41.90163,-85.71069,"L28972","155637419"
"78-122",41.88999,-85.36759,"L14589","155637313"
"78-123",41.88499,-85.38731,"L22516","155637360"
"78-126",41.86136,-85.34267,"L16888","155637454"
"78-128",41.86246,-85.39924,"L19467","155637493"
"78-130",41.85304,-85.39676,"L14587","155637530"
"78-131",41.84777,-85.40037,"L14647","155637565"
"78-132",41.84193,-85.40842,"L22911","155637624"
"78-133",41.82665,-85.37481,"L20855","155637678"
"78-135",41.81638,-85.37481,"L15489","155637735"
"78-142",41.8761,-85.47926,"L20226","155637425"
"78-143",41.86832,-85.43259,"L22515","155637460"
"78-144",41.86304,-85.43315,"L48326","155637460"
"78-147",41.83888,-85.42509,"L19541","155637598"
"78-148",41.83721,-85.41231,"L14426","155637651"
"78-149",41.82824,-85.43974,"L17585","155644092"
"78-151",41.82527,-85.49009,"L22091","155637736"
"78-153",41.82626,-85.51375,"L18592","155637759"
"78-154",41.82048,-85.50963,"L22228","155637798"
"78-155",41.81193,-85.51676,"L16688","155637862"
"78-156",41.81527,-85.45426,"L16502","155637764"
"78-167",41.84026,-85.64193,NA,NA
"78-17",41.98601,-85.49791,"L24984","155636715"
"78-170",41.81543,-85.59,"L29182","155637875"
"78-171",41.80527,-85.54342,"L17643","155637876"
"78-18",41.97004,-85.53758,"L25727","607b5933-5f34-4a0a-9824-637b4381c0fe"
"78-183",41.84805,-85.75532,NA,NA
"78-184",41.82271,-85.73145,"L31341","155637891"
"78-188",41.8036,-85.35454,"L18799","155637811"
"78-191",41.78737,-85.37233,"L18880","155637953"
"78-193",41.79554,-85.36454,"L17300","155637886"
"78-194",41.78221,-85.33759,"L16018","155638015"
"78-197",41.78471,-85.37926,"L16503","155637973"
"78-198",41.76582,-85.39426,"L22023","155638251"
"78-199",41.76287,-85.29591,"L22511","155638184"
"78-201",41.7661,-85.5337,"L14864","155638476"
"78-202",41.79554,-85.56815,"L15687","155638020"
"78-203",41.80268,-85.60854,"L28602","155637989"
"78-205",41.77082,-85.54592,"L21725","155638446"
"78-206",41.77193,-85.61676,"L25363","155638462"
"78-207",41.76772,-85.62265,"L30474","155638589"
"78-208",41.76082,-85.6412,"L28504","155638790"
"78-209",41.8065,-85.74815,"L28433","bf7f5269-fb21-4720-858b-1b41d6f5ac56"
"78-210",41.78277,-85.67954,"L23579","155638365"
"78-211",41.90856,-85.48663,"L26409","155637316"
"78-212",41.7797,-85.37582,"L22227","155638038"
"78-213",42.01347,-85.72522,"L31969","155636632"
"78-214",41.97095,-85.72479,"L30329","155636953"
"78-215",41.91169,-85.73116,"L28913","155637369"
"78-216",41.93079,-85.60727,"L29853","155637177"
"78-217",41.79174,-85.62652,"L27583","155638142"
"78-218",41.97465,-85.44198,"L31636","155636750"
"78-219",41.90921,-85.63549,"L26345","155637346"
"78-220",41.80768,-85.4664,"L22705","155637861"
"78-221",41.80572,-85.4636,"L16199","155637871"
"78-222",41.98279,-85.52127,"L30554","155636751"
"78-223",41.7659,-85.29897,"L21453","155638124"
"78-224",41.7889,-85.61276,"L25735","155638174"
"78-225",41.95086,-85.65639,"L23889","155637063"
"78-226",41.87404,-85.30573,"L18577","155637393"
"78-227",41.99475,-85.48944,"L27588","155636674"
"78-228",41.98376,-85.54273,"L25061","155636754"
"78-229",41.88617,-85.4437,"L29239","155637388"
"78-231",41.79167,-85.38162,"L21389","155637924"
"78-25",42.0486,-85.63759,"L23808","155636474"
"78-29",41.99138,-85.5712,"L29664","155636695"
"78-32",42.0233,-85.72033,NA,NA
"78-39",41.96777,-85.33092,"L20161","155636730"
"78-4",42.0255,-85.37372,"L15425","ee9d3a8c-aadc-4ebc-b049-30e88236ff3c"
"78-42",41.94471,-85.31648,"L22455","155637149"
"78-43",41.94499,-85.33592,"L16298","155636866"
"78-45",41.93665,-85.33926,"L20784","155636979"
"78-46",41.91582,-85.34148,"L22455","155637149"
"78-47",41.91249,-85.33287,"L19456","155637136"
"78-48",41.91888,-85.36204,"L16622","155637111"
"78-49",41.9818,-85.52953,"L29291","155636744"
"78-50",41.93138,-85.47509,"L29355","155637082"
"78-51",41.91415,-85.45592,"L29513","155637197"
"78-53",41.92368,-85.50792,"L28885","155637264"
"78-58",41.95521,-85.62545,NA,NA
"78-6",41.99804,-85.29648,"L48268","155636571"
"78-64",41.94091,-85.63278,NA,NA
"78-65",41.94118,-85.62411,"L25662","d067023b-03e6-43ad-8ee9-63e30ffdac82"
"78-7",41.98499,-85.38759,"L20366","155636654"
"78-71",41.93749,-85.5912,"L29936","155637105"
"78-75",41.92011,-85.6043,"L25737","155637232"
"78-8",41.98721,-85.29648,"L17163","155636616"
"78-82",41.90138,-85.53287,"L23137","155637340"
"78-87",41.97554,-85.67787,"L28121","155636855"
"78-88",41.9736,-85.71815,"L24296","155636920"
"78-89",41.95943,-85.74926,"L31281","155637024"
"78-9",41.98471,-85.30981,"L16754","155636621"
"78-90",41.95915,-85.7237,"L25060","155637030"
"78-93",41.94749,-85.73287,"L23887","155637079"
"78-94",41.95693,-85.70509,"L27662","155637003"
"78-96",41.96332,-85.67759,"L28687","155636980"
"79-1",43.22721,-83.62537,"L1570","149729971"
"79-11",43.22418,-83.46143,"L1216","147103909"
"79-14",43.23221,-83.47815,"L664","149729967"
"79-2",43.29999,-83.46176,"L1235","149729908"
"79-21",43.25777,-83.42926,"L2503","147103882"
"79-26",43.23249,-83.45204,"L331","147103901"
"79-34",43.35508,-83.4616,"L6742","149729814"
"79-35",43.3986,-83.32676,"L6134","149729716"
"79-36",43.38777,-83.33926,"L2588","149729752"
"79-38",43.37578,-83.24279,"L354","149729764"
"79-39",43.36416,-83.30093,"L2151","149729780"
"79-42",43.35416,-83.19426,"L11666","149729804"
"79-44",43.46015,-83.40839,"L46648","149729858"
"79-50",43.44772,-83.41626,NA,NA
"79-56.1",43.43664,-83.35859,NA,NA
"79-6",43.30048,-83.48328,"L8997","149729911"
"79-73",43.50014,-83.179,NA,NA
"79-74",43.70878,-83.5231,NA,NA
"79-75",43.47695,-83.39232,"L8228","149729668"
"79-76",43.36079,-83.42728,"L12621","149729798"
"79-77",43.28991,-83.46151,"L10989","149729920"
"79-78",43.35603,-83.46114,"L6742","149729814"
"79-79",43.35567,-83.45824,"L8119","149729816"
"79-8",43.24081,-83.46887,"L4092","149729956"
"79-80",43.35254,-83.45899,"L6133","149729819"
"79-81",43.39442,-83.45147,"L12532","149729734"
"8-100",42.44304,-85.19426,"L21827","152517856"
"8-110",42.43249,-85.30287,"L16816","152517903"
"8-111",42.42749,-85.26815,"L48434",NA
"8-113",42.42356,-85.28435,"L20465","152517930"
"8-130",42.48499,-85.33398,"L22019","152517740"
"8-131",42.49193,-85.35676,"L16346","152517742"
"8-137",42.49138,-85.38454,"L16917","152517741"
"8-141",42.49012,-85.41914,"L28029","152517730"
"8-143",42.48082,-85.4112,"L19405","152517758"
"8-144",42.48138,-85.38954,"L17940","152517751"
"8-146",42.47665,-85.35315,"L17504","152517763"
"8-147",42.48165,-85.35981,"L21897","152517754"
"8-149",42.47562,-85.33063,NA,NA
"8-150",42.4711,-85.35426,"L16749","152517777"
"8-151",42.46443,-85.37204,"L18878","152517790"
"8-153",42.46749,-85.39565,"L16914","152517789"
"8-159",42.4511,-85.41343,"L22179","152517818"
"8-162",42.44991,-85.40019,"L19868","152517827"
"8-163",42.45722,-85.39687,"L18566","152517807"
"8-165",42.44832,-85.33815,"L20509","152517841"
"8-167",42.44721,-85.31704,"L15054","152517846"
"8-168",42.44054,-85.35065,"L21256","152517876"
"8-171",42.44701,-85.38292,"L16323","152517840"
"8-178",42.43396,-85.4116,"L22458","152517898"
"8-179",42.42574,-85.40777,"L18217","152517916"
"8-181",42.42749,-85.31398,"L17048","152517915"
"8-183",42.4311,-85.32481,"L22223","152517905"
"8-184",42.50471,-85.43481,"L30116","152517719"
"8-186",42.49411,-85.453,"L25087","152517738"
"8-187",42.49643,-85.4536,"L29350","152517735"
"8-19",42.47138,-85.16593,"L17946","152517773"
"8-190",42.49501,-85.48494,"L31033","152517737"
"8-191",42.50277,-85.50231,"L30610","152517721"
"8-192",42.49554,-85.5262,"L30394","152517725"
"8-202",42.46489,-85.46785,"L27938","152517749"
"8-212",42.47082,-85.52509,"L24801","152517772"
"8-221",42.45888,-85.53815,"L28821","152517814"
"8-222",42.44915,-85.47231,"L28360","152517822"
"8-223",42.45067,-85.47891,"L30852","152517835"
"8-229",42.43832,-85.46731,"L27874","152517877"
"8-230",42.44219,-85.46403,"L24046","152517866"
"8-234",42.43582,-85.49148,"L27137","152517890"
"8-235",42.44304,-85.52731,"L27926","152517862"
"8-242",42.42304,-85.44343,"L26955","152517913"
"8-244",42.59638,-85.08176,"L8728","157068259"
"8-25",42.46165,-85.15148,"L16532","152517802"
"8-26",42.45082,-85.16259,"L18218","152517830"
"8-270",42.51054,-85.13648,"L14244","152517716"
"8-271",42.51436,-85.14243,"L19962","152517713"
"8-276",42.59582,-85.19481,"L20243","157068262"
"8-278",42.59249,-85.20537,"L15005","157068273"
"8-281",42.58527,-85.21787,"L21825","157068300"
"8-282",42.58165,-85.22565,"L16552","157068331"
"8-283",42.58221,-85.23176,"L22085","157068327"
"8-295",42.58415,-85.30954,"L21079","157068317"
"8-296",42.59027,-85.29843,"L15849","157068286"
"8-299",42.56658,-85.29232,"L16748","157068374"
"8-3",42.5061,-85.1487,"L16743","152517720"
"8-317",42.54499,-85.29065,"L19393","157068519"
"8-318",42.54165,-85.29648,"L17507","157068531"
"8-322",42.54332,-85.26537,"L16470","157068527"
"8-328",42.52749,-85.30815,"L15645","157068566"
"8-338",42.59443,-85.34093,"L20458","157068275"
"8-339",42.58554,-85.37343,"L15574","157068311"
"8-347",42.57082,-85.38259,"L17387","157068347"
"8-348",42.5736,-85.39204,"L15970","157068343"
"8-351",42.57034,-85.35306,"L19243","157068353"
"8-352",42.56749,-85.33148,"L18427","157068380"
"8-354",42.56123,-85.31777,"L20667","157068402"
"8-355",42.55193,-85.31704,"L14540","157068444"
"8-356",42.55971,-85.33704,"L17576","157068401"
"8-357",42.55054,-85.33204,"L14995","157068506"
"8-36",42.43582,-85.13593,"L17093","152517881"
"8-362",42.55499,-85.37231,"L15057","157068390"
"8-367",42.55082,-85.4087,"L30113","157068421"
"8-368",42.55332,-85.42509,"L31271","157068435"
"8-370",42.5386,-85.39704,"L25488","{98313CD3-329F-4BBA-B4C4-E460ECD25D97}"
"8-371",42.54193,-85.3787,"L17037","157068525"
"8-372",42.547066,-85.383731,"L14324","157068513"
"8-375",42.54943,-85.35481,"L48267","157068500"
"8-376",42.54721,-85.34926,"L20473","157068500"
"8-377",42.54527,-85.36231,"L21127","157068521"
"8-379",42.5461,-85.31037,"L20541","157068512"
"8-383",42.52804,-85.34148,"L15625","157068575"
"8-385",42.52415,-85.35954,"L14835","157068572"
"8-386",42.52138,-85.38815,"L20150","157068568"
"8-389",42.53082,-85.41148,"L22510","157068529"
"8-392",42.520402,-85.415517,"L48361","157068529"
"8-394",42.51362,-85.42655,"L25322","157068599"
"8-396",42.51082,-85.34981,"L20367","157068613"
"8-403",42.58987,-85.44425,"L28194","157068285"
"8-407",42.59415,-85.44176,"L30570","157068276"
"8-409",42.58806,-85.47666,NA,NA
"8-41",42.42832,-85.18843,"L16149","152517909"
"8-412",42.59443,-85.48176,"L23494","152517586"
"8-413",42.59146,-85.54095,"L19268","152517598"
"8-414",42.5756,-85.50411,"L14886","152517611"
"8-416",42.57303,-85.49686,"L19157","152517614"
"8-418",42.56832,-85.45009,"L24726","157068372"
"8-419",42.57066,-85.43314,"L26141","157068351"
"8-420",42.57202,-85.43749,"L26141","157068351"
"8-425",42.55804,-85.49315,"L20387","152517634"
"8-426",42.55221,-85.4962,"L26882","152517666"
"8-43",42.42372,-85.16814,"L19059","152517924"
"8-432",42.53999,-85.52481,"L24746","152517681"
"8-433",42.54777,-85.50648,"L29461","152517659"
"8-437",42.54699,-85.48859,"L23362","152517664"
"8-438",42.54054,-85.49204,"L24210","152517682"
"8-439",42.54112,-85.50157,"L28561","152517676"
"8-44",42.43138,-85.14176,"L14712","152517901"
"8-440",42.54178,-85.50412,NA,NA
"8-443",42.53777,-85.4512,"L31073","152517684"
"8-454",42.52801,-85.46517,"L23251","152517699"
"8-457",42.51304,-85.48981,"L31291","152517715"
"8-458",42.51832,-85.46787,"L24674","152517707"
"8-477",42.64693,-85.1637,"L15293","157068102"
"8-481",42.62665,-85.1887,"L20972","157068221"
"8-486",42.60971,-85.08065,"L48365",NA
"8-490",42.68749,-85.28481,"L17228","157067971"
"8-492",42.6786,-85.30676,"L20362","157068008"
"8-493",42.66999,-85.31231,"L14222","157068036"
"8-501",42.62443,-85.29843,"L14459","157068176"
"8-516",42.59665,-85.19981,"L20099","157068261"
"8-520",42.67054,-85.32787,"L15825","157068043"
"8-521",42.66943,-85.38787,"L15704","157068041"
"8-548",42.63415,-85.3537,"L19116","157068146"
"8-55",42.48693,-85.24731,"L14396","157068641"
"8-559",42.61193,-85.34954,"L17488","157068236"
"8-562",42.60993,-85.40549,"L20858","157068243"
"8-566",42.60915,-85.4162,"L19528","157068237"
"8-57",42.50999,-85.26481,"L18362","157068595"
"8-576",42.60277,-85.32815,"L15626","157068250"
"8-584",42.67499,-85.47898,"L18978","157068028"
"8-586",42.66915,-85.51981,"L15124","152517478"
"8-589",42.65193,-85.53787,"L18947","152517511"
"8-59",42.49508,-85.30708,"L14629","157068637"
"8-591",42.66324,-85.47968,"L14170","157068052"
"8-592",42.66249,-85.4837,"L20779","157068045"
"8-602",42.64693,-85.50093,"L16945","152517518"
"8-603",42.64082,-85.50731,"L20523","{E03670DE-23B8-4D53-B696-1AFAFEC6A037}"
"8-604",42.63721,-85.51926,"L17379","152517524"
"8-605",42.647485,-85.503773,"L16945","152517518"
"8-610",42.61971,-85.50176,"L16077","152517543"
"8-613",42.63332,-85.49065,"L19757","152517535"
"8-614",42.63027,-85.49954,"L15901","152517539"
"8-616",42.62665,-85.4562,"L15640","157068159"
"8-619",42.62082,-85.45843,"L21183","157068198"
"8-62",42.48638,-85.27009,"L20969","157068642"
"8-623",42.61499,-85.48343,"L18815","152517556"
"8-630",42.59665,-85.47065,"L30226","157068266"
"8-634",42.76999,-85.14093,"L20501","157067815"
"8-635",42.75332,-85.17093,"L18487","157067827"
"8-636",42.75471,-85.16593,"L16844","157067822"
"8-637",42.73999,-85.1937,"L19699","157067859"
"8-638",42.72388,-85.07787,"L18401","157067890"
"8-640",42.7136,-85.08259,"L17664","157067929"
"8-641",42.70888,-85.08287,"L16294","157067933"
"8-642",42.70554,-85.08065,"L20670","157067944"
"8-643-644",42.75739,-85.225,"L17183","157067821"
"8-646",42.73443,-85.21176,"L21071","157067879"
"8-647",42.73054,-85.21509,"L14477","157067886"
"8-652",42.723926,-85.233551,"L18572","157067903"
"8-657",42.69582,-85.24704,"L19193","157067963"
"8-658",42.6961,-85.27009,"L15122","157067969"
"8-69",42.47443,-85.24426,"L22258","157068649"
"8-700",42.74221,-85.34676,"L15228","157067850"
"8-706",42.72388,-85.39343,"L19171","157067905"
"8-715",42.68953,-85.41155,"L48366",NA
"8-731",42.75527,-85.53287,"L23024","157067854"
"8-74",42.46527,-85.20231,"L14822","152517793"
"8-745",42.72255,-85.52705,"L15323","157067913"
"8-751",42.69471,-85.53843,"L20412","152517471"
"8-753",42.69499,-85.52537,"L21069","152517473"
"8-760",42.52787,-85.48951,"L29457","152517695"
"8-761",42.54424,-85.33076,"L19102","157068522"
"8-762",42.49999,-85.42369,"L31477","152517728"
"8-763",42.54794,-85.30276,"L21802","157068496"
"8-764",42.53931,-85.51727,"L23428","152517685"
"8-765",42.52478,-85.46951,"L30261","152517703"
"8-766",42.50502,-85.19629,"L17744","157068619"
"8-767",42.44973,-85.24687,"L15972","157068668"
"8-768",42.4441,-85.25156,"L22144","152517853"
"8-769",42.52459,-85.41433,"L22898","157068573"
"8-770",42.52213,-85.32849,"L16584","157068582"
"8-771",42.61226,-85.4024,"L21198","157068240"
"8-772",42.62994,-85.39317,"L14709","157068153"
"8-773",42.48289,-85.40335,"L15504","152517755"
"8-774",42.62354,-85.52163,"L19268","152517598"
"8-775",42.71967,-85.45473,"L15086","157067925"
"8-776",42.721,-85.45469,"L14857","157067921"
"8-80",42.47404,-85.25076,"L22643","157068651"
"8-84",42.44443,-85.29204,"L17708","157068669"
"8-86",42.456796,-85.255123,"L19782","157068666"
"8-87",42.45284,-85.26538,"L19713","157068664"
"8-88",42.46195,-85.26072,"L18874","157068662"
"8-89",42.46221,-85.23315,"L15303","157068660"
"8-90",42.45804,-85.23509,"L14457","157068663"
"8-94",42.46277,-85.21481,"L17437","152517806"
"8-96",42.4586,-85.2212,"L20030","152517812"
"80-1",42.41054,-85.81704,"L26771","152517981"
"80-107",42.32332,-85.80815,"L24647","155635763"
"80-108",42.32054,-85.82259,"L28622","155635769"
"80-109",42.32471,-85.84259,"L25501","155635767"
"80-110",42.31721,-85.87148,"L23662","155635772"
"80-116.1",42.2986,-85.78704,"L23734","155635776"
"80-117-141",42.29348,-85.79136,"L24422","155635779"
"80-13",42.36721,-85.85731,"L23050","152518134"
"80-15",42.36304,-85.82898,"L27421","152518153"
"80-154",42.25054,-85.83481,"L24204","155635835"
"80-158",42.3166,-85.9883,"L29349","152274950"
"80-159",42.3211,-85.98815,"L28419","152274947"
"80-161",42.3136,-85.93537,"L24348","155635775"
"80-164",42.28915,-85.93565,"L30933","155635794"
"80-165",42.29249,-85.94426,"L25454","155635793"
"80-167",42.27915,-85.93981,"L23755","155635804"
"80-169",42.28027,-85.92509,"L28251","155635802"
"80-170",42.27832,-85.90676,"L29431","155635803"
"80-171",42.2811,-85.90815,"L23271","155635799"
"80-172",42.3182,-86.10713,NA,NA
"80-177",42.29693,-86.01787,"L30234","152274960"
"80-180",42.26193,-86.02731,"L30414","155635839"
"80-183",42.25554,-86.07231,"L26765","155635858"
"80-184",42.25527,-86.07731,"L31280","155635861"
"80-186",42.24671,-86.05611,"L26886","155635887"
"80-188",42.30415,-86.16815,"L31041","152274955"
"80-190",42.28554,-86.17676,"L29392","152274966"
"80-191",42.25832,-86.1262,"L28927","155635862"
"80-192",42.2611,-86.13676,"L28571","155635855"
"80-193",42.27165,-86.14759,"L28032","155635843"
"80-194",42.24277,-86.20509,"L24362","155635915"
"80-196",42.25277,-86.18481,"L24222","155635892"
"80-198",42.25277,-86.1237,"L29076","155635879"
"80-199",42.25582,-86.11343,"L29728","155635865"
"80-20",42.35638,-85.82787,"L28902","155635744"
"80-209",42.23165,-85.87954,"L31777","155635897"
"80-216",42.20534,-85.85252,"L23203","155635946"
"80-217",42.20082,-85.85843,"L23954","155635961"
"80-22",42.35277,-85.82981,"L26218","155635749"
"80-220",42.22471,-85.89287,"L23204","155635896"
"80-221",42.24371,-85.88653,"L26363","155635853"
"80-222",42.24277,-85.91565,"L27716","155635864"
"80-229",42.22309,-85.98518,"L26694","155635930"
"80-23",42.35304,-85.83343,"L28306","155635746"
"80-232",42.20415,-85.98343,"L30065","155635976"
"80-233",42.19249,-85.95176,"L25430","155635997"
"80-234",42.16999,-85.97565,"L31035","155636121"
"80-235",42.18193,-85.98065,"L24785","155636067"
"80-237",42.23527,-86.02454,"L29380","155635910"
"80-24",42.35082,-85.83676,"L27825","155635751"
"80-241",42.21388,-86.10037,"L25352","155635979"
"80-243",42.2011,-86.00148,"L25504","155635984"
"80-244",42.21082,-86.02981,"L26068","155635967"
"80-246",42.20971,-86.09481,"L24520","155635998"
"80-247",42.19082,-86.10287,"L30673","155636058"
"80-248",42.19724,-86.00166,"L29051","155636017"
"80-249",42.17165,-86.00926,"L26347","155636115"
"80-25",42.35703,-85.84036,"L27811","155635745"
"80-250",42.16625,-86.05306,NA,NA
"80-251",42.23777,-86.18287,"L25595","155635933"
"80-253",42.22308,-86.16673,NA,NA
"80-258",42.13332,-85.82037,"L29427","155636169"
"80-260",42.12999,-85.7887,"L30483","155636170"
"80-261",42.12221,-85.79648,"L24156","155636192"
"80-27",42.34915,-85.85509,"L30624","155635752"
"80-270",42.1036,-85.82704,"L28779","155636268"
"80-272",42.11108,-85.84087,"L28502","155636256"
"80-273",42.08832,-85.83009,"L31030","155636344"
"80-28",42.35888,-85.85787,"L29665","155635743"
"80-281",42.07665,-85.86731,"L28505","155636410"
"80-282",42.0786,-85.84176,"L25873","155636398"
"80-285",42.07721,-85.79981,"L26015","155636409"
"80-287",42.1261,-85.92009,"L30031","155636233"
"80-288",42.11082,-85.99981,"L28302","155636298"
"80-289",42.10054,-85.98065,"L24086","155636373"
"80-290",42.10027,-85.95537,"L23816","155636369"
"80-298",42.07554,-85.88342,"L28573","155636437"
"80-30",42.33193,-85.82537,"L23081","155635762"
"80-301",42.13999,-86.03342,"L29429","155636198"
"80-302",42.12915,-86.0862,"L24355","155636265"
"80-303",42.11665,-86.06092,"L29663","155636320"
"80-304",42.11345,-86.09799,"L30683","155636351"
"80-306",42.10665,-86.0837,"L23578","155636353"
"80-307",42.10277,-86.07037,"L25505","b5a10a50-bef1-4c71-852e-9799888e803b"
"80-309",42.10332,-86.05704,"L28373","155636377"
"80-31",42.41443,-85.89093,"L28167","152517958"
"80-311",42.1536,-86.11815,"L26862","155636189"
"80-314",42.1236,-86.20204,"L48248",NA
"80-315",42.10249,-86.18759,"L29117","155636430"
"80-316",42.10582,-86.13148,"L25592","155636393"
"80-318",42.08027,-86.2112,"L25586","155636506"
"80-319",42.0736,-86.20471,"L23505","155636547"
"80-320",42.07258,-86.14967,"L31208","155636540"
"80-321",42.20266,-85.92031,"L29874","155635970"
"80-323",42.08382,-86.15365,"L26195","155636483"
"80-324",42.2454,-85.7801,"L31482","155635838"
"80-325",42.14794,-86.00378,"L23737","155636173"
"80-326",42.24436,-85.83025,"L29166","155635847"
"80-327",42.19103,-85.98563,"L28511","155636033"
"80-328",42.12301,-86.05983,"L29986","155636276"
"80-329",42.36778,-85.89236,"L28772","155635741"
"80-330",42.2096,-85.97786,"L31606","155635965"
"80-331",42.12526,-86.10496,"L26933","155636281"
"80-332",42.07192,-86.03264,"L27163","155636500"
"80-333",42.19598,-86.01572,"L23947","155636025"
"80-334",42.30283,-86.11858,"L27646","152274956"
"80-335",42.30163,-86.12039,"L24968","152274957"
"80-336",42.29978,-86.12304,"L23927","152274958"
"80-337",42.15902,-85.86217,"L28672","155636129"
"80-338",42.16151,-85.86189,"L24666","155636117"
"80-339",42.18296,-86.08697,"L27332","155636109"
"80-34",42.40999,-85.90926,"L28052","152517985"
"80-340",42.17579,-86.08396,"L23580","155636133"
"80-341",42.11931,-85.86416,"L27968","155636235"
"80-342",42.11021,-86.05701,"L27321","155636339"
"80-343",42.27806,-86.31988,"L23879","152274968"
"80-344",42.26055,-85.82141,"L31357","155635822"
"80-345",42.26106,-85.82304,"L28259","155635820"
"80-346",42.26249,-85.82631,"L24243","155635818"
"80-347",42.26351,-85.82846,"L48329",NA
"80-348",42.26147,-85.82443,"L26661","155635819"
"80-4",42.41249,-85.83204,"L25257","152517973"
"80-41",42.40082,-85.91843,"L29173","152518014"
"80-42",42.38943,-85.91593,"L26241","152274886"
"80-43",42.37737,-85.88623,"L31537","152518102"
"80-45",42.37693,-85.90093,"L29503","152274902"
"80-46",42.3797,-85.91143,"L23806","152274899"
"80-5",42.41277,-85.84315,"L25442","152517971"
"80-51",42.37249,-85.99176,"L26681","152274910"
"80-52",42.37332,-85.93787,"L24555","152274904"
"80-56",42.35721,-85.93065,"L31128","155635748"
"80-57",42.34638,-85.93287,"L28635","155635760"
"80-58",42.33693,-85.96954,"L29425","155635766"
"80-59",42.4161,-86.0162,"L23999","152274866"
"80-6",42.37582,-85.79398,"L24453","152518103"
"80-60",42.41554,-86.02204,"L26333","152274865"
"80-63",42.40582,-86.04037,"L27727","152274870"
"80-64",42.41651,-86.09322,"L25486","152274864"
"80-66",42.39332,-86.08509,"L24328","152274878"
"80-68",42.38138,-86.05065,"L28624","152274884"
"80-69",42.3886,-86.06037,"L32093","152274885"
"80-70",42.39638,-86.01204,"L30723","152274880"
"80-71",42.38249,-86.01704,"L26442","152274893"
"80-72",42.37888,-86.07204,"L28734","152274898"
"80-73",42.37304,-86.06426,"L29058","152274903"
"80-76",42.34804,-86.00981,"L25125","152274928"
"80-78",42.35582,-86.01593,"L30722","152274921"
"80-81",42.33967,-86.06702,NA,NA
"80-82",42.33888,-86.02231,"L26234","152274936"
"80-84",42.33054,-86.00009,"L32021","152274939"
"80-84S",42.32388,-86.00231,"L30057","152274945"
"80-89",42.39054,-86.14731,"L29852","152274883"
"80-90",42.38221,-86.12704,"L25093","152274891"
"81-102",42.33777,-83.97065,"L18286","145334041"
"81-104",42.41388,-83.79398,"L14306","{7A6B6665-5C96-4A9D-BDA2-0E92E4B4B2C1}"
"81-106",42.4236,-83.8537,"L19249","{B49DD6AA-2CF4-465E-A6C8-940FE9D044B3}"
"81-107",42.42555,-83.89343,"L14719","145333821"
"81-109",42.39805,-83.88093,"L22232","145333918"
"81-11",42.4161,-84.12398,"L5525","145333888"
"81-110",42.40582,-83.80287,"L17621","145333892"
"81-123",42.41666,-83.77315,"L20725","145333847"
"81-125",42.39943,-83.75648,"L22918","145333903"
"81-126",42.41416,-83.70787,"L18730","145333871"
"81-127",42.4072,-83.68588,"L21446","145333894"
"81-129",42.39254,-83.76575,"L49003",NA
"81-134",42.41309,-83.6085,"L21730","145333873"
"81-14",42.40582,-84.10509,"L14098","145333915"
"81-144",42.32943,-84.09065,"L8467","145334073"
"81-146",42.32499,-84.10009,"L603","145334226"
"81-147",42.32527,-84.11287,"L11015","145334075"
"81-148",42.3326,-84.11539,"L48449",NA
"81-149",42.33009,-84.11754,"L48448",NA
"81-152",42.31666,-84.09926,"L12760","145334231"
"81-157",42.31471,-84.07898,"L5625","145334235"
"81-158",42.31777,-84.08509,"L5625","145334235"
"81-159",42.31527,-84.08981,"L431","145334239"
"81-162",42.30277,-84.01481,"L18752","145334246"
"81-165",42.30638,-84.12009,"L5452","152094868"
"81-167",42.26638,-84.07065,"L9538","145334261"
"81-168",42.2536,-84.12065,"L1374","145334281"
"81-173",42.31971,-83.93009,"L17358","145334229"
"81-176.1",42.2561,-83.93954,"L21595","145334273"
"81-178",42.33652,-83.89273,"L48450",NA
"81-179",42.30988,-83.75398,"L22640","145334240"
"81-18",42.3986,-84.06815,"L1138","145333941"
"81-184",42.28221,-83.79423,"L18087","145334252"
"81-185",42.27801,-83.79719,"L21192","145334254"
"81-186",42.27582,-83.80565,"L15911","145334256"
"81-188",42.34148,-83.66784,"L22392","145334026"
"81-19",42.39832,-84.05704,"L10159","145333924"
"81-194",42.29117,-83.74573,"L47222","145334255"
"81-195",42.29909,-83.77414,"L17857","145334244"
"81-198",42.27105,-83.6716,"L48419",NA
"81-2",42.42213,-84.02048,"L15551","145333845"
"81-212",42.32832,-83.60481,"L16745","145334061"
"81-213",42.32888,-83.61343,"L19175","145334066"
"81-221",42.26677,-83.64409,"L48419",NA
"81-226",42.23621,-84.11991,"L4722","145334289"
"81-248",42.20249,-83.95343,"L19108","145334309"
"81-249",42.18166,-83.96954,"L22322","151873785"
"81-253",42.20055,-83.86676,"L21383","151873778"
"81-254",42.20277,-83.84676,"L19969","151873777"
"81-255",42.17943,-83.86231,"L20221","151873782"
"81-258",42.25648,-83.62528,"L48420",NA
"81-26",42.40703,-84.03461,"L22220","145333913"
"81-263",42.24125,-83.56057,"L15896","145334282"
"81-264",42.23312,-83.54709,"L18595","145334284"
"81-266",42.2064,-83.56044,"L16497","145334286"
"81-27",42.39554,-84.02537,"L15630","{9AD32EBF-3DA1-4BB4-8BB1-5D028CFB8D94}"
"81-27.1",42.39221,-84.00815,"L14231","145333926"
"81-28",42.38666,-84.02287,"L20371","145333952"
"81-286",42.14923,-84.02382,"L14702","151873820"
"81-29",42.38693,-84.02898,"L19468","145333948"
"81-290",42.13999,-84.13065,"L11334","151873829"
"81-291",42.13729,-84.03217,"L15559","151873823"
"81-3",42.42365,-84.02844,"L20714","145333836"
"81-30",42.39471,-84.04065,"L15420","145333937"
"81-315",42.09721,-84.09315,"L5512","151873881"
"81-33",42.39443,-84.06454,"L7392","145333935"
"81-330",42.08804,-84.06148,"L3138","151873899"
"81-332",42.0986,-84.06259,"L13969","151873875"
"81-336",42.08804,-84.07704,"L12464","151873905"
"81-343",42.0892,-84.1151,"L5494","151873913"
"81-344",42.07333,-84.111,"L11457","151873939"
"81-350",42.07813,-84.03459,"L18073","151873926"
"81-353",42.08414,-84.04046,"L5883","151873911"
"81-354",42.15249,-83.93454,"L16152","151873796"
"81-355",42.16193,-83.9462,"L19263","151873793"
"81-359",42.14693,-83.91037,"L15283","151873798"
"81-36",42.3911,-84.06704,"L8916","145333944"
"81-360",42.12193,-83.97231,"L17094","151873834"
"81-364.1",42.07954,-83.98113,"L15561","151873906"
"81-365",42.16424,-83.7904,"L20295","151873783"
"81-368",42.08732,-83.88177,"L15494","151873863"
"81-369.1",42.15422,-83.77749,NA,NA
"81-370",42.15488,-83.77252,NA,NA
"81-371",42.12971,-83.76565,"L15188","151873800"
"81-374",42.33551,-83.82382,"L22969","145334044"
"81-375",42.3336,-83.82093,"L18584","145334059"
"81-376",42.35816,-84.08476,"L8047","152094800"
"81-377",42.17636,-84.09396,"L7504","151873790"
"81-378",42.32819,-83.97612,"L18304","145334074"
"81-379",42.21626,-83.62617,NA,NA
"81-380",42.19416,-83.56594,"L17957","145334315"
"81-381",42.22654,-84.09567,"L5941","145334296"
"81-382",42.17179,-83.55954,"L22304","149425628"
"81-383",42.34475,-83.96951,"L18229","145334031"
"81-384",42.19667,-83.5603,"L15954","145334307"
"81-385",42.35124,-83.86539,"L16234","145334013"
"81-386",42.15163,-84.06801,"L10860","151873818"
"81-387",42.2065,-83.57605,"L20359","145334302"
"81-388",42.2042,-83.5787,"L14374","145334303"
"81-389",42.2041,-83.57608,"L15775","145334304"
"81-39",42.38304,-84.08843,"L8371","145333956"
"81-390",42.20076,-83.57466,"L19284","145334306"
"81-391",42.19858,-83.57084,"L20304","145334308"
"81-392",42.19839,-83.56897,"L22317","145334310"
"81-393",42.19796,-83.56771,"L17524","145334311"
"81-394",42.19617,-83.57491,"L15772","145334314"
"81-395",42.18988,-83.55961,"L18085","149425607"
"81-396",42.21057,-83.78054,"L18500","151873773"
"81-397",42.3663,-84.02659,"L16568","145333987"
"81-398",42.36726,-84.03019,"L21864","145333989"
"81-399",42.35727,-83.57437,"L15564","145333991"
"81-4",42.42103,-84.02634,"L20714","145333836"
"81-400",42.41212,-83.69042,"L20576","145333877"
"81-401",42.41424,-83.98317,"L15508","145333854"
"81-402",42.37289,-84.07766,"L2267","145333985"
"81-403",42.37432,-84.08017,"L8240","145333983"
"81-404",42.09361,-84.12329,"L9311","151873900"
"81-405",42.42146,-83.87174,"L21463","145333838"
"81-406",42.29826,-83.64904,"L22584","145334243"
"81-407",42.22461,-83.69281,"L22520","145334293"
"81-408",42.22867,-83.69724,"L19470","145334288"
"81-409",42.24389,-84.11627,"L48360",NA
"81-410",42.3338,-83.75603,"L14948","145334055"
"81-411",42.36001,-84.09558,NA,NA
"81-412",42.30053,-83.66193,"L18505","{13575506-82AB-4306-AC55-B59BCA4C1E58}"
"81-44",42.3686,-84.11898,"L10451","152094787"
"81-45",42.36721,-84.10343,"L7797","152094791"
"81-46",42.36666,-84.07509,"L6749","145333993"
"81-47",42.37607,-84.0617,"L16309","145333972"
"81-5",42.41554,-84.01898,"L19690","145333882"
"81-51",42.37731,-84.03822,"L21329","145333965"
"81-52",42.37443,-84.04731,"L14372","145333963"
"81-55",42.36249,-84.04509,"L17088","145333998"
"81-57",42.35304,-84.05065,"L15964","145334019"
"81-58",42.35054,-84.06259,"L5199","145334022"
"81-6",42.41999,-84.03759,"L22407","145333861"
"81-60",42.36607,-84.08342,NA,NA
"81-61",42.34983,-84.10796,"L9585","152094801"
"81-62",42.34193,-84.11426,"L1320","152094819"
"81-63",42.34777,-84.12648,"L388","152094814"
"81-64",42.34777,-84.07954,"L11346","145334029"
"81-65",42.33749,-84.08009,"L9543","145334063"
"81-67",42.34739,-84.07195,"L1397","145334035"
"81-68",42.35138,-84.04204,NA,NA
"81-69",42.34181,-84.04682,"L15078","145334046"
"81-7",42.41832,-84.06981,"L1863","145333875"
"81-71",42.41738,-83.90993,"L17580","145333858"
"81-72",42.41471,-83.93065,"L15682","145333884"
"81-73",42.41916,-83.96009,"L22840","145333840"
"81-8",42.41554,-84.09843,"L6441","145333890"
"81-80",42.24778,-84.0948,"L605","145334283"
"81-82",42.40582,-84.0012,"L21152","145333909"
"81-83",42.40971,-83.98315,"L20994","145333899"
"81-86",42.41027,-83.96093,"L20504","145333897"
"81-93",42.39442,-83.98369,"L17512","145333932"
"81-95",42.37277,-83.99343,"L14998","145333978"
"81-96",42.35523,-83.91927,"L16680","145334005"
"81-97",42.36193,-84.00759,"L20730","145333996"
"82-150",42.34693,-82.95898,"L15009","149286823"
"82-152",42.34777,-82.97037,"L17654","149286821"
"82-153",42.34091,-82.96338,"L21063","149286838"
"82-155",42.33438,-82.99059,"L18807","149286854"
"82-157",42.21436,-83.44178,"L22145","145334300"
"82-161",42.201042,-83.535334,"L16236","145334305"
"82-18",42.42338,-83.52177,"L20517","149286561"
"82-191",42.09916,-83.21426,"L18368","149287014"
"82-20",42.41949,-83.51376,"L16812","149286569"
"82-207",42.19005,-83.14629,NA,NA
"82-208",42.09943,-83.15398,"L20932","149287012"
"82-21",42.41404,-83.51721,"L18890","149286786"
"82-224",42.06279,-83.19614,"L48495","{CC7003F0-F66E-4465-A97F-7B41E519D127}"
"82-227",42.05176,-83.21381,NA,NA
"82-23",42.41229,-83.52825,"L19466","149286789"
"82-235",42.10033,-83.29681,"L48417",NA
"82-236",42.20378,-83.3227,"L14949","149286961"
"82-237",42.24153,-83.37239,"L21795","149286935"
"82-238",42.06134,-83.23754,"L19942","145334328"
"82-239",42.23942,-83.43408,"L22026","149286942"
"82-240",42.42602,-83.466,"L22844","149286550"
"82-241",42.43428,-83.47297,"L21729","149286525"
"82-242",42.10656,-83.20912,"L17728","149287003"
"82-243",42.10606,-83.18863,"L48476","{CC7003F0-F66E-4465-A97F-7B41E519D127}"
"82-244",42.06065,-83.23372,"L16167","145334329"
"82-245",42.23195,-83.23621,"L18888","149286946"
"82-246",42.2388,-83.3799,"L18821","149286938"
"82-247",42.17554,-83.20933,NA,NA
"82-248",42.05996,-83.20504,"L15487","145334330"
"82-249",42.05811,-83.20535,"L17646","145334331"
"82-250",42.21662,-83.43911,"L17375","145334294"
"82-251",42.09633,-83.25706,"L16365","145334326"
"82-252",42.09649,-83.25465,"L16052","145334325"
"82-253",42.42131,-83.50874,"L17856","149286563"
"82-255",42.1964,-83.14437,NA,NA
"82-256",42.42962,-83.51638,"L19879","149286556"
"82-257",42.12312,-83.52017,"L22578","149425684"
"82-258",42.1308,-83.37201,"L16368","145334321"
"82-259",42.09084,-83.44195,"L20294","149425700"
"82-36",42.41371,-83.46889,"L18225","149286579"
"82-38",42.39262,-83.46676,"L22393","149286796"
"82-5",42.43305,-83.4612,"L17525","149286533"
"82-53",42.38437,-83.45825,"L14795","149286808"
"82-56",42.36654,-83.41197,"L22375","08b2f213-d2bd-4d7d-9572-d33f4a295d2a"
"82-75",42.35161,-83.37309,"L20227","149286840"
"83-109",44.32249,-85.57232,"L18824","60089738"
"83-110",44.30832,-85.54371,"L23010","121858196"
"83-126",44.29999,-85.47787,"L18761","121858207"
"83-132",44.2711,-85.48926,"L14917","121858340"
"83-159",44.41443,-85.39287,"L16606","60089116"
"83-16",44.18655,-85.38187,"L21931","60090356"
"83-161",44.41999,-85.40704,"L19667","60089050"
"83-163",44.4086,-85.46093,NA,NA
"83-17",44.18165,-85.39204,"L19859","60090430"
"83-176",44.36892,-85.47449,"L19620","60089512"
"83-178",44.3461,-85.55982,"L18861","60089616"
"83-182",44.41915,-85.6226,"L17108","60089240"
"83-184",44.41999,-85.6801,"L16325","60089286"
"83-186",44.40253,-85.6831,"L21111","60089424"
"83-191",44.39638,-85.58982,"L15138","60089416"
"83-193",44.38304,-85.67426,"L16124","60089514"
"83-199",44.40138,-85.70287,NA,NA
"83-2",44.23817,-85.3869,"L20276","121858432"
"83-204",44.43638,-85.4601,"L15394","60088914"
"83-206",44.49693,-85.55482,"L14413","60088714"
"83-219",44.48456,-85.67067,"L22628","60088770"
"83-220",44.19534,-85.49171,"L16611","60090322"
"83-221",44.25856,-85.526,"L17538","121858404"
"83-222",44.20941,-85.62863,"L22346","60090312"
"83-223",44.27008,-85.43723,"L15594","121858320"
"83-224",44.28252,-85.58756,"L15731","121858319"
"83-225",44.40549,-85.60348,"L21021","60089368"
"83-226",44.36642,-85.34011,"L22613","121857857"
"83-227",44.41205,-85.52618,"L18746","60089252"
"83-23",44.17443,-85.43315,"L20785","60090490"
"83-3",44.249,-85.40948,"L16065","121864972"
"83-4",44.23903,-85.46243,"L17376","121858459"
"83-5",44.2312,-85.44943,"L20890","121858468"
"83-50",44.32899,-85.35982,"L19515","121858028"
"83-51",44.32493,-85.36163,"L18192","121858059"
"83-55",44.32304,-85.37121,"L17401","121858026"
"83-60",44.33749,-85.38204,"L21421","121858008"
"83-64",44.33599,-85.41665,"L17128","121858031"
"83-7",44.23531,-85.3863,"L20213","121858437"
"83-77",44.31866,-85.33929,"L16542","121858100"
"83-8",44.22582,-85.35565,"L18540","121858448"
"9-18",43.63436,-83.85227,"L3145","152234144"
"9-2",43.55757,-83.90731,NA,NA
"9-5",43.52441,-83.90802,NA,NA
"9-50",43.69328,-83.93324,"L7435","{77898EFC-7711-4800-9A6E-CE424775BF43}"
"9-54",43.71363,-83.94576,NA,NA
"9-55",43.53129,-83.90078,NA,NA
"9-56",43.70883,-83.938,NA,NA
"9-57",43.66299,-84.01237,"L5099","152868481"
"9-58",43.6221,-83.94902,"L5695","152868505"
"9-59",43.56413,-83.9609,"L6724","152234153"
"9-60",43.71126,-83.93981,NA,NA
"9-61",43.59272,-83.9454,"L776","152868526"
"9-62",43.63475,-84.06429,"L6804","152868494"
"9-63",43.63463,-84.06113,"L12917","152868495"
"9-64",43.6762,-83.93428,"L10018","152868439"
"9-65",43.67521,-83.93542,"L8537","152868443"
"9-66",43.67214,-83.93295,"L12043","152868462"
"9-67",43.67044,-83.93148,"L10971","152868466"
"9-68",43.67304,-83.92693,"L11182","152868454"
"9-69",43.85904,-84.01797,"L4696","152868360"
"L16163",42.013824,-83.935094,"L16163","151874019"
"L28159",42.993615,-85.798263,"L28159","152707799"
"L9882",42.500608,-83.81272,"L9882","145332972"
"44-302",43.11222,-83.229302,"L6214","147104066"
