"subject_id","mdnrid","nhdid","county","lakename","begin_date_day","begin_date_month","begin_date_year","end_date_day","end_date_month","end_date_year","fishing_intensity_summer","fishing_intensity_winter","fishing_intensity_summer_text","fishing_intensity_winter_text","public_fishing_text","public_fishing","max_depth_m","secchi_min_m","secchi_max_m","lake_area_min_ha","lake_area_max_ha","min_shoal_pct","max_shoal_pct","liveries_min_n","liveries_max_n","resorts_min_n","resorts_max_n","cottages_min_n","cottages_max_n","hotels_homes_min_n","hotels_homes_max_n","development","methylorange_alk_min_ppm","methylorange_alk_max_ppm","flag_alk","shore_dev_index","dam_height_min_m","dam_height_max_m","dam_outlet","dam_passable_for_fish","dam_effect_fish","dam_outlet_text","dam_passable_for_fish_text","dam_effect_fish_text","thermocline_present","thermocline_loc_min_m","thermocline_loc_max_m","flag_bottom","temp_surface_min_c","temp_surface_max_c","temp_bottom_min_c","temp_bottom_max_c","do_above_thermo_min_ppm","do_above_thermo_max_ppm","do_in_thermo_min_ppm","do_in_thermo_max_ppm","do_below_thermo_min_ppm","do_below_thermo_max_ppm","banded_killifish","black_bullhead","black_crappie","blackchin_shiner","blacknose_shiner","bluegill","bluntnose_minnow","bowfin","brook_silverside","brook_trout","brown_bullhead","brown_trout","bullhead_species","cisco","common_carp","common_shiner","golden_shiner","grass_pickerel","iowa_darter","johnny_darter","lake_chubsucker","largemouth_bass","longnose_gar","mimic_shiner","northern_pike","pumpkinseed","rainbow_trout","rock_bass","smallmouth_bass","spotted_gar","walleye","white_sucker","yellow_bullhead","yellow_perch","fish_extras","filename1","filename2"
58643105,"L1973","60087736","KALKASKA","BASS",29,"July",1930,29,"July",1930,NA,NA,NA,NA,NA,NA,NA,NA,NA,NA,NA,NA,NA,NA,NA,NA,NA,NA,NA,NA,NA,NA,NA,NA,NA,NA,NA,NA,NA,NA,NA,NA,NA,NA,NA,NA,NA,NA,NA,NA,NA,NA,NA,NA,NA,NA,NA,NA,0,0,0,0,1,0,1,0,0,0,0,0,1,0,0,0,1,0,1,0,0,1,0,0,0,0,0,0,0,0,0,1,0,1,"Longear Sunfish","Kalkaska_Bass28N_5W_S23_SUMM_005.jpg",NA
58643108,"L647","60087894","KALKASKA","BEAR",15,"February",1926,15,"February",1926,NA,NA,NA,NA,NA,NA,NA,NA,NA,NA,NA,NA,NA,NA,NA,NA,NA,NA,NA,NA,NA,NA,NA,NA,NA,NA,NA,NA,NA,NA,NA,NA,NA,NA,NA,NA,NA,NA,NA,NA,NA,NA,NA,NA,NA,NA,NA,NA,0,0,0,0,0,0,0,0,0,0,0,0,0,0,0,0,0,0,0,0,0,1,0,0,1,0,0,0,0,0,0,1,0,1,NA,"Kalkaska_Bear_SUMM_024.jpg",NA
58643109,"L8827","60087902","KALKASKA","BLACKMIDDLE",5,"August",1930,NA,NA,NA,NA,NA,NA,NA,NA,NA,NA,NA,NA,NA,NA,NA,NA,NA,NA,NA,NA,NA,NA,NA,NA,NA,NA,NA,NA,NA,NA,NA,NA,NA,NA,NA,NA,NA,NA,NA,NA,NA,NA,NA,NA,NA,NA,NA,NA,NA,NA,NA,0,0,0,0,0,0,0,0,0,1,0,0,0,0,0,0,1,0,0,0,0,0,0,0,1,0,0,0,0,0,0,1,0,1,"golden_shiners","Kalkaska_BlackMiddle_SUMM_002.jpg",NA
58643110,"L647","60087894","KALKASKA","BEAR",7,"August",1930,7,"August",1930,NA,NA,NA,NA,NA,NA,NA,NA,NA,NA,NA,NA,NA,NA,NA,NA,NA,NA,NA,NA,NA,NA,NA,NA,NA,NA,NA,NA,NA,NA,NA,NA,NA,NA,NA,NA,NA,NA,NA,NA,NA,NA,NA,NA,NA,NA,NA,NA,0,0,0,0,0,0,1,0,0,0,0,0,1,0,0,0,0,0,1,0,0,1,0,0,0,0,0,1,1,0,0,0,0,1,"suckers_perch_bluntnosed_darters","Kalkaska_Bear_SUMM_025.jpg",NA
58643111,"L5318","60087890","KALKASKA","BLACKUPPER",9,"August",1930,NA,"August",NA,NA,NA,NA,NA,NA,NA,NA,NA,NA,NA,NA,NA,NA,NA,NA,NA,NA,NA,NA,NA,NA,NA,NA,NA,NA,NA,NA,NA,NA,NA,NA,NA,NA,NA,NA,NA,NA,NA,NA,NA,NA,NA,NA,NA,NA,NA,NA,NA,0,0,0,0,0,0,0,0,0,0,0,0,0,0,0,0,0,0,0,0,0,0,0,0,0,0,0,0,0,0,0,0,0,0,NA,"Kalkaska_BlackUpper_SUMM_002.jpg",NA
58643112,"L7927","60087926","KALKASKA","BLACKSOUTH",2,"August",1930,NA,NA,NA,NA,NA,NA,NA,NA,NA,NA,NA,NA,NA,NA,NA,NA,NA,NA,NA,NA,NA,NA,NA,NA,NA,NA,NA,NA,NA,NA,NA,NA,NA,NA,NA,NA,NA,NA,NA,NA,NA,NA,NA,NA,NA,NA,NA,NA,NA,NA,NA,0,0,0,0,0,0,0,0,0,0,0,0,0,0,0,0,1,0,0,0,0,0,0,0,1,0,0,0,0,0,0,0,0,1,"mud minnow ","Kalkaska_BlackSouth_SUMM_001.jpg",NA
58643113,"L5427","60087748","KALKASKA","BLUELITTLE",28,"July",1930,28,"July",1930,NA,NA,NA,NA,NA,NA,NA,NA,NA,NA,NA,NA,NA,NA,NA,NA,NA,NA,NA,NA,NA,NA,NA,NA,NA,NA,NA,NA,NA,NA,NA,NA,NA,NA,NA,NA,NA,NA,NA,NA,NA,NA,NA,NA,NA,NA,NA,NA,0,0,0,0,1,0,1,0,0,0,0,0,0,0,0,1,1,0,1,0,0,0,0,1,0,0,0,0,1,0,0,0,0,0,"fine scaled dace","Kalkaska_BlueLittle_SUMM_004.jpg",NA
58643114,"L12795","155417542","KALKASKA","BLUE",12,"August",1930,NA,NA,NA,NA,NA,NA,NA,NA,NA,NA,NA,NA,NA,NA,NA,NA,NA,NA,NA,NA,NA,NA,NA,NA,NA,NA,NA,NA,NA,NA,NA,NA,NA,NA,NA,NA,NA,NA,NA,NA,NA,NA,NA,NA,NA,NA,NA,NA,NA,NA,NA,0,0,0,0,0,1,0,0,0,0,0,0,0,0,0,0,1,0,0,0,0,0,0,0,1,0,0,0,0,0,1,0,0,1,NA,"Kalkaska_Blue_SUMM_007.jpg",NA
58643116,"L7605","60087712","KALKASKA","BLUENORTH",28,"July",1930,NA,NA,NA,NA,NA,NA,NA,NA,NA,NA,NA,NA,NA,NA,NA,NA,NA,NA,NA,NA,NA,NA,NA,NA,NA,NA,NA,NA,NA,NA,NA,NA,NA,NA,NA,NA,NA,NA,NA,NA,NA,NA,NA,NA,NA,NA,NA,NA,NA,NA,NA,NA,NA,NA,NA,NA,NA,NA,NA,NA,NA,NA,NA,NA,NA,NA,NA,NA,NA,NA,NA,NA,NA,NA,NA,NA,NA,NA,NA,NA,NA,NA,NA,NA,NA,NA,"Kalkaska_BlueNorth_SUMM_002.jpg",NA
58643117,"L9929","60087648","KALKASKA","CROOKED",29,"July",1930,NA,"July",NA,NA,NA,NA,NA,NA,NA,NA,NA,NA,NA,NA,NA,NA,NA,NA,NA,NA,NA,NA,NA,NA,NA,NA,NA,NA,NA,NA,NA,NA,NA,NA,NA,NA,NA,NA,NA,NA,NA,NA,NA,NA,NA,NA,NA,NA,NA,NA,NA,1,0,0,0,0,0,0,0,0,0,0,0,0,0,0,0,1,0,1,0,0,0,0,0,0,0,0,0,1,0,0,1,0,1,NA,"Kalkaska_Crooked_SUMM_005.jpg",NA
58643118,"L4640","60087988","KALKASKA","CRANBERRY",5,"August",1930,NA,NA,NA,NA,NA,NA,NA,NA,NA,NA,NA,NA,NA,NA,NA,NA,NA,NA,NA,NA,NA,NA,NA,NA,NA,NA,NA,NA,NA,NA,NA,NA,NA,NA,NA,NA,NA,NA,NA,NA,NA,NA,NA,NA,NA,NA,NA,NA,NA,NA,NA,0,0,0,0,1,0,0,0,0,0,0,0,0,0,0,0,1,0,1,0,0,0,0,0,0,0,0,0,0,0,0,0,0,0,"green sunfish; mud minnows; stickleback; fine scaled dace; red bellied dace; black head minnows ","Kalkaska_Cranberry_SUMM_002.jpg",NA
58643119,"L646","155417498","KALKASKA","CROYNORTH",24,"August",1930,NA,NA,NA,NA,NA,NA,NA,NA,NA,NA,NA,NA,NA,NA,NA,NA,NA,NA,NA,NA,NA,NA,NA,NA,NA,NA,NA,NA,NA,NA,NA,NA,NA,NA,NA,NA,NA,NA,NA,NA,NA,NA,NA,NA,NA,NA,NA,NA,NA,NA,NA,0,0,0,0,0,1,1,0,0,0,0,0,1,0,0,0,0,0,0,0,0,1,0,0,0,0,0,0,0,0,0,0,0,1,"mud minnows","Kalkaska_CroyNorth_SUMM_004.jpg",NA
58643120,"L579","60087692","KALKASKA","EAGLE",21,"July",1930,NA,NA,NA,NA,NA,NA,NA,NA,NA,NA,NA,NA,NA,NA,NA,NA,NA,NA,NA,NA,NA,NA,NA,NA,NA,NA,NA,NA,NA,NA,NA,NA,NA,NA,NA,NA,NA,NA,NA,NA,NA,NA,NA,NA,NA,NA,NA,NA,NA,NA,NA,NA,NA,NA,NA,NA,NA,NA,NA,NA,NA,NA,NA,NA,NA,NA,NA,NA,NA,NA,NA,NA,NA,NA,NA,NA,NA,NA,NA,NA,NA,NA,NA,NA,NA,NA,"Kalkaska_Eagle_SUMM_006.jpg",NA
58643121,"L14481","155417576","KALKASKA","DARBY",27,"August",1930,27,"August",1930,NA,NA,NA,NA,NA,NA,NA,NA,NA,NA,NA,NA,NA,NA,NA,NA,NA,NA,NA,NA,NA,NA,NA,NA,NA,NA,NA,NA,NA,NA,NA,NA,NA,NA,NA,NA,NA,NA,NA,NA,NA,NA,NA,NA,NA,NA,NA,NA,NA,NA,NA,NA,NA,NA,NA,NA,NA,NA,NA,NA,NA,NA,NA,NA,NA,NA,NA,NA,NA,NA,NA,NA,NA,NA,NA,NA,NA,NA,NA,NA,NA,NA,NA,"Kalkaska_Darby_SUMM_003.jpg",NA
58643122,"L9575","60088122","KALKASKA","EAST",2,"September",1930,2,"September",NA,NA,NA,NA,NA,NA,NA,NA,NA,NA,NA,NA,NA,NA,NA,NA,NA,NA,NA,NA,NA,NA,NA,NA,NA,NA,NA,NA,NA,NA,NA,NA,NA,NA,NA,NA,NA,NA,NA,NA,NA,NA,NA,NA,NA,NA,NA,NA,NA,0,0,0,0,0,0,0,0,0,0,0,0,1,0,0,0,1,0,1,0,0,1,0,0,0,0,0,0,1,0,0,0,0,1,NA,"Kalkaska_East26N_7W_S21-22_SUMM_002.jpg",NA
58643123,"L3645","60087834","KALKASKA","EAST",3,"August",1930,NA,"August",NA,NA,NA,NA,NA,NA,NA,NA,NA,NA,NA,NA,NA,NA,NA,NA,NA,NA,NA,NA,NA,NA,NA,NA,NA,NA,NA,NA,NA,NA,NA,NA,NA,NA,NA,NA,NA,NA,NA,NA,NA,NA,NA,NA,NA,NA,NA,NA,NA,0,0,0,0,0,0,1,0,0,0,0,0,0,0,0,0,1,0,0,1,0,1,0,0,1,1,0,1,0,0,0,0,0,1,NA,"Kalkaska_East27N_5W_S6_SUMM_004.jpg",NA
58643124,"L6656","155417521","KALKASKA","FIVELAKE",4,"July",1930,NA,"July",NA,NA,NA,NA,NA,NA,NA,NA,NA,NA,NA,NA,NA,NA,NA,NA,NA,NA,NA,NA,NA,NA,NA,NA,NA,NA,NA,NA,NA,NA,NA,NA,NA,NA,NA,NA,NA,NA,NA,NA,NA,NA,NA,NA,NA,NA,NA,NA,NA,0,0,0,0,0,1,0,0,0,0,0,0,1,0,0,0,0,0,0,0,0,1,0,0,0,1,0,0,0,0,0,0,0,0,NA,"Kalkaska_FiveLake_SUMM_002.jpg",NA
58643125,"L4960","60087852","KALKASKA","GRASS",5,"July",1930,5,"July",1930,NA,NA,NA,NA,NA,NA,NA,NA,NA,NA,NA,NA,NA,NA,NA,NA,NA,NA,NA,NA,NA,NA,NA,NA,NA,NA,NA,NA,NA,NA,NA,NA,NA,NA,NA,NA,NA,NA,NA,NA,NA,NA,NA,NA,NA,NA,NA,NA,NA,NA,NA,NA,NA,NA,NA,NA,NA,NA,NA,NA,NA,NA,NA,NA,NA,NA,NA,NA,NA,NA,NA,NA,NA,NA,NA,NA,NA,NA,NA,NA,NA,NA,NA,"Kalkaska_Grass_SUMM_009.jpg",NA
58643126,"L20199","155417594","KALKASKA","GUERNSEYBIG",29,"August",1930,NA,NA,NA,NA,NA,NA,NA,NA,NA,NA,NA,NA,NA,NA,NA,NA,NA,NA,NA,NA,NA,NA,NA,NA,NA,NA,NA,NA,NA,NA,NA,NA,NA,NA,NA,NA,NA,NA,NA,NA,NA,NA,NA,NA,NA,NA,NA,NA,NA,NA,NA,1,0,0,0,0,0,1,0,0,0,0,0,0,0,0,0,0,0,1,0,0,1,0,0,0,0,0,0,0,0,0,0,0,1,"green sunfish","Kalkaska_GuernseyBig_SUMM_014.jpg",NA
58643127,"L19803","155417598","KALKASKA","GUERNSEYLITTLESOUTH",29,"August",1930,29,"August",1930,NA,NA,NA,NA,NA,NA,NA,NA,NA,NA,NA,NA,NA,NA,NA,NA,NA,NA,NA,NA,NA,NA,NA,NA,NA,NA,NA,NA,NA,NA,NA,NA,NA,NA,NA,NA,NA,NA,NA,NA,NA,NA,NA,NA,NA,NA,NA,NA,NA,NA,NA,NA,NA,NA,NA,NA,NA,NA,NA,NA,NA,NA,NA,NA,NA,NA,NA,NA,NA,NA,NA,NA,NA,NA,NA,NA,NA,NA,NA,NA,NA,NA,NA,"Kalkaska_GuernseyLittleSouth_SUMM_002.jpg",NA
58643128,"L21688","155417590","KALKASKA","GUERNSEYLITTLENORTH",27,"August",1930,27,"August",1930,NA,NA,NA,NA,NA,NA,NA,NA,NA,NA,NA,NA,NA,NA,NA,NA,NA,NA,NA,NA,NA,NA,NA,NA,NA,NA,NA,NA,NA,NA,NA,NA,NA,NA,NA,NA,NA,NA,NA,NA,NA,NA,NA,NA,NA,NA,NA,NA,0,0,0,0,0,0,0,0,0,0,0,0,0,0,0,0,0,0,0,0,0,0,0,0,0,0,0,0,0,0,0,0,0,0,NA,"Kalkaska_GuernseyLittleNorth_SUMM_004.jpg",NA
58643129,"L18665","155417535","KALKASKA","HAYNES",26,"August",1930,NA,"August",NA,NA,NA,NA,NA,NA,NA,NA,NA,NA,NA,NA,NA,NA,NA,NA,NA,NA,NA,NA,NA,NA,NA,NA,NA,NA,NA,NA,NA,NA,NA,NA,NA,NA,NA,NA,NA,NA,NA,NA,NA,NA,NA,NA,NA,NA,NA,NA,NA,0,0,0,0,0,0,0,0,0,0,0,0,0,0,0,0,0,0,0,0,0,1,0,0,0,0,0,1,0,0,0,0,0,1,NA,"Kalkaska_Haynes_SUMM_003.jpg",NA
58643130,"L1474","60088368","KALKASKA","INGERSOLL",9,"September",1930,NA,"September",NA,NA,NA,NA,NA,NA,NA,NA,NA,NA,NA,NA,NA,NA,NA,NA,NA,NA,NA,NA,NA,NA,NA,NA,NA,NA,NA,NA,NA,NA,NA,NA,NA,NA,NA,NA,NA,NA,NA,NA,NA,NA,NA,NA,NA,NA,NA,NA,NA,0,0,0,0,0,0,0,0,0,0,0,0,0,0,0,0,0,0,0,0,0,0,0,0,0,0,0,0,0,0,0,0,0,1,NA,"Kalkaska_Ingersoll_SUMM_004.jpg",NA
58643131,"L3855","155417567","KALKASKA","ISLAND",25,"August",1930,25,"August",1930,NA,NA,NA,NA,NA,NA,NA,NA,NA,NA,NA,NA,NA,NA,NA,NA,NA,NA,NA,NA,NA,NA,NA,NA,NA,NA,NA,NA,NA,NA,NA,NA,NA,NA,NA,NA,NA,NA,NA,NA,NA,NA,NA,NA,NA,NA,NA,NA,1,0,0,0,0,0,1,0,0,0,0,0,1,0,0,0,0,0,0,0,0,1,0,0,1,0,0,0,0,0,0,0,0,1,"green sunfish","Kalkaska_Island_SUMM_003.jpg",NA
58643132,"L5980","60087734","KALKASKA","INDIAN",17,"July",1930,17,"July",1930,NA,NA,NA,NA,NA,NA,NA,NA,NA,NA,NA,NA,NA,NA,NA,NA,NA,NA,NA,NA,NA,NA,NA,NA,NA,NA,NA,NA,NA,NA,NA,NA,NA,NA,NA,NA,NA,NA,NA,NA,NA,NA,NA,NA,NA,NA,NA,NA,NA,NA,NA,NA,NA,NA,NA,NA,NA,NA,NA,NA,NA,NA,NA,NA,NA,NA,NA,NA,NA,NA,NA,NA,NA,NA,NA,NA,NA,NA,NA,NA,NA,NA,NA,"Kalkaska_Indian_SUMM_004.jpg",NA
58643133,"L5067","60087956","KALKASKA","JOHNSON",4,"August",1930,4,"August",1930,NA,NA,NA,NA,NA,NA,NA,NA,NA,NA,NA,NA,NA,NA,NA,NA,NA,NA,NA,NA,NA,NA,NA,NA,NA,NA,NA,NA,NA,NA,NA,NA,NA,NA,NA,NA,NA,NA,NA,NA,NA,NA,NA,NA,NA,NA,NA,NA,0,0,0,0,1,0,0,0,0,0,0,0,0,0,0,0,0,0,1,0,0,0,0,0,0,0,0,0,0,0,0,0,0,1,NA,"Kalkaska_Johnson_SUMM_004.jpg",NA
58643134,"L510","155417568","KALKASKA","KALKASKAMILLPOND",19,"August",1930,NA,"August",NA,NA,NA,NA,NA,NA,NA,NA,NA,NA,NA,NA,NA,NA,NA,NA,NA,NA,NA,NA,NA,NA,NA,NA,NA,NA,NA,NA,NA,NA,NA,NA,NA,NA,NA,NA,NA,NA,NA,NA,NA,NA,NA,NA,NA,NA,NA,NA,NA,0,0,0,0,1,0,1,0,0,0,0,0,1,0,0,1,0,0,0,0,0,0,0,0,0,0,0,1,0,0,0,1,0,1,"cottus; northern dace","Kalkaska_KalkaskaMillPond_SUMM_004.jpg",NA
58643135,"L6926","155417558","KALKASKA","KETTLE",30,"June",1930,NA,NA,NA,NA,NA,NA,NA,NA,NA,NA,NA,NA,NA,NA,NA,NA,NA,NA,NA,NA,NA,NA,NA,NA,NA,NA,NA,NA,NA,NA,NA,NA,NA,NA,NA,NA,NA,NA,NA,NA,NA,NA,NA,NA,NA,NA,NA,NA,NA,NA,NA,0,0,0,0,0,0,0,0,0,0,0,0,0,0,0,0,0,0,0,0,0,0,0,0,0,0,0,0,0,0,0,0,0,0,"stickleback","Kalkaska_Kettle_SUMM_011.jpg",NA
58643136,"L5174","155417543","KALKASKA","LOGLITTLE",11,"August",1930,NA,"August",NA,NA,NA,NA,NA,NA,NA,NA,NA,NA,NA,NA,NA,NA,NA,NA,NA,NA,NA,NA,NA,NA,NA,NA,NA,NA,NA,NA,NA,NA,NA,NA,NA,NA,NA,NA,NA,NA,NA,NA,NA,NA,NA,NA,NA,NA,NA,NA,NA,NA,NA,NA,NA,NA,NA,NA,NA,NA,NA,NA,NA,NA,NA,NA,NA,NA,NA,NA,NA,NA,NA,NA,NA,NA,NA,NA,NA,NA,NA,NA,NA,NA,NA,NA,"Kalkaska_LogLittle_SUMM_004.jpg",NA
58643137,"L6926","155417558","KALKASKA","KETTLE",18,"August",1930,NA,NA,NA,NA,NA,NA,NA,NA,NA,NA,NA,NA,NA,NA,NA,NA,NA,NA,NA,NA,NA,NA,NA,NA,NA,NA,NA,NA,NA,NA,NA,NA,NA,NA,NA,NA,NA,NA,NA,NA,NA,NA,NA,NA,NA,NA,NA,NA,NA,NA,NA,NA,NA,NA,NA,NA,NA,NA,NA,NA,NA,NA,NA,NA,NA,NA,NA,NA,NA,NA,NA,NA,NA,NA,NA,NA,NA,NA,NA,NA,NA,NA,NA,NA,NA,NA,"Kalkaska_Kettle_SUMM_006.jpg",NA
58643138,"L11598","155417640","KALKASKA","LOON",3,"September",1930,3,"September",1930,NA,NA,NA,NA,NA,NA,NA,NA,NA,NA,NA,NA,NA,NA,NA,NA,NA,NA,NA,NA,NA,NA,NA,NA,NA,NA,NA,NA,NA,NA,NA,NA,NA,NA,NA,NA,NA,NA,NA,NA,NA,NA,NA,NA,NA,NA,NA,NA,0,0,0,0,0,1,0,0,0,0,0,0,0,0,0,0,0,0,0,0,0,0,0,0,1,0,0,0,0,0,0,1,0,1,NA,"Kalkaska_Loon_SUMM_003.jpg",NA
58643139,"L17498","60088364","KALKASKA","LONG",9,"September",1930,9,"September",1930,NA,NA,NA,NA,NA,NA,NA,NA,NA,NA,NA,NA,NA,NA,NA,NA,NA,NA,NA,NA,NA,NA,NA,NA,NA,NA,NA,NA,NA,NA,NA,NA,NA,NA,NA,NA,NA,NA,NA,NA,NA,NA,NA,NA,NA,NA,NA,NA,NA,NA,NA,NA,NA,NA,NA,NA,NA,NA,NA,NA,NA,NA,NA,NA,NA,NA,NA,NA,NA,NA,NA,NA,NA,NA,NA,NA,NA,NA,NA,NA,NA,NA,NA,"Kalkaska_Long_SUMM_004.jpg",NA
58643140,"L10265","60087848","KALKASKA","LOST",5,"July",1930,5,"July",1930,NA,NA,NA,NA,NA,NA,NA,NA,NA,NA,NA,NA,NA,NA,NA,NA,NA,NA,NA,NA,NA,NA,NA,NA,NA,NA,NA,NA,NA,NA,NA,NA,NA,NA,NA,NA,NA,NA,NA,NA,NA,NA,NA,NA,NA,NA,NA,NA,0,0,0,0,1,0,0,0,0,0,0,0,1,0,0,0,0,0,0,0,0,0,0,0,0,0,0,0,0,0,0,0,0,0,NA,"Kalkaska_Lost_SUMM_002.jpg",NA
58643141,"L3170","60087898","KALKASKA","MALLARD",5,"August",1930,NA,NA,NA,NA,NA,NA,NA,NA,NA,NA,NA,NA,NA,NA,NA,NA,NA,NA,NA,NA,NA,NA,NA,NA,NA,NA,NA,NA,NA,NA,NA,NA,NA,NA,NA,NA,NA,NA,NA,NA,NA,NA,NA,NA,NA,NA,NA,NA,NA,NA,NA,0,0,0,0,0,0,0,0,0,0,0,0,0,0,0,0,0,0,0,0,0,0,0,0,0,0,0,0,0,0,0,0,0,1,NA,"Kalkaska_Mallard_SUMM_003.jpg",NA
58643142,"L1040","60087685","KALKASKA","MACNEILPOND",20,"July",1930,NA,NA,NA,NA,NA,NA,NA,NA,NA,NA,NA,NA,NA,NA,NA,NA,NA,NA,NA,NA,NA,NA,NA,NA,NA,NA,NA,NA,NA,NA,NA,NA,NA,NA,NA,NA,NA,NA,NA,NA,NA,NA,NA,NA,NA,NA,NA,NA,NA,NA,NA,0,0,0,0,0,0,0,0,0,0,0,0,0,0,0,0,0,0,0,0,0,0,0,0,0,0,0,0,0,0,0,0,0,0,NA,"Kalkaska_MacNeilPond_SUMM_001.jpg",NA
58643143,"L3650","60087758","KALKASKA","PAPOOSE",17,"July",1930,NA,NA,NA,NA,NA,NA,NA,NA,NA,NA,NA,NA,NA,NA,NA,NA,NA,NA,NA,NA,NA,NA,NA,NA,NA,NA,NA,NA,NA,NA,NA,NA,NA,NA,NA,NA,NA,NA,NA,NA,NA,NA,NA,NA,NA,NA,NA,NA,NA,NA,NA,0,0,0,1,1,0,0,0,0,0,0,0,0,0,0,0,1,0,0,0,0,0,0,0,0,0,0,0,1,0,0,0,0,1,"minnow_mud_mudminnow","Kalkaska_Papoose_SUMM_003.jpg",NA
58643145,"L5979","60087756","KALKASKA","PICKEREL",13,"July",1930,13,"July",1930,NA,NA,NA,NA,NA,NA,NA,NA,NA,NA,NA,NA,NA,NA,NA,NA,NA,NA,NA,NA,NA,NA,NA,NA,NA,NA,NA,NA,NA,NA,NA,NA,NA,NA,NA,NA,NA,NA,NA,NA,NA,NA,NA,NA,NA,NA,NA,NA,0,0,0,0,1,0,1,0,0,0,0,0,0,0,0,0,0,0,0,0,0,0,0,0,1,0,0,1,1,0,0,0,0,1,NA,"Kalkaska_Pickerel_SUMM_009.jpg",NA
58643146,"L7586","120020856","KALKASKA","POST",2,"July",1930,2,"July",1930,NA,NA,NA,NA,NA,NA,NA,NA,NA,NA,NA,NA,NA,NA,NA,NA,NA,NA,NA,NA,NA,NA,NA,NA,NA,NA,NA,NA,NA,NA,NA,NA,NA,NA,NA,NA,NA,NA,NA,NA,NA,NA,NA,NA,NA,NA,NA,NA,0,0,0,0,1,0,0,0,0,0,0,0,0,0,0,0,0,0,0,0,0,1,0,0,1,0,0,1,0,0,0,0,0,0,"Sunfish; mud minnow","Kalkaska_Post_SUMM_004.jpg",NA
58643147,"L7489","60087866","KALKASKA","PERCH",NA,NA,1930,NA,NA,1931,NA,NA,NA,NA,NA,NA,NA,NA,NA,NA,NA,NA,NA,NA,NA,NA,NA,NA,NA,NA,NA,NA,NA,NA,NA,NA,NA,NA,NA,NA,NA,NA,NA,NA,NA,NA,NA,NA,NA,NA,NA,NA,NA,NA,NA,NA,NA,NA,0,0,0,0,0,1,0,0,0,0,0,0,0,0,0,0,0,0,0,0,0,1,0,0,0,1,0,0,0,0,0,0,0,1,"Green sunfish","Kalkaska_Perch_SUMM_003.jpg",NA
58643148,"L14158","155417546","KALKASKA","PLACIDLAKE",14,"August",1930,NA,NA,NA,NA,NA,NA,NA,NA,NA,NA,NA,NA,NA,NA,NA,NA,NA,NA,NA,NA,NA,NA,NA,NA,NA,NA,NA,NA,NA,NA,NA,NA,NA,NA,NA,NA,NA,NA,NA,NA,NA,NA,NA,NA,NA,NA,NA,NA,NA,NA,NA,NA,NA,NA,NA,NA,NA,NA,NA,NA,NA,NA,NA,NA,NA,NA,NA,NA,NA,NA,NA,NA,NA,NA,NA,NA,NA,NA,NA,NA,NA,NA,NA,NA,NA,NA,"Kalkaska_PlacidLake_SUMM_001.jpg",NA
58643149,"L13339","60088176","KALKASKA","PRICE",4,"September",1930,4,"September",1930,NA,NA,NA,NA,NA,NA,NA,NA,NA,NA,NA,NA,NA,NA,NA,NA,NA,NA,NA,NA,NA,NA,NA,NA,NA,NA,NA,NA,NA,NA,NA,NA,NA,NA,NA,NA,NA,NA,NA,NA,NA,NA,NA,NA,NA,NA,NA,NA,0,0,0,0,0,0,0,0,0,0,0,0,0,0,0,0,0,0,0,0,0,0,0,0,0,0,0,0,0,0,0,0,0,0,NA,"Kalkaska_Price_SUMM_002.jpg",NA
58643150,"L10801","155417549","KALKASKA","SELKIRKNORTH",16,"August",1930,16,"August",1930,NA,NA,NA,NA,NA,NA,NA,NA,NA,NA,NA,NA,NA,NA,NA,NA,NA,NA,NA,NA,NA,NA,NA,NA,NA,NA,NA,NA,NA,NA,NA,NA,NA,NA,NA,NA,NA,NA,NA,NA,NA,NA,NA,NA,NA,NA,NA,NA,0,0,0,0,0,1,0,0,0,0,0,0,1,0,0,0,0,0,0,0,0,1,0,0,0,0,0,0,0,0,0,1,0,1,NA,"Kalkaska_SelkirkNorth_SUMM_003.jpg",NA
58643151,"L10928","60088418","KALKASKA","SICKLE",9,"November",1930,9,"November",1930,NA,NA,NA,NA,NA,NA,NA,NA,NA,NA,NA,NA,NA,NA,NA,NA,NA,NA,NA,NA,NA,NA,NA,NA,NA,NA,NA,NA,NA,NA,NA,NA,NA,NA,NA,NA,NA,NA,NA,NA,NA,NA,NA,NA,NA,NA,NA,NA,0,0,0,0,0,0,0,0,0,0,0,0,0,0,0,0,0,0,0,0,0,0,0,0,0,0,0,0,0,0,0,0,0,0,NA,"Kalkaska_Sickle_SUMM_002.jpg",NA
58643152,"L3741","155417556","KALKASKA","SELKIRKSOUTH",17,"August",1930,17,"August",1930,NA,NA,NA,NA,NA,NA,NA,NA,NA,NA,NA,NA,NA,NA,NA,NA,NA,NA,NA,NA,NA,NA,NA,NA,NA,NA,NA,NA,NA,NA,NA,NA,NA,NA,NA,NA,NA,NA,NA,NA,NA,NA,NA,NA,NA,NA,NA,NA,0,0,0,0,0,0,0,0,0,1,0,0,0,0,0,0,0,0,1,0,0,1,0,1,0,0,0,1,0,0,0,1,0,1,"horned dace","Kalkaska_SelkirkSouth_SUMM_004.jpg",NA
58643153,"L14622","155417524","KALKASKA","SMITH",24,"August",1930,NA,"August",NA,NA,NA,NA,NA,NA,NA,NA,NA,NA,NA,NA,NA,NA,NA,NA,NA,NA,NA,NA,NA,NA,NA,NA,NA,NA,NA,NA,NA,NA,NA,NA,NA,NA,NA,NA,NA,NA,NA,NA,NA,NA,NA,NA,NA,NA,NA,NA,NA,NA,NA,NA,NA,NA,NA,NA,NA,NA,NA,NA,NA,NA,NA,NA,NA,NA,NA,NA,NA,NA,NA,NA,NA,NA,NA,NA,NA,NA,NA,NA,NA,NA,NA,NA,"Kalkaska_Smith27N_8W_S13_SUMM_002.jpg",NA
58643154,"L14622","155417524","KALKASKA","SMITHS",26,"August",1930,NA,"August",NA,NA,NA,NA,NA,NA,NA,NA,NA,NA,NA,NA,NA,NA,NA,NA,NA,NA,NA,NA,NA,NA,NA,NA,NA,NA,NA,NA,NA,NA,NA,NA,NA,NA,NA,NA,NA,NA,NA,NA,NA,NA,NA,NA,NA,NA,NA,NA,NA,0,0,0,0,0,0,0,0,0,0,0,0,0,0,0,0,0,0,0,0,0,1,0,0,0,0,0,0,0,0,0,0,0,1,NA,"Kalkaska_Smiths27N_8W_S6_SUMM_007.jpg",NA
58643155,"L11724","60087740","KALKASKA","SQUAW",18,"July",1930,NA,"July",NA,NA,NA,NA,NA,NA,NA,NA,NA,NA,NA,NA,NA,NA,NA,NA,NA,NA,NA,NA,NA,NA,NA,NA,NA,NA,NA,NA,NA,NA,NA,NA,NA,NA,NA,NA,NA,NA,NA,NA,NA,NA,NA,NA,NA,NA,NA,NA,NA,NA,NA,NA,NA,NA,NA,NA,NA,NA,NA,NA,NA,NA,NA,NA,NA,NA,NA,NA,NA,NA,NA,NA,NA,NA,NA,NA,NA,NA,NA,NA,NA,NA,NA,NA,"Kalkaska_Squaw_SUMM_002.jpg",NA
58643156,"L2962","60087688","KALKASKA","WADDELLSPOND",20,"July",1930,NA,"July",NA,NA,NA,NA,NA,NA,NA,NA,NA,NA,NA,NA,NA,NA,NA,NA,NA,NA,NA,NA,NA,NA,NA,NA,NA,NA,NA,NA,NA,NA,NA,NA,NA,NA,NA,NA,NA,NA,NA,NA,NA,NA,NA,NA,NA,NA,NA,NA,NA,0,0,0,0,0,0,0,0,0,0,0,0,0,0,0,0,0,0,0,0,0,0,0,0,0,0,0,0,0,0,0,0,0,0,NA,"Kalkaska_WaddellsPond_SUMM_001.jpg",NA
58643157,"L1841","60087708","KALKASKA","TIMBER",11,"July",1930,NA,"July",NA,NA,NA,NA,NA,NA,NA,NA,NA,NA,NA,NA,NA,NA,NA,NA,NA,NA,NA,NA,NA,NA,NA,NA,NA,NA,NA,NA,NA,NA,NA,NA,NA,NA,NA,NA,NA,NA,NA,NA,NA,NA,NA,NA,NA,NA,NA,NA,NA,NA,NA,NA,NA,NA,NA,NA,NA,NA,NA,NA,NA,NA,NA,NA,NA,NA,NA,NA,NA,NA,NA,NA,NA,NA,NA,NA,NA,NA,NA,NA,NA,NA,NA,NA,"Kalkaska_Timber_SUMM_008.jpg",NA
58643158,"L5770","60087724","KALKASKA","TWINLITTLE",12,"July",1930,NA,"July",NA,NA,NA,NA,NA,NA,NA,NA,NA,NA,NA,NA,NA,NA,NA,NA,NA,NA,NA,NA,NA,NA,NA,NA,NA,NA,NA,NA,NA,NA,NA,NA,NA,NA,NA,NA,NA,NA,NA,NA,NA,NA,NA,NA,NA,NA,NA,NA,NA,0,1,0,0,0,0,0,0,0,0,0,0,0,0,0,0,0,0,0,0,0,1,0,0,0,0,0,1,0,0,0,1,0,1,NA,"Kalkaska_TwinLittle28N_5-6W_S-many_SUMM_006.jpg",NA
58643160,"L4755","155417648","KALKASKA","WELLMANPOND",9,"September",1930,NA,"September",NA,NA,NA,NA,NA,NA,NA,NA,NA,NA,NA,NA,NA,NA,NA,NA,NA,NA,NA,NA,NA,NA,NA,NA,NA,NA,NA,NA,NA,NA,NA,NA,NA,NA,NA,NA,NA,NA,NA,NA,NA,NA,NA,NA,NA,NA,NA,NA,NA,0,0,0,0,1,0,0,0,0,0,0,1,0,0,0,0,0,0,0,0,0,0,0,0,0,0,0,0,0,0,0,1,0,0,"miller's thumb (european bullhead)","Kalkaska_WellmanPond_SUMM_007.jpg",NA
58643161,"L13760","155417508","KALKASKA","WHEELER",21,"August",1930,21,"August",1930,NA,NA,NA,NA,NA,NA,NA,NA,NA,NA,NA,NA,NA,NA,NA,NA,NA,NA,NA,NA,NA,NA,NA,NA,NA,NA,NA,NA,NA,NA,NA,NA,NA,NA,NA,NA,NA,NA,NA,NA,NA,NA,NA,NA,NA,NA,NA,NA,0,0,0,0,0,0,1,0,0,0,0,0,1,0,0,0,0,0,0,0,0,1,0,0,0,0,0,0,0,0,0,0,0,1,NA,"Kalkaska_Wheeler_SUMM_003.jpg",NA
58687270,"L21183","157068198","BARRY","DEEP",7,"August",1936,17,"August",1936,"medium",NA,"medium",NA,NA,NA,10.667,3.657,NA,13.112,NA,40,NA,0,NA,0,NA,5,NA,0,NA,NA,152,190,NA,1.34,0.305,0.61,"yes",NA,"yes","yes",NA,"blocks fish movement","yes",4.572,8.229,NA,26.1,NA,9.7,NA,8,8,NA,NA,0.7,NA,1,0,1,0,1,1,1,0,1,0,1,1,0,1,0,1,0,0,1,0,0,1,0,1,0,1,0,1,0,0,0,1,0,1,"silversides","Barry_Deep_SUMM_001_01.jpg","Barry_Deep_SUMM_001_02.jpg"
58687273,"L8751","155417240","CHARLEVOIX","BARNEYS",30,"June",1960,7,"July",1960,"light","light","light","light",NA,NA,3.657,3.657,NA,18.211,NA,100,NA,0,NA,0,NA,0,NA,0,NA,NA,134,134,NA,NA,NA,NA,NA,NA,NA,NA,NA,NA,"no",NA,NA,NA,20.556,NA,18.889,NA,9.6,9.1,NA,NA,NA,NA,1,0,0,0,1,1,0,0,0,0,1,0,0,0,0,0,0,0,1,1,0,1,0,0,0,0,0,1,0,0,0,0,0,1,NA,"Charlevoix_Barneys_SUMM_3.jpg","Charlevoix_Barneys_SUMM_3p2.jpg"
58687274,"L8751","155417240","CHARLEVOIX","BARNEYS",4,"August",1942,5,"August",1942,"medium","none","medium","none",NA,NA,4.572,2.743,NA,16.188,20.235,90,NA,0,NA,0,NA,0,NA,0,NA,NA,NA,NA,NA,NA,NA,NA,NA,NA,NA,NA,NA,NA,"no",NA,NA,NA,22.6,NA,21.4,NA,8,8.1,NA,NA,NA,NA,0,0,0,0,0,0,0,0,0,0,0,0,0,0,0,0,0,0,1,0,0,1,0,0,0,0,0,0,1,0,0,0,0,1,NA,"Charlevoix_Barneys_SUMM_2.jpg","Charlevoix_Barneys_SUMM_2p2.jpg"
58687276,"L2022","155411151","CHARLEVOIX","BOOTH",6,"August",1937,NA,"August",NA,NA,NA,NA,NA,"open to public","permitted",10.363,4.267,NA,13.153,NA,NA,NA,NA,NA,NA,NA,NA,NA,NA,NA,NA,125,NA,NA,NA,NA,NA,"no",NA,NA,"no outlet",NA,NA,NA,NA,NA,NA,23.7,NA,17.3,NA,8.8,NA,NA,NA,6.2,NA,0,0,0,0,0,0,1,0,0,0,0,0,0,0,0,0,1,0,1,0,0,0,0,1,0,0,0,1,0,0,0,1,0,1,NA,"Charlevoix_Booth_SUMM_2.jpg","Charlevoix_Booth_SUMM_2p2.jpg"
58687277,"L13898","155417344","CHARLEVOIX","DEER",21,"August",1950,25,"August",1950,"light","light","light","light",NA,NA,6.705,2.438,NA,179.28,NA,43,NA,4,NA,3,NA,10,NA,0,NA,NA,122,121,NA,NA,0.61,NA,"yes",NA,"no","yes",NA,"none - could go up or down stream","no",NA,NA,NA,16.667,NA,18.6,NA,8.8,8.6,NA,NA,NA,NA,1,0,0,0,0,1,1,0,0,0,0,0,0,0,0,1,0,0,0,0,0,1,0,0,1,1,0,1,1,0,0,1,0,1,"le_e_sunfish; bluntnose_minnow_sand_shiner_hornyhead_chub_logperch","Charlevoix_Deer_002_SUMM_0001.jpg","Charlevoix_Deer_002_SUMM_0002.jpg"
58687278,"L9062","155417254","CHARLEVOIX","FOX",5,"August",1942,6,"August",1942,"medium",NA,"medium",NA,NA,NA,5.486,2.743,NA,60.704,NA,60,NA,0,NA,0,NA,0,NA,0,NA,NA,NA,NA,NA,NA,NA,NA,NA,NA,NA,NA,NA,NA,"yes",4.267,5.486,NA,23.4,NA,18.5,NA,5.4,NA,NA,NA,4.7,NA,0,0,1,0,0,1,0,0,0,0,0,0,0,0,0,0,0,0,0,0,0,0,0,0,0,0,0,0,1,0,0,0,0,1,NA,"Charlevoix_Fox_022_SUMM_0001.jpg","Charlevoix_Fox_022_SUMM_0002.jpg"
58687279,"L4446","155417225","CHARLEVOIX","FONT",7,"August",1942,8,"August",1942,"none","none","none","none",NA,NA,2.133,1.676,NA,202.347,NA,NA,NA,0,NA,0,NA,0,NA,0,NA,NA,73,76,NA,NA,NA,NA,NA,NA,NA,NA,NA,NA,"no",NA,NA,NA,22.9,NA,22.8,NA,8.36,8.32,NA,NA,NA,NA,1,0,0,0,0,0,1,0,0,0,0,0,0,0,0,0,0,0,0,0,0,0,0,0,0,0,0,0,0,0,0,1,0,1,NA,"Charlevoix_Font_002_SUMM_0001.jpg","Charlevoix_Font_002_SUMM_0002.jpg"
58687280,"L4446","155417225","CHARLEVOIX","FONT",4,"July",1960,6,"July",1960,"light","light","light","light",NA,NA,2.438,2.438,NA,154.593,NA,100,NA,0,NA,0,NA,0,NA,0,NA,NA,42,55,NA,NA,NA,NA,NA,NA,NA,NA,NA,NA,"no",NA,NA,NA,18.333,NA,17.778,NA,7.9,8.2,NA,NA,NA,NA,1,0,0,0,1,0,0,0,1,0,0,0,0,0,0,0,0,0,1,0,0,0,0,0,0,0,0,0,0,0,0,1,0,1,"mud_minnow_brook_stickleback","Charlevoix_Font_003_SUMM_0001.jpg","Charlevoix_Font_003_SUMM_0002.jpg"
58687281,"L10502","155417265","CHARLEVOIX","GENESERATH",28,"June",1960,8,"July",1960,"medium","light","lighttomedium","light",NA,NA,15.239,3.657,4.267,197.896,NA,60,NA,2,NA,1,NA,12,NA,0,NA,NA,82,86,NA,NA,NA,NA,"no",NA,NA,"none",NA,NA,NA,7.62,10.667,NA,20,NA,7.778,NA,7.9,8,7.9,5.2,4.5,NA,0,0,0,0,0,1,1,0,0,0,1,0,0,0,0,0,0,0,1,1,0,1,0,0,1,1,0,1,0,0,0,1,0,1,"log_perch","Charlevoix_Geneserath_012_SUMM_0001.jpg","Charlevoix_Geneserath_012_SUMM_0002.jpg"
58687282,"L9062","155417254","CHARLEVOIX","FOX",29,"June",1960,7,"July",1960,"light","light","light","lightornone",NA,NA,5.791,1.524,1.829,30.352,NA,85,NA,0,NA,0,NA,0,NA,0,NA,NA,10,17,NA,NA,NA,NA,NA,NA,NA,NA,NA,NA,NA,3.657,5.791,NA,21.111,NA,11.111,NA,7.6,NA,6.6,0.1,NA,NA,0,0,1,0,0,1,0,0,0,0,0,0,0,0,0,0,1,0,0,0,0,0,0,0,0,1,0,0,1,0,0,0,0,1,NA,"Charlevoix_Fox_023_SUMM_0001.jpg","Charlevoix_Fox_023_SUMM_0002.jpg"
58687283,"L10502","155417265","CHARLEVOIX","GENESERATH",6,"August",1942,7,"August",1942,"medium",NA,"medium",NA,NA,NA,13.715,3.657,NA,283.286,NA,30,40,1,NA,1,NA,8,10,NA,NA,NA,NA,NA,NA,NA,NA,NA,NA,NA,NA,NA,NA,NA,"yes",7.315,10.058,NA,23.3,NA,14,NA,7,7.7,NA,NA,0.5,1.4,0,0,0,0,0,1,1,0,0,0,1,0,0,0,0,0,0,0,0,0,0,1,0,0,1,0,0,1,1,0,0,0,0,0,"brown_bullheads","Charlevoix_Geneserath_011_SUMM_0001.jpg","Charlevoix_Geneserath_011_SUMM_0002.jpg"
58687285,"L8653","155417255","CHARLEVOIX","GREENS",6,"August",1942,7,"August",1942,"none","none","none","none",NA,NA,0.914,NA,NA,40.469,NA,NA,NA,0,NA,0,NA,0,NA,0,NA,NA,NA,NA,NA,NA,NA,NA,NA,NA,NA,NA,NA,NA,"no",NA,NA,NA,21.667,NA,NA,NA,NA,NA,NA,NA,NA,NA,0,1,0,0,0,0,0,0,0,0,0,0,0,0,0,0,0,0,0,0,0,0,0,0,0,0,0,0,0,0,0,0,0,0,NA,"Charlevoix_Greens_004_SUMM_0001.jpg","Charlevoix_Greens_004_SUMM_0002.jpg"
58687286,"L1620","155417357","CHARLEVOIX","ROUND",28,"July",1959,19,"August",1959,"medium","medium","lightmedtoheavyinspringfall","medium",NA,NA,18.287,3.962,NA,26.305,NA,25,NA,1,NA,0,NA,43,NA,1,NA,NA,98,126,NA,NA,NA,NA,"no",NA,NA,"no",NA,NA,"no",NA,NA,NA,22.222,20.556,20.556,NA,8.7,9.4,NA,NA,NA,NA,1,0,0,0,0,1,1,0,0,0,0,0,0,0,0,1,0,0,0,1,0,1,0,0,1,0,0,1,1,0,0,1,0,1,"spottail_tail_shiner_n_muddler_ninespine_stickleback_longnose_longnose_dace; alewife","Charlevoix_Round_004_SUMM_0001.jpg","Charlevoix_Round_004_SUMM_0002.jpg"
58687287,"L1620","155417357","CHARLEVOIX","CHARLEVOIX",15,"July",1955,16,"October",1955,"medium","medium","mediumsummerincreaseinfall","icefishingforsmeltinwinter",NA,NA,31.088,2.133,5.486,6879.806,NA,5,NA,NA,NA,NA,NA,NA,NA,NA,NA,NA,133,146,NA,NA,NA,NA,"no",NA,NA,"no",NA,NA,NA,4.572,10.667,NA,23.2,24,8.611,NA,8,NA,8.9,NA,8.2,NA,0,0,1,0,0,1,0,0,0,0,0,1,1,1,0,0,0,0,0,0,0,1,0,0,1,1,1,1,1,0,0,1,0,1,"whitefish_smelt_muskellunge; brook_stickleback_and_others; suckers; alewife","Charlevoix_SUMM_Charlevoix2.jpg","Charlevoix_SUMM_Charlevoix2p2.jpg"
58687289,"L1620","155417357","CHARLEVOIX","CHARLEVOIX",22,"July",1959,21,"August",1959,"medium","medium","lightmediumfallspring","mediumicefishingforsmeltinwinter",NA,NA,37.184,3.048,3.657,6985.026,NA,15,NA,2,NA,3,NA,650,NA,NA,NA,NA,122,147,NA,NA,NA,NA,"no",NA,NA,"none",NA,NA,NA,10.667,15.239,NA,21.667,23.889,9.444,10,8.1,9.1,8.7,7.6,7.6,5.9,1,0,1,0,1,1,1,0,0,0,1,1,0,0,1,1,1,0,1,1,0,1,1,1,1,1,0,1,1,0,1,1,0,1,"smelt_longear_sunfish_white_bass; redbelly_dace_sand_shiner_spottail_shiner_logperch_creek_chub_longnose_dace_n_muddler_troutperch; alewife","Charlevoix_SUMM_Charlevoix3.jpg","Charlevoix_SUMM_Charlevoix3p2.jpg"
58687290,"L8743","155411163","CHARLEVOIX","THUMB",16,"August",1941,18,"August",1941,"heavy","medium","heavy","medium",NA,NA,46.327,4.115,5.181,196.074,NA,15,NA,2,NA,1,NA,35,NA,0,NA,NA,103,146,NA,2.28,NA,NA,"no",NA,"no","none",NA,"none","yes",9.144,NA,NA,21.1,21.4,5.8,8.5,7.9,9.2,NA,NA,10.1,NA,1,0,0,0,0,1,1,0,0,1,0,0,0,0,0,0,0,0,1,0,0,1,0,0,1,1,1,1,1,0,0,1,0,1,"strawcolored_colored_minnow","Charlevoix_Thumb_046_SUMM_0001.jpg","Charlevoix_Thumb_046_SUMM_0002.jpg"
58687291,"L9356","155417287","CHARLEVOIX","SUSAN",27,"August",1950,31,"August",1950,"light","light","light","light",NA,NA,4.572,3.048,3.657,52.61,NA,100,NA,3,NA,3,NA,10,NA,NA,NA,NA,103,101,NA,NA,0.203,NA,"yes",NA,"no","earthen dam, broken through",NA,"fish can now go up or down stream",NA,NA,NA,NA,17.778,NA,17.6,NA,8.5,8,NA,NA,NA,NA,1,0,0,0,0,1,1,0,0,0,1,0,0,0,0,1,0,0,1,0,0,1,0,0,1,1,0,1,0,0,1,0,1,1,"mudminnow_minnow","Charlevoix_Susan_008_SUMM_0001.jpg","Charlevoix_Susan_008_SUMM_0002.jpg"
58687293,"L4651","155417299","CHARLEVOIX","WALLOON",11,"July",1945,16,"July",1947,"medium","medium","medium","medium",NA,NA,NA,2.438,2.743,NA,NA,NA,NA,NA,NA,NA,NA,NA,NA,2,NA,NA,85,135,NA,NA,0.914,NA,"yes",NA,NA,"yes",NA,"numerous small streams","yes",7.62,15.239,NA,19.444,23.889,5,163,6,8,NA,NA,0.2,4.2,0,0,0,0,0,1,1,0,0,0,0,0,0,0,0,0,0,0,0,0,0,1,0,0,1,0,0,1,1,0,1,1,0,1,"lake_trout; herring; walleye_and_northern_pike_present","Charlevoix_Walloon_130_SUMM_0001.jpg","Charlevoix_Walloon_130_SUMM_0002.jpg"
58687294,"L4651","155417299","CHARLEVOIX","WALLOON",9,"August",1957,29,"August",1957,"light","light","light","light",NA,NA,30.479,3.048,4.572,1748.28,NA,40,NA,5,NA,8,NA,371,NA,0,NA,NA,112,133,NA,NA,0.914,NA,"yes",NA,"yes","yes",NA,"prevents upstream movement",NA,9.144,15.239,NA,21.111,22.222,7.778,8.889,7.7,8.3,5.6,9.1,0.6,5.5,1,0,1,0,1,1,1,0,0,0,1,0,0,1,0,1,0,0,1,0,0,1,0,1,1,1,0,1,1,0,0,1,0,1,"lake_trout_common_smelt; sand_shiner_mudminnow","Charlevoix_Walloon_131_SUMM_0001.jpg","Charlevoix_Walloon_131_SUMM_0002.jpg"
58687295,"L4566","155411077","CHEBOYGAN","COCHRAN",3,"July",1945,9,"July",1945,"light","light","probablylight","probablylight",NA,NA,3.657,NA,NA,11.129,NA,60,NA,0,NA,0,NA,0,NA,0,NA,NA,54.5,60.5,NA,1.1,NA,NA,"no",NA,NA,"none",NA,NA,"no",NA,NA,NA,22.778,NA,21.889,NA,8.3,8.4,NA,NA,NA,NA,0,0,0,0,0,1,0,0,0,0,0,0,0,0,0,0,0,0,0,0,0,0,0,0,0,1,0,0,1,0,0,0,1,1,NA,"Cheboygan_Cochran_SUMM_041.jpg","Cheboygan_Cochran_SUMM_042.jpg"
58687296,"L11512","155408465","CHEBOYGAN","BLACK",1,"July",1939,21,"July",1939,"medium","medium","medium","medium",NA,NA,15.239,3.657,4.572,4099.555,NA,20,NA,15,20,10,NA,150,NA,1,NA,NA,144,192,NA,1.4,NA,NA,"yes",NA,"yes","yes",NA,"has a fish ladder, but fish cannot climb it (reported by will greg, onaway, mich.)","yes",12.191,13.106,NA,21.111,26.667,17.2,18.5,9.1,8.06,NA,NA,5.5,5.08,0,1,0,1,0,0,1,0,0,0,0,1,0,0,0,1,1,0,1,1,0,0,1,1,1,1,1,1,1,0,1,1,0,1,"log_perch_spot_strawcolored_shiner_log_perch_spot_spottailed_shiner_northern_dace; moxostoma_sp","Cheboygan_Black_SUMM_109.jpg","Cheboygan_Black_SUMM_110.jpg"
58687297,"L9846","155411074","CHEBOYGAN","BURT",NA,"July",1955,NA,"August",1955,"light","light","light","light",NA,NA,22.249,1.829,3.657,6758.397,NA,25,NA,30,NA,25,NA,500,NA,0,NA,NA,142,166,NA,NA,5.181,NA,"yes",NA,"yes","on cheboygan river at cheboygan",NA,"stops fish from traveling upstream from lake huron.",NA,8.229,11.887,NA,23.278,26.222,15.5,23.111,6.5,7,2.5,4.6,0.65,3.08,0,0,0,1,0,1,1,1,0,0,1,0,0,0,0,1,0,0,1,1,0,1,1,1,1,1,1,1,1,0,1,1,1,1,"sand_shiner_emerald_shiner_mudminnow_logperch_sculpin_creek_chub; suckers","Cheboygan_Burt_SUMM_217.jpg","Cheboygan_Burt_SUMM_218.jpg"
58687298,"L8500","155408500","CHEBOYGAN","DOG",15,"August",1932,15,"August",1932,NA,NA,NA,NA,"permitted","permitted",1.829,NA,NA,73.25,NA,NA,NA,NA,NA,NA,NA,NA,NA,NA,NA,"on state forest",NA,NA,NA,NA,NA,NA,"no",NA,NA,"none observed",NA,NA,NA,NA,NA,NA,NA,NA,NA,NA,6.7,NA,NA,NA,NA,NA,0,0,0,0,0,0,0,0,0,0,1,0,0,0,0,1,1,0,1,0,0,0,0,0,1,1,0,0,0,0,0,0,0,1,"sunfish; fat_head_minnows","Cheboygan_Dog_SUMM_007.jpg","Cheboygan_Dog_SUMM_008.jpg"
58687299,"L4566","155411077","CHEBOYGAN","COCHRAN",3,"July",1945,9,"July",1945,"light","light","probablylight","probablylight",NA,NA,3.657,NA,NA,11.129,NA,60,NA,0,NA,0,NA,0,NA,0,NA,NA,54.5,60.5,NA,1.1,NA,NA,"no",NA,NA,"none",NA,NA,"no",NA,NA,NA,22.778,NA,21.889,NA,8.3,8.4,NA,NA,NA,NA,0,0,0,0,0,1,0,0,0,0,0,0,0,0,0,0,0,0,0,0,0,0,0,0,0,1,0,0,1,0,0,0,1,1,"yellow_bullheads","Cheboygan_Cochran_SUMM_115.jpg","Cheboygan_Cochran_SUMM_116.jpg"
58687301,"L8500","155408500","CHEBOYGAN","DOG",15,"August",1932,15,"August",1932,NA,NA,NA,NA,"permitted","permitted",1.829,NA,NA,73.25,NA,NA,NA,NA,NA,NA,NA,NA,NA,NA,NA,"part of state forest & game refuge",NA,NA,NA,NA,NA,NA,"no",NA,NA,"no",NA,NA,NA,NA,NA,NA,NA,NA,NA,NA,6.7,NA,NA,NA,NA,NA,0,0,0,0,0,0,0,0,0,0,1,0,0,0,0,1,1,0,1,0,0,0,0,0,1,1,0,0,0,0,0,0,0,1,"fathead_head_minnow","Cheboygan_Dog_SUMM_009.jpg","Cheboygan_Dog_SUMM_010.jpg"
58687303,"L30182","155410978","CHEBOYGAN","DOUGLAS",21,"June",1959,17,"July",1959,"light","light","light","light",NA,NA,24.383,3.048,3.657,1373.938,NA,50,NA,2,NA,10,NA,200,NA,2,NA,NA,80,136,NA,NA,NA,NA,"no",NA,NA,"none",NA,NA,NA,10.667,15.239,NA,20,22.222,8.333,11.111,6.2,8.8,5.4,2.8,1.1,0,1,0,0,0,0,1,0,0,0,0,1,0,0,1,0,1,0,0,1,1,0,1,0,0,1,1,0,1,1,0,1,1,0,1,"sand_shiner_spottail_shiner_logperch_troutperch","Cheboygan_Douglas_SUMM_049.jpg","Cheboygan_Douglas_SUMM_050.jpg"
58687304,"L10946","155411040","CHEBOYGAN","MULLETT",NA,"July",1956,NA,"July",1956,"medium","medium","medium","medium",NA,NA,44.803,3.048,3.657,6730.069,NA,15,NA,2,NA,15,NA,700,NA,1,NA,NA,138,162,NA,NA,3.962,NA,"yes",NA,"yes","at Cheboygan ",NA,"stops fish moving upstream",NA,9.144,13.715,NA,18.889,23.333,8.889,9.444,7.5,8.9,7.5,8.4,7.6,8.9,0,0,0,0,0,0,1,1,0,0,1,0,0,0,1,1,0,0,1,1,0,1,1,0,1,1,0,1,1,0,1,1,1,1,"muskellunge_sturgeon; sand_shiner; alewife_redhorse; carp","Cheboygan_Mullett_219.jpg","Cheboygan_Mullett_220.jpg"
58687305,"L2909","155411150","CHEBOYGAN","HEMLOCK",28,"July",1932,NA,"July",NA,NA,NA,NA,NA,"permitted","permitted",20,NA,NA,2.428,NA,NA,NA,NA,NA,NA,NA,NA,NA,NA,NA,"none ",NA,NA,NA,NA,NA,NA,"no","no",NA,"(see back) (over) 11. creek dammed several places far below lake by beaver: these do not affect water level. lake ordinarily not connected with stream.","no",NA,NA,NA,NA,NA,21.111,NA,5.556,NA,8.7,NA,NA,NA,2.3,NA,0,0,0,0,1,0,0,0,1,1,0,0,0,0,0,0,0,0,1,0,0,0,0,0,0,0,0,0,0,0,0,0,0,0,"redbellied_dace_fathead_minnows_brook_sticklebacks","Cheboygan_Hemlock_040.jpg","Cheboygan_Hemlock_041.jpg"
58687307,"L2909","155411150","CHEBOYGAN","HEMLOCK",28,"July",1932,28,"July",1932,NA,NA,NA,NA,"permitted","permitted",20,NA,NA,2.428,NA,NA,NA,NA,NA,NA,NA,NA,NA,NA,NA,"none",NA,NA,NA,NA,NA,NA,"no","no",NA,"(see back) creek dammed several places far below lake by beaver; these do not affect water level. lake ordinarily not connected with stream.","no",NA,NA,NA,NA,NA,21.111,NA,5.556,NA,8.7,NA,NA,NA,2.3,NA,0,0,0,0,1,0,0,0,1,1,0,0,0,0,0,0,0,0,1,0,0,0,0,0,0,0,0,0,0,0,0,0,0,0,"redbellied_dace_dace_book_stickleback_fat_head_stickleback","Cheboygan_Hemlock_SUMM_040.jpg","Cheboygan_Hemlock_SUMM_041.jpg"
58687308,"L10730","155411085","CHEBOYGAN","ROBERTS",5,"July",1945,9,"July",1945,"medium","light","medium ","light",NA,NA,1.219,1.219,NA,21.651,NA,NA,NA,0,NA,0,NA,0,NA,0,NA,NA,90,NA,NA,1.58,0.305,NA,"yes",NA,"no","makeshift wooden splash board",NA,"none","no",NA,NA,NA,22.778,NA,NA,NA,9.9,NA,NA,NA,NA,NA,1,0,0,0,1,1,1,0,0,0,0,0,0,0,0,0,0,0,1,0,0,1,0,0,1,1,0,0,0,0,0,0,1,1,NA,"Cheboygan_Roberts_SUMM_023.jpg","Cheboygan_Roberts_SUMM_024.jpg"
58687311,"L10946","155411040","CHEBOYGAN","MULLETT",NA,"July",1956,NA,"July",NA,"medium","medium","medium","medium",NA,NA,44.803,3.048,3.657,6730.069,NA,15,NA,2,NA,15,NA,700,NA,1,NA,NA,138,162,NA,NA,3.962,NA,"yes",NA,"yes","at cheboygan",NA,"stops fish moving upstream",NA,9.144,13.715,NA,18.889,23.333,8.889,9.444,7.5,8.9,7.5,8.4,7.6,8.9,0,0,0,0,0,0,1,1,0,0,1,0,0,0,1,1,0,0,1,1,0,1,1,0,1,1,0,1,1,0,1,1,1,1,"muskellunge_sturgeon; sand_shiner; alewife_redhorse","Cheboygan_Mullett_SUMM_219.jpg","Cheboygan_Mullett_SUMM_220.jpg"
58687312,"L10730","155411085","CHEBOYGAN","ROBERTS",5,"July",1945,9,"July",1945,"medium","light","mediuminformationlacking","lightinformationlacking",NA,NA,1.219,1.219,NA,21.651,NA,NA,NA,0,NA,0,NA,0,NA,0,NA,NA,90,NA,NA,1.58,0.305,NA,"yes",NA,"no","makeshift wooden splash board",NA,"none","no",NA,NA,NA,22.778,NA,NA,NA,9.9,NA,NA,NA,NA,NA,1,0,0,1,1,1,1,0,0,0,0,0,0,0,0,0,0,0,1,0,0,1,0,0,1,1,0,0,0,0,0,0,1,1,NA,"Cheboygan_Roberts_023.jpg","Cheboygan_Roberts_024.jpg"
58687314,"L7175","155408547","CHEBOYGAN","SILVER",15,"August",1931,16,"August",1931,NA,NA,NA,NA,"not permitted","not permitted",NA,3.1,NA,61.109,NA,NA,NA,NA,NA,NA,NA,NA,NA,NA,NA,"on ranch. ranch buildings on shore of lake.",NA,NA,NA,NA,NA,NA,NA,NA,NA,NA,NA,NA,NA,NA,NA,NA,NA,NA,NA,NA,NA,NA,NA,NA,NA,NA,1,0,0,0,0,0,0,0,0,0,0,0,0,0,0,0,0,0,1,0,0,1,0,0,1,0,0,0,0,0,0,1,0,1,NA,"Cheboygan_Silver33N_1E_S33_SUMM_014.jpg","Cheboygan_Silver33N_1E_S33_SUMM_015.jpg"
58687316,"L1358","155411126","CHEBOYGAN","SILVER",14,"August",1942,NA,"August",NA,"medium","none","medium","none",NA,NA,27.431,6.629,NA,29.543,NA,5,10,1,NA,1,NA,15,NA,NA,NA,NA,110,129,NA,1,NA,NA,"no",NA,NA,"none",NA,NA,"yes",8.534,16.458,NA,21.8,NA,6.4,NA,8.8,8.9,NA,NA,0,15.6,0,0,0,0,1,1,1,0,0,0,0,0,0,0,1,0,0,0,0,0,0,0,0,0,1,0,0,1,1,0,1,0,0,1,"carp_","Cheboygan_Silver33N_3W_S11-12_SUMM_027.jpg","Cheboygan_Silver33N_3W_S11-12_SUMM_028.jpg"
58687317,"L1358","155411126","CHEBOYGAN","SILVER",14,"August",1942,14,"August",1942,"medium","none","medium","none",NA,NA,27.431,6.629,NA,29.543,NA,5,10,1,NA,1,NA,15,NA,NA,NA,NA,110,129,NA,1,NA,NA,NA,NA,NA,NA,NA,NA,"yes",8.534,16.458,NA,21.8,NA,6.4,NA,8.8,8.9,NA,NA,0,0,0,0,0,0,1,1,1,0,0,0,0,0,0,0,0,0,0,0,0,0,0,0,0,0,1,0,0,1,1,0,1,0,0,1,"bluntnosed_minnow; carp_wrote_under_coarse; carp_","Cheboygan_Silver33N_3W_S11-12_SUMM_029.jpg","Cheboygan_Silver33N_3W_S11-12_SUMM_030.jpg"
58687318,"L1358","155411126","CHEBOYGAN","SILVER",14,"August",1942,14,"September",1943,"medium","none","medium","none",NA,NA,27.431,6.4,6.705,29.543,NA,5,10,1,NA,1,NA,15,NA,0,NA,NA,110,129,NA,1.04,NA,NA,"no",NA,NA,"none",NA,NA,"yes",8.534,16.458,NA,21.111,NA,6.111,NA,8.8,8.9,NA,NA,0,2.9,1,0,0,0,1,1,1,0,0,0,0,0,0,0,1,0,0,0,1,0,0,0,0,0,1,0,0,1,1,0,1,0,0,1,NA,"Cheboygan_Silver33N_3W_S11-12_SUMM_031.jpg","Cheboygan_Silver33N_3W_S11-12_SUMM_032.jpg"
58687321,"L3539","155411115","CHEBOYGAN","WEBER",22,"July",1943,22,"July",1943,"light","none","light","none",NA,NA,NA,4.572,NA,NA,NA,NA,NA,0,NA,0,NA,1,NA,0,NA,NA,6,7,NA,NA,NA,NA,NA,NA,NA,NA,NA,NA,"yes",4.572,7.315,NA,22.222,NA,8.889,NA,8.3,9.5,NA,NA,9.5,11.2,0,0,0,0,0,0,1,0,0,0,0,0,0,0,0,0,0,0,0,0,0,1,0,0,0,0,0,1,0,0,0,0,0,1,"sunfish_largemouth","Cheboygan_Weber_SUMM_029.jpg","Cheboygan_Weber_SUMM_030.jpg"
58687322,"L3539","155411115","CHEBOYGAN","WEBER",22,"July",1943,22,"July",1943,"light","light","light","almostnone",NA,NA,12.191,4.572,NA,12.546,NA,10,15,0,NA,0,NA,0,NA,0,NA,NA,6,8,NA,1.13,NA,NA,"no",NA,NA,"landlocked",NA,NA,"yes",4.572,7.315,NA,22.222,NA,8.889,NA,8.3,9.5,NA,NA,9.8,NA,0,0,0,0,0,0,0,0,0,0,0,0,0,0,0,0,0,0,0,0,0,1,0,0,0,1,0,0,0,0,0,0,0,1,"lake_emerald_shiners","Cheboygan_Weber_SUMM_027.jpg","Cheboygan_Weber_SUMM_028.jpg"
58687323,"L24601","109943394","CHIPPEWA","ANDRUS",26,"August",1948,NA,"August",NA,NA,NA,NA,NA,NA,NA,7.62,5.181,NA,12.141,NA,NA,NA,0,NA,0,NA,0,NA,0,NA,NA,4,7,NA,NA,NA,NA,NA,NA,NA,NA,NA,NA,"yes",6.858,7.62,"yes",23.9,22.9,18.5,16.8,7.4,NA,2,2.4,2,2.4,0,0,0,0,0,0,0,0,0,0,0,0,0,0,0,0,0,0,0,0,0,0,0,0,0,0,0,0,0,0,0,0,0,0,NA,"Chippewa_Andrus_020.jpg","Chippewa_Andrus_021.jpg"
58687324,"L28342","86671659","CHIPPEWA","ARBUTUS",13,"August",1969,13,"August",1969,"none","none","none","none",NA,NA,1.829,1.829,NA,9.713,NA,100,NA,0,NA,0,NA,0,NA,0,NA,NA,17.1,34.2,NA,1.2,NA,NA,"no",NA,"no","x",NA,"x",NA,NA,NA,NA,22.222,NA,21.667,NA,NA,NA,0,NA,NA,NA,0,0,0,0,0,0,0,0,0,0,0,0,0,0,0,0,0,0,0,0,0,0,0,0,0,0,0,0,0,0,0,0,0,0,"central_mudminnow","Chippewa_Arbutus_004.jpg","Chippewa_Arbutus_005.jpg"
58687325,"L24601","109943394","CHIPPEWA","ANDRUS",2,"June",1954,NA,NA,NA,"light","none","light","none",NA,NA,7.62,NA,NA,14.164,NA,70,NA,0,NA,0,NA,0,NA,0,NA,NA,NA,NA,NA,NA,NA,NA,"no",NA,NA,"no",NA,NA,NA,NA,NA,NA,13.333,NA,NA,NA,NA,NA,NA,NA,NA,NA,0,0,0,0,0,1,0,0,0,0,0,0,0,0,0,0,0,0,0,0,0,1,0,0,1,0,0,0,1,0,0,0,0,1,"lm_bass","Chippewa_Andrus_022.jpg","Chippewa_Andrus_023.jpg"
58687326,"L29931","123110970","CHIPPEWA","CARP",1,"July",1971,1,"July",1971,"medium","light","medium","light",NA,NA,10.667,NA,NA,226.629,NA,35,NA,2,NA,4,NA,75,NA,1,NA,NA,102,NA,NA,NA,0.305,NA,"yes",NA,"no","rock barrier",NA,"none",NA,3.657,6.4,NA,22.778,NA,12.778,NA,9.5,NA,9,5.5,4,NA,0,0,0,0,0,1,1,0,0,0,0,0,1,0,0,0,0,0,0,1,0,1,0,0,1,1,0,1,1,0,1,1,0,1,"ps_sunfish; spottail_shiners_w_suckers","Chippewa_Carp_(Big_Trout)_035.jpg","Chippewa_Carp_(Big_Trout)_036.jpg"
58687327,"L12220","123111245","CHIPPEWA","CARIBOU",8,"July",1953,16,"July",1953,"medium","light","medium","light",NA,NA,6.096,3.962,NA,333.873,NA,98,NA,0,NA,4,NA,35,40,0,NA,NA,78.5,85,NA,NA,0.61,NA,"yes",NA,"no","beaver",NA,"none at normal stage","no",NA,NA,NA,16.667,27.778,19.444,NA,3.5,8.4,NA,NA,NA,NA,0,0,0,0,0,0,1,0,0,0,0,0,1,0,0,1,1,0,1,0,0,0,0,1,1,1,0,1,1,0,1,0,0,1,"mimic","Chippewa_Caribou_030.jpg","Chippewa_Caribou_031.jpg"
58687328,"L31123","111830547","CHIPPEWA","DUKES",21,"September",1942,NA,NA,NA,"medium",NA,"lighttomedium",NA,NA,NA,16.458,NA,NA,3.44,NA,15,NA,0,NA,0,NA,0,NA,0,NA,NA,30,NA,NA,NA,NA,NA,NA,NA,NA,NA,NA,NA,"yes",6.096,9.144,NA,16.667,NA,7.778,NA,7.65,NA,NA,NA,0,NA,0,0,0,0,0,1,0,0,0,0,0,0,1,0,0,0,0,0,0,0,0,0,0,0,1,0,0,0,0,0,0,0,0,0,NA,"Chippewa_Dukes_025.jpg","Chippewa_Dukes_026.jpg"
58687329,"L23193","123110915","CHIPPEWA","FRENCHMAN'S",7,"July",1947,8,"July",1947,"medium",NA,"mediumtolight",NA,NA,NA,8.382,NA,NA,89.033,NA,15,20,NA,NA,0,NA,2,NA,0,NA,NA,120,130,NA,NA,NA,NA,"no",NA,"no","-",NA,"-",NA,3.81,6.553,NA,21.6,NA,13.2,NA,NA,NA,NA,3,NA,NA,0,0,0,0,0,0,0,0,0,0,0,0,0,0,0,0,0,0,0,0,0,0,0,0,1,1,0,1,0,0,1,1,0,1,NA,"Chippewa_Frenchman's_029.jpg","Chippewa_Frenchman's_030.jpg"
58687330,"L31123","111830547","CHIPPEWA","DUKES",6,"July",1950,6,"July",1950,"medium","none","medium","none",NA,NA,15.849,NA,NA,3.764,NA,NA,NA,0,NA,0,NA,0,NA,0,NA,NA,25,29,NA,NA,NA,NA,NA,NA,NA,NA,NA,NA,"yes",4.572,12.191,NA,23.889,NA,11.111,NA,8.2,9.2,NA,NA,8.2,NA,0,0,0,0,0,0,0,0,0,1,1,0,0,0,0,0,0,0,0,0,0,0,0,0,0,0,0,0,0,0,0,0,0,0,NA,"Chippewa_Dukes_027.jpg","Chippewa_Dukes_028.jpg"
58687331,"L29931","123110970","CHIPPEWA","CARP",3,"July",1947,NA,NA,NA,"medium","light","medium","light",NA,NA,10.667,NA,NA,226.629,NA,25,NA,1,NA,2,NA,12,NA,1,NA,NA,98,NA,NA,NA,NA,NA,"no",NA,"no","none",NA,"-",NA,NA,NA,NA,22,NA,14.1,NA,NA,NA,NA,NA,NA,NA,0,0,0,0,0,0,0,0,0,0,0,0,0,0,0,0,0,0,0,0,0,0,0,0,1,0,0,1,0,0,1,1,0,1,NA,"Chippewa_Carp_(Big_Trout)_033.jpg","Chippewa_Carp_(Big_Trout)_034.jpg"
58687332,"L23193","123110915","CHIPPEWA","FRENCHMAN'S",1,"July",1971,NA,"July",NA,"medium","light","medium","light",NA,NA,6.096,NA,NA,89.033,NA,80,NA,1,NA,2,NA,13,NA,NA,NA,NA,119,NA,NA,NA,0.305,NA,"yes",NA,"no","rock barrier",NA,"none",NA,1.829,4.572,NA,23.333,NA,11.111,NA,9.5,NA,8.5,2.5,1,NA,0,0,0,0,0,1,0,0,0,0,0,0,1,0,0,0,0,0,0,0,0,1,0,0,1,0,0,1,0,0,1,1,0,1,"sunfish_imass; small_perch_white_sucker","Chippewa_Frenchman's_031.jpg","Chippewa_Frenchman's_032.jpg"
58687333,"L29227","123110416","CHIPPEWA","HIGHBANKS",11,"October",1949,11,"October",1949,"light",NA,"light",NA,NA,NA,12.191,NA,NA,7.568,NA,NA,NA,4,NA,NA,NA,5,NA,NA,NA,NA,NA,NA,NA,NA,NA,NA,"no",NA,NA,"none",NA,NA,NA,NA,NA,NA,15,NA,NA,NA,NA,NA,NA,NA,NA,NA,0,0,0,0,0,1,0,0,0,0,0,0,0,0,0,0,0,0,0,0,0,0,0,0,0,1,0,0,0,0,0,0,0,1,NA,"Chippewa_Highbanks_057.jpg","Chippewa_Highbanks_058.jpg"
58687334,"L29227","123110416","CHIPPEWA","HIGHBANKS",6,"September",1950,6,"September",1950,"light","light","light","light",NA,NA,12.801,NA,NA,7.568,NA,40,NA,NA,NA,NA,NA,4,NA,NA,NA,NA,NA,NA,NA,NA,NA,NA,NA,NA,NA,NA,NA,NA,"yes",7.62,10.667,NA,18.5,NA,10.5,NA,8.5,NA,1.5,NA,NA,NA,0,0,0,0,0,1,0,0,0,0,0,0,1,0,0,0,0,0,0,0,0,1,0,0,0,0,0,0,1,0,0,1,0,1,"suckers_and_bullheads","Chippewa_Highbanks_035.jpg","Chippewa_Highbanks_036.jpg"
58687335,"L26496","111830513","CHIPPEWA","GARLINGHOUSE",6,"July",1960,7,"July",1960,"light",NA,"light",NA,NA,NA,2.438,NA,NA,9.47,NA,100,NA,NA,NA,NA,NA,1,NA,NA,NA,NA,1,2,"purple",NA,NA,NA,NA,NA,NA,NA,NA,NA,NA,NA,NA,NA,18.889,NA,NA,NA,NA,NA,NA,NA,NA,NA,0,0,0,0,0,0,0,0,0,0,1,0,0,0,0,0,0,0,0,0,0,0,0,0,0,0,0,0,0,0,0,0,0,1,"minnows","Chippewa_Garlinghouse_013.jpg","Chippewa_Garlinghouse_014.jpg"
58687336,"L24870","83826241","CHIPPEWA","JOHNSON",26,"August",1948,NA,NA,NA,"medium",NA,"medium",NA,NA,NA,4.572,NA,NA,17.402,NA,NA,NA,0,NA,0,NA,0,NA,0,NA,NA,3,NA,NA,NA,NA,NA,NA,NA,NA,NA,NA,NA,"no",NA,NA,NA,24.6,22.9,NA,NA,NA,NA,NA,NA,NA,NA,0,0,0,0,0,0,0,0,0,0,0,0,0,0,0,0,0,0,0,0,0,0,0,0,0,0,0,0,0,0,0,0,0,0,NA,"Chippewa_Johnson_006.jpg","Chippewa_Johnson_007.jpg"
58687337,"L29864","111830541","CHIPPEWA","KINROSS",9,"August",1950,NA,"August",NA,"light","none","light","none",NA,NA,3.657,NA,NA,26.305,NA,100,NA,NA,NA,NA,NA,4,NA,NA,NA,NA,NA,NA,NA,NA,NA,NA,NA,NA,NA,NA,NA,NA,NA,NA,NA,NA,21.111,NA,NA,NA,NA,NA,NA,NA,NA,NA,0,0,0,0,0,0,0,0,0,0,0,0,1,0,0,0,0,0,0,0,0,0,0,0,1,0,0,0,0,0,0,0,0,1,NA,"Chippewa_Kinross_004.jpg","Chippewa_Kinross_005.jpg"
58687338,"L25888","83826219","CHIPPEWA","MCNEARNEY",12,"July",1961,13,"July",1961,NA,NA,NA,NA,NA,NA,7.924,7.62,NA,49.089,NA,30,NA,NA,NA,NA,NA,1,NA,0,NA,NA,0,1,NA,NA,NA,NA,NA,NA,NA,NA,NA,NA,"no",NA,NA,NA,20,NA,19.444,NA,8.1,NA,NA,NA,8,NA,0,0,0,0,0,0,0,0,0,0,0,0,0,0,0,0,0,0,0,0,0,0,0,0,0,0,0,0,0,0,0,0,0,0,"tad poles","Chippewa_McNearney_006.jpg","Chippewa_McNearney_007.jpg"
58687339,"L27740","83826083","CHIPPEWA","MONACLE",19,"July",1955,26,"July",1955,"medium",NA,"medium",NA,NA,NA,16.763,4.877,NA,59.045,NA,25,NA,0,NA,0,NA,22,NA,0,NA,NA,13,NA,NA,NA,NA,NA,NA,NA,NA,NA,NA,NA,NA,5.181,8.229,NA,22.778,25.556,10,NA,8,8.3,3,8.1,0.7,3,0,0,0,0,0,0,0,0,0,0,1,0,0,0,0,0,0,0,0,1,0,0,0,1,1,0,0,1,1,0,1,1,0,1,"spottail_shiner_logperch","Chippewa_Monacle_019.jpg","Chippewa_Monacle_020.jpg"
58687340,"L30453","83826235","CHIPPEWA","PIATT",1,"October",1955,3,"October",1955,"light",NA,"light",NA,NA,NA,18.287,NA,NA,93.08,NA,45,NA,NA,NA,NA,NA,45,NA,NA,NA,NA,42,NA,NA,1.94,NA,NA,"no",NA,"no","none",NA,"none",NA,7.315,10.972,NA,19.444,NA,8.889,NA,7.3,8.2,NA,NA,0,NA,0,0,0,0,0,0,0,0,0,0,0,0,0,0,0,0,0,0,0,0,0,1,0,0,0,0,0,0,1,0,1,1,0,1,NA,"Chippewa_Piatt_007.jpg","Chippewa_Piatt_008.jpg"
58687342,"L25075","123110420","CHIPPEWA","SOLDIER",25,"July",1955,28,"July",1955,"medium",NA,"medium",NA,NA,NA,6.4,3.048,NA,7.608,NA,95,NA,0,NA,0,NA,0,NA,0,NA,NA,1,2,NA,NA,NA,NA,NA,NA,NA,NA,NA,NA,NA,4.572,5.181,NA,22.778,24.444,18.056,NA,6.2,8,6.2,NA,NA,NA,0,0,0,0,0,0,0,0,0,0,1,0,0,0,0,0,0,0,0,0,0,1,0,0,0,1,0,0,0,0,0,0,0,1,NA,"Chippewa_Soldier_017.jpg","Chippewa_Soldier_018.jpg"
58687343,"L28720","123111405","CHIPPEWA","TROUTBIG",14,"July",1953,17,"July",1953,"medium","light","lighttoheavy","light",NA,NA,7.315,4.419,NA,106.839,NA,95,NA,0,NA,0,NA,0,NA,0,NA,NA,78,80,NA,NA,NA,NA,"no",NA,NA,"no - there was once a beaver dam",NA,NA,"yes",1.829,4.115,NA,26.111,NA,17.222,NA,7.6,NA,NA,NA,7.4,8.5,0,0,0,0,0,0,0,0,0,0,1,0,0,0,0,0,0,0,0,0,0,0,0,0,1,1,0,1,0,0,0,0,0,1,NA,"Chippewa_Trout_(Big)_007.jpg","Chippewa_Trout_(Big)_008.jpg"
58687344,"L29869","86671673","CHIPPEWA","WALKER",10,"July",1947,NA,NA,NA,"light","none","light","none",NA,NA,NA,NA,NA,6.475,NA,100,NA,NA,NA,NA,NA,NA,NA,NA,NA,NA,15,NA,NA,NA,NA,NA,"no",NA,NA,"none",NA,NA,NA,NA,NA,NA,24.2,NA,23.5,NA,7.8,7.3,NA,NA,NA,NA,0,0,0,0,0,0,0,0,0,0,0,0,0,0,0,0,0,0,0,0,0,1,0,0,0,0,0,0,0,0,0,0,0,0,NA,"Chippewa_Walker_016.jpg","Chippewa_Walker_017.jpg"
58687345,"L27955","{6A75F426-59F0-4C60-9765-69F8BAFDFBC9}","CHIPPEWA","TROUT",1,"July",1971,NA,"July",NA,"light","light","light","light",NA,NA,3.657,NA,NA,12.303,NA,100,NA,NA,NA,NA,NA,0,NA,NA,NA,NA,102,153,NA,NA,NA,NA,"no",NA,NA,"no",NA,NA,"no",NA,NA,NA,21.667,NA,9.444,NA,8.5,0,NA,NA,NA,NA,0,0,0,0,0,0,1,0,0,0,0,0,1,0,0,0,0,0,0,0,0,1,0,0,1,0,0,0,0,0,0,0,0,1,"spottail_shiner","Chippewa_Trout_(Little)_002.jpg","Chippewa_Trout_(Little)_003.jpg"
58687346,"L10311","149759180","CLARE","BUDD",11,"June",1938,15,"June",1938,"heavy",NA,"heavy",NA,NA,NA,10.363,3.353,3.657,70.822,NA,NA,NA,2,NA,2,NA,50,NA,NA,NA,NA,85,115,NA,2.31,NA,NA,"no",NA,NA,"none",NA,NA,"no",NA,NA,NA,19,20,14,16,6,6,NA,NA,4,NA,0,0,1,1,1,1,1,0,0,0,0,0,1,0,0,1,1,0,1,0,0,1,0,0,1,1,0,1,1,0,1,1,0,1,"green_sunfish_bullhead; minnows_various_shiner","Clare_Budd_SUMM_030.jpg","Clare_Budd_SUMM_031.jpg"
58687347,"L6982","121858689","CLARE","BLUEGILL",10,"August",1950,11,"August",1950,"medium","light","medium","light",NA,NA,10.972,3.048,NA,5.504,NA,70,NA,1,NA,3,NA,15,NA,0,NA,NA,33,52,NA,NA,NA,NA,NA,NA,NA,NA,NA,NA,NA,3.657,6.096,NA,25,NA,7.1,NA,8.3,8.6,8.5,0,NA,NA,0,0,0,1,0,1,1,0,0,0,0,0,1,0,0,0,0,0,1,0,0,1,0,0,1,1,0,0,0,0,0,1,0,1,"bluegill_gill_x_pumpkinseed","Clare_Bluegill_SUMM_023.jpg","Clare_Bluegill_SUMM_024.jpg"
58687348,"L11226","149759293","CLARE","BAILEY",13,"September",1952,14,"September",1952,"medium","light","medium","light",NA,NA,11.734,2.286,NA,16.188,NA,NA,NA,0,NA,0,NA,15,NA,0,NA,NA,135,170,NA,NA,NA,NA,"yes",NA,"no","an old, inactive dam",NA,"none",NA,1.524,7.62,NA,23.889,NA,6.111,NA,7.5,NA,3.6,0,0,NA,0,0,1,0,0,1,0,0,0,0,1,0,0,0,0,0,1,0,0,0,0,1,0,0,1,1,0,1,0,0,0,0,0,1,NA,"Clare_Bailey_SUMM_003.jpg","Clare_Bailey_SUMM_004.jpg"
58687349,"L5712","149759155","CLARE","ARNOLD",9,"October",1967,NA,NA,NA,NA,NA,NA,NA,NA,NA,25.907,NA,NA,47.754,NA,25,NA,NA,NA,NA,NA,60,80,0,NA,NA,51.3,41.04,NA,NA,NA,NA,"no",NA,NA,"none",NA,NA,"yes",9.753,12.191,NA,13.667,NA,6.111,NA,9,NA,5,NA,1,NA,0,0,1,0,0,1,0,0,0,0,0,0,0,0,0,0,0,0,0,0,0,1,0,0,1,0,0,1,0,0,0,1,0,1,NA,"Clare_Arnold19N_4W_S2-3_SUMM_016.jpg","Clare_Arnold19N_4W_S2-3_SUMM_017.jpg"
58687350,"L13958","149759234","CLARE","BREMAN",11,"July",1964,11,"July",1964,"light","light","light","light",NA,NA,5.181,NA,NA,1.497,NA,80,NA,NA,NA,NA,NA,0,NA,NA,NA,NA,NA,NA,NA,1,NA,NA,"no",NA,NA,"no",NA,NA,NA,NA,NA,NA,NA,NA,NA,NA,NA,NA,NA,NA,NA,NA,0,0,0,0,0,0,0,0,0,0,0,0,0,0,0,0,0,0,0,0,0,0,0,0,0,0,0,0,0,0,0,0,0,0,NA,"Clare_Breman_SUMM_003.jpg","Clare_Breman_SUMM_004.jpg"
58687351,"L9760","149759161","CLARE","CRANBERRY",20,"June",1956,26,"June",1956,"medium","light","medium","light",NA,NA,6.096,3.353,NA,42.898,NA,90,NA,0,NA,0,NA,26,NA,0,NA,NA,34,29,NA,NA,0.914,NA,"yes",NA,"no","yes. posts stuck in creek bed.",NA,"practically none",NA,3.048,4.572,NA,26.111,NA,13.333,NA,7.8,NA,6.6,5.3,NA,NA,0,1,1,1,0,1,0,0,0,0,0,0,0,0,0,1,1,0,1,0,0,1,0,1,1,1,0,0,0,0,0,0,1,1,NA,"Clare_Cranberry19N_4W_S1-12_SUMM_009.jpg","Clare_Cranberry19N_4W_S1-12_SUMM_010.jpg"
58687353,"L12188","150436650","CLARE","CROOKED",4,"August",1941,6,"August",1941,"heavy","heavy","heavy","heavy",NA,NA,22.249,2.743,3.657,106.718,NA,45,NA,1,NA,0,NA,95,NA,0,NA,NA,85,189,NA,1.92,NA,NA,"no",NA,NA,"none",NA,NA,"yes",4.572,10.667,NA,25,27.2,4.9,11.1,7.1,7.7,NA,NA,0,1.1,0,0,1,1,0,1,1,1,0,0,0,0,0,0,0,1,1,0,0,0,0,1,0,0,1,1,0,1,1,0,0,0,1,1,"green_sunfish_long_eared_sunfish","Clare_Crooked_SUMM_029.jpg","Clare_Crooked_SUMM_030.jpg"
58687354,"L8111","150436627","CLARE","CURREY",19,"September",1962,NA,"September",NA,"light","light","light","light",NA,NA,1.829,NA,NA,1.214,NA,100,NA,0,NA,0,NA,0,NA,0,NA,NA,NA,NA,NA,1,NA,NA,NA,NA,NA,NA,NA,NA,"no",NA,NA,NA,13.333,NA,13.333,NA,NA,NA,NA,NA,NA,NA,0,0,0,0,0,1,0,1,0,0,1,0,1,0,0,0,0,0,0,0,0,0,0,0,1,1,0,1,0,0,0,0,0,0,"minnows; dog_fish; brown_bullheads","Clare_Currey_SUMM_003.jpg","Clare_Currey_SUMM_004.jpg"
58687355,"L6679","149759361","CLARE","DEADMANS",11,"August",1964,NA,"August",NA,"light","light","light","light",NA,NA,NA,NA,NA,5.504,NA,10,NA,NA,NA,NA,NA,0,NA,NA,NA,NA,NA,NA,NA,NA,0.305,1.219,"yes",NA,"yes","beaver activity",NA,"varies",NA,NA,NA,NA,NA,NA,NA,NA,NA,NA,NA,NA,NA,NA,0,0,1,0,0,1,0,0,0,1,0,0,1,0,0,0,0,0,0,0,0,1,0,0,0,0,0,0,0,0,0,1,0,0,"suckers","Clare_Deadmans_SUMM_007.jpg","Clare_Deadmans_SUMM_008.jpg"
58687356,"L1364","150436656","CLARE","EIGHTPOINT",21,"September",1948,23,"September",1948,"medium",NA,"medium",NA,NA,NA,7.62,NA,NA,165.925,NA,75,NA,2,NA,NA,NA,150,NA,NA,NA,NA,NA,NA,NA,NA,0.61,0.914,"yes",NA,"yes","yes",NA,"broken dam at present allows young fish to become stranded behind it.",NA,NA,NA,NA,NA,NA,NA,NA,NA,NA,NA,NA,NA,NA,0,0,1,0,1,1,1,1,0,0,0,0,1,0,0,0,1,0,1,0,0,1,0,1,1,1,0,1,1,0,0,1,0,1,"sunfish_pikeperch; logperch; suckers","Clare_EightPoint_SUMM_014.jpg","Clare_EightPoint_SUMM_015.jpg"
58687357,"L1099","149759352","CLARE","FARWELLMILL",11,"August",1964,NA,"August",NA,"medium","medium","medium","medium",NA,NA,2.743,NA,NA,10.927,NA,100,NA,0,NA,0,NA,3,NA,0,NA,NA,NA,NA,NA,1.2,3.048,NA,"yes",NA,"yes","yes",NA,"blocks",NA,NA,NA,NA,NA,NA,NA,NA,NA,NA,NA,NA,NA,NA,0,0,0,0,0,0,0,0,0,0,0,0,0,0,0,0,0,0,0,0,0,0,0,0,0,0,0,0,0,0,0,0,0,0,NA,"Clare_FarwellMill_SUMM_004.jpg","Clare_FarwellMill_SUMM_005.jpg"
58687358,"L9351","121859022","CLARE","GEORGE",15,"July",1954,20,"July",1954,"heavy","medium","heavy","medium",NA,NA,7.62,2.133,2.438,54.229,NA,85,NA,4,NA,2,NA,350,NA,0,NA,NA,26,28,NA,NA,NA,NA,NA,NA,NA,NA,NA,NA,NA,4.572,5.334,NA,26.111,NA,18.333,NA,8.3,9.3,4.2,NA,NA,NA,0,0,0,0,0,1,1,0,0,0,0,0,0,0,0,0,0,0,1,0,0,1,0,0,1,1,0,1,0,0,0,1,1,1,NA,"Clare_George_SUMM_025.jpg","Clare_George_SUMM_026.jpg"
58687359,"L8234","150436658","CLARE","GRASS",10,"October",1960,10,"October",1960,"light","light","light","light",NA,NA,6.096,NA,NA,4.047,NA,80,NA,0,NA,0,NA,0,NA,0,NA,NA,NA,NA,NA,1,NA,NA,"yes",NA,"yes","beaver",NA,"curtails fish movement",NA,NA,NA,NA,NA,NA,NA,NA,NA,NA,NA,NA,NA,NA,0,0,0,0,0,0,0,0,0,0,1,0,0,0,0,0,0,0,0,0,0,0,0,0,1,1,0,0,0,0,0,0,1,0,NA,"Clare_Grass_SUMM_003.jpg","Clare_Grass_SUMM_004.jpg"
58687360,"L4652","121859292","CLARE","GREENPINE",15,"August",1963,15,"August",1963,"light","light","light","light",NA,NA,12.191,NA,NA,1.764,NA,33,NA,0,NA,0,NA,0,NA,0,NA,NA,35,38,NA,1,0.61,NA,"yes",NA,"no","intermittent beaver dam",NA,"none",NA,1.829,4.572,NA,22.889,NA,4.056,NA,7,NA,1,7,0,NA,0,0,0,0,0,1,0,0,0,0,0,0,1,0,0,0,0,0,0,0,0,1,0,0,0,0,0,0,0,0,0,0,1,0,NA,"Clare_GreenPine_SUMM_014.jpg","Clare_GreenPine_SUMM_015.jpg"
58687361,"L3853","121858908","CLARE","LILY",1,"September",1960,NA,"September",NA,"heavy","heavy","heavy","heavy",NA,NA,2.438,1.829,2.438,65.156,NA,100,NA,1,NA,0,NA,15,NA,0,NA,NA,49,NA,NA,1.1,0.61,NA,"yes",NA,"yes","earth fill in old outlet",NA,"bars","no",NA,NA,NA,26.167,NA,25.222,NA,7.6,6.9,NA,NA,NA,NA,0,0,0,0,0,1,0,0,0,0,0,0,1,0,0,0,1,0,0,0,0,1,0,0,1,1,0,0,0,0,0,1,0,1,"bullhead; green_sunfish","Clare_Lily_SUMM_007.jpg","Clare_Lily_SUMM_008.jpg"
58687362,"L2870","121859312","CLARE","HALFMOON",1,"October",1959,NA,"October",NA,"light","light","light","light",NA,NA,6.096,NA,NA,36.423,NA,80,NA,2,NA,NA,NA,1,NA,NA,NA,NA,NA,NA,NA,1.1,NA,NA,"no",NA,NA,"no",NA,NA,NA,NA,NA,NA,NA,NA,NA,NA,NA,NA,NA,NA,NA,NA,0,0,0,0,1,1,1,0,0,0,0,0,0,0,0,0,0,0,0,0,0,0,0,0,0,0,0,0,0,0,0,0,0,0,"bass_not_specified; various_minnows_not_specified","Clare_HalfMoon18N_5W_S3132_SUMM_003.jpg","Clare_HalfMoon18N_5W_S3132_SUMM_004.jpg"
58687363,"L639","121858693","CLARE","LONG",12,"August",1950,16,"August",1950,"medium","medium","medium","medium",NA,NA,23.164,2.895,3.048,84.986,NA,70,NA,3,NA,8,NA,125,NA,0,NA,NA,60,68,NA,NA,0.61,NA,"yes",NA,"no","yes",NA,"virtually none.",NA,5.486,8.229,NA,22.778,23.333,8,7.1,8.7,7.8,7.6,0.2,0.3,0,1,0,1,1,0,1,1,0,1,0,1,0,0,0,0,0,0,0,1,1,0,1,0,0,1,1,0,1,0,0,0,1,1,1,"longear_sunfish","Clare_Long20N_4W_S22-26-27_SUMM_013.jpg","Clare_Long20N_4W_S22-26-27_SUMM_014.jpg"
58687364,"L204","149759182","CLARE","LITTLELONG",5,"August",1950,10,"August",1950,"heavy","none","heavy","none",NA,NA,18.592,3.81,4.115,17.402,NA,25,NA,1,NA,0,NA,15,NA,0,NA,NA,120,160,NA,NA,NA,NA,"no",NA,"no","no",NA,"none",NA,6.096,9.144,NA,22.222,22.778,8.7,7.7,8.9,8.7,15.3,7.2,3.2,0.3,1,0,0,0,0,1,1,0,0,0,0,1,1,0,0,0,1,0,1,0,0,1,0,0,1,1,0,0,0,0,0,0,0,1,"gr_sunfish","Clare_LittleLong_SUMM_036.jpg","Clare_LittleLong_SUMM_037.jpg"
58687365,"L8112","149759185","CLARE","SUTHERLAND",31,"August",1960,NA,"August",NA,"medium","light","medium","light",NA,NA,3.048,3.048,NA,16.997,NA,100,NA,0,NA,0,NA,65,NA,0,NA,NA,105,NA,NA,1.3,0.914,NA,"yes",NA,"yes","yes",NA,"bars up-stream stream movement","no",NA,NA,NA,25.889,NA,22.222,NA,8.3,7.6,NA,NA,NA,NA,0,0,0,0,0,1,0,0,0,0,0,0,1,0,0,0,0,0,0,0,0,1,0,0,1,1,0,0,0,0,0,0,0,1,"warmouth_bass","Clare_Sutherland_SUMM_015.jpg","Clare_Sutherland_SUMM_016.jpg"
58687366,"L5019","150436626","CLARE","MUDBIG",8,"September",1960,8,"September",1960,"light","light","light","light",NA,NA,1.829,NA,NA,80.939,NA,100,NA,NA,NA,NA,NA,20,NA,NA,NA,NA,40,NA,NA,1.1,NA,NA,"no",NA,NA,"no",NA,NA,NA,NA,NA,NA,27.667,NA,25.056,NA,8,NA,NA,NA,NA,NA,0,0,0,0,0,0,0,0,0,0,0,0,1,0,0,0,0,0,0,0,0,0,0,0,1,0,0,1,0,0,0,0,0,1,NA,"Clare_MudBig17N_6W_S31-6_SUMM_010.jpg","Clare_MudBig17N_6W_S31-6_SUMM_011.jpg"
58687367,"L374","149759357","CLARE","SHAMROCK",13,"July",1962,13,"July",1962,"medium","light","medium ","light",NA,NA,3.048,NA,NA,40.469,NA,100,NA,NA,NA,NA,NA,100,NA,NA,NA,NA,NA,NA,NA,1.1,3.048,NA,"yes",NA,"yes","yes",NA,"bans",NA,1.829,NA,NA,23.889,NA,18.333,NA,NA,NA,NA,NA,NA,NA,0,0,1,0,0,1,0,0,0,0,0,0,1,0,0,0,0,0,0,0,0,1,0,0,1,0,1,0,0,0,0,1,0,0,"bluegill_crappies_b_large_mouth_bass_northern_pike_bullhead_suckers_and_minnows_to_establish_in_pond","Clare_Shamrock_SUMM_005.jpg","Clare_Shamrock_SUMM_006.jpg"
58687368,"L2317","121859251","CLARE","SILVER",17,"August",1950,18,"August",1950,"light","light","light","light",NA,NA,15.849,4.724,NA,22.056,NA,25,NA,1,NA,0,NA,30,NA,0,NA,NA,130,153,NA,NA,NA,NA,"no",NA,"no","no",NA,"none",NA,5.334,9.144,NA,22.778,NA,9,NA,9.2,9,9.4,1.5,1.5,0,1,0,1,0,0,1,1,1,0,0,1,0,0,0,0,0,0,0,0,1,0,1,0,0,1,1,0,1,0,0,0,1,1,1,"green_sunfish_l_longear_sunfish; hornyhead_chub_killifish","Clare_Silver_SUMM_005.jpg","Clare_Silver_SUMM_006.jpg"
58687369,"L3642","121859009","CLARE","SHINGLE",17,"July",1954,21,"July",1954,"medium","light","medium","light",NA,NA,10.667,3.048,3.353,16.188,NA,30,NA,2,NA,0,NA,44,NA,0,NA,NA,91,109,NA,NA,0.61,NA,"yes",NA,"yes","yes, beaver dam",NA,"stops fish movement in the summer","yes",3.048,7.62,NA,26.667,NA,10.556,NA,9.1,9.7,9.7,0.5,0.2,NA,0,0,1,0,0,1,1,0,0,0,0,0,0,0,0,0,0,0,1,1,0,1,0,0,1,1,0,0,0,0,0,1,1,1,NA,"Clare_Shingle_SUMM_015.jpg","Clare_Shingle_SUMM_016.jpg"
58687370,"L12468","152094442","CLINTON","BURKE",17,"August",1938,17,"August",1938,"medium",NA,"medium",NA,NA,NA,11.887,3.861,NA,0.724,NA,10,NA,0,NA,0,NA,0,NA,0,NA,NA,175,241,NA,1.36,NA,NA,"no",NA,NA,"none",NA,NA,"yes",4.572,9.144,NA,25.3,NA,6.6,NA,9.9,17.7,NA,NA,NA,NA,0,0,0,0,0,1,0,0,0,0,0,0,1,0,0,1,0,0,0,0,0,1,0,0,1,1,0,1,0,0,0,0,0,0,"green_sunfish","Clinton_Burke_037.jpg","Clinton_Burke_038.jpg"
58687371,"L4289","121859063","CLARE","WINDOVER",16,"August",1950,17,"August",1950,"medium","light","medium","light",NA,NA,20.725,3.962,NA,20.235,NA,30,NA,1,NA,0,NA,30,NA,1,NA,NA,100,145,NA,NA,NA,NA,"no",NA,NA,"no",NA,NA,NA,5.486,9.906,NA,25,NA,7,6.2,9.5,9.1,8.9,1.8,1.2,0,1,0,0,0,0,1,1,0,0,0,1,0,0,0,0,0,0,0,0,1,0,1,0,0,1,1,0,1,0,0,0,0,1,1,"grn_sunfish_l_long_ear_sunfish; bluntnose_minnow_mudminnow","Clare_Windover_SUMM_022.jpg","Clare_Windover_SUMM_023.jpg"
58687372,"L9607","151870767","CLINTON","MUSKRAT",25,"July",1991,25,"July",1991,"medium","light","lighttomedium","light",NA,NA,NA,0.61,NA,17.402,NA,NA,NA,0,NA,0,NA,0,NA,0,NA,NA,0,NA,NA,NA,NA,NA,NA,NA,NA,NA,NA,NA,NA,2.743,3.657,NA,25,NA,19,NA,2.3,5.3,NA,NA,2.3,NA,0,0,0,0,0,0,0,0,0,0,0,0,0,0,0,0,0,0,0,0,0,0,0,0,0,0,0,0,0,0,0,0,0,0,NA,"Clinton_Muskrat_012.jpg","Clinton_Muskrat_013.jpg"
58687373,"L6963","152094467","CLINTON","PARK",15,"August",1938,NA,"August",NA,NA,NA,NA,NA,NA,NA,8.229,1.422,NA,75.152,NA,95,NA,NA,NA,1,NA,71,NA,0,NA,NA,115,135,NA,1.14,NA,NA,NA,NA,NA,NA,NA,NA,"yes",5.486,3.657,NA,26,26.9,19,NA,0.91,7.8,NA,NA,NA,NA,0,1,0,1,0,1,1,1,0,0,1,0,1,0,0,0,1,0,0,0,1,0,0,0,1,1,0,1,0,0,1,1,0,1,"bullhead_bass_bluntnose_minnow_golden_shiner; blackchin_minnow; chubsucker","Clinton_Park_018.jpg","Clinton_Park_019.jpg"
58687374,"L1222","152094465","CLINTON","ROSE",19,"August",1938,NA,"August",NA,NA,NA,NA,NA,NA,NA,2.743,1.829,NA,10.805,NA,90,NA,0,NA,0,NA,0,NA,0,NA,NA,130,145,NA,1.92,NA,NA,"no",NA,NA,"none",NA,NA,"yes",0.61,1.829,NA,27.222,NA,22.8,NA,5,7.5,NA,NA,NA,NA,0,0,1,0,0,1,0,1,0,0,0,0,1,0,0,1,0,0,0,0,0,0,0,0,1,1,0,0,0,0,0,1,0,1,"bass","Clinton_Rose_008.jpg","Clinton_Rose_009.jpg"
58687375,"L8974","83976547","CRAWFORD","BRIGHT",NA,"August",1946,NA,"August",1946,"medium","light","mediumtolight","light",NA,NA,12.191,5.181,NA,5.261,NA,NA,NA,NA,NA,NA,NA,0,NA,NA,NA,NA,128,150,NA,NA,NA,NA,"no",NA,NA,"none",NA,NA,"yes",6.4,NA,NA,20.1,NA,11.7,NA,8.6,NA,NA,NA,1.7,NA,0,0,0,0,0,1,0,0,0,0,0,0,0,0,0,1,0,0,0,0,0,1,0,0,0,0,0,1,0,0,0,1,0,1,NA,"Crawford_Bright_SUMM_012.jpg","Crawford_Bright_SUMM_013.jpg"
58687376,"L566","83976527","CRAWFORD","GLORY",NA,"August",1946,NA,"August",1946,"medium","light","medium ","light",NA,NA,14.325,NA,NA,9.308,NA,NA,NA,NA,NA,NA,NA,0,NA,NA,NA,NA,130,170,NA,NA,NA,NA,"no",NA,NA,"none",NA,NA,"yes",5.181,NA,NA,21.5,NA,8.7,NA,9.2,NA,NA,NA,10.9,3,0,0,0,0,0,1,0,0,0,0,0,0,0,0,0,1,0,0,0,0,0,1,0,0,0,0,0,1,0,0,0,1,0,1,"sucker","Crawford_Glory_SUMM_015.jpg","Crawford_Glory_SUMM_016.jpg"
58687377,"L8974","83976547","CRAWFORD","BRIGHT",14,"September",1962,NA,"September",NA,NA,NA,NA,NA,NA,NA,NA,NA,NA,NA,NA,NA,NA,NA,NA,NA,NA,NA,NA,NA,NA,NA,NA,NA,NA,NA,NA,NA,NA,NA,NA,NA,NA,NA,NA,NA,NA,NA,NA,NA,NA,NA,NA,NA,NA,NA,NA,NA,0,0,0,0,0,0,0,0,0,0,0,0,0,0,0,0,0,0,0,0,0,0,0,0,0,0,0,0,0,0,0,0,0,0,NA,"Crawford_Bright_SUMM_018.jpg","Crawford_Bright_SUMM_019.jpg"
58687378,"L8974","83976547","CRAWFORD","BRIGHT",19,"May",1960,20,"May",1960,NA,NA,NA,NA,NA,NA,NA,NA,NA,NA,NA,NA,NA,NA,NA,NA,NA,NA,NA,NA,NA,NA,NA,NA,NA,NA,NA,NA,NA,NA,NA,NA,NA,NA,NA,NA,NA,NA,NA,NA,NA,NA,NA,NA,NA,NA,NA,NA,0,0,0,0,0,1,0,0,0,0,0,0,0,0,0,0,0,0,0,0,0,0,0,0,0,0,0,1,0,0,0,0,0,1,NA,"Crawford_Bright_SUMM_020.jpg","Crawford_Bright_SUMM_021.jpg"
58687380,"L1615","60087944","CRAWFORD","HOWES",4,"August",1937,NA,NA,NA,NA,NA,NA,NA,NA,NA,7.315,3.81,NA,5.585,NA,NA,NA,NA,NA,NA,NA,NA,NA,NA,NA,NA,51,NA,NA,NA,NA,NA,"no",NA,NA,"no outlet",NA,NA,NA,NA,NA,NA,23.5,NA,21.4,NA,8.3,NA,NA,NA,6,NA,0,0,0,0,0,0,1,0,0,0,0,0,0,0,1,0,0,0,0,1,0,1,0,1,0,1,0,0,0,0,0,1,0,1,NA,"Crawford_Howes_SUMM_018.jpg","Crawford_Howes_SUMM_019.jpg"
58687384,"L12028","60087990","CRAWFORD","MARGRETHE",26,"July",1954,12,"August",1954,"light","light","light","reportedlight",NA,NA,19.811,3.962,4.572,777.013,NA,50,NA,2,NA,4,NA,307,NA,0,NA,NA,108,122,NA,NA,1.829,NA,"yes",NA,"yes","yes",NA,"withholds 2 feet of water. controlled by county supervisors. maintains lake level keeps fish from going upstream. in fall, timbers are removed and replaced until may or june, which allows free movements of fish in winter and early spring.","yes",9.906,12.191,NA,21.111,NA,12.778,13.333,7.4,7.9,4.1,6,0.5,5.3,0,0,0,0,0,1,1,0,0,0,1,0,0,0,0,1,0,0,0,1,0,1,0,0,1,1,0,1,1,0,1,1,0,1,"forage_minnow_sand_shiner_redbelly_dace_spotted_shiner_logperch_perch","Crawford_Margrethe_SUMM_028.jpg","Crawford_Margrethe_SUMM_029.jpg"
58687385,"L10024","83976123","CRAWFORD","KPBIG",25,"August",1947,25,"August",1947,"medium","light","medium","light",NA,NA,8.229,NA,NA,NA,NA,NA,NA,1,NA,1,NA,9,NA,0,NA,NA,34,39,NA,NA,NA,NA,"no",NA,NA,"none.",NA,NA,"yes",6.096,8.229,"yes",26.667,NA,20.778,NA,8,NA,NA,NA,1.4,NA,0,0,0,0,0,1,0,0,0,0,0,0,0,0,0,0,0,0,0,0,0,1,0,0,0,1,0,1,1,0,0,0,0,0,NA,"Crawford_KPBig_SUMM_007.jpg","Crawford_KPBig_SUMM_008.jpg"
58687386,"L10275","148710305","GENESSE","LOBDELL",17,"July",1941,21,"July",1941,"heavy","heavy","heavy","heavy",NA,NA,23.773,2.591,3.048,220.425,NA,90,NA,4,NA,2,NA,200,NA,0,NA,NA,125,212,NA,3.98,6.096,NA,"yes",NA,"yes","Yes",NA,"fish ladder ineffective, probably stops fish movements","yes",5.334,9.144,NA,22.2,23.9,3.9,17.8,7.8,9.5,NA,NA,5.8,0,0,0,1,0,1,1,1,1,0,0,0,0,0,0,0,0,1,0,0,0,1,1,0,0,1,1,0,0,0,0,0,0,1,1,"warmouth_mud_pickeral; blackchin_chin_minnow","Genesse_Lobdell_SUMM_001_01_A.jpg","Genesse_Lobdell_SUMM_001_01_B.jpg"
58687387,"L7959","149759084","GLADWIN","CEDAR",19,"August",1950,19,"August",1950,"light","light","light","light",NA,NA,10.058,3.2,NA,4.087,NA,NA,NA,1,NA,0,NA,5,NA,0,NA,NA,119,171,NA,NA,NA,NA,NA,NA,NA,NA,NA,NA,"yes",4.572,7.62,NA,23.889,NA,9.7,NA,8.8,8.7,8.5,0.2,0,NA,0,0,0,0,0,1,0,0,0,0,0,0,0,0,0,0,0,0,0,0,0,1,0,0,0,0,0,0,0,0,0,0,0,1,NA,"Gladwin_Cedar_SUMM_006.jpg","Gladwin_Cedar_SUMM_007.jpg"
58687388,"L12519","148710132","GENESSE","FENTON",6,"September",1955,14,"September",1955,"heavy","heavy","fairlyheavy","heavy",NA,NA,28.04,3.962,NA,341.967,NA,40,NA,6,NA,2,NA,569,NA,1,NA,NA,111,136,NA,NA,NA,NA,"no",NA,NA,"no",NA,NA,NA,7.62,12.191,NA,20.556,22.222,8.333,11.667,7.3,8,0.4,7,0,NA,1,0,1,0,0,1,1,0,1,0,1,0,0,0,0,0,0,0,1,1,0,1,1,0,1,1,0,1,1,0,0,1,1,1,"warmouth_green_sunfish; mud_mudminnow","Genesse_Fenton_SUMM_001_02_A.jpg","Genesse_Fenton_SUMM_001_02_B.jpg"
58687389,"L3887","149759073","GLADWIN","ELK",NA,"January",1959,NA,"January",1959,"medium","light","medium","light",NA,NA,10.667,NA,NA,28.733,NA,NA,NA,1,NA,1,NA,75,NA,0,NA,NA,NA,NA,NA,1.2,0.457,NA,"yes",NA,"yes","temporary wier installed 1959",NA,"completely blocks movement. operated to keep northern pike out.",NA,3.657,5.181,NA,24.444,NA,9.2,NA,14.6,NA,11.6,NA,3.5,NA,0,0,0,0,0,1,0,0,0,0,0,0,0,0,0,0,0,0,0,0,0,1,0,0,0,0,1,0,0,0,0,0,0,0,NA,"Gladwin_Elk_SUMM_014.jpg","Gladwin_Elk_SUMM_015.jpg"
58687390,"L11405","149759103","GLADWIN","BLUE",19,"August",1950,19,"August",1950,"light","light","light","lightornone",NA,NA,14.63,2.133,NA,4.856,NA,NA,NA,0,NA,0,NA,0,NA,0,NA,NA,180,220,NA,NA,NA,NA,"no",NA,NA,"no",NA,NA,"yes",6.096,10.667,NA,21.111,NA,6.7,NA,10.7,6.6,7.4,0.8,0,NA,0,0,0,0,0,1,1,0,0,0,0,0,0,0,0,1,0,0,0,0,0,1,0,0,0,0,0,1,0,0,0,0,0,1,"green_sunfish_trout","Gladwin_Blue_SUMM_005.jpg","Gladwin_Blue_SUMM_006.jpg"
58687391,"L8343","149759080","GLADWIN","HOISTER",25,"August",1938,NA,"August",NA,"light",NA,"verylittle",NA,NA,NA,9.448,3.734,NA,5.382,NA,70,NA,0,NA,0,NA,0,NA,0,NA,NA,153,185,NA,1.8,1.829,NA,"yes",NA,NA,"beaver dam",NA,NA,"yes",8.229,5.486,NA,22.5,NA,11.6,NA,1.7,8.8,NA,NA,1,NA,0,0,0,0,0,0,1,0,0,0,0,0,0,0,0,0,0,0,0,0,0,0,0,0,0,1,0,1,0,0,0,0,0,1,"semotilus","Gladwin_Hoister_SUMM_029.jpg","Gladwin_Hoister_SUMM_030.jpg"
58687392,"L4329","149759083","GLADWIN","HOUSE",23,"August",1938,23,"August",1938,"light","none","light","none",NA,NA,6.4,2.337,NA,1.781,NA,45,NA,0,NA,0,NA,0,NA,0,NA,NA,125,135,NA,1.17,NA,NA,NA,NA,NA,NA,NA,NA,"yes",3.657,5.486,NA,25.8,NA,19,NA,7.7,8.3,NA,NA,3.4,7.7,0,0,0,0,0,0,0,0,0,0,0,0,0,0,1,0,0,0,0,0,0,0,0,0,0,1,0,0,0,0,0,0,0,1,"green_sunfishpumpkinseed_hybrid; semotilus; carp","Gladwin_House_SUMM_017.jpg","Gladwin_House_SUMM_018.jpg"
58687393,"L7869","149759072","GLADWIN","LAKEFOUR",7,"June",1959,NA,NA,NA,"medium","medium","medium","medium",NA,NA,12.191,NA,NA,14.974,NA,20,NA,1,NA,NA,NA,14,NA,NA,NA,NA,NA,NA,NA,1.2,1.829,NA,"yes",NA,"yes","yes",NA,"blocks",NA,NA,NA,NA,NA,NA,NA,NA,NA,NA,NA,NA,NA,NA,0,0,0,0,0,1,0,0,0,0,0,0,1,0,0,0,0,0,0,0,0,1,0,0,1,1,0,0,0,0,0,1,0,1,"minnows","Gladwin_LakeFour_SUMM_007.jpg","Gladwin_LakeFour_SUMM_008.jpg"
58687394,"L13045","149759175","GLADWIN","PRATT'S",31,"August",1953,1,"October",1953,"medium","medium","medium","medium",NA,NA,8.534,NA,NA,72.845,NA,65,NA,3,NA,3,NA,100,NA,0,NA,NA,105,NA,NA,NA,NA,NA,"no",NA,NA,"no",NA,NA,NA,5.334,7.772,NA,25.556,26.111,22.222,15,6.1,5.8,5.5,1.3,NA,NA,1,0,1,1,0,1,1,0,0,0,0,0,0,0,0,0,0,0,0,0,0,1,0,0,1,1,0,0,0,0,1,1,1,1,"spotfin_pug_pugnose_shiner_brook_stickleback","Gladwin_Pratt's_SUMM_019.jpg","Gladwin_Pratt's_SUMM_020.jpg"
58687395,"L11287","149759308","GLADWIN","ROSS",1,"July",1951,7,"July",1951,"light","light","light","light",NA,NA,5.791,0.305,0.61,118.98,NA,100,NA,4,NA,2,NA,40,NA,0,NA,NA,173,179,NA,NA,6.096,NA,"yes",NA,"yes","yes",NA,"prevents movement","no",NA,NA,NA,20.556,NA,20,NA,NA,NA,NA,NA,NA,NA,1,0,1,1,0,1,1,0,0,0,0,0,0,0,1,0,0,0,0,1,0,1,0,1,1,1,0,1,1,0,0,1,0,1,"spotfin_shiner_rosyface_shiner_banded_killifish; redhorse_hognose_sucker","Gladwin_Ross_SUMM_011.jpg","Gladwin_Ross_SUMM_012.jpg"
58687396,"L532","149759238","GLADWIN","SMALLWOOD",6,"August",1951,15,"August",1951,"light","light","light","light",NA,NA,9.144,0.914,1.524,97.127,NA,NA,NA,4,NA,2,NA,60,NA,0,NA,NA,142,164,NA,NA,8.534,NA,"yes",NA,"yes","yes",NA,"prevents fish movements",NA,NA,NA,NA,24.444,24.722,20.556,NA,8.3,0.2,NA,NA,NA,NA,0,1,1,0,1,1,1,0,0,0,0,0,0,0,1,1,1,0,1,1,0,1,0,0,1,1,0,1,0,0,0,1,0,1,"bluntnose_minnow_log_perch_blackside_darter_emerald_shiner; redhorse","Gladwin_Smallwood_SUMM_013.jpg","Gladwin_Smallwood_SUMM_014.jpg"
58687397,"L992","149759239","GLADWIN","SLAUGHTER-HOUSE",12,"August",1962,12,"August",1962,"light","light","light","light",NA,NA,6.4,NA,NA,1.619,NA,80,NA,NA,NA,NA,NA,0,NA,NA,NA,NA,NA,NA,NA,1.1,1.219,NA,"no",NA,"yes","to be built in 1963",NA,"bar",NA,3.657,5.181,NA,22.222,NA,12.222,NA,8.3,NA,5.5,NA,1.1,NA,0,0,0,0,0,0,0,0,0,0,0,0,0,0,0,0,0,0,0,0,0,0,0,0,0,0,0,0,0,0,0,0,0,0,"lake_trouted_with_toxiphene_1962_plan_to_restock_with_trout_1963","Gladwin_Slaughter-House_SUMM_003.jpg","Gladwin_Slaughter-House_SUMM_004.jpg"
58687398,"L8692","149759093","GLADWIN","STREAKED",19,"August",1947,NA,"August",NA,"light","light","light","light",NA,NA,7.62,NA,NA,4.047,NA,NA,NA,NA,NA,NA,NA,0,NA,NA,NA,NA,165,170,NA,NA,NA,NA,"no",NA,NA,"none",NA,NA,"yes",3.048,6.705,NA,26.667,NA,13.611,NA,8.4,NA,NA,NA,2,NA,0,0,0,0,0,0,0,0,0,1,0,0,0,0,0,1,0,0,0,0,0,1,0,0,0,0,0,1,0,0,0,1,0,1,"green_sunfish; common_shiners","Gladwin_Streaked_SUMM_009.jpg","Gladwin_Streaked_SUMM_010.jpg"
58687399,"L8404","149759370","GLADWIN","WIXOM",9,"July",1951,19,"July",1951,"medium","medium","medium","medium",NA,NA,12.191,0.914,2.438,801.295,NA,70,NA,10,NA,9,NA,500,NA,0,NA,NA,127,176,NA,NA,13.715,NA,"yes",NA,"yes","yes (wixom)",NA,"prohibits upstream movement.",NA,6.096,9.144,NA,24.444,NA,21.111,12.778,9.6,2.9,2.9,0,0,NA,0,1,1,0,0,1,1,0,0,0,1,0,0,0,1,1,1,0,1,1,0,1,0,1,1,1,0,1,1,0,1,1,1,1,"fathead_sand_shiner_spotfin_shiner_brassy_minnow_hornyhead_chub_stoneroller_logperch_blackside_darter_blackside_darter; carp","Gladwin_Wixom_SUMM_020.jpg","Gladwin_Wixom_SUMM_021.jpg"
58687400,"L4558","149759089","GLADWIN","TROUT",24,"August",1938,24,"August",1938,"light",NA,"light",NA,NA,NA,4.572,3.81,NA,2.145,NA,75,NA,0,NA,0,NA,0,NA,0,NA,NA,158,172,NA,1.92,1.524,NA,"yes",NA,NA,"[5] beaver dam forms lake",NA,NA,"yes",3.657,2.438,NA,20,NA,17.4,NA,9,9.9,NA,NA,3.9,NA,0,0,0,0,0,0,1,0,0,1,0,0,0,0,0,1,0,0,0,0,0,0,0,0,0,0,0,0,0,0,0,1,0,1,"semotilus_stromaculatus_common_creek_chub; ccommersonnii","Gladwin_Trout_SUMM_032.jpg","Gladwin_Trout_SUMM_033.jpg"
58687401,"L10835","149759227","GLADWIN","WIGGINS",19,"June",1951,27,"June",1951,"medium","medium","medium","medium",NA,NA,7.62,1.829,2.286,140.024,NA,90,NA,4,NA,3,NA,135,NA,0,NA,NA,160,176,NA,NA,9.144,NA,"yes",NA,"yes","chappel dam",NA,"prevents movement",NA,NA,NA,NA,20,25,20,20.556,4.9,7.7,NA,NA,NA,NA,1,0,1,0,0,1,1,0,0,0,0,0,1,0,0,1,1,0,0,1,0,1,0,0,1,1,0,1,1,0,0,1,0,0,"crappie; spotfin_shiner; redhorse","Gladwin_Wiggins_SUMM_018.jpg","Gladwin_Wiggins_SUMM_019.jpg"
58687402,"L8692","149759093","GLADWIN","STREAKED",19,"August",1950,19,"August",1950,"light","light","light","light",NA,NA,7.62,3.657,NA,3.966,NA,40,NA,0,NA,0,NA,0,NA,0,NA,NA,172,174,NA,NA,NA,NA,"no",NA,"no","no",NA,"-",NA,3.81,7.01,NA,21.111,NA,13.7,NA,9.4,8.9,9.2,2.7,NA,NA,0,0,0,0,0,1,0,0,0,1,0,0,0,0,0,1,0,0,0,0,0,1,0,0,0,0,0,1,0,0,0,1,0,1,"green_sunfish","Gladwin_Streaked_SUMM_011.jpg","Gladwin_Streaked_SUMM_012.jpg"
58687403,"L3442","{7566FFBD-76AB-42B7-A82C-1AAF0073F667}","GLADWIN","TWENTYLITTLE",12,"August",1962,12,"August",1962,"light","light","light","light",NA,NA,7.924,NA,NA,2.023,2.428,30,NA,NA,NA,NA,NA,1,NA,NA,NA,NA,NA,NA,NA,1,NA,NA,NA,NA,NA,NA,NA,NA,NA,3.657,6.096,NA,21.111,NA,7.222,NA,6.4,NA,4.9,NA,NA,NA,0,1,1,0,0,1,0,0,0,0,1,0,0,0,0,0,0,0,0,0,0,1,0,0,1,0,0,0,0,0,0,0,0,1,NA,"Gladwin_TwentyLittle_SUMM_003.jpg","Gladwin_TwentyLittle_SUMM_004.jpg"
58687404,"L42630","123396012","GOGEBIC","BARB",30,"July",1962,31,"July",1962,"light","none","light","none",NA,NA,6.096,2.895,NA,25.091,NA,NA,NA,0,NA,0,NA,1,NA,0,NA,NA,NA,NA,NA,NA,NA,NA,"no",NA,NA,"no",NA,NA,NA,2.743,3.657,NA,21.111,NA,16.889,NA,9,NA,6.5,NA,4.7,NA,0,0,0,0,0,0,0,0,0,0,0,0,1,0,0,0,0,0,0,0,0,0,0,0,0,0,0,0,0,0,0,0,0,1,"creek_chub","Gogebic_Barb_SUMM_001.jpg","Gogebic_Barb_SUMM_002.jpg"
58687405,"L44886","123396785","GOGEBIC","ALBINO",7,"August",1953,7,"August",1953,"light","light","light","light",NA,NA,4.877,NA,NA,7.163,NA,95,NA,0,NA,0,NA,0,NA,0,NA,NA,NA,NA,NA,NA,NA,NA,"no",NA,NA,"no",NA,NA,NA,NA,NA,NA,19.2,NA,15.8,NA,NA,NA,NA,NA,NA,NA,0,0,0,0,0,0,0,0,0,0,0,0,0,0,0,0,1,0,0,0,0,0,0,0,0,0,0,0,0,0,0,0,0,1,"log_perch","Gogebic_Albino_SUMM_005.jpg","Gogebic_Albino_SUMM_006.jpg"
58687406,"L44636","123397569","GOGEBIC","ALLEN",19,"June",1961,20,"June",1961,"light",NA,"light",NA,NA,NA,12.496,3.657,3.962,31.971,NA,15,NA,0,NA,0,NA,2,NA,0,NA,NA,4,NA,NA,NA,NA,NA,"no",NA,NA,"none",NA,NA,NA,3.657,6.4,NA,23.889,NA,7.222,NA,7.5,7,7,5.1,5.1,2.2,0,0,0,0,0,1,0,0,0,0,0,0,0,0,0,0,0,0,0,0,0,1,0,0,0,0,0,0,1,0,0,1,0,1,NA,"Gogebic_Allen_SUMM_009.jpg","Gogebic_Allen_SUMM_010.jpg"
58687407,"L41392","123396104","GOGEBIC","BASSMARENISCOTWP",3,"September",1937,3,"September",1937,NA,NA,NA,NA,"yes","permitted",3.962,1.372,NA,77.297,NA,NA,NA,NA,NA,NA,NA,NA,NA,NA,NA,"camp bonifos c.c.c. camp, 7 cottages on lake",36,39,NA,NA,NA,NA,"no",NA,NA,"no",NA,NA,NA,NA,NA,NA,23.333,NA,21.9,NA,7.4,NA,NA,NA,7,NA,0,0,1,0,0,1,0,0,0,0,0,0,0,0,0,1,1,0,1,0,0,1,0,0,0,0,0,0,0,0,0,1,0,1,"c_sucker_a_sunfish_bass_perch_lmc; mud_minnow; c_sucker_not_specified_whether_its_chubsucker_or_common_sucker","Gogebic_BassMareniscoTwp_SUMM_004.jpg","Gogebic_BassMareniscoTwp_SUMM_005.jpg"
58687408,"L41392","123396104","GOGEBIC","BASSMARENISCOTWP",6,"July",1962,6,"July",1962,"medium","light","medium","light",NA,NA,3.962,NA,NA,77.297,NA,NA,NA,0,NA,1,NA,3,NA,0,NA,NA,NA,NA,NA,NA,NA,NA,"no",NA,NA,"no",NA,NA,NA,NA,NA,NA,NA,NA,NA,NA,NA,NA,NA,NA,NA,NA,0,0,1,0,0,1,0,0,0,0,0,0,0,0,0,0,1,0,0,0,0,1,0,0,1,1,0,0,0,0,0,1,1,1,NA,"Gogebic_BassMareniscoTwp_SUMM_002.jpg","Gogebic_BassMareniscoTwp_SUMM_003.jpg"
58687409,"L40590","123395671","GOGEBIC","BEATONS",7,"September",1937,NA,"September",NA,NA,NA,NA,NA,"yes","permitted",28.955,5.486,4.115,133.549,NA,NA,NA,NA,NA,NA,NA,NA,NA,NA,NA,"two lodges (caseda and stickley) private, 45 boats for rent.",23,NA,NA,NA,NA,NA,NA,NA,NA,NA,NA,NA,NA,NA,NA,NA,21.8,NA,6.6,NA,8.8,NA,NA,NA,0.4,NA,0,0,0,0,1,0,1,0,0,1,0,0,0,0,0,1,0,0,1,0,0,0,0,0,0,0,1,1,1,0,0,1,0,1,"sunfish_fry_lake_trout_brookland_locked_salmon; muddler; sucker","Gogebic_Beatons_SUMM_030.jpg","Gogebic_Beatons_SUMM_031.jpg"
58687410,"L45081","120020868","GOGEBIC","BIRCH",15,"August",1949,17,"August",1949,"heavy","heavy","heavy","heavy",NA,NA,4.572,NA,NA,80.939,NA,90,NA,NA,NA,1,NA,10,NA,NA,NA,NA,14,18,NA,NA,0.914,NA,"yes",NA,"no","3'",NA,"none","no",NA,NA,NA,25,26.667,22.8,24.3,6.6,8.2,NA,NA,NA,NA,0,0,0,0,0,0,1,0,0,0,0,0,0,0,0,0,0,0,1,1,0,0,0,0,1,0,0,1,1,0,1,0,0,1,"green_sunfish","Gogebic_Birch_SUMM_006.jpg","Gogebic_Birch_SUMM_007.jpg"
58687411,"L39642","123395599","GOGEBIC","BEATONSLITTLE",11,"July",1963,11,"July",1963,"light",NA,"light4boatsleftatlake",NA,NA,NA,5.486,1.219,NA,6.07,NA,75,85,NA,NA,NA,NA,NA,NA,NA,NA,NA,0.1,0.6,NA,NA,NA,NA,NA,NA,NA,NA,NA,NA,NA,2.743,4.572,NA,22.778,NA,13.333,NA,5,NA,0.88,NA,1.08,NA,0,0,0,0,0,1,0,0,0,0,1,0,0,0,0,0,0,0,0,0,0,1,0,0,0,0,0,0,0,0,0,1,0,1,NA,"Gogebic_BeatonsLittle_SUMM_005.jpg","Gogebic_BeatonsLittle_SUMM_006.jpg"
58687412,"L45248","123147939","GOGEBIC","BLUEBELL",17,"July",1962,NA,"July",NA,"light",NA,"light",NA,NA,NA,9.144,0.914,NA,4.047,NA,NA,NA,0,NA,0,NA,0,NA,0,NA,NA,NA,NA,NA,NA,NA,NA,"no",NA,NA,"no",NA,NA,NA,1.524,3.048,NA,21.111,NA,9.778,NA,3.6,NA,2.8,NA,3.7,NA,0,0,0,0,0,1,0,0,0,0,0,0,0,0,0,0,0,0,0,0,0,0,0,0,0,0,0,0,0,0,0,0,0,1,NA,"Gogebic_Bluebell_SUMM_004.jpg","Gogebic_Bluebell_SUMM_005.jpg"
58687413,"L45438","123147725","GOGEBIC","BLUEJAY",13,"July",1960,13,"July",1960,"light",NA,"lighttonone",NA,NA,NA,13.715,NA,NA,8.094,NA,25,NA,0,NA,0,NA,0,NA,0,NA,NA,5,NA,NA,NA,NA,NA,NA,NA,NA,NA,NA,NA,NA,1.829,6.4,NA,23.333,NA,6.667,NA,NA,NA,NA,NA,NA,NA,0,0,0,0,0,0,0,0,0,0,0,0,0,0,0,0,0,0,0,0,0,0,0,0,0,0,0,0,0,0,0,0,0,0,"mud_minnow_northern_red_bellied_dace","Gogebic_Bluejay_SUMM_004.jpg","Gogebic_Bluejay_SUMM_005.jpg"
58687414,"L41950","123395631","GOGEBIC","BUCK",25,"June",1962,26,"June",1962,"medium","none","moderate","none",NA,NA,6.096,3.353,NA,9.308,NA,60,NA,0,NA,0,NA,0,NA,0,NA,NA,NA,NA,NA,NA,NA,NA,"no",NA,NA,"no",NA,NA,NA,3.048,4.572,NA,22.611,NA,13.111,NA,4.6,NA,4.3,NA,0.5,NA,0,0,0,0,0,1,0,0,0,0,0,0,0,0,0,0,0,0,0,0,0,1,0,0,0,0,0,0,0,0,0,0,0,0,NA,"Gogebic_Buck_SUMM_002.jpg","Gogebic_Buck_SUMM_003.jpg"
58687415,"L39126","123395660","GOGEBIC","CASTLE",26,"June",1962,28,"June",1962,"light","none","light","none",NA,NA,15.849,2.438,NA,11.331,NA,NA,NA,0,NA,0,NA,0,NA,0,NA,NA,NA,NA,NA,NA,NA,NA,"no",NA,NA,"no",NA,NA,NA,1.524,6.096,NA,20.556,NA,5.722,NA,5.1,NA,4.8,NA,4,NA,0,0,0,0,0,0,0,0,0,0,0,0,0,0,0,0,0,0,0,0,0,0,0,0,0,0,0,0,0,0,0,0,0,0,NA,"Gogebic_Castle_SUMM_003.jpg","Gogebic_Castle_SUMM_004.jpg"
58687416,"L36814","123147724","GOGEBIC","CHANEY",27,"September",1950,28,"September",1950,"medium","light","medium","light",NA,NA,6.096,NA,NA,210.441,NA,75,NA,0,NA,0,NA,12,NA,NA,NA,NA,40,NA,NA,NA,NA,NA,"no",NA,NA,"no",NA,NA,NA,5.791,5.791,NA,14.444,NA,12.222,NA,8.23,7.16,NA,NA,NA,NA,0,0,0,0,0,0,0,0,0,0,0,0,0,0,0,1,0,0,0,0,0,0,0,0,1,1,0,0,0,0,0,1,0,1,NA,"Gogebic_Chaney_SUMM_007.jpg","Gogebic_Chaney_SUMM_008.jpg"
58687417,"L39484","123395657","GOGEBIC","CASTLELITTLE",27,"June",1962,28,"June",1962,"light","none","light","none",NA,NA,15.544,3.962,NA,2.023,NA,NA,NA,0,NA,0,NA,0,NA,0,NA,NA,NA,NA,NA,NA,NA,NA,"no",NA,NA,"no",NA,NA,NA,1.524,4.572,NA,21.667,NA,5.222,NA,6.3,NA,5.6,NA,5.3,NA,0,0,0,0,0,0,0,0,0,0,0,0,0,0,0,0,0,0,0,0,0,0,0,0,0,0,0,0,0,0,0,0,0,0,NA,"Gogebic_CastleLittle_SUMM_002.jpg","Gogebic_CastleLittle_SUMM_003.jpg"
58687418,"L44231","123397189","GOGEBIC","CLOVERLEAF",22,"June",1955,25,"June",1955,"light",NA,"light",NA,NA,NA,6.705,2.438,NA,23.068,NA,90,NA,0,NA,0,NA,5,NA,0,NA,NA,1,5,NA,NA,NA,NA,"no",NA,NA,"none",NA,NA,NA,2.133,3.962,NA,20,21.111,7.778,11.667,3.2,8.2,0.5,6.2,0,0.5,0,0,0,0,0,1,0,0,0,0,1,0,0,0,0,1,1,0,1,0,0,1,0,0,1,1,0,0,0,0,1,1,0,1,"bevegills; darter; brn_butthead","Gogebic_Cloverleaf_SUMM_008.jpg","Gogebic_Cloverleaf_SUMM_009.jpg"
58687419,"L44231","123397189","GOGEBIC","CLOVERLEAF",22,"June",1955,25,"June",1955,"light","none","light","none",NA,NA,6.705,2.438,NA,23.068,NA,90,NA,0,NA,0,NA,5,NA,0,NA,NA,1,5,NA,NA,NA,NA,"no",NA,NA,"none",NA,NA,NA,2.133,3.962,NA,20,21.111,7.778,11.667,3.2,8.2,0.5,6.1,0,0.5,0,1,0,0,0,1,0,0,0,0,1,0,0,0,0,1,1,0,0,1,0,1,0,0,1,1,0,0,0,0,1,1,0,1,NA,"Gogebic_Cloverleaf_SUMM_006.jpg","Gogebic_Cloverleaf_SUMM_007.jpg"
58687420,"L45780","{E170924C-4133-4C8E-8883-F6D0D6E6766B}","GOGEBIC","CISCO",13,"August",1953,25,"August",1953,"medium","medium","medium","lighttomedium",NA,NA,6.096,NA,NA,204.775,NA,95,NA,3,NA,3,NA,35,NA,0,NA,NA,36,NA,NA,NA,1.524,NA,"yes",NA,"yes","concrete dam, with removable stop logs constructed 1922.",NA,"prevents migration upstream of fish. barr fish lock at dam.","no",NA,NA,NA,21.9,NA,21.8,NA,NA,NA,NA,NA,NA,NA,0,0,0,0,0,1,0,0,0,0,0,0,0,0,0,0,0,0,0,0,0,0,0,0,1,1,0,1,1,0,1,1,0,1,NA,"Gogebic_Cisco_SUMM_019.jpg","Gogebic_Cisco_SUMM_020.jpg"
58687421,"L45116","{B0CDF3B7-4F28-4149-8A5D-4FF36807F020}","GOGEBIC","CORNELIA",13,"July",1962,13,"July",1962,"light","none","light","none",NA,NA,12.191,2.743,NA,5.706,NA,NA,NA,0,NA,0,NA,0,NA,0,NA,NA,5,NA,NA,NA,NA,NA,"no",NA,NA,"no",NA,NA,NA,1.524,3.048,NA,22.611,NA,6,NA,4.8,NA,NA,NA,0.2,NA,0,0,0,0,0,1,0,0,0,0,0,0,0,0,0,0,0,0,0,0,0,1,0,0,0,0,0,0,0,0,0,0,0,0,NA,"Gogebic_Cornelia_SUMM_007.jpg","Gogebic_Cornelia_SUMM_008.jpg"
58687422,"L41440","123395751","GOGEBIC","CRANE",20,"September",1952,21,"September",1952,"light","none","light","none",NA,NA,6.096,2.286,2.743,26.305,NA,85,NA,0,NA,0,NA,0,NA,0,NA,NA,8,NA,NA,NA,NA,NA,"no",NA,NA,"no",NA,NA,"no",NA,NA,NA,16.111,NA,15.556,NA,6,NA,NA,NA,NA,NA,0,0,0,0,0,0,0,0,0,0,0,0,0,0,0,0,0,0,1,0,0,1,0,0,0,0,0,0,0,0,0,0,0,1,NA,"Gogebic_Crane_SUMM_004.jpg","Gogebic_Crane_SUMM_005.jpg"
58687423,"L45613","123397174","GOGEBIC","CROOKED",18,"July",1938,23,"July",1938,"medium","none","medium","none",NA,NA,20.116,2.133,3.962,229.017,NA,35,NA,0,NA,1,NA,5,NA,0,NA,NA,50,74,NA,3.6,NA,NA,"yes",NA,"no","natural log jam",NA,"none","yes",3.657,9.144,NA,23,23.8,8,NA,7.6,8,NA,NA,2,NA,0,0,1,0,0,1,0,0,0,0,0,0,0,1,0,0,1,0,1,0,0,1,0,0,0,0,0,0,1,0,0,1,0,1,"common_sunfish_crappie; mud_minnow_muddlers_one_other_species; suckers","Gogebic_Crooked_SUMM_016.jpg","Gogebic_Crooked_SUMM_017.jpg"
58687424,"L46382","123148056","GOGEBIC","CYRUS",16,"August",1961,NA,NA,NA,"light","none","light","none",NA,NA,9.448,NA,NA,NA,NA,50,NA,0,NA,0,NA,0,NA,0,NA,NA,NA,NA,NA,NA,NA,NA,"no",NA,NA,"no",NA,NA,NA,NA,NA,NA,NA,NA,NA,NA,NA,NA,NA,NA,NA,NA,0,0,0,0,0,1,0,0,0,0,0,0,0,0,0,0,0,0,0,0,0,1,0,0,0,0,0,0,0,0,0,1,0,1,NA,"Gogebic_Cyrus_SUMM_008.jpg","Gogebic_Cyrus_SUMM_009.jpg"
58687425,"L38772","123394671","GOGEBIC","CUP",15,"August",1963,NA,NA,NA,"light","heavy","light","7",NA,NA,1.524,0.914,NA,33.59,NA,100,NA,0,NA,0,NA,1,NA,0,NA,NA,9,NA,NA,NA,NA,NA,"no",NA,NA,"none",NA,NA,"no",NA,NA,NA,19.611,NA,19,NA,7.4,NA,NA,NA,NA,NA,0,0,0,0,0,0,0,0,0,0,0,0,0,0,0,1,1,0,0,0,0,0,0,0,0,0,0,0,0,0,0,1,0,1,"creek_chub","Gogebic_Cup_SUMM_003.jpg","Gogebic_Cup_SUMM_004.jpg"
58687426,"L45046","123147994","GOGEBIC","DOWNY",29,"August",1943,29,"August",1943,"none","none","none","none",NA,NA,7.62,NA,NA,2.428,3.238,NA,NA,NA,NA,NA,NA,0,NA,NA,NA,NA,35,NA,NA,NA,NA,NA,"no",NA,NA,"none",NA,NA,"yes",0.305,3.048,NA,20,NA,4.444,NA,4.9,0.8,NA,NA,0,NA,0,0,0,0,0,0,0,0,0,0,0,0,0,0,0,0,0,0,0,0,0,0,0,0,0,0,0,0,0,0,0,0,0,0,NA,"Gogebic_Downy_SUMM_002.jpg","Gogebic_Downy_SUMM_003.jpg"
58687427,"L43171","123148014","GOGEBIC","DAWN",28,"September",1978,NA,"September",NA,"light",NA,"light",NA,NA,NA,18.287,3.048,NA,NA,NA,NA,NA,0,NA,0,NA,0,NA,0,NA,NA,NA,NA,NA,NA,NA,NA,"no",NA,NA,"none",NA,NA,NA,NA,NA,NA,16,NA,NA,NA,NA,NA,NA,NA,NA,NA,0,0,0,0,0,0,0,0,0,1,0,0,0,0,0,0,0,0,0,0,0,0,0,0,0,1,0,0,0,0,0,0,0,0,"pss","Gogebic_Dawn_SUMM_007.jpg","Gogebic_Dawn_SUMM_008.jpg"
58687428,"L43171","123148014","GOGEBIC","DAWN",4,"August",1961,NA,"August",NA,"light","none","light","none",NA,NA,13.106,NA,NA,NA,NA,85,NA,0,NA,0,NA,0,NA,0,NA,NA,NA,NA,NA,NA,NA,NA,"no",NA,NA,"none",NA,NA,NA,NA,NA,NA,NA,NA,NA,NA,NA,NA,NA,NA,NA,NA,0,0,0,0,0,1,0,0,0,0,0,0,0,0,0,0,0,0,0,0,0,0,0,0,1,1,0,0,0,0,0,0,0,0,NA,"Gogebic_Dawn_SUMM_005.jpg","Gogebic_Dawn_SUMM_006.jpg"
58687429,"L45340","123397739","GOGEBIC","DEVIL'SHEAD",24,"June",1960,NA,NA,NA,"light",NA,"light",NA,NA,NA,14.325,4.267,4.572,36.827,NA,NA,NA,50,NA,NA,NA,1,NA,NA,NA,NA,2,NA,NA,NA,NA,NA,NA,NA,NA,NA,NA,NA,NA,2.743,8.229,NA,22.778,NA,7.778,NA,6.7,NA,6.7,6.2,4.5,NA,0,0,0,0,0,1,0,0,0,0,0,0,0,0,0,0,1,0,0,0,0,0,0,0,0,0,0,0,0,0,0,1,0,1,NA,"Gogebic_Devil'sHead_SUMM_012.jpg","Gogebic_Devil'sHead_SUMM_013.jpg"
58687430,"L44217","123397922","GOGEBIC","DREAM",27,"August",1964,3,"September",1964,"medium",NA,"medium",NA,NA,NA,NA,0.762,1.067,NA,NA,NA,NA,0,NA,0,NA,0,NA,0,NA,NA,44,51,NA,NA,NA,NA,NA,NA,NA,NA,NA,NA,NA,1,NA,NA,19.611,NA,17.889,NA,9.2,7.9,NA,NA,NA,NA,0,0,0,0,0,1,0,0,0,0,0,0,0,0,0,1,0,0,0,0,0,0,0,0,1,1,0,0,0,0,0,1,1,1,NA,"Gogebic_Dream_SUMM_005.jpg","Gogebic_Dream_SUMM_006.jpg"
58687431,"L45108","123397648","GOGEBIC","DUCK",30,"August",1956,8,"September",1956,"light",NA,"light",NA,NA,NA,7.62,NA,NA,246.864,NA,50,NA,0,NA,0,NA,55,NA,0,NA,NA,18,NA,NA,NA,0.61,NA,"yes",NA,"yes","road fill and beaver dam above culvert",NA,"probably hinders movement to some degree.",NA,NA,NA,NA,17.667,19.444,16.667,NA,8.3,NA,NA,NA,NA,NA,0,0,1,0,0,1,0,0,0,1,0,0,0,0,0,0,1,0,0,0,0,1,0,0,0,1,0,1,1,0,0,1,0,0,"crappie; n_creek_chub_mud_mudminnow","Gogebic_Duck_SUMM_010.jpg","Gogebic_Duck_SUMM_011.jpg"
58687432,"L43349","123397605","GOGEBIC","DUCKLITTLE",28,"August",1962,NA,"August",NA,"light","light","light","light",NA,NA,19.811,6.705,NA,16.997,NA,NA,NA,0,NA,0,NA,1,NA,0,NA,NA,8,NA,NA,NA,NA,NA,NA,NA,NA,NA,NA,NA,NA,5.334,6.858,NA,22.5,NA,9.111,NA,7,NA,7,NA,2.7,NA,0,0,0,0,0,1,0,0,0,0,0,0,0,0,0,0,0,0,0,0,0,1,0,0,0,0,1,0,0,0,0,0,0,0,NA,"Gogebic_DuckLittle_SUMM_014.jpg","Gogebic_DuckLittle_SUMM_015.jpg"
58687433,"L45638","123147656","GOGEBIC","ELBOW",27,"September",1978,NA,"September",NA,"light","light","light","light",NA,NA,6.096,NA,NA,10.522,NA,98,NA,0,NA,0,NA,11,NA,0,NA,NA,4,NA,NA,NA,NA,NA,NA,NA,NA,NA,NA,NA,NA,NA,NA,NA,15,NA,NA,NA,NA,NA,NA,NA,NA,NA,0,0,0,0,0,0,0,0,0,0,0,0,0,0,0,0,0,0,0,0,0,0,0,0,0,0,0,0,0,0,0,1,0,0,NA,"Gogebic_Elbow_SUMM_010.jpg","Gogebic_Elbow_SUMM_011.jpg"
58687434,"L43340","123397905","GOGEBIC","DUTCH",13,"August",1955,13,"August",1955,"light","none","verylight","none",NA,NA,18.287,NA,NA,8.984,NA,NA,NA,0,NA,0,NA,0,NA,0,NA,NA,14,NA,NA,NA,0.305,NA,"yes",NA,"no","beaver dam",NA,"none",NA,NA,NA,NA,24.7,NA,42.1,NA,6.55,NA,NA,NA,NA,NA,0,0,0,0,0,0,0,0,0,0,0,0,0,0,0,0,0,0,0,0,0,0,0,0,0,0,0,0,0,0,0,0,0,0,"bass_pan_fish","Gogebic_Dutch_SUMM_003.jpg","Gogebic_Dutch_SUMM_004.jpg"
58687435,"L46099","123397714","GOGEBIC","DUMBBELL",14,"August",1955,NA,NA,NA,"none","none","none","none",NA,NA,NA,NA,NA,NA,NA,NA,NA,0,NA,0,NA,0,NA,0,NA,NA,6,NA,NA,NA,NA,NA,NA,NA,NA,NA,NA,NA,NA,NA,NA,NA,25,NA,5.8,NA,6.7,NA,NA,NA,NA,NA,0,0,0,0,0,0,0,0,0,0,0,0,0,0,0,0,0,0,0,0,0,0,0,0,0,0,0,0,0,0,0,0,0,0,"Reported to support bass and pan fish","Gogebic_Dumbbell_SUMM_002.jpg","Gogebic_Dumbbell_SUMM_003.jpg"
58687436,"L45638","123147656","GOGEBIC","ELBOW",21,"July",1960,NA,"July",NA,"light",NA,"light",NA,NA,NA,3.048,2.133,NA,8.094,NA,100,NA,NA,NA,NA,NA,3,NA,0,NA,NA,1,NA,NA,NA,NA,NA,"no",NA,NA,"none",NA,NA,NA,NA,NA,NA,24.444,NA,22.222,NA,NA,NA,NA,NA,NA,NA,0,0,0,0,0,1,0,0,0,0,0,0,0,0,0,0,0,0,0,0,0,1,0,0,0,1,0,0,0,0,0,0,0,1,NA,"Gogebic_Elbow_SUMM_008.jpg","Gogebic_Elbow_SUMM_009.jpg"
58687437,"L45252","123147813","GOGEBIC","EEL",27,"June",1960,NA,"June",NA,"light",NA,"light",NA,NA,NA,5.486,NA,NA,20.235,NA,NA,NA,0,NA,0,NA,12,NA,0,NA,NA,47,NA,NA,NA,NA,NA,"no",NA,NA,"none",NA,NA,NA,3.962,5.181,NA,24.444,NA,19.444,NA,6.9,5.7,5.7,3.6,NA,NA,0,0,0,0,0,0,0,0,0,0,0,0,0,0,0,0,0,0,0,0,0,1,0,0,0,1,0,0,0,0,0,0,0,1,NA,"Gogebic_Eel_SUMM_004.jpg","Gogebic_Eel_SUMM_005.jpg"
58687438,"L43723","123397307","GOGEBIC","FOGGY",19,"August",1963,19,"August",1963,"light",NA,"light",NA,NA,NA,1.981,1.219,NA,4.371,NA,100,NA,0,NA,0,NA,0,NA,0,NA,NA,1,NA,NA,NA,NA,NA,NA,NA,NA,NA,NA,NA,"no",NA,NA,NA,19.889,NA,18.111,NA,7.48,7.64,NA,NA,NA,NA,0,0,0,0,0,0,0,0,0,0,0,0,0,0,0,0,0,0,0,0,0,1,0,0,0,0,0,0,0,0,0,0,0,1,NA,"Gogebic_Foggy_SUMM_003.jpg","Gogebic_Foggy_SUMM_004.jpg"
58687439,"L43941","70330487","GOGEBIC","FINGERBIG",28,"June",1961,28,"June",1961,"light","none","light","none",NA,NA,10.972,4.267,4.572,23.472,NA,60,NA,0,NA,0,NA,0,NA,0,NA,NA,3,NA,NA,NA,NA,NA,NA,NA,NA,NA,NA,NA,NA,4.572,10.058,NA,21.667,NA,10.556,NA,8.1,NA,7,0,0,NA,0,0,0,0,0,0,0,0,0,0,0,0,0,0,0,0,0,0,0,0,0,1,0,0,0,0,0,0,0,0,0,1,0,0,NA,"Gogebic_FingerBig_SUMM_008.jpg","Gogebic_FingerBig_SUMM_009.jpg"
58687440,"L43307","123397563","GOGEBIC","EMELINE",14,"August",1955,14,"August",1955,"light","light","light","verylittle",NA,NA,22.859,NA,NA,50.182,NA,NA,NA,0,NA,0,NA,0,NA,0,NA,NA,NA,NA,NA,NA,NA,NA,NA,NA,NA,NA,NA,NA,NA,6.096,9.144,NA,23.9,NA,5.4,NA,NA,NA,NA,NA,NA,NA,0,0,0,0,0,0,0,0,0,0,0,0,0,0,0,0,0,0,0,0,0,1,0,0,1,0,0,0,1,0,1,0,0,0,NA,"Gogebic_Emeline_SUMM_002.jpg","Gogebic_Emeline_SUMM_003.jpg"
58687441,"L46044","123147761","GOGEBIC","FOXPAW",7,"August",1962,7,"August",1962,"light","none","light","none",NA,NA,6.705,2.591,NA,4.047,NA,NA,NA,0,NA,0,NA,0,NA,0,NA,NA,NA,NA,NA,NA,1.524,1.829,"yes",NA,"no","old beaver dam - now turn out",NA,"none now - but blocked movements in years past",NA,1.524,2.438,NA,22.778,NA,7.778,NA,6.8,NA,8.6,NA,5.5,NA,0,0,0,0,0,0,0,0,0,0,0,0,0,0,0,0,1,0,0,0,0,0,0,0,1,1,0,0,0,0,0,1,0,1,NA,"Gogebic_Foxpaw_SUMM_015.jpg","Gogebic_Foxpaw_SUMM_016.jpg"
58687442,"L39648","123396407","GOGEBIC","ENGLESBY",2,"July",1962,3,"July",1962,"light","none","light","none",NA,NA,4.572,1.829,NA,13.962,NA,NA,NA,0,NA,0,NA,0,NA,0,NA,NA,NA,NA,NA,NA,NA,NA,"no",NA,NA,"no",NA,NA,NA,2.743,3.657,NA,21.222,NA,15.389,NA,4.5,NA,3.7,NA,0.9,NA,0,0,0,0,0,1,0,0,0,0,0,0,0,0,0,0,0,0,0,0,0,0,0,0,0,0,0,0,0,0,0,0,0,0,NA,"Gogebic_Englesby_SUMM_002.jpg","Gogebic_Englesby_SUMM_003.jpg"
58687443,"L38665","123394135","GOGEBIC","GOGEBIC",16,"June",1938,27,"June",1938,"medium","light","medium","light",NA,NA,11.277,0.61,2.743,5981.789,NA,20,NA,5,NA,5,NA,200,NA,3,NA,NA,18,34,NA,2.04,NA,NA,"yes",NA,"yes","yes",NA,"limiting","yes",1.829,5.486,NA,15,23.889,15.8,16,5.5,8.2,NA,NA,5,7.8,0,0,1,0,0,0,0,1,0,0,0,0,0,1,0,0,0,0,0,1,0,1,0,0,1,0,0,0,1,0,1,1,0,1,"cisco_crappies; suckers","Gogebic_Gogebic_SUMM_044.jpg","Gogebic_Gogebic_SUMM_045.jpg"
58687444,"L46060","70330215","GOGEBIC","GRASS",25,"June",1959,NA,NA,NA,"none","none","none","none",NA,NA,7.62,NA,NA,16.188,NA,90,NA,0,NA,0,NA,0,NA,0,NA,NA,16,18,NA,NA,NA,NA,"no",NA,NA,"none",NA,NA,NA,NA,NA,NA,23.222,NA,21.611,NA,6,6.3,NA,NA,NA,NA,0,0,0,0,0,0,0,0,0,0,0,0,0,0,0,0,1,0,0,0,0,0,0,0,0,0,0,0,0,0,0,0,0,1,NA,"Gogebic_Grass_SUMM_006.jpg","Gogebic_Grass_SUMM_007.jpg"
58687445,"L38628","123395801","GOGEBIC","HARTLEY",19,"June",1979,20,"June",1979,NA,NA,NA,NA,NA,NA,1.829,NA,NA,10.117,NA,NA,NA,NA,NA,NA,NA,1,NA,NA,NA,NA,34,NA,NA,NA,NA,NA,NA,NA,NA,NA,NA,NA,NA,NA,NA,NA,20,NA,20,NA,7.6,NA,NA,NA,NA,NA,0,0,0,0,0,0,0,0,0,0,0,0,0,0,0,0,0,0,0,0,0,0,0,0,0,0,0,0,0,0,0,0,0,0,NA,"Gogebic_Hartley_SUMM_003.jpg","Gogebic_Hartley_SUMM_004.jpg"
58687446,"L46060","70330215","GOGEBIC","GRASS",18,"August",1981,19,"August",1981,"light",NA,"light",NA,NA,NA,7.01,6.1,NA,16.188,NA,90,NA,NA,NA,NA,NA,6,NA,NA,NA,NA,0,6.8,NA,NA,NA,NA,NA,NA,NA,NA,NA,NA,NA,NA,NA,NA,21,NA,20.5,NA,7.6,6.8,NA,NA,NA,NA,0,0,0,0,0,1,0,0,0,0,0,0,0,0,0,0,0,0,0,0,0,0,0,0,0,0,0,0,0,0,0,0,0,1,NA,"Gogebic_Grass_SUMM_008.jpg","Gogebic_Grass_SUMM_009.jpg"
58687447,"L43345","123147707","GOGEBIC","HENRY",7,"July",1960,NA,NA,NA,"medium",NA,"medium",NA,NA,NA,9.144,1.829,2.133,17.402,NA,40,NA,NA,NA,NA,NA,0,NA,NA,NA,NA,4,NA,NA,NA,NA,NA,"no",NA,NA,"none",NA,NA,NA,3.048,4.877,NA,24.444,NA,10,NA,5.9,6.1,2,2,2,2.1,0,0,0,0,0,1,0,0,0,0,0,0,0,0,0,0,0,0,0,0,0,1,0,0,0,0,0,0,0,0,0,0,0,1,NA,"Gogebic_Henry_SUMM_008.jpg","Gogebic_Henry_SUMM_009.jpg"
58687448,"L46049","123397837","GOGEBIC","HAY",24,"July",1948,NA,NA,NA,"light","none","light","none",NA,NA,10.667,2.286,NA,6.07,NA,NA,NA,0,NA,0,NA,0,NA,0,NA,NA,27,23,NA,NA,0.914,NA,"yes",NA,"no","old beaver dam",NA,"none","yes",2.438,7.01,NA,20.556,NA,9.444,NA,6.3,3.8,NA,NA,1.4,NA,0,0,0,0,0,0,0,0,0,0,0,0,0,0,0,0,0,0,0,0,0,1,0,0,0,0,0,0,0,0,0,0,0,1,NA,"Gogebic_Hay_SUMM_006.jpg","Gogebic_Hay_SUMM_007.jpg"
58687449,"L45428","123147649","GOGEBIC","HEART",29,"July",1960,NA,"July",NA,"none","none","none","none",NA,NA,2.133,NA,NA,76.083,NA,NA,NA,NA,NA,NA,NA,2,NA,NA,NA,NA,NA,NA,NA,NA,1.524,NA,"yes",NA,"no","small wood dam",NA,"none - was used to try and keep northern pike out of lake, however it didn't succeed",NA,NA,NA,NA,25,NA,25,NA,6.3,6.8,NA,NA,NA,NA,0,0,0,0,0,0,0,0,0,0,0,0,0,0,0,1,0,0,0,0,0,0,0,0,1,1,0,0,0,0,0,1,0,1,NA,"Gogebic_Heart_SUMM_004.jpg","Gogebic_Heart_SUMM_005.jpg"
58687450,"L46137","123147974","GOGEBIC","HOLLY",27,"September",1978,27,"September",1978,"medium",NA,"medium",NA,NA,NA,3.962,NA,NA,14.367,NA,100,NA,0,NA,0,NA,0,NA,0,NA,NA,NA,NA,NA,NA,0.914,NA,"yes",NA,NA,"yes beaver dam",NA,NA,NA,NA,NA,NA,17.222,18.333,NA,NA,NA,NA,NA,NA,NA,NA,0,0,0,0,0,1,0,0,0,0,0,0,0,0,0,0,1,0,0,0,0,1,0,0,1,1,0,1,0,0,0,1,0,1,"suckers","Gogebic_Holly_SUMM_005.jpg","Gogebic_Holly_SUMM_006.jpg"
58687451,"L45144","123147963","GOGEBIC","HONEYSUCKLE",17,"July",1962,NA,"July",NA,"light","none","light","none",NA,NA,17.373,3.048,NA,4.047,NA,NA,NA,0,NA,0,NA,0,NA,0,NA,NA,NA,NA,NA,NA,NA,NA,"yes",NA,"no","extant beaver dam (very old)",NA,"none",NA,1.524,4.572,NA,20.556,NA,5.111,NA,7.9,NA,7,NA,2.9,NA,0,0,0,0,0,1,0,0,0,0,0,0,0,0,0,0,0,0,0,0,0,1,0,0,0,1,0,0,0,0,0,1,0,1,NA,"Gogebic_Honeysuckle_SUMM_007.jpg","Gogebic_Honeysuckle_SUMM_008.jpg"
58687452,"L45048","123398008","GOGEBIC","HOIST",4,"September",1955,4,"September",1955,"light","none","verylight","none",NA,NA,10.667,NA,NA,12.546,NA,NA,NA,0,NA,0,NA,0,NA,0,NA,NA,NA,NA,NA,NA,NA,NA,NA,NA,NA,NA,NA,NA,NA,5.181,7.01,NA,19.7,NA,7.8,NA,7.03,NA,4.72,NA,0,NA,0,0,0,0,0,0,0,0,0,0,0,0,0,0,0,0,0,0,0,0,0,0,0,0,0,0,0,0,0,0,0,0,0,0,NA,"Gogebic_Hoist_SUMM_003.jpg","Gogebic_Hoist_SUMM_004.jpg"
58687453,"L46137","123147974","GOGEBIC","HOLLY",1,"August",1961,1,"August",1961,"medium","none","medium","none",NA,NA,3.657,NA,NA,14.367,NA,100,NA,0,NA,0,NA,0,NA,0,NA,NA,NA,NA,NA,NA,NA,NA,"yes",NA,"no","some beaver development",NA,"none",NA,NA,NA,NA,NA,NA,NA,NA,NA,NA,NA,NA,NA,NA,0,0,0,0,0,1,0,0,0,0,0,0,0,0,0,0,0,0,0,0,0,1,0,0,1,1,0,1,0,0,0,1,0,1,NA,"Gogebic_Holly_SUMM_003.jpg","Gogebic_Holly_SUMM_004.jpg"
58687454,"L43579","123148024","GOGEBIC","IMAGE",13,"August",1948,NA,"August",NA,"light",NA,"light",NA,NA,NA,6.096,1.676,NA,10.117,NA,NA,NA,NA,NA,NA,NA,1,NA,NA,NA,NA,26,NA,NA,NA,0.61,NA,"yes",NA,NA,"screen",NA,NA,"yes",3.657,6.096,NA,22.5,NA,11.5,NA,NA,NA,NA,NA,NA,NA,0,0,1,0,0,0,0,0,0,0,0,0,0,0,0,0,0,0,0,0,0,1,0,0,0,0,0,0,0,0,0,0,0,1,"crappies; minnows","Gogebic_Image_SUMM_006.jpg","Gogebic_Image_SUMM_007.jpg"
58687455,"L43711","123397639","GOGEBIC","IMP",11,"July",1938,13,"July",1938,"light","none","light","none",NA,NA,24.383,5.181,NA,34.601,NA,5,NA,0,NA,0,NA,0,NA,0,NA,NA,8,NA,NA,1.2,NA,NA,"no",NA,"no","no",NA,"none","yes",3.657,9.144,NA,23.333,23.889,5.7,6,5,8,NA,NA,5.8,6.7,0,0,0,0,0,1,0,0,0,0,0,0,0,0,0,0,0,0,0,0,0,0,0,0,0,0,0,0,1,0,0,0,0,0,"lake_trout; northern_redbellied_dace_mud_minnow_finescaled_scaled_dace_stickleback","Gogebic_Imp_SUMM_030.jpg","Gogebic_Imp_SUMM_031.jpg"
58687456,"L44474","70330471","GOGEBIC","ISHKOTE",17,"July",1963,17,"July",1963,"light",NA,"light",NA,NA,NA,6.096,3.962,NA,8.094,NA,65,75,0,NA,0,NA,0,NA,0,NA,NA,0.3,0.5,NA,NA,NA,NA,NA,NA,NA,NA,NA,NA,NA,3.657,4.572,NA,21.667,NA,15.556,NA,5.24,5.12,5,5.24,3.4,NA,0,0,0,0,0,0,0,0,0,0,0,0,0,0,0,0,0,0,0,0,0,1,0,0,0,0,0,0,0,0,0,1,0,0,NA,"Gogebic_Ishkote_SUMM_001.jpg","Gogebic_Ishkote_SUMM_002.jpg"
58687457,"L44755","123147932","GOGEBIC","KING",23,"June",1964,1,"September",1964,"medium",NA,"medium","nodata",NA,NA,NA,NA,NA,7.042,NA,NA,NA,0,NA,0,NA,0,NA,0,NA,NA,22,31,NA,NA,NA,NA,NA,NA,NA,NA,NA,NA,NA,1,5,NA,18.333,NA,5.667,NA,7.5,NA,5.1,0.6,0,NA,0,0,0,0,0,1,0,0,0,0,0,0,0,0,0,0,0,0,0,0,0,1,0,0,0,0,0,0,0,0,0,0,0,1,NA,"Gogebic_King_SUMM_005.jpg","Gogebic_King_SUMM_006.jpg"
58687458,"L45590","123397296","GOGEBIC","JENNINGS",11,"September",1937,NA,"September",NA,NA,NA,NA,NA,"partly yes","permitted",15.239,6.4,NA,9.308,NA,NA,NA,NA,NA,NA,NA,NA,NA,NA,NA,"one flatbottomed boat on lake. no oars.",14,9,NA,NA,NA,NA,NA,NA,NA,NA,NA,NA,NA,NA,NA,NA,20,NA,7.2,NA,8.8,NA,NA,NA,0.3,NA,0,0,0,0,0,0,0,0,0,0,0,0,0,0,0,0,0,0,0,0,0,0,0,0,0,0,0,0,1,0,0,0,0,0,"trout; mud_minnows","Gogebic_Jennings_SUMM_010.jpg","Gogebic_Jennings_SUMM_011.jpg"
58687459,"L44069","123148041","GOGEBIC","KUNSCHKE",16,"July",1948,NA,NA,NA,"medium","none","medium","none",NA,NA,6.4,NA,NA,6.435,NA,NA,NA,1,NA,NA,NA,NA,NA,NA,NA,NA,NA,NA,NA,NA,NA,NA,NA,NA,NA,NA,NA,NA,NA,NA,NA,NA,22.222,NA,NA,NA,NA,NA,NA,NA,NA,NA,0,1,1,0,0,1,0,0,0,0,0,0,0,0,0,1,0,0,0,0,0,1,0,0,1,1,0,0,0,0,1,1,0,1,"crappies_yellow_pearch","Gogebic_Kunschke_SUMM_008.jpg","Gogebic_Kunschke_SUMM_009.jpg"
58687460,"L44714","123397431","GOGEBIC","KVIDERA",26,"July",1961,26,"July",1961,"light",NA,"light",NA,NA,NA,6.096,3.048,3.353,11.331,NA,80,NA,0,NA,0,NA,3,NA,0,NA,NA,4,NA,NA,NA,NA,NA,"no",NA,NA,"none",NA,NA,NA,2.743,5.486,NA,22.778,NA,8.889,NA,6.6,6.8,6.6,0.8,0,NA,0,0,0,0,0,1,0,0,0,0,0,0,0,0,0,0,0,0,0,0,0,1,0,0,0,0,0,0,1,0,0,1,0,1,NA,"Gogebic_Kvidera_SUMM_006.jpg","Gogebic_Kvidera_SUMM_007.jpg"
58687461,"L43942","70330419","GOGEBIC","LACVIEUXDESERT",6,"August",1959,7,"August",1959,"heavy","light","moderatelyheavy","light",NA,NA,11.582,1.067,1.219,1740.186,NA,NA,NA,NA,NA,5,NA,170,NA,0,NA,NA,41,NA,NA,NA,1.219,NA,"yes",NA,"no","concrete structure with rotary gate",NA,"has fishway","no",NA,NA,NA,21.111,NA,22.778,NA,5.7,7,NA,NA,NA,NA,0,0,1,0,0,1,0,0,0,0,0,0,0,0,0,0,0,0,0,0,0,1,0,0,1,0,0,1,0,0,1,1,0,1,"burbot","Gogebic_LacVieuxDesert_SUMM_018.jpg","Gogebic_LacVieuxDesert_SUMM_019.jpg"
58687462,"L43942","70330419","GOGEBIC","LACVIEUXDESERT",12,"July",1971,16,"July",1971,"heavy","heavy","heavy","heavy",NA,NA,11.582,1.524,NA,1740.186,NA,NA,NA,NA,NA,5,NA,170,NA,NA,NA,NA,41.04,NA,NA,NA,1.219,NA,"yes",NA,"yes","concrete w/ w/rotary gate",NA,"fishway installed",NA,NA,NA,NA,21.111,NA,20,NA,8,NA,NA,NA,NA,NA,0,0,1,0,0,1,0,0,0,0,0,0,0,0,0,0,1,0,0,0,0,0,0,0,1,1,0,1,0,0,1,1,0,1,"n_muskellunge; redhorse","Gogebic_LacVieuxDesert_SUMM_020.jpg","Gogebic_LacVieuxDesert_SUMM_021.jpg"
58687463,"L45531","123396753","GOGEBIC","LANGFORDLITTLE",17,"July",1962,17,"July",1962,"light","none","light","none",NA,NA,5.181,2.286,NA,5.544,NA,NA,NA,0,NA,0,NA,0,NA,0,NA,NA,3,NA,NA,NA,NA,NA,"no",NA,NA,"no",NA,NA,NA,2.286,3.81,NA,23,NA,16.222,NA,5,NA,4.4,NA,0.4,NA,0,1,0,0,0,1,0,0,0,0,0,0,0,0,0,0,0,0,0,0,0,1,0,0,0,1,0,0,0,0,0,0,0,1,"bluegill_x_pseed","Gogebic_LangfordLittle_SUMM_002.jpg","Gogebic_LangfordLittle_SUMM_003.jpg"
58687464,"L46201","70338351","GOGEBIC","LOON",4,"October",1966,7,"October",1966,"light","none","light","none",NA,NA,16.763,NA,NA,NA,NA,5,NA,0,NA,0,NA,0,NA,0,NA,NA,NA,NA,NA,NA,NA,NA,"no",NA,NA,"none",NA,NA,NA,NA,NA,NA,11.111,NA,11.111,NA,NA,NA,NA,NA,NA,NA,0,0,0,0,0,0,0,0,0,0,0,0,0,1,0,0,0,0,0,0,0,0,0,0,0,0,0,0,1,0,0,1,0,1,"ciscoe; suckers","Gogebic_Loon_SUMM_011.jpg","Gogebic_Loon_SUMM_012.jpg"
58687465,"L45536","123396879","GOGEBIC","LANGFORD",7,"August",1956,13,"August",1956,"medium",NA,"medium ",NA,NA,NA,4.572,2.743,NA,194.658,NA,99,NA,1,NA,1,NA,2,NA,NA,NA,NA,22,25,NA,NA,0.914,NA,"yes",NA,"no","yes (beaver)",NA,"probably no barrier to upstream migration during high waters",NA,NA,NA,NA,20.556,23.333,19.889,20.667,8.1,8.8,NA,NA,NA,NA,0,0,0,0,0,1,0,0,0,0,0,0,0,0,0,0,0,0,0,0,0,1,0,0,1,1,0,0,1,0,1,1,0,1,"sculpin_mudminnow_minnow; rock_bass_few","Gogebic_Langford_SUMM_009.jpg","Gogebic_Langford_SUMM_010.jpg"
58687466,"L44487","123396910","GOGEBIC","LUMBERJACK",1,"July",1961,NA,"July",NA,"light",NA,"light",NA,NA,NA,12.191,0.229,0.254,10.117,NA,20,NA,0,NA,0,NA,0,NA,0,NA,NA,3,NA,NA,NA,NA,NA,NA,NA,NA,NA,NA,NA,NA,1.829,5.486,NA,25,NA,8.333,NA,7,3.7,3.7,1.2,0,NA,0,0,0,0,0,0,0,0,0,0,0,0,0,0,0,0,0,0,0,0,0,0,0,0,0,0,0,0,0,0,0,0,0,0,"n_redbelly_dace_brook_stickleback","Gogebic_Lumberjack_SUMM_003.jpg","Gogebic_Lumberjack_SUMM_004.jpg"
58687467,"L44926","123396614","GOGEBIC","MARION",6,"July",1938,9,"July",1938,"medium","none","medium","none",NA,NA,12.191,1.829,1.981,128.612,NA,66.67,NA,1,NA,1,NA,17,NA,0,NA,NA,12,15,NA,1.8,0.914,NA,"yes",NA,"no","old beaver dam",NA,"none","yes",0.914,9.144,NA,21.8,24.2,11.8,NA,7.6,7.8,NA,NA,0.2,NA,0,0,1,0,0,1,0,0,0,0,0,0,0,0,0,0,0,0,0,0,0,1,0,0,0,0,0,0,1,0,0,1,0,1,"suckers_common_crappies_moderate_sunfish; mud_minnows_and_sticklebacks","Gogebic_Marion_SUMM_018.jpg","Gogebic_Marion_SUMM_019.jpg"
58687468,"L45793","123147768","GOGEBIC","MINK",27,"June",1955,29,"June",1955,"light","none","light","none",NA,NA,2.133,1.219,NA,25.739,NA,100,NA,0,NA,0,NA,0,NA,0,NA,NA,40,45,NA,NA,NA,NA,"no",NA,NA,"none observed",NA,NA,"no",NA,NA,NA,21.111,23.889,18.333,NA,8,8.1,NA,NA,NA,NA,0,0,0,0,0,0,0,0,0,0,0,0,0,0,0,1,1,0,0,1,0,0,0,0,1,1,0,0,0,0,0,1,0,1,"pearl_dace_finescale_dace","Gogebic_Mink_SUMM_007.jpg","Gogebic_Mink_SUMM_008.jpg"
58687469,"L44959","123147995","GOGEBIC","MASTADON",18,"August",1961,NA,"August",NA,"light","none","light","none",NA,NA,6.096,1.829,2.133,NA,NA,60,NA,0,NA,0,NA,0,NA,0,NA,NA,0,17,NA,NA,0.61,0.914,"yes",NA,"no","beaver dams",NA,"none",NA,NA,NA,NA,NA,NA,NA,NA,NA,NA,NA,NA,NA,NA,0,0,0,0,0,0,0,0,0,0,0,0,0,0,0,0,1,0,0,0,0,0,0,0,0,0,0,0,0,0,0,1,0,1,NA,"Gogebic_Mastadon_SUMM_005.jpg","Gogebic_Mastadon_SUMM_006.jpg"
58687470,"L37261","123147792","GOGEBIC","MARELL",23,"June",1963,8,"August",1965,"light","none","light","none",NA,NA,13.715,NA,NA,3.845,NA,NA,NA,0,NA,0,NA,0,NA,0,NA,NA,NA,NA,NA,NA,NA,NA,NA,NA,NA,NA,NA,NA,NA,1.524,7.62,NA,25.556,NA,3.889,NA,5,0,7,2,1,0,0,0,0,0,0,0,0,0,0,0,0,0,0,0,0,0,0,0,0,0,0,0,0,0,0,0,0,0,1,0,0,1,0,0,"amouth_bass; mudminnow","Gogebic_Marell_SUMM_005.jpg","Gogebic_Marell_SUMM_006.jpg"
58687471,"L38421","123147844","GOGEBIC","MEANDER",8,"July",1964,4,"September",1964,"light","light","light","light",NA,NA,NA,0.914,NA,NA,NA,NA,NA,0,NA,0,NA,0,NA,0,NA,NA,18,26,NA,NA,1.524,1.829,"yes",NA,"no","old beaver dam covers outlet.",NA,"none",NA,3,5,NA,17.722,NA,7.389,NA,7,5.2,5.2,0,0,NA,0,0,0,0,0,0,0,0,0,0,0,0,0,0,0,0,0,0,0,0,0,0,0,0,0,0,0,0,0,0,0,0,0,1,NA,"Gogebic_Meander_SUMM_006.jpg","Gogebic_Meander_SUMM_007.jpg"
58687472,"L45793","123147768","GOGEBIC","MINK",29,"June",1955,29,"June",1955,"light","none","light","none",NA,NA,2.133,1.219,NA,25.739,NA,100,NA,0,NA,0,NA,0,NA,0,NA,NA,4,4.5,NA,NA,NA,NA,"no",NA,NA,"none observed",NA,NA,NA,NA,NA,NA,21.111,23.889,18.333,NA,8,8.1,NA,NA,NA,NA,0,0,0,0,0,0,0,0,0,0,0,0,0,0,0,1,1,0,0,1,0,0,0,0,1,1,0,0,0,0,0,1,0,1,"redbelly_belly_dace","Gogebic_Mink_SUMM_009.jpg","Gogebic_Mink_SUMM_010.jpg"
58687473,"L45056","123397332","GOGEBIC","MISTY",10,"July",1963,10,"July",1963,"light",NA,"light",NA,NA,NA,18.287,1.981,NA,5.382,NA,50,NA,0,NA,0,NA,0,NA,0,NA,NA,0.25,1.35,NA,NA,0.305,NA,"yes",NA,"yes","old beaver dam",NA,"Impassable",NA,0.914,4.572,NA,22.222,NA,5,NA,4.68,NA,3.24,4.48,1.6,NA,0,0,0,0,0,0,0,0,0,0,0,0,0,0,0,0,0,0,0,0,0,1,0,0,0,0,0,0,0,0,0,0,0,1,NA,"Gogebic_Misty_SUMM_003.jpg","Gogebic_Misty_SUMM_004.jpg"
58687474,"L43508","123147745","GOGEBIC","MISHIKE",12,"July",1960,NA,"July",NA,"light",NA,"light",NA,NA,NA,9.144,3.657,3.962,5.261,NA,NA,NA,NA,NA,NA,NA,NA,NA,NA,NA,NA,2,NA,NA,NA,NA,NA,NA,NA,NA,NA,NA,NA,NA,1.829,5.791,NA,22.778,NA,6.667,NA,6.5,NA,6.5,3.1,3.1,0.7,0,0,0,0,0,0,0,0,0,0,0,0,0,0,0,0,0,0,0,0,0,0,0,0,0,0,0,0,1,0,0,0,0,0,NA,"Gogebic_Mishike_SUMM_006.jpg","Gogebic_Mishike_SUMM_007.jpg"
58687475,"L46241","123148097","GOGEBIC","MOOSEHEAD",26,"July",1960,NA,"July",NA,"medium","heavy","medium","heavy",NA,NA,11.887,2.438,2.743,23.472,NA,NA,NA,0,NA,0,NA,0,NA,0,NA,NA,48,NA,NA,NA,NA,NA,NA,NA,NA,NA,NA,NA,NA,1.829,5.486,NA,24.444,NA,8.889,NA,8.5,NA,8.4,0,0,NA,0,0,1,0,0,1,0,0,0,0,0,0,0,0,0,0,1,0,0,0,0,1,0,0,1,1,0,1,0,0,0,1,0,0,NA,"Gogebic_Moosehead_SUMM_004.jpg","Gogebic_Moosehead_SUMM_005.jpg"
58687476,"L45981","70330227","GOGEBIC","MOON",6,"August",1945,7,"August",1945,"light","none","light","none",NA,NA,12.191,NA,NA,37.637,NA,NA,NA,1,NA,NA,NA,10,NA,NA,NA,NA,15,19,NA,NA,NA,NA,NA,NA,NA,NA,NA,NA,"yes",6.096,9.144,NA,21.111,NA,11.111,NA,9,8.3,NA,NA,3.8,0.5,0,0,0,0,0,1,0,0,0,0,0,0,0,0,0,0,0,0,0,0,0,1,0,0,0,0,1,1,1,0,0,1,0,1,"common_sucker","Gogebic_Moon_SUMM_014.jpg","Gogebic_Moon_SUMM_015.jpg"
58687477,"L46241","123148097","GOGEBIC","MOOSEHEAD",25,"September",1978,27,"September",1978,"medium",NA,"medium",NA,NA,NA,11.887,NA,NA,21.854,NA,NA,NA,0,NA,0,NA,0,NA,0,NA,NA,NA,NA,NA,NA,NA,NA,"no",NA,NA,"none",NA,NA,NA,NA,NA,NA,NA,NA,NA,NA,NA,NA,NA,NA,NA,NA,0,0,1,0,0,1,0,0,0,0,0,0,0,0,0,0,1,0,0,0,0,1,0,0,1,1,0,1,0,0,0,0,0,1,"blc_bgs_pss_rb_yp","Gogebic_Moosehead_SUMM_006.jpg","Gogebic_Moosehead_SUMM_007.jpg"
58687478,"L46082","123147972","GOGEBIC","MORAINE",22,"July",1960,NA,"July",NA,"medium","none","medium","none",NA,NA,6.705,3.048,3.353,27.115,NA,NA,NA,NA,NA,NA,NA,NA,NA,NA,NA,NA,11,NA,NA,NA,NA,NA,"no",NA,NA,"none",NA,NA,"yes",3.657,5.486,NA,23.333,NA,13.889,NA,6.7,NA,6.7,1,NA,NA,0,0,0,0,0,1,0,0,0,0,0,0,0,0,0,1,1,0,0,0,0,1,0,0,1,1,0,1,0,0,0,1,0,0,NA,"Gogebic_Moraine_SUMM_005.jpg","Gogebic_Moraine_SUMM_006.jpg"
58687479,"L45076","123397801","GOGEBIC","MULE",26,"August",1964,3,"September",1964,"medium","none","medium","none",NA,NA,NA,2.133,2.438,NA,NA,NA,NA,0,NA,0,NA,0,NA,0,NA,NA,11,27,NA,NA,0.61,NA,"yes",NA,"no","old beaver dam present",NA,"none",NA,1,6,NA,20.889,NA,5.667,NA,8.4,NA,6.5,1.9,0,NA,0,0,0,0,0,1,0,0,0,0,0,0,0,0,0,0,1,0,0,0,0,1,0,0,1,0,0,0,0,0,0,1,1,1,NA,"Gogebic_Mule_SUMM_003.jpg","Gogebic_Mule_SUMM_004.jpg"
58687481,"L44209","123397499","GOGEBIC","MOSQUITOBIG",23,"September",1960,24,"September",1960,"light","none","light","none",NA,NA,20.116,1.524,2.438,5.382,8.499,50,NA,0,NA,0,NA,0,NA,0,NA,NA,NA,NA,NA,NA,NA,NA,NA,NA,NA,NA,NA,NA,NA,NA,NA,NA,NA,NA,NA,NA,NA,NA,NA,NA,NA,NA,0,0,0,0,0,1,0,0,0,0,0,0,0,0,0,0,1,0,0,0,0,1,0,0,0,1,0,0,0,0,0,0,0,1,"pumpkinseedbluegill_hybrid","Gogebic_MosquitoBig_SUMM_003.jpg","Gogebic_MosquitoBig_SUMM_004.jpg"
58687482,"L45318","70330515","GOGEBIC","NORWOODBOOT",21,"June",1961,22,"June",1961,"light",NA,"light",NA,NA,NA,18.287,NA,NA,48.563,NA,10,NA,0,NA,0,NA,6,NA,0,NA,NA,4,NA,NA,NA,NA,NA,"no",NA,NA,"none",NA,NA,NA,7.315,10.972,NA,21.111,NA,8.889,NA,8.1,7.2,7.2,8,9.3,3.8,0,0,0,0,0,1,0,0,0,0,0,0,0,1,0,0,0,0,0,0,0,0,0,0,0,0,0,0,1,0,0,0,0,1,"creek_creek_chub","Gogebic_NorwoodBoot_SUMM_004.jpg","Gogebic_NorwoodBoot_SUMM_005.jpg"
58687483,"L44496","123147993","GOGEBIC","ORCHARD",12,"May",1959,NA,NA,NA,"light","none","light","none",NA,NA,13.411,NA,NA,3.157,NA,NA,NA,0,NA,0,NA,0,NA,0,NA,NA,NA,NA,NA,NA,NA,NA,"no",NA,NA,"none",NA,NA,NA,NA,NA,NA,NA,NA,NA,NA,NA,NA,NA,NA,NA,NA,0,0,0,0,0,0,0,0,0,0,0,0,0,0,0,0,0,0,0,0,0,0,0,0,0,0,1,0,0,0,0,0,0,0,NA,"Gogebic_Orchard_SUMM_001.jpg","Gogebic_Orchard_SUMM_002.jpg"
58687484,"L45075","123147720","GOGEBIC","ORCHID",8,"July",1960,NA,"July",NA,"light",NA,"light",NA,NA,NA,3.048,NA,NA,3.238,NA,100,NA,0,NA,0,NA,0,NA,0,NA,NA,NA,NA,NA,NA,NA,NA,"no",NA,NA,"none",NA,NA,NA,NA,NA,NA,NA,NA,NA,NA,NA,NA,NA,NA,NA,NA,0,0,0,0,0,0,0,0,0,0,0,0,0,0,0,0,0,0,0,0,0,0,0,0,0,0,0,0,0,0,0,0,0,1,NA,"Gogebic_Orchid_SUMM_002.jpg","Gogebic_Orchid_SUMM_003.jpg"
58687485,"L45183","123147897","GOGEBIC","OSPREY",28,"August",1964,8,"September",1964,"light","light","light","light",NA,NA,NA,0.305,NA,NA,NA,NA,NA,0,NA,0,NA,0,NA,0,NA,NA,24,47,NA,NA,1.219,1.524,"yes",NA,"yes","beaver dam covers outlet.",NA,"isolates fish in lake.",NA,1,5,NA,18.667,NA,4.5,NA,6.8,NA,NA,NA,0,NA,0,0,0,0,0,0,0,0,0,0,0,0,0,0,0,0,0,0,0,0,0,0,0,0,0,0,0,0,0,0,0,0,0,0,"no_fish_were_caught_in_nets","Gogebic_Osprey_SUMM_002.jpg","Gogebic_Osprey_SUMM_003.jpg"
58687486,"L44403","123147936","GOGEBIC","ORMES",28,"September",1978,NA,"September",NA,"medium","light","medium","light",NA,NA,19.811,NA,NA,20.113,NA,50,NA,0,NA,0,NA,3,NA,0,NA,NA,NA,NA,NA,NA,NA,NA,NA,NA,NA,NA,NA,NA,NA,NA,NA,NA,NA,NA,NA,NA,NA,NA,NA,NA,NA,NA,0,0,0,0,0,1,0,0,0,0,1,0,0,0,0,0,1,0,0,0,0,1,0,0,0,1,0,0,0,0,0,0,0,1,"brn_bullhead","Gogebic_Ormes_SUMM_012.jpg","Gogebic_Ormes_SUMM_013.jpg"
58687487,"L44403","123147936","GOGEBIC","ORMES",13,"August",1948,NA,NA,NA,"medium",NA,"medium",NA,NA,NA,NA,4.724,NA,20.113,NA,40,NA,NA,NA,NA,NA,1,NA,NA,NA,NA,21,NA,NA,NA,NA,NA,NA,NA,NA,NA,NA,NA,"yes",6.096,12.191,NA,19.5,NA,8.5,NA,7.4,6,NA,NA,5,NA,0,0,0,0,0,1,0,0,0,0,0,0,0,0,0,0,0,0,0,0,0,1,0,0,0,0,0,0,0,0,0,0,0,1,"darters_no_specific_species","Gogebic_Ormes_SUMM_008.jpg","Gogebic_Ormes_SUMM_009.jpg"
58687488,"L45017","123148028","GOGEBIC","OXBOWLITTLE",16,"July",1948,16,"July",1948,"light","none","light","none",NA,NA,24.383,NA,NA,18.211,NA,NA,NA,1,NA,1,NA,10,NA,NA,NA,NA,NA,NA,NA,NA,NA,NA,"yes",NA,"no","two beaver dams. - wisconsin",NA,"muskies, northerns and walleyes observed running up in spring",NA,NA,NA,NA,23.333,NA,NA,NA,NA,NA,NA,NA,NA,NA,0,0,0,0,0,1,0,0,0,0,0,0,1,1,0,1,0,0,0,0,0,0,0,0,1,1,0,0,0,0,0,0,0,1,"muskies_pikeperch_perch; shiner; cisco","Gogebic_OxbowLittle_SUMM_010.jpg","Gogebic_OxbowLittle_SUMM_011.jpg"
58687489,"L45017","123148028","GOGEBIC","OXBOWLITTLE",28,"September",1978,28,"September",1978,"light","light","light","light",NA,NA,25.907,NA,NA,38.446,NA,50,60,0,NA,0,NA,10,NA,0,NA,NA,NA,NA,NA,NA,NA,NA,"no",NA,NA,"none visible",NA,NA,NA,NA,NA,NA,NA,NA,NA,NA,NA,NA,NA,NA,NA,NA,0,0,0,0,0,1,0,0,0,0,0,0,0,0,0,0,1,0,0,0,0,1,0,0,1,1,0,0,0,0,1,1,0,1,"musky; yellow_perch_bluegill_minnow; golden_shiner_blacknose_minnow","Gogebic_OxbowLittle_SUMM_012.jpg","Gogebic_OxbowLittle_SUMM_013.jpg"
58687490,"L45274","123148026","GOGEBIC","PIGEON",15,"August",1961,NA,"August",NA,"light","none","light","none",NA,NA,6.4,NA,NA,NA,NA,75,NA,0,NA,0,NA,0,NA,0,NA,NA,NA,NA,NA,NA,NA,NA,"no",NA,NA,"none",NA,NA,NA,NA,NA,NA,NA,NA,NA,NA,NA,NA,NA,NA,NA,NA,0,0,1,0,0,0,0,0,0,0,1,0,0,0,0,0,1,0,0,0,0,0,0,0,1,1,0,0,0,0,0,1,0,1,"muskellunge","Gogebic_Pigeon_SUMM_005.jpg","Gogebic_Pigeon_SUMM_006.jpg"
58687491,"L43227","123147889","GOGEBIC","POMEROY",28,"September",1978,NA,"September",NA,"medium","light","medium","light",NA,NA,4.572,0.762,NA,127.074,NA,85,NA,NA,NA,NA,NA,3,NA,NA,NA,NA,72,NA,NA,NA,NA,NA,NA,NA,NA,NA,NA,NA,NA,NA,NA,NA,NA,NA,NA,NA,NA,NA,NA,NA,NA,NA,0,0,1,0,0,1,0,0,0,0,0,0,0,0,0,1,1,0,0,0,0,1,0,0,1,1,0,0,0,0,0,1,0,0,"creek_chub","Gogebic_Pomeroy_SUMM_012.jpg","Gogebic_Pomeroy_SUMM_013.jpg"
58687492,"L43227","123147889","GOGEBIC","POMEROY",22,"August",1956,29,"August",1956,"heavy","medium","mediumtoheavy","medium ",NA,NA,4.572,1.219,NA,127.074,NA,95,NA,1,NA,NA,NA,5,NA,NA,NA,NA,28,30,NA,NA,NA,NA,"no",NA,NA,"none seen",NA,NA,"no",NA,NA,NA,17.778,21.667,18,NA,7.5,7.5,NA,NA,NA,NA,0,0,1,0,0,1,1,0,0,0,0,0,0,0,0,1,1,0,0,1,0,1,0,0,1,1,0,0,0,0,0,1,0,1,"creek_chub_mottled_sculpin","Gogebic_Pomeroy_SUMM_010.jpg","Gogebic_Pomeroy_SUMM_011.jpg"
58687493,"L46034","123397037","GOGEBIC","POWWOW",30,"June",1961,NA,"June",NA,"light","none","light","none",NA,NA,13.715,3.353,3.657,20.235,NA,20,NA,0,NA,0,NA,0,NA,0,NA,NA,4,NA,NA,NA,NA,NA,NA,NA,NA,NA,NA,NA,"yes",3.657,8.229,NA,23.889,NA,7.778,NA,7,7.2,7,4.9,5.4,2.3,0,0,0,0,0,0,0,0,0,0,0,0,0,0,0,0,0,0,0,0,0,0,0,0,0,1,0,0,0,0,0,0,0,1,NA,"Gogebic_PowWow_SUMM_003.jpg","Gogebic_PowWow_SUMM_004.jpg"
58687494,"L44403","123147936","GOGEBIC","ORMES",12,"July",1962,NA,NA,NA,"light","none","light","none",NA,NA,19.811,NA,NA,20.113,NA,NA,NA,0,NA,0,NA,1,NA,0,NA,NA,NA,NA,NA,NA,NA,NA,NA,NA,NA,NA,NA,NA,NA,NA,NA,NA,NA,NA,NA,NA,NA,NA,NA,NA,NA,NA,0,0,0,0,0,1,0,0,0,0,0,1,0,0,0,0,0,0,0,0,0,1,0,0,0,1,0,0,0,0,0,0,1,1,NA,"Gogebic_Ormes_SUMM_010.jpg","Gogebic_Ormes_SUMM_011.jpg"
58687495,"L45102","123147771","GOGEBIC","PLYMOUTH",6,"July",1960,NA,NA,NA,"light",NA,"light",NA,NA,NA,4.572,2.133,2.438,10.522,NA,100,NA,NA,NA,NA,NA,0,NA,NA,NA,NA,39,NA,NA,NA,NA,NA,"no",NA,NA,"none",NA,NA,NA,2.743,3.657,NA,22.222,NA,18.333,NA,7,6,6,4.7,NA,NA,0,0,0,0,0,0,0,0,0,0,0,0,0,0,0,0,0,0,0,0,0,0,0,0,1,1,0,0,0,0,0,0,0,1,NA,"Gogebic_Plymouth_SUMM_008.jpg","Gogebic_Plymouth_SUMM_009.jpg"
58687496,"L45100","123147937","GOGEBIC","POMEROYLITTLE",8,"August",1961,8,"August",1961,"light","none","light","none",NA,NA,5.486,NA,NA,NA,NA,85,NA,0,NA,0,NA,0,NA,0,NA,NA,NA,NA,NA,NA,NA,NA,"yes",NA,NA,"old beaver dam on south end of lake this dam must be kept up to hold the (over) at its present level.",NA,NA,NA,NA,NA,NA,NA,NA,NA,NA,NA,NA,NA,NA,NA,NA,0,0,0,0,0,1,0,0,0,0,0,0,0,0,0,0,0,0,0,0,0,1,0,0,0,1,0,0,0,0,0,0,0,1,NA,"Gogebic_PomeroyLittle_SUMM_007.jpg","Gogebic_PomeroyLittle_SUMM_008.jpg"
58687497,"L43431","123147694","GOGEBIC","PRESQUEISLEFLOWAGE",7,"July",1961,7,"July",1961,"medium",NA,"moderate",NA,NA,NA,NA,NA,NA,NA,NA,NA,NA,1,NA,0,NA,0,NA,0,NA,NA,NA,NA,NA,NA,1.829,NA,"yes",NA,"yes","yes",NA,"fish ladder present but not highly effective",NA,NA,NA,NA,NA,NA,NA,NA,NA,NA,NA,NA,NA,NA,0,0,1,0,0,0,0,0,0,0,0,0,0,0,0,1,0,0,0,0,0,0,0,0,1,1,0,1,0,0,1,1,0,1,"muskellunge","Gogebic_PresqueIsleFlowage_SUMM_001.jpg","Gogebic_PresqueIsleFlowage_SUMM_002.jpg"
58687498,"L48987","123148097","GOGEBIC","PRESQUEISLELITTLE",18,"July",1962,NA,NA,NA,"heavy","light","modheavy","light",NA,NA,NA,NA,NA,NA,NA,NA,NA,1,6,0,NA,0,NA,0,NA,NA,NA,NA,NA,NA,NA,NA,NA,NA,NA,NA,NA,NA,NA,NA,NA,NA,NA,NA,NA,NA,NA,NA,NA,NA,NA,NA,0,0,1,0,0,0,0,0,0,0,0,0,0,0,0,0,1,0,0,0,0,1,0,0,1,1,0,1,0,0,0,1,0,1,NA,"Gogebic_PresqueIsleLittle_SUMM_005.jpg","Gogebic_PresqueIsleLittle_SUMM_006.jpg"
58687500,"L48987","123148097","GOGEBIC","PRESQUEISLELITTLE",26,"September",1978,27,"September",1978,"medium","none","medium","none",NA,NA,NA,NA,NA,NA,NA,NA,NA,0,NA,0,NA,0,NA,0,NA,NA,NA,NA,NA,NA,NA,NA,"no",NA,NA,"none",NA,NA,NA,NA,NA,NA,16,NA,NA,NA,NA,NA,NA,NA,NA,NA,0,0,1,0,0,1,0,0,0,0,0,0,0,0,0,0,1,0,0,0,0,1,0,0,1,1,0,0,0,0,0,0,0,0,"musky_bgs_blc","Gogebic_PresqueIsleLittle_SUMM_007.jpg","Gogebic_PresqueIsleLittle_SUMM_008.jpg"
58687501,"L43933","123147855","GOGEBIC","RIDGE",9,"August",1962,NA,"August",NA,"light","none","verylight","none",NA,NA,6.096,1.524,NA,NA,NA,NA,NA,0,NA,0,NA,0,NA,0,NA,NA,43.5,NA,NA,NA,NA,NA,NA,NA,NA,NA,NA,NA,NA,1.829,2.743,NA,22.778,NA,17.778,NA,3.5,NA,3.8,NA,4.8,NA,0,0,0,0,0,0,0,0,0,0,0,0,0,0,0,0,0,0,0,0,0,0,0,0,0,0,0,0,0,0,0,0,0,0,"spine_spine_stickleback_fathead_minnow","Gogebic_Ridge_SUMM_001.jpg","Gogebic_Ridge_SUMM_002.jpg"
58687502,"L45453","123147668","GOGEBIC","REDBOAT",26,"September",1978,NA,NA,NA,"light",NA,"light",NA,NA,NA,NA,3.505,NA,NA,NA,40,NA,0,NA,0,NA,0,NA,0,NA,NA,2,16,NA,NA,NA,NA,"no",NA,"no","n.a.",NA,"n.a.",NA,NA,NA,NA,NA,NA,NA,NA,NA,NA,NA,NA,NA,NA,0,0,1,0,0,1,0,0,0,0,0,0,0,0,0,0,0,0,0,0,0,1,0,0,0,0,0,0,0,0,0,1,0,0,"splake_last_introduced_4_years_prior_to_survey","Gogebic_Redboat_SUMM_005.jpg","Gogebic_Redboat_SUMM_006.jpg"
58687503,"L45453","123147668","GOGEBIC","REDBOAT",20,"July",1960,20,"July",1960,"light","none","light","none",NA,NA,10.667,3.048,3.353,18.211,NA,NA,NA,NA,NA,NA,NA,0,NA,NA,NA,NA,3,NA,NA,NA,NA,NA,NA,NA,NA,NA,NA,NA,NA,3.048,6.4,NA,22.778,NA,6.111,NA,6.5,5.9,5.9,4.9,4.9,2.4,0,0,0,0,0,1,0,0,0,0,0,0,0,0,0,0,0,0,0,0,0,1,0,0,0,1,0,0,0,0,0,0,0,1,NA,"Gogebic_Redboat_SUMM_003.jpg","Gogebic_Redboat_SUMM_004.jpg"
58687504,"L45034","123147938","GOGEBIC","QUEEN",19,"June",1964,19,"June",1964,"medium","none","medium","none",NA,NA,17.068,0.914,1.219,2.023,NA,NA,NA,0,NA,0,NA,0,NA,0,NA,NA,22,25,NA,NA,NA,NA,"no",NA,"no","-",NA,"-",NA,1,6,NA,20.278,NA,4.778,NA,9.5,NA,7.5,1,0,NA,0,0,0,0,0,1,0,0,0,0,0,0,0,0,0,0,0,0,0,0,0,1,0,0,0,0,0,0,0,0,0,0,0,1,NA,"Gogebic_Queen_SUMM_005.jpg","Gogebic_Queen_SUMM_006.jpg"
58687505,"L46086","123148017","GOGEBIC","RANGE",11,"August",1961,NA,"August",NA,"medium","none","medium","none",NA,NA,8.229,NA,NA,NA,NA,60,NA,0,NA,0,NA,0,NA,0,NA,NA,NA,NA,NA,NA,0.61,NA,"yes",NA,"no","beaver dam",NA,"none",NA,NA,NA,NA,NA,NA,NA,NA,NA,NA,NA,NA,NA,NA,0,0,0,0,0,0,0,0,0,0,0,0,0,0,0,0,0,0,0,0,0,1,0,0,1,1,0,0,0,0,0,1,0,1,NA,"Gogebic_Range_SUMM_003.jpg","Gogebic_Range_SUMM_004.jpg"
58687506,"L42269","123147749","GOGEBIC","STAUGUSTINE",10,"August",1962,10,"August",1962,"none","none","none","none",NA,NA,4.572,1.524,NA,NA,NA,NA,NA,0,NA,0,NA,0,NA,0,NA,NA,2,NA,NA,NA,NA,NA,NA,NA,NA,NA,NA,NA,NA,1.829,2.743,NA,20.611,NA,10.611,NA,5.1,NA,NA,NA,NA,NA,0,0,0,0,0,0,0,0,0,0,0,0,0,0,0,0,0,0,0,0,0,0,0,0,0,0,0,0,0,0,0,0,0,0,"five_spine_stickle_back","Gogebic_StAugustine_SUMM_001.jpg","Gogebic_StAugustine_SUMM_002.jpg"
58687507,"L43585","70330195","GOGEBIC","SCOUT",4,"June",1952,NA,"June",NA,"light","none","light","none",NA,NA,NA,NA,NA,9.632,NA,NA,NA,0,NA,0,NA,0,NA,0,NA,NA,NA,NA,NA,NA,NA,NA,"no",NA,NA,"--",NA,NA,NA,NA,NA,NA,NA,NA,NA,NA,NA,NA,NA,NA,NA,NA,0,0,0,0,0,0,0,0,0,0,0,0,0,0,0,0,0,0,0,0,0,0,0,0,0,0,0,0,0,0,0,0,0,0,NA,"Gogebic_Scout_SUMM_005.jpg","Gogebic_Scout_SUMM_006.jpg"
58687508,"L44299","123396195","GOGEBIC","SUCKER",14,"July",1938,16,"July",1938,"light","light","light","springsuckersbullheads",NA,NA,4.572,0.457,NA,177.742,NA,35,45,0,NA,0,NA,0,NA,0,NA,NA,70,74,NA,2.1,NA,NA,"no",NA,NA,"none",NA,NA,"no",NA,NA,NA,22.222,NA,22,NA,6,6.2,NA,NA,NA,NA,0,0,0,0,0,0,0,0,0,0,0,0,1,0,0,0,0,0,1,0,0,0,0,1,0,0,0,0,0,0,0,1,0,1,"12_31","Gogebic_Sucker_SUMM_010.jpg","Gogebic_Sucker_SUMM_011.jpg"
58687509,"L43886","123148008","GOGEBIC","SUMMIT",14,"July",1961,14,"July",1961,"medium",NA,"medium",NA,NA,NA,8.534,1.524,1.829,8.499,NA,50,NA,0,NA,0,NA,0,NA,0,NA,NA,4,NA,NA,NA,0.914,NA,"yes",NA,"no","yes - beaver dam",NA,"none",NA,1.829,5.486,NA,23.333,NA,8.889,NA,8,7.3,7.1,0,0,NA,0,0,0,0,0,1,0,0,0,0,0,0,0,0,0,0,1,0,0,0,0,1,0,0,0,1,0,0,0,0,0,1,0,1,NA,"Gogebic_Summit_SUMM_003.jpg","Gogebic_Summit_SUMM_004.jpg"
58687510,"L44923","123397225","GOGEBIC","SPIDER",19,"August",1963,19,"August",1963,"medium",NA,"moderate",NA,NA,NA,NA,NA,NA,12.95,NA,60,NA,NA,NA,NA,NA,NA,NA,NA,NA,NA,3,8,NA,NA,NA,NA,"no",NA,NA,"none noted.",NA,NA,NA,3.657,4.572,NA,18.111,NA,8.333,NA,6.88,4.76,4.76,NA,0.4,0.32,0,0,0,0,0,1,0,0,0,0,1,0,0,0,0,0,1,0,0,0,0,1,0,0,1,1,0,0,0,0,0,1,0,1,NA,"Gogebic_Spider_SUMM_003.jpg","Gogebic_Spider_SUMM_004.jpg"
58687512,"L41777","123396833","GOGEBIC","TAYLOR",22,"August",1960,22,"August",1960,"light",NA,"light",NA,NA,NA,12.191,1.829,2.133,65.965,NA,25,NA,0,NA,0,NA,1,NA,0,NA,NA,13,NA,NA,NA,NA,NA,"no",NA,"no","none",NA,"none",NA,2.743,6.4,NA,23.333,NA,7.778,NA,6.4,4.3,4.3,1.8,1.8,0.8,0,1,1,0,0,1,0,0,1,1,0,0,0,1,0,0,1,0,0,0,0,1,0,0,0,1,0,0,1,0,0,1,0,1,"brook_brooktrout","Gogebic_Taylor_SUMM_008.jpg","Gogebic_Taylor_SUMM_009.jpg"
58687513,"L42598","123147563","GOGEBIC","SUNDAY",28,"August",1951,28,"August",1951,"medium","light","medium","light",NA,NA,2.133,NA,NA,93.08,NA,100,NA,0,NA,0,NA,0,NA,0,NA,NA,18,NA,NA,NA,1.219,NA,"yes",NA,"yes","on east end of lake",NA,"probably prevents movement of some species up stream.","no",NA,NA,NA,20.1,NA,20.1,NA,6.05,5.97,NA,NA,NA,NA,0,0,0,0,0,0,1,0,0,0,0,0,0,0,0,0,0,0,0,0,0,0,0,0,1,1,0,0,0,0,0,1,0,1,"pikeperch; minnows","Gogebic_Sunday_SUMM_007.jpg","Gogebic_Sunday_SUMM_008.jpg"
58687514,"L45355","123147766","GOGEBIC","TAPS",12,"July",1960,NA,NA,NA,"light",NA,"light",NA,NA,NA,3.353,0.914,1.219,3.723,NA,100,NA,NA,NA,NA,NA,0,NA,NA,NA,NA,34,NA,NA,NA,NA,NA,"no",NA,NA,"none",NA,NA,NA,NA,NA,NA,23.889,NA,20.556,NA,6.5,4.3,NA,NA,NA,NA,0,0,1,0,0,0,0,0,0,0,0,0,0,0,0,0,0,0,0,0,0,1,0,0,1,1,0,0,0,0,0,0,0,0,NA,"Gogebic_Taps_SUMM_004.jpg","Gogebic_Taps_SUMM_005.jpg"
58687515,"L43683","123397062","GOGEBIC","SUNS",10,"September",1958,11,"September",1958,"light","none","light","none",NA,NA,13.715,1.524,2.133,11.635,NA,NA,NA,0,NA,0,NA,0,NA,0,NA,NA,NA,NA,NA,NA,NA,NA,NA,NA,NA,NA,NA,NA,NA,NA,NA,NA,NA,NA,NA,NA,NA,NA,NA,NA,NA,NA,0,0,0,0,0,1,0,0,0,0,1,0,0,0,0,0,1,0,0,0,0,1,0,0,0,0,0,0,0,0,0,0,0,1,NA,"Gogebic_Suns_SUMM_006.jpg","Gogebic_Suns_SUMM_007.jpg"
58687516,"L44087","123147727","GOGEBIC","THRUSH",14,"July",1960,14,"July",1960,"medium",NA,"medium","na",NA,NA,6.096,2.743,3.048,16.188,NA,30,NA,NA,NA,NA,NA,0,NA,NA,NA,NA,8,NA,NA,NA,NA,NA,"no",NA,NA,"none",NA,NA,NA,2.133,6.096,NA,22.778,NA,10.556,NA,6.6,5.5,4,0.2,NA,NA,0,0,0,0,0,1,0,0,0,0,0,0,0,0,0,0,0,0,0,0,0,1,0,0,0,0,0,0,0,0,0,0,0,1,NA,"Gogebic_Thrush_SUMM_005.jpg","Gogebic_Thrush_SUMM_006.jpg"
58687517,"L43127","123397651","GOGEBIC","THOUSANDISLAND",26,"July",1938,30,"July",1938,"medium","none","medium","none",NA,NA,24.688,1.219,5.486,436.544,NA,10,NA,0,NA,1,NA,2,NA,0,NA,NA,50,60,NA,3.2,NA,NA,"yes",NA,"yes","yes - lower end of c cisco lake",NA,"controlling fish ladder present, works to limited extent","yes",4.572,11.887,NA,21.667,23.333,6.8,NA,6.4,6.6,NA,NA,0.3,3.4,0,0,0,1,1,1,1,0,0,0,0,0,0,0,0,1,0,0,1,0,0,1,0,0,1,0,0,1,1,0,1,1,0,1,"lake_trout; muddlers_mud_minnow; suckers","Gogebic_ThousandIsland_SUMM_014.jpg","Gogebic_ThousandIsland_SUMM_015.jpg"
58687518,"L21429","155417639","GRANDTRAVERSE","ARBUTUS",4,"August",1936,NA,"August",NA,NA,NA,NA,NA,"yes","permitted",13.411,3.8,5,159.854,NA,NA,NA,NA,NA,NA,NA,NA,NA,NA,NA,"boys and girls camps. numerous cottages. camping",61,143,NA,NA,NA,NA,NA,NA,NA,NA,NA,NA,NA,NA,NA,NA,25,23.2,NA,NA,9.8,NA,NA,NA,0,NA,0,0,0,0,0,1,1,0,0,0,0,1,0,0,0,0,0,0,0,0,0,1,0,0,1,1,0,1,1,0,1,1,0,1,"warmouth_bass_green_sunfish; minnows","GrandTraverse_Arbutus_SUMM_017.jpg","GrandTraverse_Arbutus_SUMM_018.jpg"
58687519,"L20706","129224969","GRANDTRAVERSE","BASS",3,"June",1954,NA,"June",NA,"medium","light","medium","light",NA,NA,5.791,NA,NA,36.018,NA,90,NA,2,NA,2,NA,20,NA,0,NA,NA,NA,NA,NA,NA,NA,NA,NA,NA,NA,NA,NA,NA,"no",NA,NA,NA,18.333,NA,NA,NA,NA,NA,NA,NA,NA,NA,0,0,0,0,0,1,0,0,0,0,0,0,0,0,0,0,0,0,0,0,0,1,0,0,1,0,0,0,0,0,0,0,0,1,"not_identified","GrandTraverse_Bass26N_12W_S31_SUMM_004.jpg","GrandTraverse_Bass26N_12W_S31_SUMM_005.jpg"
58687520,"L21429","155417639","GRANDTRAVERSE","ARBUTUS",17,"June",1968,17,"June",1968,"heavy","medium","heavy","medium",NA,NA,NA,NA,NA,NA,NA,NA,NA,NA,NA,NA,NA,NA,NA,NA,NA,NA,NA,NA,NA,NA,NA,NA,NA,NA,NA,NA,NA,NA,NA,NA,NA,NA,20.556,NA,NA,NA,NA,NA,NA,NA,NA,NA,0,0,0,0,0,1,0,0,0,0,0,0,0,0,0,0,0,0,0,0,0,1,0,0,0,1,0,0,1,0,0,1,0,1,"bluegill_pumpkinseeds","GrandTraverse_Arbutus_SUMM_019.jpg","GrandTraverse_Arbutus_SUMM_020.jpg"
58687521,"L43844","123397826","GOGEBIC","WILSON",12,"July",1963,NA,"July",NA,"light",NA,"light",NA,NA,NA,16.458,1.372,NA,11.736,NA,40,50,NA,NA,NA,NA,1,NA,NA,NA,NA,0.2,NA,NA,NA,NA,NA,"yes",NA,"no","small beaver dam which is currently below the flow",NA,"none","yes",1.829,4.572,NA,75,NA,43,NA,3.76,NA,3.56,4.32,3.52,NA,0,0,0,0,0,1,0,0,0,0,0,0,0,0,0,0,0,0,0,0,0,1,0,0,0,0,0,0,0,0,0,0,0,0,"minnows_no_specific_species_mentioned","Gogebic_Wilson_SUMM_005.jpg","Gogebic_Wilson_SUMM_006.jpg"
58687522,"L21429","155417639","GRANDTRAVERSE","ARBUTUS",21,"June",1968,21,"June",1968,"heavy","medium","heavy","medium ",NA,NA,NA,NA,NA,159.854,NA,NA,NA,NA,NA,NA,NA,NA,NA,NA,NA,NA,NA,NA,NA,NA,NA,NA,NA,NA,NA,NA,NA,NA,NA,NA,NA,NA,NA,NA,NA,NA,NA,NA,NA,NA,NA,NA,0,0,0,0,0,1,0,0,0,0,0,0,0,0,0,0,0,0,0,0,0,1,0,0,0,1,0,0,1,0,0,0,0,1,"bluegill_pumpkinseeds","GrandTraverse_Arbutus_SUMM_021.jpg","GrandTraverse_Arbutus_SUMM_022.jpg"
58687523,"L20706","129224969","GRANDTRAVERSE","BASS",18,"June",1995,23,"June",1995,"light","light","light","light",NA,NA,8.839,1.981,NA,138.81,NA,90,NA,0,NA,1,NA,123,NA,NA,NA,NA,66,82,NA,NA,NA,NA,"no",NA,NA,"none",NA,NA,NA,2.438,3.048,NA,26.667,NA,16.111,NA,10,NA,9.5,NA,5.4,NA,0,0,0,0,0,1,0,0,0,0,0,0,1,0,0,0,0,0,0,0,0,1,0,0,1,1,0,1,1,0,1,0,0,1,NA,"GrandTraverse_Bass26N_12W_S31_SUMM_027.jpg","GrandTraverse_Bass26N_12W_S31_SUMM_028.jpg"
58687524,"L17129","155417550","GRANDTRAVERSE","BOARDMAN",2,"June",1989,6,"June",1989,"light","light","light","light",NA,NA,18.5,2.895,NA,137.191,NA,30,NA,0,NA,0,NA,0,NA,0,NA,NA,137,NA,NA,NA,2.743,NA,"yes",NA,"yes","yes",NA,"severely hinders upstream migration of anadromous species.","no",NA,NA,NA,13,NA,9,NA,9.2,NA,NA,NA,0.1,NA,0,0,0,0,0,1,0,0,0,0,1,0,0,0,0,0,0,0,0,0,0,1,0,0,1,1,0,1,1,0,1,1,0,1,NA,"GrandTraverse_Boardman_SUMM_015.jpg","GrandTraverse_Boardman_SUMM_016.jpg"
58687525,"L17129","155417550","GRANDTRAVERSE","BOARDMAN",13,"July",1938,16,"July",1938,"light",NA,"verylight",NA,NA,NA,19.506,3.962,NA,137.11,NA,41.6,NA,1,NA,0,NA,0,NA,0,NA,NA,147,162,NA,1.98,2.743,3.048,"yes",NA,"yes","old grist mill dam - 1854",NA,"fish ladder at present","yes",7.62,10.667,NA,19.6,23,11.4,NA,6.45,8.1,NA,NA,1.1,4.6,0,0,0,0,0,0,1,0,0,0,0,0,0,0,0,0,0,0,1,1,0,1,0,0,1,0,0,1,1,0,0,1,0,1,"sunfish_dead_on_shore; muddler","GrandTraverse_Boardman_SUMM_013.jpg","GrandTraverse_Boardman_SUMM_014.jpg"
58687526,"L16603","155417612","GRANDTRAVERSE","BOARDMAN",16,"June",1986,20,"June",1986,"light","light","light","light",NA,NA,NA,NA,NA,NA,NA,NA,NA,NA,NA,NA,NA,NA,NA,NA,NA,NA,NA,NA,NA,NA,12.496,NA,"yes",NA,"yes","yes",NA,"completely blocks upstream migration",NA,NA,NA,NA,NA,NA,NA,NA,NA,NA,NA,NA,NA,NA,0,1,0,0,0,1,0,0,0,0,1,1,0,0,0,0,0,0,0,0,0,0,0,0,1,1,0,1,0,0,0,1,1,1,NA,"GrandTraverse_Boardman_SUMM_017.jpg","GrandTraverse_Boardman_SUMM_018.jpg"
58687527,"L17129","155417550","GRANDTRAVERSE","BOARDMAN",4,"August",1966,NA,"August",NA,"heavy","heavy","heavy","heavy",NA,NA,12.191,NA,NA,32.376,NA,40,NA,0,NA,0,NA,0,NA,0,NA,NA,NA,NA,NA,NA,NA,NA,"no",NA,NA,"no",NA,NA,NA,NA,NA,NA,NA,NA,NA,NA,NA,NA,NA,NA,NA,NA,0,0,0,0,0,1,0,0,0,0,0,0,0,0,0,0,0,0,0,0,0,1,0,0,1,0,0,1,0,0,0,0,0,1,"suckers_r_bass_b_head","GrandTraverse_Boardman_SUMM_035.jpg","GrandTraverse_Boardman_SUMM_036.jpg"
58687528,"L17129","155417550","GRANDTRAVERSE","BOARDMAN",5,"August",1966,5,"August",1966,"heavy","heavy","heavy","heavy",NA,NA,12.191,NA,NA,32.376,NA,40,NA,0,NA,0,NA,0,NA,0,NA,NA,NA,NA,NA,NA,0,NA,"no",NA,"no","no",NA,"none",NA,NA,NA,NA,NA,NA,NA,NA,NA,NA,NA,NA,NA,NA,0,0,0,0,0,1,0,0,0,0,0,1,1,0,0,0,0,0,0,0,0,1,0,0,1,0,0,1,0,0,0,1,0,1,"b_trout_not_sure_if_brown_or_brook","GrandTraverse_Boardman_SUMM_039.jpg","GrandTraverse_Boardman_SUMM_040.jpg"
58687529,"L17129","155417550","GRANDTRAVERSE","BOARDMAN",3,"August",1966,NA,NA,NA,"heavy","heavy","heavy","heavy",NA,NA,12.191,NA,NA,32.376,NA,40,NA,0,NA,0,NA,0,NA,0,NA,NA,NA,NA,NA,NA,NA,NA,"no",NA,NA,"no",NA,NA,NA,NA,NA,NA,NA,NA,NA,NA,NA,NA,NA,NA,NA,NA,0,0,0,0,0,1,0,0,0,1,0,0,1,0,0,0,0,0,0,0,0,0,0,0,1,0,0,0,0,0,0,1,0,1,"b_trout; b_head_rock_b_suckers; rock_b","GrandTraverse_Boardman_SUMM_037.jpg","GrandTraverse_Boardman_SUMM_038.jpg"
58687530,"L20123","129225193","GRANDTRAVERSE","BRIDGES",23,"August",1950,25,"August",1950,"medium","light","medium ","light",NA,NA,11.887,3.353,NA,12.95,NA,NA,NA,1,NA,0,NA,0,NA,0,NA,NA,110,176,NA,NA,NA,NA,"no",NA,NA,"no",NA,NA,NA,2.286,5.334,NA,25.5,NA,8.6,NA,7.3,NA,9.1,6.3,0.5,NA,0,0,0,0,0,1,0,0,0,0,0,0,0,1,0,0,0,0,0,0,0,1,0,0,1,1,1,0,0,0,0,1,1,1,NA,"GrandTraverse_Bridges_SUMM_010.jpg","GrandTraverse_Bridges_SUMM_011.jpg"
58687531,"L21521","155417658","GRANDTRAVERSE","BROWNBRIDGEPOND",27,"July",1966,NA,"July",NA,"heavy","medium","heavy","medium",NA,NA,12.191,NA,NA,80.939,NA,50,NA,0,NA,0,NA,4,NA,0,NA,NA,NA,NA,NA,NA,12.191,NA,"yes",NA,NA,"yes",NA,NA,NA,NA,NA,NA,NA,NA,NA,NA,NA,NA,NA,NA,NA,NA,0,0,0,0,0,1,0,0,0,1,0,0,1,0,0,0,0,0,0,0,0,1,0,0,1,0,0,0,1,0,0,0,0,1,"b_btrout; suckers_rock_bass","GrandTraverse_BrownBridgePond_SUMM_006.jpg","GrandTraverse_BrownBridgePond_SUMM_007.jpg"
58687532,"L14745","129225172","GRANDTRAVERSE","CEDARHEDGE",11,"May",1967,12,"May",1967,"medium","light","medium","light",NA,NA,21.03,NA,NA,78.915,NA,40,NA,0,NA,1,NA,6,NA,0,NA,NA,NA,NA,NA,NA,NA,NA,"no",NA,NA,"none",NA,NA,NA,NA,NA,NA,12.778,NA,NA,NA,NA,NA,NA,NA,NA,NA,0,0,0,0,0,1,0,1,0,0,1,0,0,1,0,0,0,0,0,0,0,1,1,0,1,1,0,0,0,0,0,1,1,1,NA,"GrandTraverse_CedarHedge_SUMM_002.jpg","GrandTraverse_CedarHedge_SUMM_003.jpg"
58687533,"L21521","155417658","GRANDTRAVERSE","BROWNBRIDGEPOND",23,"June",1986,27,"June",1986,"medium","light","medium","light",NA,NA,NA,NA,NA,72.845,NA,NA,NA,NA,NA,NA,NA,NA,NA,NA,NA,NA,NA,NA,NA,NA,5.486,NA,"yes",NA,"yes","yes",NA,"completely stop any upstream movement",NA,NA,NA,NA,NA,NA,NA,NA,NA,NA,NA,NA,NA,NA,0,1,0,0,0,1,0,0,0,0,0,1,0,0,0,0,1,0,0,0,0,1,0,0,1,1,0,1,1,0,0,1,0,1,NA,"GrandTraverse_BrownBridgePond_SUMM_004.jpg","GrandTraverse_BrownBridgePond_SUMM_005.jpg"
58687534,"L21521","155417658","GRANDTRAVERSE","BROWNBRIDGEPOND",26,"July",1966,26,"July",1966,"heavy","medium","heavy","medium",NA,NA,12.191,NA,NA,80.939,NA,50,NA,0,NA,0,NA,4,NA,0,NA,NA,NA,NA,NA,NA,12.191,NA,"yes",NA,"no","yes",NA,"0",NA,NA,NA,NA,NA,NA,NA,NA,NA,NA,NA,NA,NA,NA,0,0,0,0,0,1,0,0,0,1,0,0,0,0,0,0,0,0,0,0,0,0,0,0,1,0,0,0,0,0,0,1,0,1,"btrout","GrandTraverse_BrownBridgePond_SUMM_008.jpg","GrandTraverse_BrownBridgePond_SUMM_009.jpg"
58687535,"L42326","129225171","GRANDTRAVERSE","CHRISTMASTREE",6,"February",1959,NA,"February",NA,"light","none","light","none",NA,NA,7.315,NA,NA,1.214,NA,30,NA,0,NA,0,NA,0,NA,0,NA,NA,NA,NA,NA,NA,NA,NA,"no",NA,NA,"none",NA,NA,NA,NA,NA,NA,NA,NA,NA,NA,NA,NA,NA,NA,NA,NA,0,0,0,0,0,1,0,0,0,0,0,0,0,0,0,0,0,0,0,0,0,0,0,0,0,0,0,0,0,0,0,0,0,0,"green_sunfish","GrandTraverse_ChristmasTree_SUMM_006.jpg","GrandTraverse_ChristmasTree_SUMM_007.jpg"
58687536,"L20692","155417619","GRANDTRAVERSE","DOLLAR",28,"June",1968,NA,NA,NA,"medium","medium","medium","medium",NA,NA,NA,NA,NA,14.974,NA,NA,NA,0,NA,0,NA,0,NA,0,NA,NA,NA,NA,NA,NA,NA,NA,NA,NA,NA,NA,NA,NA,NA,NA,NA,NA,14.444,NA,NA,NA,NA,NA,NA,NA,NA,NA,0,0,0,0,0,0,0,0,0,0,0,0,0,0,0,0,0,0,0,0,0,0,0,0,0,0,1,0,1,0,0,1,0,0,NA,"GrandTraverse_Dollar_SUMM_010.jpg","GrandTraverse_Dollar_SUMM_011.jpg"
58687537,"L20692","155417619","GRANDTRAVERSE","DOLLAR",20,"July",1966,20,"July",1966,"light","light","light","light",NA,NA,NA,NA,NA,10.117,NA,20,NA,0,NA,0,NA,0,NA,0,NA,NA,NA,NA,NA,NA,NA,NA,NA,NA,NA,NA,NA,NA,NA,NA,NA,NA,NA,NA,NA,NA,NA,NA,NA,NA,NA,NA,0,0,0,0,0,0,0,0,0,0,0,0,0,0,0,0,0,0,0,0,0,0,0,0,0,0,0,0,0,0,0,0,0,0,NA,"GrandTraverse_Dollar_SUMM_012.jpg","GrandTraverse_Dollar_SUMM_013.jpg"
58687538,"L14624","155417626","GRANDTRAVERSE","CHANDLER",1,"May",1953,1,"May",1953,"medium","light","medium","light",NA,NA,9.144,NA,NA,24.282,NA,NA,NA,0,NA,0,NA,4,NA,0,NA,NA,NA,NA,NA,NA,NA,NA,NA,NA,NA,NA,NA,NA,NA,NA,NA,NA,NA,NA,NA,NA,NA,NA,NA,NA,NA,NA,0,0,0,0,0,1,0,0,0,0,0,0,0,0,0,0,0,0,0,0,0,1,0,0,0,0,0,0,0,0,0,1,0,1,NA,"GrandTraverse_Chandler_SUMM_006.jpg","GrandTraverse_Chandler_SUMM_007.jpg"
58687539,"L17126","155417608","GRANDTRAVERSE","COON",21,"August",1957,NA,"August",NA,"light","light","light","light",NA,NA,9.144,NA,NA,2.428,NA,NA,NA,0,NA,0,NA,0,NA,0,NA,NA,NA,NA,NA,NA,NA,NA,"no",NA,NA,"none",NA,NA,NA,4.572,7.62,NA,22.222,NA,7.778,8.333,8.4,NA,5.9,NA,1.4,NA,0,0,0,0,0,0,0,0,0,0,0,0,1,0,0,0,0,0,0,0,0,0,0,0,0,0,0,0,0,0,0,0,0,1,"bullhead_green_sunfish; unidentified_species","GrandTraverse_Coon_SUMM_001.jpg","GrandTraverse_Coon_SUMM_002.jpg"
58687540,"L20692","155417619","GRANDTRAVERSE","DOLLAR",12,"July",1952,12,"July",1952,"none","none","none","none",NA,NA,3.048,NA,NA,1.214,NA,NA,NA,0,NA,0,NA,0,NA,0,NA,NA,NA,NA,NA,NA,NA,NA,"no",NA,NA,"none",NA,NA,NA,NA,NA,NA,NA,NA,NA,NA,NA,NA,NA,NA,NA,NA,0,0,0,0,0,0,0,0,0,0,0,0,1,0,0,0,0,0,0,0,0,0,0,0,0,0,0,0,0,0,0,0,0,1,"bullheads_reported","GrandTraverse_Dollar_SUMM_016.jpg","GrandTraverse_Dollar_SUMM_017.jpg"
58687541,"L18856","129226234","GRANDTRAVERSE","DUCK",24,"July",1950,29,"July",1950,"medium","medium","medium","mediumtolight",NA,NA,29.869,3.81,NA,781.06,NA,NA,NA,1,NA,3,NA,40,NA,0,NA,NA,126,143,NA,NA,NA,NA,"no",NA,NA,"no",NA,NA,NA,9.144,15.239,NA,23.333,NA,7.222,NA,7.1,NA,5.2,7.2,4.6,NA,0,0,0,0,0,1,1,0,0,0,0,0,0,1,0,1,0,0,0,0,0,1,1,1,1,1,0,1,1,0,0,1,0,1,"smelt","GrandTraverse_Duck_SUMM_010.jpg","GrandTraverse_Duck_SUMM_011.jpg"
58687542,"L20692","155417619","GRANDTRAVERSE","DOLLAR",16,"October",1956,16,"October",1956,"light","light","light","light",NA,NA,8.534,NA,NA,14.974,NA,75,NA,0,NA,0,NA,0,NA,0,NA,NA,NA,NA,NA,NA,NA,NA,NA,NA,NA,NA,NA,NA,NA,NA,NA,NA,NA,NA,NA,NA,NA,NA,NA,NA,NA,NA,0,0,0,0,0,0,0,0,0,0,0,0,0,0,0,0,0,0,0,0,0,1,0,0,0,0,0,0,0,0,0,0,0,1,"green_sunfish; present__unidentified","GrandTraverse_Dollar_SUMM_014.jpg","GrandTraverse_Dollar_SUMM_015.jpg"
58687543,"L15749","60088422","GRANDTRAVERSE","FIFE",23,"June",1936,23,"June",1936,"heavy",NA,"heavy",NA,NA,NA,18.287,3.962,NA,298.665,NA,NA,NA,NA,NA,NA,NA,NA,NA,NA,NA,NA,108,NA,NA,1.3,NA,NA,"no",NA,NA,"none (beaver dam downstream)",NA,NA,"no",NA,NA,NA,19.7,NA,16.2,NA,NA,NA,NA,NA,NA,NA,0,0,0,0,0,1,1,0,0,0,0,0,1,0,0,0,0,0,0,0,0,1,0,0,1,0,0,1,1,0,0,1,0,1,"calico_bass_pike_perch_common_sunfish; minnows; suckers","GrandTraverse_Fife_SUMM_060.jpg","GrandTraverse_Fife_SUMM_061.jpg"
58687544,"L15749","60088422","GRANDTRAVERSE","FIFE",3,"May",1982,6,"May",1982,"medium","medium","medium","medium",NA,NA,18.287,NA,NA,249.696,NA,NA,NA,2,NA,2,NA,8,NA,140,NA,NA,NA,NA,NA,NA,NA,NA,"no",NA,NA,"none",NA,NA,NA,NA,NA,NA,NA,NA,NA,NA,NA,NA,NA,NA,NA,NA,0,0,1,0,0,1,0,0,0,0,0,0,0,0,0,0,0,0,0,0,0,1,0,0,1,1,0,1,1,0,1,1,0,1,"panfish_sucker","GrandTraverse_Fife_SUMM_062.jpg","GrandTraverse_Fife_SUMM_063.jpg"
58687545,"L16399","60088594","GRANDTRAVERSE","FISH",19,"October",1966,NA,NA,NA,"light","light","light","light",NA,NA,1.219,NA,NA,8.094,NA,90,NA,0,NA,0,NA,2,NA,0,NA,NA,NA,NA,NA,NA,NA,NA,NA,NA,NA,NA,NA,NA,NA,NA,NA,NA,NA,NA,NA,NA,NA,NA,NA,NA,NA,NA,0,0,0,0,0,0,0,0,0,0,0,0,1,0,0,0,0,0,0,0,0,0,0,0,0,0,1,0,0,0,0,1,0,0,"2_suckers","GrandTraverse_Fish_SUMM_017.jpg","GrandTraverse_Fish_SUMM_018.jpg"
58687547,"L19923","129226235","GRANDTRAVERSE","GREEN",6,"August",1947,27,"September",1947,"heavy","medium","heavy","medium",NA,NA,18.287,3.657,NA,2428.167,NA,NA,NA,NA,NA,NA,NA,NA,NA,NA,NA,NA,136,NA,NA,NA,3.657,NA,"yes",NA,"yes","thompsonville dam",NA,"rainbow trout might migrate downstream","yes",8.229,12.191,NA,24.1,NA,11.4,NA,7.56,NA,NA,NA,1,NA,0,0,0,0,0,0,1,1,0,0,0,0,0,1,0,1,0,0,0,1,0,1,0,0,0,0,0,1,1,0,0,1,0,0,"bluntnose_shiner_common_shiner; sucker; gar_pike","GrandTraverse_Green_SUMM_001.jpg","GrandTraverse_Green_SUMM_002.jpg"
58687548,"L19923","129226235","GRANDTRAVERSE","GREEN",30,"August",1960,4,"September",1960,"medium","light","medium","light",NA,NA,31.088,3.048,NA,809.389,NA,NA,NA,1,NA,2,NA,50,NA,0,NA,NA,133,142,NA,NA,NA,NA,"yes",NA,"no","thompsonville nearest",NA,"none",NA,10.667,15.239,NA,20,NA,8.333,NA,7.2,NA,6.9,3.2,1.1,NA,0,0,0,0,0,1,1,1,1,0,0,0,0,0,0,1,0,0,0,1,0,1,0,0,1,0,1,1,1,0,0,1,0,1,"spottail_shiner_log_perch_brook_silverside_hornyhead_chub; gar","GrandTraverse_Green_SUMM_003.jpg","GrandTraverse_Green_SUMM_004.jpg"
58687549,"L19923","129226235","GRANDTRAVERSE","GREEN",NA,"July",1989,NA,NA,NA,"medium","medium","medium","lightmedium",NA,NA,31.088,NA,NA,804.128,NA,NA,NA,NA,NA,NA,NA,NA,NA,NA,NA,NA,NA,NA,NA,NA,NA,NA,"no",NA,NA,"none",NA,NA,NA,NA,NA,NA,NA,NA,NA,NA,NA,NA,NA,NA,NA,NA,0,0,0,0,0,1,0,1,0,0,0,0,1,1,0,0,0,0,0,0,0,1,0,0,1,1,0,1,1,0,0,1,0,0,"splake_lake_trout; gar","GrandTraverse_Green_SUMM_005.jpg","GrandTraverse_Green_SUMM_006.jpg"
58687550,NA,NA,"GRANDTRAVERSE","HYDROPOND",29,"July",1966,29,"July",1966,"medium","medium","medium","medium",NA,NA,0.914,NA,NA,48.563,NA,90,NA,0,NA,0,NA,0,NA,0,NA,NA,NA,NA,NA,NA,NA,NA,"yes",NA,NA,"hydro dam",NA,NA,NA,NA,NA,NA,NA,NA,NA,NA,NA,NA,NA,NA,NA,NA,0,0,0,0,0,0,0,0,0,1,0,0,0,0,0,0,0,0,0,0,0,0,0,0,1,0,0,1,0,0,0,1,0,1,"b_trout; suckers","GrandTraverse_HydroPond_SUMM_001.jpg","GrandTraverse_HydroPond_SUMM_002.jpg"
58687551,"L19886","155417624","GRANDTRAVERSE","HIGH",NA,"August",1957,NA,"August",1957,"heavy","light","heavy","light",NA,NA,7.62,NA,NA,7.446,NA,75,NA,3,NA,3,NA,50,NA,0,NA,NA,NA,NA,NA,NA,NA,NA,"no",NA,NA,"none",NA,NA,NA,NA,NA,NA,NA,NA,NA,NA,NA,NA,NA,NA,NA,NA,0,0,0,0,0,1,0,0,0,0,0,0,0,0,0,0,0,0,0,0,0,1,0,0,0,0,0,0,0,0,0,0,0,1,NA,"GrandTraverse_High_SUMM_007.jpg","GrandTraverse_High_SUMM_008.jpg"
58687552,"L16267","155417621","GRANDTRAVERSE","INDIAN",2,"June",1959,2,"June",1959,"medium","medium","medium","medium",NA,NA,2.438,NA,NA,14.974,NA,100,NA,1,NA,1,NA,15,NA,0,NA,NA,NA,NA,NA,NA,NA,NA,"no",NA,NA,"none",NA,NA,NA,NA,NA,NA,NA,NA,NA,NA,NA,NA,NA,NA,NA,NA,0,0,0,0,0,1,1,0,0,0,0,0,0,0,0,0,0,0,0,0,0,1,0,0,0,1,0,0,0,0,0,0,0,1,NA,"GrandTraverse_Indian_SUMM_004.jpg","GrandTraverse_Indian_SUMM_005.jpg"
58687553,"L20782","129226233","GRANDTRAVERSE","LONG",2,"June",1982,29,"July",1982,"light","light","light","light",NA,NA,26.821,NA,NA,1157.426,NA,NA,NA,2,NA,1,NA,20,NA,476,NA,NA,NA,NA,NA,NA,NA,NA,"no",NA,NA,"none",NA,NA,NA,7.62,12.191,NA,20,25,10,NA,NA,NA,NA,NA,NA,NA,0,0,0,0,0,1,0,0,0,0,0,0,0,0,0,0,0,0,0,0,0,1,0,0,1,1,0,1,1,0,1,1,0,1,"northern_musky","GrandTraverse_Long_SUMM_025.jpg","GrandTraverse_Long_SUMM_026.jpg"
58687554,"L19088","{5F25CB9F-4F85-4BFB-ADF2-B7E7927B64F9}","GRANDTRAVERSE","MAYFIELDPOND",14,"October",1957,14,"October",1957,NA,NA,NA,NA,NA,NA,NA,NA,NA,NA,NA,NA,NA,NA,NA,NA,NA,NA,NA,NA,NA,NA,NA,NA,NA,NA,NA,NA,NA,NA,NA,NA,NA,NA,NA,NA,NA,NA,NA,NA,NA,NA,NA,NA,NA,NA,NA,NA,0,0,0,0,0,0,0,0,0,1,0,1,0,0,0,0,0,0,0,0,0,0,0,0,0,0,0,0,0,0,0,1,0,0,"suckers; present_but_unidentified","GrandTraverse_MayfieldPond_SUMM_003.jpg","GrandTraverse_MayfieldPond_SUMM_004.jpg"
58687555,"L20782","129226233","GRANDTRAVERSE","LONG",3,"August",1950,17,"August",1950,"light","light","light","light",NA,NA,26.821,4.572,NA,1157.426,NA,NA,NA,0,NA,5,NA,100,NA,0,NA,NA,59,73,NA,NA,NA,NA,"no",NA,NA,"no",NA,NA,NA,11.429,13.715,NA,23.333,NA,12,NA,8.8,NA,1.5,7.2,0.6,NA,0,0,0,0,1,1,1,0,0,0,0,0,0,0,0,0,1,0,1,0,0,1,0,1,1,1,0,1,1,0,0,1,1,1,"sand_shiner_spottail_shiner_spottail_shiner","GrandTraverse_Long_SUMM_023.jpg","GrandTraverse_Long_SUMM_024.jpg"
58687556,NA,NA,"GRANDTRAVERSE","HYDROPOND",28,"July",1966,28,"July",1966,"medium","medium","medium","medium",NA,NA,0.914,NA,NA,48.563,NA,90,NA,0,NA,0,NA,0,NA,0,NA,NA,NA,NA,NA,NA,NA,NA,"yes",NA,"no","hydro dam",NA,"none",NA,NA,NA,NA,NA,NA,NA,NA,NA,NA,NA,NA,NA,NA,0,0,0,0,0,0,0,0,0,0,0,0,0,0,0,0,0,0,0,0,0,0,0,0,1,0,0,0,0,0,0,1,0,1,"suckers","GrandTraverse_HydroPond_SUMM_003.jpg","GrandTraverse_HydroPond_SUMM_004.jpg"
58687557,"L18551","{FA475026-476C-452E-81F5-14F158B5830E}","GRANDTRAVERSE","MICKEY",4,"June",1982,29,"July",1982,"medium","light","medium","light",NA,NA,3.657,NA,NA,NA,NA,NA,NA,NA,NA,NA,NA,2,NA,53,NA,NA,NA,NA,NA,NA,NA,NA,"no",NA,NA,"none",NA,NA,NA,NA,NA,NA,21.111,25.556,NA,NA,NA,NA,NA,NA,NA,NA,0,0,0,0,0,1,0,0,0,0,1,0,0,0,0,0,0,0,0,0,0,1,0,0,1,1,0,1,1,0,1,1,1,0,NA,"GrandTraverse_Mickey_SUMM_003.jpg","GrandTraverse_Mickey_SUMM_004.jpg"
58687558,"L20567","155417642","GRANDTRAVERSE","RENNIE",2,"July",1951,6,"July",1951,"medium",NA,"medium",NA,NA,NA,8.229,3.81,NA,97.936,NA,80,NA,1,NA,2,NA,10,NA,NA,NA,NA,86,80,NA,NA,NA,NA,NA,NA,NA,NA,NA,NA,"no",NA,NA,NA,19.444,NA,17.778,NA,7.8,NA,7.3,NA,NA,NA,1,0,0,0,0,1,1,0,0,0,0,0,0,0,0,0,0,0,1,0,0,1,0,0,0,1,0,0,1,0,1,1,1,1,"green_sunfish; sand_shiner","GrandTraverse_Rennie_SUMM_016.jpg","GrandTraverse_Rennie_SUMM_017.jpg"
58687559,"L20567","155417642","GRANDTRAVERSE","RENNIE",14,"October",1955,NA,"October",NA,"none","none","none","none",NA,NA,0.914,NA,NA,40.469,NA,NA,NA,0,NA,0,NA,0,NA,0,NA,NA,NA,NA,NA,NA,NA,NA,"yes",NA,"no","yes",NA,"none",NA,NA,NA,NA,NA,NA,NA,NA,NA,NA,NA,NA,NA,NA,0,0,0,0,0,0,0,0,0,0,0,0,0,0,0,0,0,0,0,0,0,0,0,0,1,0,0,0,0,0,0,0,0,0,"pike","GrandTraverse_Rennie_SUMM_018.jpg","GrandTraverse_Rennie_SUMM_019.jpg"
58687560,"L43319","60088636","GRANDTRAVERSE","NONAME",4,"January",1966,NA,"January",NA,"light","light","light","light",NA,NA,6.096,NA,NA,0.809,NA,30,NA,0,NA,0,NA,0,NA,0,NA,NA,NA,NA,NA,NA,NA,NA,"no",NA,NA,"none",NA,NA,NA,NA,NA,NA,NA,NA,NA,NA,NA,NA,NA,NA,NA,NA,0,0,0,0,0,0,0,0,0,0,0,0,0,0,0,0,0,0,0,0,0,0,0,0,1,0,0,0,0,0,0,0,0,0,NA,"GrandTraverse_NoName_SUMM_001.jpg","GrandTraverse_NoName_SUMM_002.jpg"
58687561,"L20567","155417642","GRANDTRAVERSE","RENNIE",28,"June",1966,NA,"June",NA,"heavy","light","heavy","light",NA,NA,12.191,NA,NA,48.563,NA,NA,NA,3,NA,3,NA,40,NA,0,NA,NA,NA,NA,NA,NA,NA,NA,NA,NA,NA,NA,NA,NA,NA,NA,NA,NA,NA,NA,NA,NA,NA,NA,NA,NA,NA,NA,0,0,0,0,0,1,0,0,0,0,0,0,0,0,0,0,0,0,0,0,0,1,0,0,0,1,0,0,1,0,1,0,0,0,"suckers","GrandTraverse_Rennie_SUMM_020.jpg","GrandTraverse_Rennie_SUMM_021.jpg"
58687564,"L22193","155417564","GRANDTRAVERSE","ROOTS",28,"June",1968,28,"June",1968,"light","light","light","light",NA,NA,NA,NA,NA,6.313,NA,40,NA,0,NA,0,NA,0,NA,0,NA,NA,NA,NA,NA,NA,NA,NA,NA,NA,NA,NA,NA,NA,NA,NA,NA,NA,NA,NA,NA,NA,NA,NA,NA,NA,NA,NA,0,0,0,0,0,1,0,0,0,0,0,0,0,0,0,0,0,0,0,0,0,0,0,0,0,0,0,0,1,0,0,0,0,0,NA,"GrandTraverse_Roots_SUMM_007.jpg","GrandTraverse_Roots_SUMM_008.jpg"
58687565,"L16529","129224962","GRANDTRAVERSE","SABINPOND",9,"June",1986,12,"June",1986,"light","none","light","none",NA,NA,NA,NA,NA,NA,NA,NA,NA,NA,NA,NA,NA,NA,NA,NA,NA,NA,NA,NA,NA,NA,6.096,NA,"yes",NA,"yes","yes",NA,"completely blocks upstream migration of anadromous species.",NA,NA,NA,NA,NA,NA,NA,NA,NA,NA,NA,NA,NA,NA,0,0,0,0,0,0,0,0,0,0,0,1,0,0,0,0,1,0,0,0,0,0,0,0,1,0,0,1,0,0,0,1,0,1,NA,"GrandTraverse_SabinPond_SUMM_001.jpg","GrandTraverse_SabinPond_SUMM_002.jpg"
58687566,"L16529","129224962","GRANDTRAVERSE","SABINPOND",2,"August",1966,NA,NA,NA,"light","light","light","light",NA,NA,9.144,NA,NA,8.094,NA,50,NA,0,NA,0,NA,0,NA,0,NA,NA,NA,NA,NA,NA,NA,NA,"yes",NA,"no","yes",NA,"none",NA,NA,NA,NA,NA,NA,NA,NA,NA,NA,NA,NA,NA,NA,0,0,0,0,0,0,0,0,0,0,0,0,0,0,0,0,0,0,0,0,0,0,0,0,1,0,0,0,0,0,0,1,0,1,"suckers","GrandTraverse_SabinPond_SUMM_003.jpg","GrandTraverse_SabinPond_SUMM_004.jpg"
58687568,"L18812","155417584","GRANDTRAVERSE","SANDS",22,"August",1952,22,"August",1952,"medium","none","medium","none",NA,NA,14.02,NA,NA,5.747,NA,30,NA,NA,NA,NA,NA,0,NA,NA,NA,NA,75,105,NA,NA,NA,NA,NA,NA,NA,NA,NA,NA,"yes",7.01,8.229,NA,22,NA,12.7,NA,7.3,NA,NA,NA,2.6,NA,0,0,0,0,0,1,0,0,0,0,0,0,0,0,0,0,0,0,0,0,0,0,0,0,0,0,0,0,0,0,0,0,0,1,"green_sunfish","GrandTraverse_Sands_SUMM_005.jpg","GrandTraverse_Sands_SUMM_006.jpg"
58687569,"L19930","155417591","GRANDTRAVERSE","SANDS",22,"May",1995,24,"May",1995,"light","medium","light","medium ",NA,NA,14.02,3.048,NA,5.747,NA,30,NA,NA,NA,0,NA,0,NA,0,NA,NA,144,175,NA,NA,NA,NA,NA,NA,NA,NA,NA,NA,NA,5.486,7.315,NA,25.556,NA,11.111,NA,9,5.6,5.6,NA,1,NA,0,0,0,0,0,0,0,0,1,0,0,0,0,0,0,0,1,0,0,0,0,0,0,0,0,0,1,0,0,0,0,0,0,0,"hybrid_sunfish_golden_shiner_brook_stickleback_creek_chub; creek_chubb_brook_stickleback","GrandTraverse_Sands_SUMM_009.jpg","GrandTraverse_Sands_SUMM_010.jpg"
58687570,"L20498","129224966","GRANDTRAVERSE","SILVER",22,"June",1982,2,"July",1982,"medium","medium","medium","medium",NA,NA,29.259,NA,NA,242.817,NA,20,NA,NA,NA,3,NA,20,NA,225,NA,NA,NA,NA,NA,NA,NA,NA,NA,NA,NA,NA,NA,NA,NA,7.62,10.667,NA,20,22.778,6.111,NA,10,NA,NA,NA,1,7,0,0,0,0,0,1,0,0,0,0,0,0,1,0,0,0,0,0,0,0,0,1,0,0,1,1,0,1,1,0,1,1,0,1,"Green sunfish","GrandTraverse_Silver_SUMM_013.jpg","GrandTraverse_Silver_SUMM_014.jpg"
58687571,"L20498","129224966","GRANDTRAVERSE","SILVER",20,"July",1950,3,"August",1950,"medium","light","lighttomedium","light",NA,NA,29.259,5.029,NA,242.817,NA,NA,NA,0,NA,7,NA,30,NA,1,NA,NA,83,91,NA,NA,NA,NA,NA,NA,NA,NA,NA,NA,NA,9.144,13.715,NA,21.111,NA,7.722,NA,8.2,8.5,7.5,NA,4.7,NA,0,0,0,0,1,1,0,0,0,0,0,0,0,0,0,0,0,0,1,0,0,1,0,0,1,1,0,1,0,0,1,1,1,1,"sand_shiner","GrandTraverse_Silver_SUMM_011.jpg","GrandTraverse_Silver_SUMM_012.jpg"
58687572,"L20498","129224966","GRANDTRAVERSE","SILVER",19,"June",1968,19,"June",1968,"heavy","heavy","heavy","heavy",NA,NA,29.259,NA,NA,242.817,NA,20,NA,1,NA,15,NA,225,NA,NA,NA,NA,NA,NA,NA,NA,NA,NA,"no",NA,NA,"no",NA,NA,NA,NA,NA,NA,NA,NA,NA,NA,NA,NA,NA,NA,NA,NA,0,0,0,0,0,1,0,0,0,0,0,0,1,0,0,0,0,0,0,0,0,1,0,0,1,1,0,1,1,0,1,0,0,1,"r_bass; bullhead","GrandTraverse_Silver_SUMM_015.jpg","GrandTraverse_Silver_SUMM_016.jpg"
58687573,"L16148","155417627","GRANDTRAVERSE","SPIDER",12,"May",1982,21,"May",1982,"medium","light","medium","light",NA,NA,13.715,NA,NA,182.113,NA,NA,NA,3,NA,3,NA,33,NA,297,NA,NA,NA,NA,NA,NA,NA,NA,NA,NA,NA,NA,NA,NA,NA,NA,NA,NA,17.778,22.778,NA,NA,NA,NA,NA,NA,NA,NA,0,0,1,0,0,1,0,0,0,0,1,0,0,0,0,0,0,0,0,0,0,1,0,0,1,1,0,1,1,0,0,1,1,1,"green_sunfish","GrandTraverse_Spider_SUMM_016.jpg","GrandTraverse_Spider_SUMM_017.jpg"
58687574,"L17451","155417606","GRANDTRAVERSE","TWIN",NA,"September",1960,NA,"September",1960,"light","light","light","light",NA,NA,5.791,NA,NA,3.521,NA,NA,NA,0,NA,0,NA,0,NA,0,NA,NA,NA,NA,NA,NA,NA,NA,"no",NA,NA,"none",NA,NA,NA,NA,NA,NA,NA,NA,NA,NA,NA,NA,NA,NA,NA,NA,1,0,0,0,0,0,0,0,0,0,0,0,0,0,0,0,0,0,0,0,0,0,0,0,0,0,0,0,0,0,0,0,0,1,NA,"GrandTraverse_Twin25N_09W_S14_SUMM_002.jpg","GrandTraverse_Twin25N_09W_S14_SUMM_003.jpg"
58687575,"L17451","155417606","GRANDTRAVERSE","TWIN",17,"June",1968,18,"June",1968,"light","light","light","light",NA,NA,NA,NA,NA,NA,NA,NA,NA,0,NA,0,NA,0,NA,0,NA,NA,NA,NA,NA,NA,NA,NA,NA,NA,NA,NA,NA,NA,NA,NA,NA,NA,17.222,NA,NA,NA,NA,NA,NA,NA,NA,NA,0,0,0,0,0,0,0,0,0,0,0,0,0,0,0,0,0,0,0,0,0,0,0,0,0,0,0,0,0,0,0,1,0,1,NA,"GrandTraverse_Twin25N_09W_S14_SUMM_004.jpg","GrandTraverse_Twin25N_09W_S14_SUMM_005.jpg"
58687576,"L16726","129224952","GRANDTRAVERSE","TWINNORTH",17,"August",1948,11,"September",1948,"light","light","light","light",NA,NA,17.678,8.534,NA,6.07,NA,NA,NA,1,NA,NA,NA,1,NA,0,NA,NA,113,105,NA,NA,NA,NA,NA,NA,NA,NA,NA,NA,"yes",6.705,10.667,NA,21.667,NA,7.222,NA,NA,NA,NA,NA,4.5,1.8,0,0,0,0,0,0,0,0,0,0,0,0,0,0,0,0,0,0,0,0,0,1,0,0,0,0,0,1,1,0,0,1,0,1,"cyrpinidae","GrandTraverse_TwinNorth_SUMM_013.jpg","GrandTraverse_TwinNorth_SUMM_014.jpg"
58687577,"L18271","155417615","GRANDTRAVERSE","VANDERVORT",8,"June",1954,8,"June",1954,"heavy","light","heavy","light",NA,NA,NA,NA,NA,NA,NA,NA,NA,1,NA,1,NA,1,NA,1,NA,NA,NA,NA,NA,NA,NA,NA,"no",NA,NA,"none",NA,NA,NA,NA,NA,NA,NA,NA,NA,NA,NA,NA,NA,NA,NA,NA,0,0,0,0,0,1,0,0,0,0,0,0,0,0,0,0,0,0,0,0,0,1,0,0,0,0,0,0,0,0,0,1,0,1,"common_sunfish; unidentified_minnow_observed; suckers_reported","GrandTraverse_Vandervort26N_09W_S4-5_SUMM_002.jpg","GrandTraverse_Vandervort26N_09W_S4-5_SUMM_003.jpg"
58687578,"L15985","155417607","GRANDTRAVERSE","TWIN",24,"June",1968,25,"June",1968,"light","light","light","light",NA,NA,NA,NA,NA,NA,NA,NA,NA,0,NA,0,NA,0,NA,0,NA,NA,NA,NA,NA,NA,NA,NA,NA,NA,NA,NA,NA,NA,NA,NA,NA,NA,NA,NA,NA,NA,NA,NA,NA,NA,NA,NA,0,0,0,0,0,0,0,0,0,0,0,0,0,0,0,0,0,0,0,0,0,0,0,0,0,1,0,0,0,0,0,0,0,0,NA,"GrandTraverse_Twin27N_09W_S28_SUMM_001.jpg","GrandTraverse_Twin27N_09W_S28_SUMM_002.jpg"
58687579,"L13872","150994087","HILLSDALE","BANKERS",5,"July",1931,5,"July",1931,NA,NA,NA,NA,"permitted.","permitted",13.715,NA,NA,29.947,NA,NA,NA,NA,NA,NA,NA,NA,NA,NA,NA,"boat livery. several cottages.",NA,NA,NA,NA,NA,NA,"no","yes",NA,"no.","yes",NA,NA,NA,NA,NA,25,NA,7.778,NA,NA,NA,NA,NA,NA,NA,0,0,1,0,0,1,1,0,1,0,0,0,0,0,0,0,0,0,1,0,0,1,1,0,0,0,0,1,0,0,0,1,1,1,"longeared_sunfish_warmouth_bass; bluntnosed_minnow_log_perch_least_darters","Hillsdale_Bankers_SUMM_005.jpg","Hillsdale_Bankers_SUMM_006.jpg"
58687580,"L11731","155636825","HILLSDALE","BAWBEESE",29,"June",1931,29,"June",1931,NA,NA,NA,NA,"permitted","permitted",21.64,NA,NA,127.883,NA,NA,NA,NA,NA,NA,NA,NA,NA,NA,NA,"extensive. many cottages, a country club, a hotel and a dance hall along lake.",NA,NA,NA,NA,NA,NA,"yes","no",NA,"yes","no",NA,NA,NA,NA,NA,24.444,NA,9.444,NA,NA,NA,NA,NA,NA,NA,1,0,1,1,1,1,1,1,1,0,0,0,0,0,0,1,0,0,1,1,0,1,1,0,0,1,0,1,1,0,0,0,1,1,"mud_pickerel_grass_pike_warmouth_bass_green_sunfish; rainbow_darter_least_darter_stone_roller_steel__minnows_whipplii; short_shortnosed_gar","Hillsdale_BawBeese_SUMM_015.jpg","Hillsdale_BawBeese_SUMM_016.jpg"
58687581,"L1089","150994099","HILLSDALE","BEAR",10,"July",1931,NA,NA,NA,NA,NA,NA,NA,"permitted.","permitted",16.154,NA,NA,42.088,NA,NA,NA,NA,NA,NA,NA,NA,NA,NA,NA,"little. one or two cottages.",NA,NA,NA,NA,NA,NA,"no",NA,NA,"at cambria - 3 mi. below lake",NA,NA,NA,NA,NA,NA,23.889,NA,10,NA,NA,NA,NA,NA,NA,NA,1,0,1,1,1,1,1,1,1,0,1,0,0,0,0,0,1,0,1,1,1,1,1,0,0,1,0,1,0,0,0,0,1,1,"sunfish; log_perch_straw_colored_shiner","Hillsdale_Bear_SUMM_033.jpg","Hillsdale_Bear_SUMM_034.jpg"
58687582,"L10037","155637272","HILLSDALE","BERRY",17,"July",1931,17,"July",1931,NA,NA,NA,NA,"permitted","permitted",8.534,NA,NA,8.903,NA,NA,NA,NA,NA,NA,NA,NA,NA,NA,NA,"one cottage",NA,NA,NA,NA,NA,NA,"no","yes",NA,"no","in high water.",NA,NA,NA,NA,NA,24.444,NA,12.222,NA,NA,NA,NA,NA,NA,NA,0,0,0,1,0,1,0,0,0,0,0,0,1,0,0,0,1,0,1,0,0,1,1,0,0,0,0,0,0,0,0,0,0,1,"mud_pickerel_green_sunfish; log_perch","Hillsdale_Berry_SUMM_003.jpg","Hillsdale_Berry_SUMM_004.jpg"
58687583,"L565","155636849","HILLSDALE","BOOT",3,"July",1931,3,"July",1931,NA,NA,NA,NA,"permitted","permitted",12.191,NA,NA,25.9,NA,NA,NA,NA,NA,NA,NA,NA,NA,NA,NA,"none.",NA,NA,NA,NA,NA,NA,"no","yes",NA,"none above baw beese outlet","between boot & fourth",NA,NA,NA,NA,NA,25.556,NA,10,NA,NA,NA,NA,NA,NA,NA,0,0,1,1,0,1,0,1,0,0,0,0,0,0,0,1,1,0,1,0,1,1,0,1,0,0,0,0,0,0,0,0,1,1,"warmouth_bass_green_sunfish; notropis_anogenus_tadpole_cats_mud_minnows_fundulus_dispar_least_darters","Hillsdale_Boot_SUMM_004.jpg","Hillsdale_Boot_SUMM_005.jpg"
58687584,"L3000","155636974","HILLSDALE","CARPENTER",11,"July",1931,11,"July",1931,NA,NA,NA,NA,"permitted","permitted",12.191,NA,NA,13.557,NA,NA,NA,NA,NA,NA,NA,NA,NA,NA,NA,"little. several cottages.",NA,NA,NA,NA,NA,NA,"none near lake stream not examined",NA,NA,"none near lake. stream not examined.",NA,NA,NA,NA,NA,NA,23.889,NA,8.333,NA,NA,NA,NA,NA,NA,NA,0,0,0,0,1,1,1,0,1,0,1,0,0,0,0,0,1,0,1,1,1,1,1,1,0,0,0,1,1,0,0,1,0,1,"green_sunfish_mud_pickerel; stone_rollers_horned_dace; lake_chub_sucker","Hillsdale_Carpenter_SUMM_009.jpg","Hillsdale_Carpenter_SUMM_010.jpg"
58687585,"L3981","152518689","HILLSDALE","COBB",24,"June",1937,24,"June",1937,NA,NA,NA,NA,"yes","permitted",9.144,NA,NA,14.65,NA,NA,NA,NA,NA,NA,NA,NA,NA,NA,NA,"none",180,NA,NA,NA,NA,NA,"no",NA,NA,"no",NA,NA,NA,NA,NA,NA,23,NA,12.2,NA,6.4,NA,NA,NA,0.3,NA,0,0,1,1,1,1,1,1,1,0,1,0,0,0,0,1,1,0,1,0,1,1,0,0,1,1,0,1,1,0,1,1,0,1,"mud_pickerel_warmouth_bass_green_sunfish_longeared_sunfish; pugnosed_minnow_tadpole_cat_mud_minnow_brook_stickleback; lake_chub_sucker_mullet","Hillsdale_Cobb_SUMM_004.jpg","Hillsdale_Cobb_SUMM_005.jpg"
58687586,"L11909","152518695","HILLSDALE","HASTINGSLITTLE",29,"June",1937,NA,"June",1937,NA,NA,NA,NA,"yes","permitted",12.191,4.267,NA,15.217,NA,NA,NA,NA,NA,NA,NA,NA,NA,NA,NA,"no",110,NA,NA,NA,NA,NA,"no",NA,NA,"none",NA,NA,NA,NA,NA,NA,25.2,NA,10.5,NA,7.6,NA,NA,NA,1.5,NA,0,0,0,1,1,1,1,0,0,0,0,0,0,0,0,1,0,0,1,1,0,1,0,0,1,1,0,1,0,0,0,1,0,1,"warmouth_bass_green_sunfish; pugnose_shiner_tadpole_cat; common_sucker","Hillsdale_HastingsLittle_SUMM_005.jpg","Hillsdale_HastingsLittle_SUMM_006.jpg"
58687587,"L6875","155636850","HILLSDALE","FOURTH",2,"July",1931,2,"July",1931,NA,NA,NA,NA,"permitted","permitted",15.544,NA,NA,17.807,NA,NA,NA,NA,NA,NA,NA,NA,NA,NA,NA,"none",NA,NA,NA,NA,NA,NA,"no","yes",NA,"none above baw beese outlet","between 4th & 3rd",NA,NA,NA,NA,NA,26.667,NA,8.333,NA,NA,NA,NA,NA,NA,NA,0,0,1,1,0,1,0,1,0,0,1,0,0,0,0,0,0,0,1,0,0,1,0,0,1,0,0,0,0,0,0,0,1,1,"grass_pike_wsar_warmouth_bass; notropis_anogenus__pugnosed_shiner_mud_minnow_least_darter; short_shortnosed_gar_dogfish","Hillsdale_Fourth_SUMM_004.jpg","Hillsdale_Fourth_SUMM_005.jpg"
58687588,"L13394","155636937","HILLSDALE","HEMLOCK",15,"July",1931,NA,"July",NA,NA,NA,NA,NA,"permitted.","permitted",19.811,NA,NA,59.085,NA,NA,NA,NA,NA,NA,NA,NA,NA,NA,NA,"fairly extensive. dance hall and about a dozen cottages.",NA,NA,NA,NA,NA,NA,NA,NA,NA,"(not investigated).","-",NA,NA,NA,NA,NA,25.556,NA,7.778,NA,NA,NA,NA,NA,NA,NA,1,0,1,1,1,1,1,0,0,0,1,0,0,1,0,0,0,0,1,1,0,1,0,1,0,0,0,1,0,0,0,1,1,1,"green_sunfish_warmouth_bass_whitefish; log_perch_stone_roller_log_perch_rainbow_darter_least_darter; mullet; shortnosed_nose_gar","Hillsdale_Hemlock_SUMM_017.jpg","Hillsdale_Hemlock_SUMM_018.jpg"
58687589,"L7830","155637094","HILLSDALE","LONG",10,"July",1931,10,"July",1931,NA,NA,NA,NA,"permitted","permitted",13.715,NA,NA,86.2,NA,NA,NA,NA,NA,NA,NA,NA,NA,NA,NA,"a dozen or more cottages along southern 1/3 of lake. very little development along upper 2/3",NA,NA,NA,NA,NA,NA,"no","yes",NA,"no","yes",NA,NA,NA,NA,NA,24.444,NA,11.111,NA,NA,NA,NA,NA,NA,NA,0,0,1,1,1,1,1,1,1,0,1,0,0,1,0,0,1,0,0,1,1,1,1,1,0,0,0,1,0,0,0,1,1,1,"green_sunfish_mud_pickerel_warmouth_bass_white_fish; log_perch_horned_dace_brook_silversides_stone_rollers_pirate_perch_fundulus_tadpole_cat_funulus_dispar; suckers_not_specified; shortnosed_gar","Hillsdale_Long7S_4W_S8-17_SUMM_011.jpg","Hillsdale_Long7S_4W_S8-17_SUMM_012.jpg"
58687590,"L13394","155636937","HILLSDALE","HEMLOCK",NA,"August",1955,NA,"August",1955,"light","light","light","light",NA,NA,19.811,3.048,NA,56.657,NA,NA,NA,NA,NA,NA,NA,40,NA,NA,NA,NA,NA,NA,NA,NA,NA,NA,"no",NA,"no","none",NA,"none","yes",121.914,NA,NA,24.444,NA,10.111,NA,NA,NA,7,6.1,NA,NA,0,0,0,0,0,0,0,0,0,0,0,0,0,0,0,0,0,0,0,0,0,0,0,0,0,0,0,0,0,0,0,0,0,0,NA,"Hillsdale_Hemlock_SUMM_019.jpg","Hillsdale_Hemlock_SUMM_020.jpg"
58687591,"L11753","152518679","HILLSDALE","MOSHERVILLEBIG",2,"July",1937,2,"July",1937,NA,NA,NA,NA,"yes","permitted",12.191,NA,NA,10.846,NA,NA,NA,NA,NA,NA,NA,NA,NA,NA,NA,NA,187,NA,NA,NA,NA,NA,"yes","no",NA,"yes","no",NA,NA,NA,NA,NA,22,NA,10,NA,6.4,NA,NA,NA,0,NA,0,0,1,1,1,1,1,0,0,0,0,0,0,0,1,0,0,0,1,0,0,1,0,0,0,1,0,1,0,0,0,0,0,1,"warmouth_bass_green_sunfish_longeared_sunfish; creek_chub_pugnose_shiner_mud_minnow; mullet; carp_are_reported_to_be_present_not_collected","Hillsdale_MoshervilleBig_SUMM_007.jpg","Hillsdale_MoshervilleBig_SUMM_008.jpg"
58687592,"L12598","152095097","HILLSDALE","PERCH",19,"June",1931,NA,"June",NA,NA,NA,NA,NA,"permitted.","permitted",3.048,NA,NA,15.176,NA,NA,NA,NA,NA,NA,NA,NA,NA,NA,NA,"three cottages on northeast side",NA,NA,NA,NA,NA,NA,"no",NA,NA,"no",NA,NA,NA,NA,NA,NA,25.556,NA,24.444,NA,NA,NA,NA,NA,NA,NA,0,0,0,1,0,1,1,0,0,0,0,0,0,0,0,0,0,0,1,1,0,1,0,0,0,1,0,0,0,0,0,0,1,1,"mud_pickerel; bluntnosed_minnow_horned_dace","Hillsdale_Perch_SUMM_006.jpg","Hillsdale_Perch_SUMM_007.jpg"
58687593,"L11731","155636825","HILLSDALE","SECOND",30,"June",1931,30,"June",1931,NA,NA,NA,NA,"permitted","permitted",18.897,NA,NA,14.569,NA,NA,NA,NA,NA,NA,NA,NA,NA,NA,NA,"one cottage",NA,NA,NA,NA,NA,NA,"no","yes",NA,"none between second & baw beese","yes",NA,NA,NA,NA,NA,26.667,NA,8.889,NA,NA,NA,NA,NA,NA,NA,0,0,0,1,0,1,1,1,0,0,1,0,0,0,0,0,0,0,0,0,0,1,1,0,0,1,0,1,0,1,0,0,1,1,"grass_pike_warmouth_bass_sunfish; mud_minnow; shortnosed_gar","Hillsdale_Second_SUMM_004.jpg","Hillsdale_Second_SUMM_005.jpg"
58687594,"L11731","155636825","HILLSDALE","THIRD",1,"July",1931,NA,"July",NA,NA,NA,NA,NA,"permitted","permitted",4.115,NA,NA,14.164,NA,NA,NA,NA,NA,NA,NA,NA,NA,NA,NA,"one or two cottages",NA,NA,NA,NA,NA,NA,"no","yes",NA,"none above baw beese outlet","between 3rd and baw beese",NA,NA,NA,NA,NA,28.333,NA,17.778,NA,NA,NA,NA,NA,NA,NA,1,0,1,1,0,1,0,1,0,0,1,0,0,0,0,0,1,0,0,0,0,1,1,0,0,1,0,0,0,0,0,0,1,1,"grass_pike_warmouth_bass_green_sunfish; mud_minnow_fundulus_dispar_black_cheek_topminnow_minnow; shortnosed_gar","Hillsdale_Third_SUMM_005.jpg","Hillsdale_Third_SUMM_006.jpg"
58687595,"L4762","151874052","HILLSDALE","MOON",22,"June",1931,NA,NA,NA,NA,NA,NA,NA,"permitted (except temporarily)","permitted",10.972,NA,NA,12.829,NA,NA,NA,NA,NA,NA,NA,NA,NA,NA,NA,"none.",NA,NA,NA,NA,NA,NA,NA,NA,NA,"not examined by survey party","-",NA,NA,NA,NA,NA,23.889,NA,10,NA,NA,NA,NA,NA,NA,NA,0,0,0,1,1,1,0,1,0,0,0,0,0,0,0,0,0,0,0,0,0,1,0,0,0,1,0,0,0,0,0,0,1,1,"grass_pike_warmouth_bass_sunfish","Hillsdale_Moon7S_1W_S27_SUMM_002.jpg","Hillsdale_Moon7S_1W_S27_SUMM_003.jpg"
58687596,"L3827","150994093","HILLSDALE","WILSON",6,"July",1931,NA,"July",NA,NA,NA,NA,NA,"permitted","permitted",18.287,NA,NA,37.232,NA,NA,NA,NA,NA,NA,NA,NA,NA,NA,NA,"seven cottages on east side",NA,NA,NA,NA,NA,NA,"no","yes",NA,"no","yes",NA,NA,NA,NA,NA,26.667,NA,7.778,NA,NA,NA,NA,NA,NA,NA,1,0,0,0,0,1,1,0,1,0,0,0,0,0,0,0,0,0,1,0,0,1,1,1,0,1,0,1,0,0,0,0,1,1,"longeared_sunfish_sunfish; log_perch_tadpole_cats_mud_minnows","Hillsdale_Wilson_SUMM_007.jpg","Hillsdale_Wilson_SUMM_008.jpg"
58687597,"L41229","117625985","HOUGHTON","BOHMIER",7,"August",1954,7,"August",NA,"none","none","none","none",NA,NA,15.239,NA,NA,4.047,4.856,15,NA,0,NA,0,NA,0,NA,0,NA,NA,5,8,NA,NA,NA,NA,"no",NA,NA,"none",NA,NA,NA,4.572,8.229,NA,23.2,NA,6.4,NA,5.8,NA,6.8,7.2,5.8,2.6,0,0,0,0,1,0,0,0,0,0,0,0,0,0,0,0,0,0,0,0,0,0,0,0,0,0,0,0,0,0,0,0,0,0,"stickleback","Houghton_Bohmier_SUMM_003.jpg","Houghton_Bohmier_SUMM_004.jpg"
58687598,"L32926","123390259","HOUGHTON","BOB",20,"August",1937,NA,"August",NA,NA,NA,NA,NA,"yes","permitted",4.572,1.524,NA,48.563,NA,NA,NA,NA,NA,NA,NA,NA,NA,NA,NA,NA,13,NA,NA,NA,NA,NA,"no",NA,NA,"none","0",NA,NA,NA,NA,NA,23.8,NA,22.2,NA,NA,NA,NA,NA,5.8,NA,0,0,0,0,0,0,0,0,0,0,0,0,0,0,0,0,0,0,0,0,0,1,0,0,0,0,0,0,0,0,0,0,0,1,"sunfish","Houghton_Bob_SUMM_019.jpg","Houghton_Bob_SUMM_020.jpg"
58687599,"L32926","123390259","HOUGHTON","BOB",20,"August",1937,20,"August",1937,NA,NA,NA,NA,"yes","permitted",4.572,1.524,NA,48.563,NA,NA,NA,NA,NA,NA,NA,NA,NA,NA,NA,NA,13,NA,NA,NA,NA,NA,"no",NA,NA,"none",NA,NA,NA,NA,NA,NA,23.8,NA,22.2,NA,NA,NA,NA,NA,5.8,NA,0,0,0,0,0,0,0,0,0,0,0,0,0,0,0,0,0,0,0,0,0,1,0,0,0,0,0,0,0,0,0,0,0,1,"sunfish","Houghton_Bob_SUMM_001_01.jpg","Houghton_Bob_SUMM_001_02.jpg"
58687600,"L32526","116542587","HOUGHTON","BOSTONPOND",6,"August",1968,NA,"August",NA,"light","light","light","light",NA,NA,2.133,1.524,NA,2.833,NA,100,NA,0,NA,0,NA,0,NA,0,NA,NA,47.9,NA,NA,NA,1.829,NA,"yes",NA,"yes","yes",NA,"restricts upstream movement",NA,NA,NA,NA,21.667,NA,20.556,NA,7,NA,NA,NA,NA,NA,0,0,0,0,0,0,0,0,0,0,0,0,0,0,0,0,0,0,0,0,0,0,0,0,0,0,0,0,0,0,0,1,0,1,NA,"Houghton_BostonPond_SUMM_003.jpg","Houghton_BostonPond_SUMM_004.jpg"
58687601,"L32888","116542503","HOUGHTON","CALUMETHECLADAM",9,"August",1950,NA,"August",NA,"none","none","none","none",NA,NA,1.829,NA,NA,12.141,NA,100,NA,0,NA,0,NA,0,NA,0,NA,NA,35,NA,NA,NA,1.829,NA,"yes",NA,"yes","yes",NA,"barrier to fish movement","no",NA,NA,NA,21.111,NA,18.889,NA,8.01,7.92,NA,NA,NA,NA,0,0,0,0,0,0,0,0,0,0,0,0,0,0,0,0,0,0,0,0,0,0,0,0,0,0,0,0,0,0,0,0,0,0,"sticklebacks","Houghton_CalumetHeclaDam_SUMM_005.jpg","Houghton_CalumetHeclaDam_SUMM_006.jpg"
58687602,"L37054","123392114","HOUGHTON","CRYSTAL",4,"August",1954,4,"August",1954,"light",NA,"light",NA,NA,NA,6.705,NA,NA,6.677,NA,75,NA,0,NA,0,NA,0,NA,0,NA,NA,10,NA,NA,NA,NA,NA,NA,NA,NA,NA,NA,NA,NA,4.572,6.705,"yes",24.8,NA,19.4,NA,5.4,5.9,5.4,NA,5.4,NA,0,0,0,0,0,1,0,0,0,0,0,0,0,0,0,0,0,0,0,0,0,0,0,0,0,1,0,0,1,0,0,0,0,0,NA,"Houghton_Crystal_SUMM_005.jpg","Houghton_Crystal_SUMM_006.jpg"
58687603,"L32845","f885fec2-c04f-4f4c-93b3-512c129d7493","HOUGHTON","ELEVENMILE",6,"August",1963,7,"August",1963,"light",NA,"light",NA,NA,NA,5.486,NA,NA,7.285,NA,85,NA,0,NA,0,NA,0,NA,0,NA,NA,NA,NA,NA,NA,NA,NA,"no",NA,NA,"none",NA,NA,NA,NA,NA,NA,23.889,NA,NA,NA,NA,NA,NA,NA,NA,NA,0,0,0,0,0,0,0,0,0,0,0,0,0,0,0,0,0,0,0,0,0,0,0,0,0,1,0,0,0,0,0,0,0,1,NA,"Houghton_ElevenMile_SUMM_005.jpg","Houghton_ElevenMile_SUMM_006.jpg"
58687604,"L39500","117625797","HOUGHTON","EMILY",23,"July",1956,30,"July",1956,"light",NA,"light",NA,NA,NA,27.431,5.791,NA,21.651,NA,20,NA,0,NA,0,NA,1,NA,0,NA,NA,1.5,4,NA,NA,1.219,NA,"yes",NA,"yes","yes - beaver dam",NA,"barracade of a sort",NA,3.353,6.096,NA,21.111,22.778,3.889,5,6.6,8.1,5.3,6.6,0.2,4.9,0,0,0,0,0,1,0,0,0,0,0,0,0,0,0,0,0,0,0,0,0,1,0,0,0,0,0,0,1,0,0,1,0,1,NA,"Houghton_Emily_SUMM_003.jpg","Houghton_Emily_SUMM_004.jpg"
58687605,"L42414","123390585","HOUGHTON","ECHO",31,"August",1950,1,"September",1950,"medium",NA,"medium ","notknown",NA,NA,12.496,NA,NA,18.211,NA,NA,NA,NA,NA,NA,NA,0,NA,NA,NA,NA,4,NA,NA,NA,NA,NA,NA,NA,NA,NA,NA,NA,NA,5.334,7.62,NA,17.778,NA,5,NA,8.6,8.4,9.5,6.8,1.9,0,0,0,0,0,0,0,0,0,0,0,0,0,0,0,0,0,0,0,0,0,0,0,0,0,0,1,0,0,0,0,0,0,0,1,NA,"Houghton_Echo_SUMM_006.jpg","Houghton_Echo_SUMM_007.jpg"
58687606,"L37054","123392114","HOUGHTON","CRYSTAL",9,"August",1954,12,"August",1954,"light","none","light","none",NA,NA,6.4,2.895,NA,6.677,NA,60,NA,0,NA,0,NA,0,NA,0,NA,NA,6,8,NA,NA,NA,NA,NA,NA,NA,NA,NA,NA,NA,5.181,6.096,NA,21.111,22.222,18.333,NA,7.6,7.6,7.6,NA,7.6,NA,1,0,0,0,0,1,0,0,0,0,0,0,0,0,0,1,0,0,0,0,0,0,0,0,0,1,0,0,1,0,0,0,0,1,"green_sunfish","Houghton_Crystal_SUMM_007.jpg","Houghton_Crystal_SUMM_008.jpg"
58687607,"L35850","116543277","HOUGHTON","GERALD",2,"September",1937,2,"September",1937,NA,NA,NA,NA,"yes","permitted",12.496,2.895,NA,103.197,NA,NA,NA,NA,NA,NA,NA,NA,NA,NA,NA,"no.",13,31,NA,NA,NA,NA,"no",NA,NA,"no. (see roland lake)","-",NA,NA,NA,NA,NA,22.1,NA,12,NA,7.2,NA,NA,NA,1.4,NA,0,0,1,0,0,1,0,0,0,0,0,0,0,0,0,0,0,0,0,0,0,1,0,0,0,0,0,1,1,0,0,1,0,1,"sunfish; umbra_limi_mudminnow","Houghton_Gerald_SUMM_020.jpg","Houghton_Gerald_SUMM_021.jpg"
58687608,"L35850","116543277","HOUGHTON","GERALD",24,"August",1970,28,"August",1970,"medium","light","medium","light",NA,NA,12.191,2.438,NA,103.197,NA,NA,NA,0,NA,0,NA,72,NA,0,NA,NA,20.5,NA,NA,2.05,NA,NA,"no",NA,NA,"no",NA,NA,NA,5.486,7.924,NA,23.333,NA,9.444,NA,8,NA,4,3,2,NA,0,1,1,0,0,1,0,0,0,0,0,0,0,0,0,0,0,0,0,0,0,0,0,0,0,1,0,1,1,0,1,1,1,1,"longnose_suckers","Houghton_Gerald_SUMM_022.jpg","Houghton_Gerald_SUMM_023.jpg"
58687609,"L39748","117627667","HOUGHTON","HAUGER",18,"August",1959,18,"August",1959,"light","none","light","none",NA,NA,6.4,1.219,1.524,16.592,NA,100,NA,NA,NA,NA,NA,NA,NA,NA,NA,NA,4,NA,NA,NA,NA,NA,NA,NA,NA,NA,NA,NA,NA,2.743,3.657,NA,22.778,NA,18.333,NA,6.2,NA,5.6,NA,4.9,NA,0,0,0,0,0,0,0,0,0,0,0,0,0,0,0,0,0,0,0,0,0,0,0,0,0,0,0,0,0,0,0,0,0,1,NA,"Houghton_Hauger_SUMM_010.jpg","Houghton_Hauger_SUMM_011.jpg"
58687610,"L39348","117625929","HOUGHTON","KRATT",26,"August",1947,2,"August",1948,"light","none","light","none",NA,NA,10.058,3.048,NA,3.238,NA,20,NA,NA,NA,NA,NA,1,NA,NA,NA,NA,20,NA,NA,NA,NA,NA,NA,NA,NA,NA,NA,NA,"yes",3.048,9.144,NA,21,NA,8,NA,7.6,NA,NA,NA,5.8,NA,0,0,0,0,0,0,0,0,0,0,0,0,0,0,0,0,0,0,0,0,0,1,0,0,0,0,0,0,0,0,0,0,0,0,NA,"Houghton_Kratt_SUMM_006.jpg","Houghton_Kratt_SUMM_007.jpg"
58687611,"L35383","123392716","HOUGHTON","KUNZE",18,"July",1963,NA,NA,NA,"light",NA,"light",NA,NA,NA,17.982,1.219,NA,5.18,NA,NA,NA,0,NA,0,NA,0,NA,0,NA,NA,1.2,1.5,NA,NA,0.457,NA,"yes",NA,"yes","seepage over old beaver dam on west end",NA,"beaver dam appears to be effective barrier",NA,1.829,5.486,NA,22.778,NA,5.556,NA,5.45,NA,5.64,4.36,1.12,NA,0,0,0,0,0,1,0,0,0,0,0,0,0,0,0,0,0,0,0,0,0,0,0,0,0,1,0,0,0,0,0,0,0,1,NA,"Houghton_Kunze_SUMM_003.jpg","Houghton_Kunze_SUMM_004.jpg"
58687612,"L39348","117625929","HOUGHTON","KRATT",26,"August",1947,NA,"August",NA,"light","none","light","none",NA,NA,8.839,NA,NA,8.094,NA,20,NA,NA,NA,NA,NA,NA,NA,NA,NA,NA,NA,NA,NA,NA,NA,NA,NA,NA,NA,NA,NA,NA,"yes",2.743,5.486,NA,23.889,NA,5.556,NA,5.6,NA,NA,NA,2.2,NA,0,0,0,0,0,0,0,0,0,0,0,0,0,0,0,0,0,0,0,0,0,1,0,0,0,0,0,0,0,0,0,0,0,0,NA,"Houghton_Kratt_SUMM_008.jpg","Houghton_Kratt_SUMM_009.jpg"
58687613,"L34347","123393006","HOUGHTON","LAKEONTHREE",7,"July",1958,10,"July",1958,"light","none","light","none",NA,NA,11.582,NA,NA,10.117,NA,25,NA,0,NA,0,NA,0,NA,0,NA,NA,21,22,NA,NA,NA,NA,"no",NA,NA,"none",NA,NA,NA,NA,NA,NA,25.556,NA,9.444,NA,7.3,NA,3.06,NA,1.5,NA,0,0,0,0,0,1,0,0,0,0,0,0,0,0,0,0,0,0,0,0,0,0,0,0,0,1,0,0,1,0,0,0,0,1,NA,"Houghton_LakeOnThree_SUMM_003.jpg","Houghton_LakeOnThree_SUMM_004.jpg"
58687614,"L42306","123393009","HOUGHTON","MAGGIE",22,"August",1962,22,"August",1962,"light","none","light","none",NA,NA,3.657,1.067,NA,NA,NA,NA,NA,0,NA,0,NA,0,NA,0,NA,NA,21,NA,NA,NA,NA,NA,"no",NA,NA,"no",NA,NA,NA,0.762,1.524,NA,22.722,NA,17.778,NA,7.9,NA,NA,NA,8.6,NA,0,0,0,0,0,0,0,0,0,0,0,0,0,0,0,0,0,0,0,0,0,0,0,0,0,0,0,0,0,0,0,1,0,0,"creek_chub","Houghton_Maggie_SUMM_004.jpg","Houghton_Maggie_SUMM_005.jpg"
58687615,"L37294","123391063","HOUGHTON","MARKEY",18,"August",1937,NA,NA,NA,NA,NA,NA,NA,"yes","permitted",21.03,5.181,NA,19.514,NA,NA,NA,NA,NA,NA,NA,NA,NA,NA,NA,NA,7,20,NA,NA,NA,NA,NA,NA,NA,"-","-",NA,NA,NA,NA,NA,24.5,NA,5.3,NA,7.2,NA,NA,NA,3.6,NA,0,0,0,0,0,1,0,0,0,0,0,0,0,0,0,0,0,0,0,0,0,1,0,0,0,0,0,0,1,0,0,0,0,1,"sunfish","Houghton_Markey_SUMM_011.jpg","Houghton_Markey_SUMM_012.jpg"
58687616,"L32843","116542621","HOUGHTON","MUD",28,"June",1971,30,"June",1971,"light",NA,"light",NA,NA,NA,3.657,1.219,NA,72.44,NA,100,NA,0,NA,0,NA,6,NA,0,NA,NA,20.4,NA,NA,NA,NA,NA,"no",NA,NA,"no",NA,NA,NA,NA,NA,NA,23.333,NA,21.111,NA,9,NA,NA,NA,NA,NA,0,1,0,0,0,0,0,0,0,0,0,1,0,0,0,0,1,0,0,0,0,0,0,0,1,1,1,1,0,0,0,1,0,1,"rock_sunfish; smelt; sea_lamprey","Houghton_Mud55N_32W_S25-26-35-36_SUMM_009.jpg","Houghton_Mud55N_32W_S25-26-35-36_SUMM_010.jpg"
58687617,"L32843","116542621","HOUGHTON","MUD",22,"August",1954,24,"August",1954,"light","none","lightornone","none",NA,NA,NA,NA,NA,NA,NA,NA,NA,0,NA,0,NA,2,NA,0,NA,NA,6,8,NA,NA,NA,NA,"no",NA,NA,"none",NA,NA,NA,NA,NA,NA,NA,NA,NA,NA,4,6.5,NA,NA,NA,NA,0,0,0,0,0,0,0,0,0,0,1,0,0,0,0,0,0,0,0,0,0,0,0,0,0,0,0,1,0,0,0,1,0,0,NA,"Houghton_Mud55N_32W_S25-26-35-36_SUMM_007.jpg","Houghton_Mud55N_32W_S25-26-35-36_SUMM_008.jpg"
58687618,"L32983","116542771","HOUGHTON","ONGIE",24,"August",1948,24,"August",1948,"medium","none","medium","none",NA,NA,7.924,NA,NA,8.094,NA,5,NA,NA,NA,NA,NA,4,NA,NA,NA,NA,35,NA,NA,NA,NA,NA,"yes",NA,"yes","beaver dam",NA,"retards movement in low water stage of lake.","yes",3.048,7.62,NA,26,NA,9.5,NA,7,6.1,NA,NA,4.1,NA,0,0,1,0,0,1,0,0,0,1,0,0,0,0,0,0,0,0,0,0,0,1,0,0,0,0,0,0,0,0,0,0,0,1,NA,"Houghton_Ongie_SUMM_009.jpg","Houghton_Ongie_SUMM_010.jpg"
58687619,"L32983","116542771","HOUGHTON","ONGIE",2,"October",1941,NA,"October",NA,"light","none","light","none",NA,NA,8.229,3.048,NA,7.568,NA,20,NA,0,NA,0,NA,3,NA,0,NA,NA,15,28,NA,1.42,NA,NA,"no",NA,NA,"no",NA,NA,"yes",5.486,6.4,NA,12.222,NA,7.222,NA,1.4,NA,NA,NA,1.4,NA,0,0,0,0,0,1,0,0,0,0,0,0,0,0,0,0,0,0,0,0,0,0,0,0,0,0,0,0,0,0,0,0,0,1,"unidentified_minnows","Houghton_Ongie_SUMM_011.jpg","Houghton_Ongie_SUMM_012.jpg"
58687620,"L36061","116542589","HOUGHTON","RICELITTLE",22,"June",1971,25,"June",1971,"medium","light","medium","light",NA,NA,2.743,1.829,NA,273.169,NA,100,NA,1,NA,1,NA,NA,NA,NA,NA,NA,20.4,NA,NA,NA,1.219,NA,"yes",NA,"yes","yes",NA,"construction does not allow fish to pass in or out of lake.",NA,NA,NA,NA,22.222,NA,21.111,NA,9,NA,NA,NA,NA,NA,0,1,1,0,0,0,0,0,0,0,1,0,0,0,0,0,1,0,0,0,0,0,0,0,1,1,0,1,0,0,1,1,0,1,"spottail_shiner; cw_suckers","Houghton_RiceLittle_SUMM_004.jpg","Houghton_RiceLittle_SUMM_005.jpg"
58687621,"L36510","117625661","HOUGHTON","OTTER",11,"July",1955,15,"July",1955,"medium","light","medium","light",NA,NA,8.839,NA,NA,360.178,NA,NA,NA,2,NA,3,NA,70,NA,NA,NA,NA,56,57,NA,NA,NA,NA,"no",NA,NA,"none - but lamprey weir",NA,NA,NA,4.572,7.315,NA,22.778,24.444,16.389,NA,40,7.4,0.7,4,NA,NA,0,0,1,0,0,1,0,0,0,0,1,0,0,0,0,0,1,0,0,1,0,0,0,0,1,0,0,1,1,0,1,1,0,1,"sauger_crappie_sturgeon; spottail_shiner_logperch_troutperch_perch; silver_redhorse_shorthead_redhorse; silver_lamprey","Houghton_Otter_SUMM_013.jpg","Houghton_Otter_SUMM_014.jpg"
58687622,"L35823","116542693","HOUGHTON","PERRAULT",25,"August",1948,NA,"August",NA,"light",NA,"light",NA,NA,NA,NA,NA,NA,4.856,NA,50,NA,NA,NA,NA,NA,NA,NA,NA,NA,NA,28,NA,NA,NA,0.61,NA,"yes",NA,"yes","beaver dam (in good condition)",NA,"no movement except in extreme high water","yes",4.572,7.62,NA,24.5,NA,11.5,NA,6.4,7.2,NA,NA,3.9,NA,0,0,0,0,0,1,0,0,0,0,0,0,0,0,0,0,0,0,0,0,0,1,0,0,0,0,0,0,1,0,0,0,0,1,NA,"Houghton_Perrault_SUMM_008.jpg","Houghton_Perrault_SUMM_009.jpg"
58687623,"L35180","116543343","HOUGHTON","ROLAND",3,"September",1937,3,"September",1937,NA,NA,NA,NA,"yes","permitted",12.496,2.591,NA,118.171,NA,NA,NA,NA,NA,NA,NA,NA,NA,NA,NA,"houghton co. park",11,31,NA,NA,0.61,NA,"yes","no",NA,"yes","no",NA,NA,NA,NA,NA,21.2,NA,11.5,NA,6.9,NA,NA,NA,NA,NA,0,0,1,0,0,1,0,0,0,0,0,0,0,0,0,0,0,0,0,0,0,1,0,0,0,0,0,0,1,0,0,1,0,1,"sunfish; mud_minnow","Houghton_Roland_SUMM_026.jpg","Houghton_Roland_SUMM_027.jpg"
58687624,"L35180","116543343","HOUGHTON","ROLAND",17,"August",1970,21,"August",1970,"medium","light","medium","light",NA,NA,12.191,2.591,NA,118.171,NA,NA,NA,0,NA,3,NA,64,NA,62,NA,NA,20.5,NA,NA,1.78,NA,NA,"no",NA,NA,"no",NA,NA,NA,NA,NA,NA,23.889,NA,15.556,NA,7,6,NA,NA,6,NA,0,1,1,0,0,0,0,0,0,0,0,0,0,0,0,0,0,0,0,0,0,0,0,0,1,1,0,1,1,0,1,1,0,1,"longnose_suckers","Houghton_Roland_SUMM_024.jpg","Houghton_Roland_SUMM_025.jpg"
58687625,"L37252","117625857","HOUGHTON","SANDY",12,"July",1956,23,"July",1956,"light","none","light","none",NA,NA,6.4,1.524,1.676,40.874,NA,98,NA,0,NA,0,NA,4,NA,0,NA,NA,0,1,NA,NA,0.305,NA,"yes",NA,NA,"yes - beaver workings",NA,NA,NA,1.524,4.267,NA,18.333,21.111,5.556,18.333,8.2,NA,0,4.7,0,NA,0,0,0,0,0,1,0,0,0,0,0,0,0,0,0,0,0,0,0,0,0,1,0,0,0,0,0,0,0,0,0,1,0,1,"green_sunfish","Houghton_Sandy_SUMM_006.jpg","Houghton_Sandy_SUMM_007.jpg"
58687626,"L35627","116542783","HOUGHTON","STONINGTON",30,"July",1949,1,"August",1949,"medium","medium","medium","medium",NA,NA,5.486,0.914,NA,12.141,NA,20,NA,NA,NA,NA,NA,2,NA,NA,NA,NA,5,NA,NA,1,NA,NA,"no",NA,NA,"no. beaver dam further down",NA,NA,"yes",1.524,4.572,NA,21.111,NA,10.3,NA,6.4,6.9,NA,NA,0,NA,0,0,0,0,0,0,0,0,0,0,0,0,0,0,0,0,0,0,0,0,0,1,0,0,0,1,0,1,0,0,0,0,0,1,"pumpkinseed_largemouth_bass_rock_bass","Houghton_Stonington_SUMM_008.jpg","Houghton_Stonington_SUMM_009.jpg"
58687627,"L34942","117625599","HOUGHTON","THIRTEENMILE",5,"August",1963,6,"August",1963,"light",NA,"light",NA,NA,NA,9.144,NA,NA,5.666,NA,80,NA,0,NA,0,NA,0,NA,0,NA,NA,NA,NA,NA,NA,NA,NA,NA,NA,NA,NA,NA,NA,NA,NA,NA,NA,24.444,NA,NA,NA,NA,NA,NA,NA,NA,NA,0,0,0,0,0,0,0,0,0,0,0,0,0,0,0,1,0,0,0,0,0,0,0,0,0,1,0,0,0,0,0,0,0,1,NA,"Houghton_ThirteenMile_SUMM_005.jpg","Houghton_ThirteenMile_SUMM_006.jpg"
58687628,"L41491","123392450","HOUGHTON","THIRTEEN",18,"August",1947,NA,NA,NA,"medium","none","medium","none",NA,NA,3.048,NA,NA,36.423,NA,100,NA,1,NA,1,NA,5,NA,NA,NA,NA,NA,NA,NA,NA,NA,NA,"yes",NA,"yes","active beaver dam at present.",NA,"retards upstream movement.","no",NA,NA,NA,23.333,NA,21.111,NA,NA,NA,NA,NA,NA,NA,0,0,0,0,0,1,0,0,0,1,0,0,0,0,0,0,1,0,0,0,0,1,0,0,0,1,0,0,0,0,0,1,0,1,NA,"Houghton_Thirteen_SUMM_008.jpg","Houghton_Thirteen_SUMM_009.jpg"
58687629,"L35555","116542727","HOUGHTON","TOIVOLA1",18,"June",1967,14,"July",1967,"light",NA,"light",NA,NA,NA,5.791,2.438,NA,3.278,NA,95,NA,0,NA,0,NA,0,NA,0,NA,NA,13.7,NA,NA,NA,NA,NA,"no",NA,NA,"none",NA,NA,NA,2.743,5.791,"yes",20.556,NA,11.111,NA,6,8,1,1,NA,NA,0,0,1,0,0,0,0,0,0,0,0,0,0,0,0,0,0,0,0,0,0,0,0,0,0,1,0,0,0,0,0,0,0,1,NA,"Houghton_Toivola_SUMM_005.jpg","Houghton_Toivola_SUMM_006.jpg"
58687630,"L34104","116542721","HOUGHTON","TOIVOLA2",26,"June",1967,27,"June",1967,"light","light","light","light",NA,NA,12.191,4.877,NA,5.463,NA,15,NA,0,NA,0,NA,0,NA,0,NA,NA,13.7,NA,NA,NA,NA,NA,"no",NA,NA,"none",NA,NA,NA,3.048,7.924,NA,19.778,NA,6.667,NA,9,10,7,9,3.5,NA,0,0,1,0,0,0,0,0,0,0,0,0,0,0,0,0,0,0,0,0,0,0,0,0,0,1,0,0,0,0,0,1,0,1,"sauger","Houghton_Toivola_SUMM_007.jpg","Houghton_Toivola_SUMM_008.jpg"
58687631,"L39935","123392972","HOUGHTON","TWENTY-EIGHT",23,"August",1960,23,"August",1960,"light",NA,"light",NA,NA,NA,9.144,1.219,1.524,2.428,NA,40,NA,NA,NA,NA,NA,0,NA,NA,NA,NA,3,NA,NA,NA,NA,NA,NA,NA,NA,NA,NA,NA,NA,2.438,9.144,NA,22.778,NA,8.333,NA,6.7,6,7.1,0.2,NA,NA,0,0,0,0,0,0,0,0,0,0,0,0,0,0,0,0,0,0,0,0,0,0,0,0,0,0,0,0,0,0,0,0,0,0,NA,"Houghton_Twenty-Eight_SUMM_002.jpg","Houghton_Twenty-Eight_SUMM_003.jpg"
58687632,"L35926","116542719","HOUGHTON","TOIVOLA3",28,"June",1967,29,"June",1967,"light","light","light","light",NA,NA,2.438,1.524,NA,4.452,NA,NA,NA,0,NA,0,NA,0,NA,0,NA,NA,6.84,NA,NA,NA,NA,NA,"no",NA,NA,"none",NA,NA,"no",NA,NA,NA,20,NA,17.278,NA,8,NA,NA,NA,NA,NA,0,0,0,0,0,0,0,0,0,0,0,0,0,0,0,0,0,0,0,0,0,0,0,0,0,0,0,0,0,0,0,0,0,0,NA,"Houghton_Toivola_SUMM_009.jpg","Houghton_Toivola_SUMM_010.jpg"
58687633,"L32820","116542709","HOUGHTON","WEBBER",23,"August",1944,23,"August",1944,"light","none","light","none",NA,NA,3.962,3.048,NA,2.833,3.238,NA,NA,0,NA,0,NA,1,NA,0,NA,NA,NA,NA,NA,NA,NA,NA,"no",NA,NA,"none",NA,NA,"no",NA,NA,NA,23.056,NA,20.5,NA,NA,NA,NA,NA,NA,NA,0,0,0,0,0,1,0,0,0,0,0,0,0,0,0,0,0,0,0,0,0,0,0,0,0,0,0,0,0,0,0,0,0,0,"sunfish","Houghton_Webber_SUMM_005.jpg","Houghton_Webber_SUMM_006.jpg"
58687634,"L7468","152094507","INGHAM","JONES",24,"June",1991,24,"July",1991,"light","light","lightfishing","lighttonouse",NA,NA,10.058,NA,NA,12.141,NA,NA,NA,0,NA,0,NA,0,NA,1,NA,NA,2,55,NA,NA,NA,NA,NA,NA,NA,NA,NA,NA,NA,1.829,5.486,NA,26,NA,8,NA,7,NA,NA,NA,0,NA,0,0,1,0,0,1,0,0,0,0,0,0,0,0,0,0,0,0,0,0,0,0,0,0,1,1,0,0,0,0,0,0,0,1,"Carp; channel catfish","Ingham_Jones_SUMM_005.jpg","Ingham_Jones_SUMM_006.jpg"
58687635,"L930","152094516","INGHAM","LANSING",12,"August",1938,12,"August",1938,"heavy","heavy","heavy","heavy",NA,NA,11.277,1.88,NA,183.124,NA,80,NA,4,NA,2,NA,130,NA,0,NA,NA,99,110,NA,1.16,0.61,NA,"yes",NA,"yes","yes",NA,"suckers and pike go over the dam in spring","yes",5.486,8.534,NA,27.222,28.333,23.1,25,4.9,7.4,NA,NA,0,4.9,0,0,1,1,0,1,1,1,0,0,0,0,1,0,1,0,0,0,0,0,1,1,0,0,1,1,0,0,0,0,0,1,0,1,"blackchin_minnow_labidesthes; chub_sucker_carp","Ingham_Lansing_SUMM_026.jpg","Ingham_Lansing_SUMM_027.jpg"
58687636,"L7468","152094507","INGHAM","SCOTTTURNERSPOND",18,"May",1946,18,"May",1946,"none","none","none","none",NA,NA,2.743,NA,NA,1.214,NA,100,NA,NA,NA,NA,NA,NA,NA,NA,NA,NA,NA,NA,NA,NA,0.914,NA,"yes",NA,"yes","yes",NA,"barrier to fish movement, has effective screen",NA,NA,NA,NA,12.778,NA,NA,NA,NA,NA,NA,NA,NA,NA,0,0,0,0,0,0,0,0,0,0,0,0,0,0,0,0,0,0,0,0,0,0,0,0,0,0,0,0,0,0,0,1,0,0,"sucklers_sticklebacks; sticklebacks","Ingham_ScottTurnersPond_SUMM_001.jpg","Ingham_ScottTurnersPond_SUMM_002.jpg"
58687637,"L14784","152707507","IONIA","LONG",27,"July",1955,1,"August",1955,"medium","medium","medium","medium",NA,NA,17.373,1.219,NA,144.071,NA,75,NA,2,NA,1,NA,106,NA,0,NA,NA,137,157,NA,NA,0.305,NA,"yes",NA,"no","yes",NA,"no.",NA,4.572,9.144,NA,28.333,NA,12.778,NA,7.6,NA,3.8,0.2,0,NA,1,1,0,1,1,1,1,1,0,0,0,0,0,0,0,0,1,0,0,1,0,1,1,0,1,1,0,1,0,0,0,1,1,1,"warmouth","Ionia_Long_SUMM_015.jpg","Ionia_Long_SUMM_016.jpg"
58687638,"L14357","152708039","IONIA","MORRISON",23,"July",1941,24,"July",1941,"heavy","heavy","heavy","heavy",NA,NA,10.972,1.676,NA,128.45,NA,15,NA,3,NA,2,NA,107,NA,0,NA,NA,179,247,NA,1.68,NA,NA,"no",NA,NA,"none",NA,NA,"yes",4.572,8.382,NA,26.1,NA,13,NA,8.2,5.5,NA,NA,0,0,0,0,1,0,0,1,1,0,0,0,0,0,0,0,1,0,1,0,0,1,0,1,0,0,1,1,0,0,0,0,0,1,1,1,"sand_shiner; carp_red_horse_carp","Ionia_Morrison_SUMM_029.jpg","Ionia_Morrison_SUMM_030.jpg"
58687639,"L5488","118253445","IOSCO","BASS",17,"June",1949,19,"June",1949,"medium","light","medium","light",NA,NA,6.705,4.572,NA,20.032,NA,60,NA,1,NA,1,NA,20,NA,0,NA,NA,116,127,NA,NA,1.067,NA,"yes",NA,"yes","3 sand fills",NA,"barrier","yes",3.048,6.705,"yes",23.889,25.556,18.5,NA,9.6,NA,9.3,7.8,NA,NA,1,0,0,0,0,1,0,0,0,0,1,0,0,0,0,0,0,0,0,0,0,1,0,0,1,1,0,1,0,0,0,1,0,1,"green_sunfish","Iosco_Bass_SUMM_010.jpg","Iosco_Bass_SUMM_011.jpg"
58687640,"L5021","118253529","IOSCO","FLOYD",27,"June",1949,28,"June",1949,"light","light","light","light",NA,NA,5.181,3.048,NA,16.592,NA,98,NA,0,NA,0,NA,10,NA,0,NA,NA,94,96,NA,NA,NA,NA,"no",NA,"no","none",NA,"None - overflow from Round Lake in exceptionally high water. Remains of old connecting channel","no",NA,NA,NA,29.2,NA,27.5,NA,7.2,8.2,NA,NA,NA,NA,1,0,1,0,1,1,1,1,0,0,1,0,0,0,0,0,0,0,0,1,0,1,0,1,1,1,0,1,0,0,0,1,0,1,"green_sunfish; spotfin_shiner","Iosco_Floyd_SUMM_006.jpg","Iosco_Floyd_SUMM_007.jpg"
58687641,"L7845","118252979","IOSCO","BASSBIG",22,"July",1949,NA,NA,NA,"light","light","light","light",NA,NA,9.144,5.486,6.248,13.76,NA,NA,NA,0,NA,0,NA,14,NA,0,NA,NA,7,15,NA,NA,NA,NA,"no",NA,"no","none",NA,"none",NA,4.572,7.62,NA,26,24.2,20.8,NA,10,6.7,7.4,1.5,NA,NA,0,0,0,0,0,1,0,0,0,0,1,0,0,0,0,0,0,0,0,0,0,1,0,0,0,0,0,0,0,0,0,0,0,1,NA,"Iosco_BassBig_SUMM_009.jpg","Iosco_BassBig_SUMM_010.jpg"
58687642,"L13713","118253211","IOSCO","HALE",19,"July",1949,20,"July",1949,"light","light","light","light",NA,NA,6.096,2.133,2.286,11.331,NA,70,NA,1,NA,0,NA,2,NA,0,NA,NA,128,138,NA,NA,NA,NA,"no",NA,NA,"none",NA,NA,NA,1.524,6.096,"yes",26.5,27.5,17.5,16.5,7.5,NA,9,0.3,NA,NA,0,0,1,0,0,1,0,0,0,0,0,0,0,0,0,0,1,0,0,0,0,1,0,0,1,1,0,1,0,0,0,1,0,1,NA,"Iosco_Hale_SUMM_003.jpg","Iosco_Hale_SUMM_004.jpg"
58687643,"L6235","118253341","IOSCO","INDIAN",23,"June",1949,25,"June",1949,"medium","light","medium","light",NA,NA,4.572,4.572,NA,88.223,NA,100,NA,2,NA,2,NA,75,NA,0,NA,NA,78,84,NA,NA,NA,NA,"no",NA,NA,"none - dam in round affects",NA,NA,NA,NA,NA,NA,24.4,NA,24.4,NA,7.8,8.4,NA,NA,NA,NA,0,0,0,0,0,1,0,1,0,0,1,0,0,0,0,0,1,0,0,0,0,1,0,0,1,1,0,1,0,0,0,1,0,1,NA,"Iosco_Indian_SUMM_007.jpg","Iosco_Indian_SUMM_008.jpg"
58687644,"L1449","118253399","IOSCO","ISLAND",27,"June",1949,28,"June",1949,"light","light","light","light",NA,NA,5.181,3.048,NA,26.507,NA,98,NA,1,NA,1,NA,15,NA,0,NA,NA,118,122,NA,NA,0.61,0.914,"yes",NA,"yes","2 sand and log dams.",NA,"barrier",NA,NA,NA,NA,26.5,NA,25.1,NA,6.5,5.3,NA,NA,NA,NA,0,0,0,0,0,1,0,0,0,0,1,0,0,0,0,0,0,0,0,0,0,1,0,0,1,1,0,1,0,0,0,1,0,1,NA,"Iosco_Island_SUMM_008.jpg","Iosco_Island_SUMM_009.jpg"
58687645,"L11099","118253451","IOSCO","ISLANDLITTLE",20,"June",1949,20,"June",NA,"light","light","light","light",NA,NA,2.743,2.133,NA,23.27,NA,100,NA,0,NA,0,NA,12,NA,0,NA,NA,87,89,NA,NA,NA,NA,"no",NA,NA,"none",NA,NA,"no",NA,NA,NA,26.667,NA,28,NA,9.1,8.4,NA,NA,NA,NA,1,0,0,0,1,0,1,0,0,0,1,0,0,0,0,0,0,0,0,0,0,0,0,0,0,1,0,0,0,0,0,0,0,1,"no_other_game_fish_reported_in_recent_years","Iosco_IslandLittle_SUMM_007.jpg","Iosco_IslandLittle_SUMM_008.jpg"
58687646,"L3099","83977219","IOSCO","JOSE",7,"July",1949,8,"July",1949,"light","light","light","light",NA,NA,7.62,3.353,NA,45.326,NA,65,NA,0,NA,0,NA,150,NA,0,NA,NA,118,143,NA,NA,NA,NA,"no",NA,"no","none",NA,"none",NA,4.572,7.62,"yes",24.9,25.9,17.6,NA,6.4,7.6,6.6,0.5,NA,NA,0,0,0,0,0,1,0,0,0,0,0,0,0,0,0,0,0,0,0,0,0,1,0,0,1,1,0,1,0,0,1,0,0,1,"green_sunfish","Iosco_Jose_SUMM_006.jpg","Iosco_Jose_SUMM_007.jpg"
58687647,"L10866","118252855","IOSCO","LONG",2,"August",1949,3,"August",1949,"heavy","light","mediumtoheavy","light",NA,NA,18.897,3.353,4.267,188.183,NA,40,NA,11,NA,11,NA,300,NA,0,NA,NA,86,99,NA,NA,NA,NA,"no",NA,NA,"none - one requested",NA,NA,NA,4.572,9.144,NA,26.5,24,9.4,NA,7.8,NA,7.8,0,NA,NA,0,0,1,0,0,1,0,0,0,0,1,0,0,0,0,0,0,0,0,0,0,1,0,0,1,1,0,1,1,0,0,1,0,1,NA,"Iosco_Long_SUMM_007.jpg","Iosco_Long_SUMM_008.jpg"
58687648,"L2993","83977413","IOSCO","LOUDPOND",9,"May",1927,NA,NA,NA,NA,NA,NA,NA,NA,NA,NA,NA,NA,NA,NA,NA,NA,NA,NA,NA,NA,NA,NA,NA,NA,NA,NA,NA,NA,NA,NA,NA,NA,NA,NA,NA,NA,NA,NA,NA,NA,NA,NA,NA,NA,NA,NA,NA,NA,NA,NA,NA,0,0,0,0,0,0,0,0,0,0,0,0,0,0,0,0,0,0,0,0,0,0,0,0,1,1,0,1,1,0,0,1,0,1,"Black Sucker; mullet (not categorized)","Iosco_LoudPond_SUMM_003.jpg","Iosco_LoudPond_SUMM_004.jpg"
58687649,"L7415","118253477","IOSCO","LONDOSOUTH",12,"August",1949,22,"August",1949,"medium","light","medium","light",NA,NA,4.267,1.981,NA,71.226,NA,100,NA,1,NA,2,NA,11,NA,0,NA,NA,98,NA,NA,NA,NA,NA,NA,NA,NA,NA,NA,NA,NA,2.438,4.267,"yes",25.556,NA,24.2,NA,7.1,NA,7,NA,NA,NA,0,0,0,0,0,1,0,0,0,0,1,0,0,0,0,0,0,0,0,0,0,1,0,0,1,1,0,0,0,0,0,0,0,1,NA,"Iosco_LondoSouth_SUMM_008.jpg","Iosco_LondoSouth_SUMM_009.jpg"
58687650,"L12948","118252887","IOSCO","LOON",25,"July",1949,27,"July",1949,"light","light","light","light",NA,NA,39.012,4.572,NA,168.758,NA,17,NA,0,NA,1,NA,75,NA,0,NA,NA,107,127,NA,NA,NA,NA,"no",NA,"no","none",NA,"none","yes",4.572,12.191,NA,27.6,26.1,7.8,NA,8,6.4,8,2.5,3.3,1.1,0,0,1,0,0,1,0,0,0,0,1,0,0,0,0,0,0,0,0,0,0,1,0,0,1,1,0,1,0,0,1,1,0,1,"bluegills_rare","Iosco_Loon_SUMM_009.jpg","Iosco_Loon_SUMM_010.jpg"
58687651,"L10020","118253443","IOSCO","LONDOWEST",11,"August",1949,12,"August",1949,"medium","light","medium","light",NA,NA,4.877,3.657,3.81,76.892,NA,99.5,NA,4,NA,4,NA,77,NA,0,NA,NA,91,105,NA,NA,NA,NA,"no",NA,NA,"none",NA,NA,NA,3.048,4.572,"yes",26.9,NA,24.8,25,7.2,7.3,5.7,7.2,NA,NA,0,0,0,0,0,1,0,0,0,0,1,0,0,0,0,0,0,0,0,0,0,1,0,0,1,1,0,1,0,0,0,1,0,1,"preserved_seining_sample_apparently_lost_in_transit_cmt","Iosco_LondoWest_SUMM_013.jpg","Iosco_LondoWest_SUMM_014.jpg"
58687652,"L9967","167791873","IOSCO","ROUND",22,"June",1949,23,"June",1949,"medium","light","medium","light",NA,NA,4.572,2.286,NA,37.03,NA,100,NA,0,NA,0,NA,14,NA,0,NA,NA,68,72,NA,NA,0.457,NA,"yes",NA,"no","yes - but water did not reach",NA,"none in 1949 - fish passage only during high spring water.",NA,3.048,4.419,"yes",24.3,NA,21.4,NA,9.4,9.7,8.3,8.2,NA,NA,0,0,0,0,1,1,1,1,0,0,1,0,0,0,0,0,0,0,0,0,0,1,0,1,1,1,0,1,0,0,0,1,0,1,NA,"Iosco_Round_SUMM_010.jpg","Iosco_Round_SUMM_011.jpg"
58687653,"L13821","118253593","IOSCO","SAND",28,"June",1949,30,"June",1949,"medium","light","medium","light",NA,NA,7.62,4.572,NA,96.722,NA,93,NA,3,NA,3,NA,366,NA,0,NA,NA,80,88,NA,NA,NA,NA,NA,NA,NA,NA,NA,NA,NA,6.096,6.858,"yes",28.1,NA,21.5,NA,7.1,6.5,6,NA,NA,NA,0,0,1,0,1,1,1,1,0,0,0,0,0,0,0,0,0,0,0,0,0,1,0,1,1,1,0,0,1,0,0,1,0,1,"sand_shiner_spotfin_shiner_lake_emerald_shiner_bait_minnow","Iosco_Sand_SUMM_010.jpg","Iosco_Sand_SUMM_011.jpg"
58687654,"L8214","83977563","IOSCO","SECOR",15,"August",1942,16,"August",1942,"light","light","light","light",NA,NA,12.801,2.743,NA,3.642,NA,70,NA,0,NA,0,NA,4,NA,0,NA,NA,33,NA,NA,1.035,NA,NA,"no",NA,"no","none",NA,"none","yes",3.048,7.62,NA,23.333,NA,6.611,NA,4.4,NA,NA,NA,0,0.2,0,0,0,0,0,1,0,0,0,0,0,0,1,0,0,0,0,0,0,0,0,1,0,0,0,1,0,0,0,0,0,0,0,1,"sunfish_bullhead","Iosco_Secor_SUMM_004.jpg","Iosco_Secor_SUMM_005.jpg"
58687655,"L45653","111861377","IRON","BASS",29,"August",1949,30,"August",1949,"medium",NA,"medium",NA,NA,NA,2.286,1.219,NA,30.352,NA,100,NA,0,NA,0,NA,4,NA,0,NA,NA,32,33,NA,NA,NA,NA,"yes",NA,"no","yes",NA,"little or no effect","no",NA,NA,NA,19.444,22.778,23,23.8,7.2,7.6,NA,NA,NA,NA,0,0,0,0,0,0,0,0,0,0,0,0,1,0,0,1,1,0,0,0,0,1,0,0,1,1,0,0,0,0,0,1,0,1,NA,"Iron_Bass_SUMM_001.jpg","Iron_Bass_SUMM_002.jpg"
58687656,"L12593","83977123","IOSCO","VANETTEN",26,"August",1937,NA,"August",NA,NA,NA,NA,NA,"yes","permitted",10.058,1.829,NA,534.197,NA,NA,NA,NA,NA,NA,NA,NA,NA,NA,NA,NA,136,NA,NA,NA,NA,NA,"yes","no",NA,"yes","no. according to chandelor crow and [...] note that [...] has seen fish [...] over this dam and has also [...] h. langlois",NA,NA,NA,NA,NA,22,NA,21.2,NA,8.6,NA,NA,NA,7.7,NA,1,0,1,0,0,0,1,0,0,0,1,0,0,0,1,0,1,0,1,1,0,1,0,1,1,1,0,1,1,0,1,1,0,1,"white_crappie_sheepshead; log_minnow_log_perch_blacksided_darter_tadpole_cat; mullet; carp_reported_but_not_collected","Iosco_VanEtten_SUMM_029.jpg","Iosco_VanEtten_SUMM_030.jpg"
58687657,"L45849","111861265","IRON","BENNAN",14,"August",1953,14,"August",1953,"light","none","verylight","none",NA,NA,5.486,NA,NA,16.188,NA,NA,NA,0,NA,0,NA,0,NA,0,NA,NA,8,NA,NA,NA,NA,NA,NA,NA,NA,NA,NA,NA,"no",NA,NA,NA,23,NA,20,NA,7.9,4.5,NA,NA,NA,NA,0,0,0,0,0,0,0,0,0,0,0,0,0,0,0,0,1,0,0,0,0,0,0,0,0,0,0,0,0,0,0,0,0,1,NA,"Iron_Bennan_SUMM_002.jpg","Iron_Bennan_SUMM_003.jpg"
58687658,"L41548","123394245","IRON","BELA",16,"August",1938,18,"August",1938,"light","none","light","none",NA,NA,2.438,1.829,NA,28.329,NA,100,NA,0,NA,0,NA,0,NA,0,NA,NA,50,NA,NA,1.35,NA,NA,"yes",NA,"no","possibly beaver dams",NA,"inconsequential","no",NA,NA,NA,23.889,NA,22.1,NA,6.5,NA,NA,NA,6.5,NA,0,0,0,0,0,0,0,0,0,1,0,0,0,0,0,0,0,0,0,0,0,0,0,0,0,0,0,0,0,0,0,0,0,1,NA,"Iron_Bela_SUMM_007.jpg","Iron_Bela_SUMM_008.jpg"
58687659,"L33330","111860005","IRON","BUDDLE",25,"July",1959,25,"July",1959,"light","none","light","none",NA,NA,13.715,NA,NA,10.514,NA,5,NA,0,NA,0,NA,0,NA,0,NA,NA,20,NA,NA,NA,NA,NA,NA,NA,NA,NA,NA,NA,NA,4.572,9.144,NA,22.722,NA,6.889,NA,7.8,NA,9.8,NA,4.1,NA,0,0,0,0,0,0,0,0,0,0,0,0,0,0,0,0,0,0,0,0,0,0,0,0,0,0,0,0,0,0,0,0,0,1,NA,"Iron_Buddle_SUMM_003.jpg","Iron_Buddle_SUMM_004.jpg"
58687660,"L46154","111861351","IRON","BUCK",5,"July",1960,7,"July",1960,"medium","medium","medium","medium",NA,NA,11.887,NA,NA,65.561,NA,NA,NA,1,NA,1,NA,10,NA,0,NA,NA,54,NA,NA,NA,NA,NA,"no",NA,NA,"none observed",NA,NA,NA,4.572,7.62,NA,24.722,NA,10.389,NA,5.3,7.7,5.3,0.5,0,NA,0,0,0,0,0,1,0,0,0,0,0,0,0,0,0,0,0,0,0,0,0,1,0,0,1,0,0,0,0,0,0,1,0,1,"common","Iron_Buck_SUMM_007.jpg","Iron_Buck_SUMM_008.jpg"
58687661,"L45720","111861361","IRON","CAMP",29,"August",1949,31,"August",1949,"light",NA,"light",NA,NA,NA,12.801,3.657,5.486,40.469,NA,40,NA,NA,NA,NA,NA,1,NA,NA,NA,NA,94,116,NA,NA,NA,NA,NA,NA,NA,NA,NA,NA,"yes",6.096,9.144,NA,21.111,25,8,NA,5.9,8,NA,NA,0,2,0,0,0,0,0,1,0,0,0,0,0,0,0,0,0,0,1,0,0,0,0,1,0,0,0,1,0,0,0,0,0,1,0,1,NA,"Iron_Camp_SUMM_013.jpg","Iron_Camp_SUMM_014.jpg"
58687662,"L45720","111861361","IRON","CAMP",28,"July",1949,29,"July",1949,"medium",NA,"medium",NA,NA,NA,12.191,3.657,NA,50.587,NA,NA,NA,NA,NA,NA,NA,2,NA,NA,NA,NA,94,98,NA,NA,NA,NA,"no",NA,NA,"no",NA,NA,NA,4.572,9.144,NA,25,NA,10.7,NA,6.6,NA,NA,NA,NA,NA,0,0,0,0,1,1,0,0,0,0,0,0,0,0,0,0,0,0,0,0,0,1,0,0,0,1,0,0,0,0,0,1,0,1,"w_suckers; minnows_obs","Iron_Camp_SUMM_011.jpg","Iron_Camp_SUMM_012.jpg"
58687663,"L46366","111861383","IRON","BRULE",2,"August",1954,6,"August",1954,"light","light","light","light",NA,NA,6.096,1.524,NA,101.376,NA,70,NA,0,NA,0,NA,16,NA,0,NA,NA,36,57,NA,NA,NA,NA,"no",NA,NA,"none",NA,NA,NA,2.133,5.791,NA,20.556,22.222,13.1,NA,6.8,NA,0,6.9,NA,NA,0,0,0,0,0,1,0,0,0,1,1,1,0,0,0,1,1,0,1,0,0,1,0,0,1,1,0,0,0,0,1,1,0,1,"creek_chub_mottled_sculpin; sturgeon_sucker","Iron_Brule_SUMM_008.jpg","Iron_Brule_SUMM_009.jpg"
58687664,"L42505","111860241","IRON","CHIEFEDWARDS",23,"August",1948,NA,"August",NA,"light",NA,"light",NA,NA,NA,10.363,3.048,NA,16.188,NA,10,NA,NA,NA,NA,NA,NA,NA,NA,NA,NA,46,NA,NA,NA,NA,NA,"no",NA,NA,"none",NA,NA,"yes",4.572,7.62,NA,21,NA,8,NA,7.3,NA,NA,NA,5,NA,0,0,0,1,0,0,0,0,0,0,0,0,0,0,0,0,0,0,0,0,0,0,0,0,0,0,0,0,0,0,0,0,0,1,"sunfish","Iron_ChiefEdwards_SUMM_005.jpg","Iron_ChiefEdwards_SUMM_006.jpg"
58687665,"L39505","123394841","IRON","CURRY",14,"August",1962,15,"August",1962,"light","none","light","none",NA,NA,7.62,NA,NA,22.663,NA,NA,NA,0,NA,0,NA,0,NA,0,NA,NA,2,NA,NA,NA,NA,NA,NA,NA,NA,NA,NA,NA,NA,NA,NA,NA,19.778,NA,17.889,NA,6.8,7.1,NA,NA,NA,NA,0,0,0,0,0,0,0,0,0,0,0,0,1,0,0,0,1,0,0,0,0,0,0,0,0,0,0,0,1,0,0,0,0,0,NA,"Iron_Curry_SUMM_002.jpg","Iron_Curry_SUMM_003.jpg"
58687666,"L37926","123394364","IRON","CLEAR",8,"September",1943,21,"August",1944,"medium","none","medium","probablynone",NA,NA,16.763,4.877,NA,4.614,NA,10,NA,0,NA,0,NA,0,NA,0,NA,NA,4,NA,NA,NA,NA,NA,NA,NA,NA,NA,NA,NA,"yes",6.096,NA,NA,17.222,NA,6.111,NA,NA,NA,9.8,NA,1.5,NA,0,0,0,0,0,1,0,0,0,1,0,0,0,0,0,0,0,0,0,0,0,1,0,0,0,0,0,0,0,0,0,0,0,1,NA,"Iron_Clear_SUMM_006.jpg","Iron_Clear_SUMM_007.jpg"
58687667,"L39505","123394841","IRON","CURRY",14,"August",1962,15,"August",1962,"light","none","light","none",NA,NA,7.62,NA,NA,22.663,NA,NA,NA,0,NA,0,NA,0,NA,0,NA,NA,2,NA,NA,NA,NA,NA,NA,NA,NA,NA,NA,NA,NA,NA,NA,NA,19.778,NA,17.889,NA,6.8,7.1,NA,NA,NA,NA,0,0,0,0,0,0,0,0,0,0,0,0,1,0,0,0,1,0,0,0,0,0,0,0,0,0,0,0,1,0,0,0,0,0,NA,"Iron_Curry_SUMM_004.jpg","Iron_Curry_SUMM_005.jpg"
58687668,"L33502","111859913","IRON","CHAMBERLAIN",26,"June",1964,2,"September",1964,"none","none","none","none",NA,NA,NA,2.133,2.438,NA,NA,NA,NA,0,NA,0,NA,3,NA,0,NA,NA,0,18,NA,NA,NA,NA,NA,NA,NA,NA,NA,NA,NA,3,5,NA,18.222,NA,7.278,NA,9.3,NA,7.9,3.7,0,NA,0,0,0,0,0,1,0,0,0,0,1,0,0,0,0,0,0,0,0,0,0,1,0,0,0,0,0,0,0,0,0,0,0,1,NA,"Iron_Chamberlain_SUMM_002.jpg","Iron_Chamberlain_SUMM_003.jpg"
58687669,"L43492","110736621","IRON","DAWSON",10,"September",1946,10,"September",1946,"light","none","light","none",NA,NA,NA,3.048,NA,3.238,NA,NA,NA,0,NA,1,NA,1,NA,0,NA,NA,130,NA,NA,NA,NA,NA,NA,NA,NA,NA,NA,NA,NA,NA,NA,NA,16,NA,15.8,NA,NA,NA,NA,NA,NA,NA,0,0,0,0,0,0,0,0,0,0,0,0,1,0,0,0,0,0,0,0,0,1,0,0,0,0,0,0,0,0,0,1,0,0,NA,"Iron_Dawson_SUMM_008.jpg","Iron_Dawson_SUMM_009.jpg"
58687670,"L43492","110736621","IRON","DAWSON",27,"July",1948,NA,"July",NA,"light",NA,"light",NA,NA,NA,NA,NA,NA,4.856,NA,NA,NA,NA,NA,NA,NA,1,NA,NA,NA,NA,NA,NA,NA,NA,NA,NA,NA,NA,NA,NA,NA,NA,NA,NA,NA,NA,21.111,NA,NA,NA,NA,NA,NA,NA,NA,NA,0,0,0,0,0,1,0,0,0,0,0,0,1,0,0,0,0,0,0,0,0,1,0,0,0,1,0,0,0,0,0,1,0,0,"ps_x_bg_hybrid; shiners_and_darters_not_have_black_specified_grubs; bullheads","Iron_Dawson_SUMM_010.jpg","Iron_Dawson_SUMM_011.jpg"
58687672,"L44911","110736461","IRON","ELLEN",18,"August",1948,NA,NA,NA,"light",NA,"light",NA,NA,NA,15.239,NA,NA,50.587,NA,NA,NA,NA,NA,NA,NA,12,NA,NA,NA,NA,51,NA,NA,NA,NA,NA,NA,NA,NA,NA,NA,NA,"yes",7.62,12.191,NA,21,NA,12.5,NA,8.8,NA,NA,NA,6,NA,0,0,0,0,0,1,0,0,0,0,0,0,0,0,0,1,0,0,0,0,0,1,0,0,0,0,0,0,1,0,0,0,0,1,"sunfish; shiners","Iron_Ellen_SUMM_013.jpg","Iron_Ellen_SUMM_014.jpg"
58687673,"L44533","110735625","IRON","DEER",25,"August",1949,27,"August",1949,"medium","medium","medium","medium",NA,NA,NA,1.219,1.524,40.469,NA,30,40,NA,NA,NA,NA,7,NA,NA,NA,NA,60,NA,NA,NA,NA,NA,"no",NA,NA,"no - some beaver dams further down",NA,NA,NA,3.048,6.096,NA,19.444,21.667,9.4,NA,6.4,7,0,6.4,NA,NA,0,0,0,0,0,0,0,0,0,1,0,0,0,0,0,1,0,0,0,0,0,1,0,0,1,0,0,0,0,0,0,1,0,1,"c_shiner","Iron_Deer_SUMM_016.jpg","Iron_Deer_SUMM_017.jpg"
58687674,"L43855","111861049","IRON","EMILY",31,"August",1959,3,"September",1959,NA,NA,NA,NA,NA,NA,NA,NA,NA,NA,NA,NA,NA,NA,NA,NA,NA,NA,NA,NA,NA,NA,NA,NA,NA,NA,NA,NA,NA,NA,NA,NA,NA,NA,NA,NA,NA,NA,NA,NA,NA,NA,NA,NA,NA,NA,NA,NA,0,0,0,0,1,0,1,0,0,0,0,0,0,0,0,0,0,0,0,0,0,1,0,0,0,1,0,1,0,0,1,1,0,1,"minnows_not_specified; suckers","Iron_Emily_SUMM_008.jpg","Iron_Emily_SUMM_009.jpg"
58687675,"L44911","110736461","IRON","ELLEN",24,"August",1950,28,"August",1950,"light","light","light","light",NA,NA,19.811,6.096,7.62,NA,NA,NA,NA,NA,NA,NA,NA,15,NA,NA,NA,NA,35,40,NA,NA,NA,NA,NA,NA,NA,NA,NA,NA,NA,7.62,10.667,NA,18.5,NA,6.4,NA,8.5,7.6,7.8,3.9,1.9,1.2,0,0,0,0,0,1,0,0,0,0,0,0,0,0,0,0,0,0,0,0,0,1,0,0,0,0,0,0,0,0,0,0,0,0,NA,"Iron_Ellen_SUMM_015.jpg","Iron_Ellen_SUMM_016.jpg"
58687676,"L43616","110735909","IRON","FENCE",26,"August",1953,29,"August",1953,"medium","light","lighttomoderate","light",NA,NA,8.534,2.743,NA,70.417,NA,65,NA,0,NA,3,NA,15,NA,0,NA,NA,110,117,NA,NA,NA,NA,"no",NA,NA,"none now",NA,NA,"yes",3.657,4.267,NA,25,NA,20,NA,9.2,9.6,NA,NA,NA,NA,0,0,0,0,1,1,1,0,0,0,0,0,0,0,0,0,0,0,1,0,0,1,0,0,1,0,0,0,1,0,1,1,0,1,"sculpin","Iron_Fence_SUMM_005.jpg","Iron_Fence_SUMM_006.jpg"
58687677,"L43624","110736643","IRON","ERICKSON",2,"September",1953,4,"September",1953,"light","none","light","none",NA,NA,8.534,0.457,NA,14.164,NA,60,NA,0,NA,0,NA,3,NA,0,NA,NA,162,176,NA,NA,1.219,NA,"yes",NA,"yes","beaver",NA,"to some extent it may prevent fish from leaving or entering lake","yes",2.743,7.315,NA,23.333,23.889,13.889,NA,8.2,NA,NA,NA,NA,NA,0,0,0,0,0,1,0,0,0,0,0,0,0,0,0,0,0,0,1,0,0,1,0,0,1,0,0,0,1,0,0,1,0,1,"redbelly_dace_finescale_dace_creek_chub_sculpin_logperch","Iron_Erickson_SUMM_014.jpg","Iron_Erickson_SUMM_015.jpg"
58687678,"L45648","111860699","IRON","FIRE",19,"August",1948,19,"August",1948,"light","none","light","none",NA,NA,12.191,NA,NA,51.801,NA,NA,NA,NA,NA,NA,NA,5,NA,NA,NA,NA,116,NA,NA,NA,NA,NA,NA,NA,NA,NA,NA,NA,"no",NA,NA,NA,22.5,NA,19.5,NA,8.2,NA,NA,NA,4.9,NA,0,0,0,0,0,0,0,0,0,0,0,0,0,0,0,0,0,0,0,0,0,1,0,0,0,0,0,0,1,0,1,0,0,1,NA,"Iron_Fire_SUMM_014.jpg","Iron_Fire_SUMM_015.jpg"
58687679,"L43624","110736643","IRON","ERICKSON",19,"August",1948,19,"August",1948,"medium",NA,"medium",NA,NA,NA,7.924,NA,NA,16.188,NA,NA,NA,NA,NA,NA,NA,2,NA,NA,NA,NA,176,NA,NA,NA,NA,NA,NA,NA,NA,NA,NA,NA,"no",NA,NA,NA,19.5,NA,17,NA,6.6,NA,NA,NA,NA,NA,0,0,0,0,0,0,0,0,0,0,0,0,0,0,0,0,0,0,0,0,0,1,0,0,1,0,0,0,1,0,0,1,0,1,"shiners","Iron_Erickson_SUMM_012.jpg","Iron_Erickson_SUMM_013.jpg"
58687680,"L45078","111860897","IRON","FIVE",25,"August",1937,NA,"August",NA,NA,NA,NA,NA,NA,NA,15.239,4.572,NA,145.69,NA,NA,NA,NA,NA,NA,NA,1,NA,NA,NA,NA,7,8,NA,1.5,NA,NA,NA,NA,NA,NA,NA,NA,"yes",6.4,NA,NA,22.222,NA,6.9,NA,7.5,NA,NA,NA,0.2,NA,0,0,0,0,0,1,0,0,0,0,0,0,0,0,0,0,0,0,0,0,0,1,0,0,0,0,0,0,1,0,0,1,0,0,"bass_bass_lm_s; mud_minnow_c","Iron_Five_SUMM_009.jpg","Iron_Five_SUMM_010.jpg"
58687681,"L44581","111860663","IRON","GIBSON",6,"July",1954,9,"July",1954,"light","light","light","light",NA,NA,7.01,NA,NA,31.971,NA,70,NA,0,NA,0,NA,6,NA,0,NA,NA,1.5,3,NA,NA,NA,NA,NA,NA,NA,NA,NA,NA,NA,4.267,5.181,NA,19.444,22.222,17.7,NA,8.1,NA,5,7.9,5,NA,0,0,0,0,0,0,0,0,0,0,0,0,0,0,0,0,0,0,0,0,0,0,0,0,1,1,0,0,1,0,0,1,0,1,NA,"Iron_Gibson_SUMM_009.jpg","Iron_Gibson_SUMM_010.jpg"
58687682,"L36280","123393732","IRON","GABBIT",19,"August",1957,NA,NA,NA,"light","none","verylight","none",NA,NA,NA,NA,NA,0.809,NA,100,NA,0,NA,0,NA,0,NA,0,NA,NA,65,NA,NA,NA,0.61,NA,"yes",NA,"no","beaver dam",NA,"none","no",NA,NA,NA,19.722,NA,17.722,NA,9.8,7.9,NA,NA,NA,NA,0,0,0,0,0,0,0,0,0,0,0,0,0,0,0,0,0,0,0,0,0,0,0,0,0,0,0,0,0,0,0,1,0,0,"creek_chubs","Iron_Gabbit_SUMM_003.jpg","Iron_Gabbit_SUMM_004.jpg"
58687683,"L43896","111860797","IRON","GOLDEN",25,"August",1937,25,"August",1937,"light",NA,"light",NA,NA,NA,30.479,9.144,NA,115.338,NA,NA,NA,NA,NA,NA,NA,NA,NA,NA,NA,NA,4,7,NA,1.6,NA,NA,NA,NA,NA,NA,NA,NA,"yes",10.972,NA,NA,23.889,NA,6.2,NA,9.2,NA,NA,NA,7.5,NA,0,0,0,0,0,0,0,0,0,0,0,0,0,0,0,0,1,0,0,0,0,1,0,0,0,0,0,0,1,0,0,0,0,1,"c_sunfish_s; mud_minnow_s","Iron_Golden_SUMM_042.jpg","Iron_Golden_SUMM_043.jpg"
58687684,"L45276","111861293","IRON","HAGERMAN",2,"August",1938,3,"August",1938,"medium","none","medium","none",NA,NA,16.458,3.048,NA,236.463,NA,20,25,0,NA,0,NA,50,NA,0,NA,NA,65,NA,NA,2.15,NA,NA,"yes",NA,"no","yes",NA,"none","yes",6.4,9.144,NA,23.889,25.556,11.8,NA,8.6,6.7,NA,NA,1.2,0,0,0,0,0,0,1,1,0,0,0,0,0,0,0,0,1,0,0,1,0,0,0,0,0,0,0,0,0,1,0,0,1,0,1,"common_sunfish_green_sunfish; mud_minnow","Iron_Hagerman_SUMM_020.jpg","Iron_Hagerman_SUMM_021.jpg"
58687685,"L45519","110736637","IRON","GLIDDEN",14,"August",1961,18,"August",1961,"light","light","light","light",NA,NA,9.144,NA,NA,11.736,NA,NA,NA,0,NA,0,NA,0,NA,0,NA,NA,6,NA,NA,NA,NA,NA,"no",NA,NA,"none",NA,NA,NA,1.524,5.334,NA,23.611,NA,9.222,NA,6.6,NA,4.8,0.5,0,NA,0,0,0,0,0,1,0,0,0,0,0,0,0,0,0,0,0,0,0,0,0,1,0,0,1,0,0,0,0,0,1,1,0,0,"few_observed_along_shore","Iron_Glidden_SUMM_007.jpg","Iron_Glidden_SUMM_008.jpg"
58687686,"L45526","5e0d70a9-30a4-4e18-b063-5287b5d4a411","IRON","HANNAHWEBB",17,"August",1944,18,"August",1944,"light","none","light","none",NA,NA,10.667,2.438,NA,25.9,NA,NA,NA,NA,NA,NA,NA,4,NA,NA,NA,NA,8,NA,NA,NA,NA,NA,NA,NA,NA,NA,NA,NA,"yes",4.572,7.924,NA,22.778,NA,9.778,NA,NA,NA,4.9,NA,0.28,NA,0,0,0,0,0,0,0,0,0,0,0,0,0,0,0,0,0,0,0,0,0,0,0,0,0,0,1,0,0,0,0,0,0,0,"small_minnows","Iron_HannahWebb_SUMM_016.jpg","Iron_HannahWebb_SUMM_017.jpg"
58687687,"L45526","5e0d70a9-30a4-4e18-b063-5287b5d4a411","IRON","HANNAHWEBB",15,"August",1960,18,"August",1960,"medium","none","medium","none",NA,NA,10.667,2.438,NA,25.9,NA,NA,NA,3,NA,3,NA,15,NA,0,NA,NA,8,NA,NA,NA,NA,NA,NA,NA,NA,NA,NA,NA,"yes",4.572,7.924,NA,21.111,NA,NA,NA,NA,NA,4.9,NA,0.28,NA,0,0,0,0,0,1,0,0,0,0,0,0,0,0,0,0,0,0,0,0,0,1,0,0,0,1,1,0,1,0,0,1,0,1,"suckers","Iron_HannahWebb_SUMM_018.jpg","Iron_HannahWebb_SUMM_019.jpg"
58687688,"L32679","111860097","IRON","HOLMES",25,"June",1964,25,"June",1964,NA,NA,NA,NA,NA,NA,1.524,NA,NA,NA,NA,NA,NA,0,NA,0,NA,0,NA,0,NA,NA,35,NA,NA,NA,0.914,1.219,"yes",NA,"no","beaver dam covers outlet",NA,"none of any consequence.",NA,NA,NA,NA,17.389,NA,16.333,NA,10.1,7.4,NA,NA,NA,NA,0,0,0,0,0,0,0,0,0,0,1,0,0,0,0,1,1,0,0,0,0,0,0,0,0,0,0,0,0,0,0,1,0,1,"creek_chub_brown_bullhead_white_sucker","Iron_Holmes46N_36W_S29-32_SUMM_001.jpg","Iron_Holmes46N_36W_S29-32_SUMM_002.jpg"
58687689,"L43165","155413309","IRON","HOLMES",14,"August",1958,15,"August",1958,"light","light","light","verylittle",NA,NA,3.657,NA,NA,11.331,NA,100,NA,0,NA,0,NA,1,NA,0,NA,NA,4,NA,NA,NA,NA,NA,NA,NA,NA,NA,NA,NA,NA,NA,NA,NA,23.222,NA,23.111,NA,6.2,NA,NA,NA,NA,NA,0,1,0,0,0,0,0,0,0,0,0,0,0,0,0,0,1,0,0,0,0,0,0,0,0,1,0,0,0,0,1,1,0,1,"suckers","Iron_Holmes43N_31W_S24_SUMM_008.jpg","Iron_Holmes43N_31W_S24_SUMM_009.jpg"
58687690,"L43110","110736569","IRON","HOLLISTER",31,"August",1950,2,"September",1950,"light","none","light","none",NA,NA,10.667,1.829,2.438,NA,NA,75,NA,NA,NA,NA,NA,0,NA,NA,NA,NA,5,NA,NA,NA,NA,NA,NA,NA,NA,NA,NA,NA,NA,NA,NA,NA,19,NA,16.3,NA,8.2,6.3,NA,NA,3.4,NA,0,0,0,0,0,0,0,0,0,0,0,0,0,0,0,0,1,0,0,0,0,0,0,0,0,0,0,0,0,0,0,0,0,1,NA,"Iron_Hollister_SUMM_002.jpg","Iron_Hollister_SUMM_003.jpg"
58687691,"L45718","111860751","IRON","HOLMESUPPER",23,"July",1951,23,"July",1951,"light","light","light","light",NA,NA,10.667,NA,NA,32.376,NA,60,NA,0,NA,0,NA,1,NA,0,NA,NA,40,NA,NA,NA,0.61,NA,"yes",NA,"no","old logging dam",NA,"very little, if any.","yes",3.048,7.62,NA,23.2,NA,5.1,NA,6.2,2.1,NA,NA,NA,NA,0,0,0,0,0,1,0,0,0,0,0,0,0,0,0,0,0,0,0,0,0,1,0,0,0,0,0,0,0,0,0,0,0,1,"minnows_not_identified","Iron_HolmesUpper_SUMM_007.jpg","Iron_HolmesUpper_SUMM_008.jpg"
58687692,"L34953","111859967","IRON","HARDING",30,"August",1937,30,"August",1937,NA,NA,NA,NA,"yes","permitted",4.572,2.743,NA,14.569,NA,NA,NA,NA,NA,NA,NA,NA,NA,NA,NA,"one private cottage on lake. 1/4 mi. to silk's serv. sta. candy, gas, oil, etc sold",39,NA,NA,NA,NA,NA,"no",NA,NA,"no",NA,NA,NA,NA,NA,NA,22.9,NA,20,NA,8.2,NA,NA,NA,4.9,NA,0,0,1,0,1,0,1,0,0,0,0,0,0,0,0,1,1,0,1,0,0,1,0,0,1,0,0,0,1,0,0,1,0,1,"sunfish_trout; mud_minnow_fine_scaled_dace","Iron_Harding_SUMM_009.jpg","Iron_Harding_SUMM_010.jpg"
58687693,"L34900","117627709","IRON","NORWAY",25,"July",1960,29,"July",1960,"light","none","light","none",NA,NA,6.096,NA,NA,21.449,NA,NA,NA,0,NA,0,NA,0,NA,0,NA,NA,5,NA,NA,NA,NA,NA,NA,NA,NA,NA,NA,NA,"no",NA,NA,NA,21.611,NA,20.889,NA,7.3,6.9,NA,NA,NA,NA,0,0,0,0,0,1,0,0,0,0,0,0,0,0,0,0,0,0,0,0,0,1,0,0,0,1,0,0,0,0,0,0,0,1,"minnows","Iron_Norway_36-1488_1960_SUMM_001_01.jpg","Iron_Norway_36-1488_1960_SUMM_001_02.jpg"
58687694,"L32215","117627737","IRON","PERCH",27,"August",1958,27,"August",1958,"medium","light","medium","verylight",NA,NA,4.267,NA,NA,402.266,NA,100,NA,1,NA,0,NA,10,NA,0,NA,NA,31,NA,NA,NA,NA,NA,"no",NA,NA,"none",NA,NA,"no",NA,NA,NA,17.778,NA,17.722,NA,7.5,NA,NA,NA,NA,NA,0,0,0,0,0,0,0,0,0,0,0,0,0,0,0,0,0,0,0,0,0,0,0,0,0,0,0,0,0,0,0,0,0,0,NA,"Iron_Perch_36-1529_1958_SUMM_001_01.jpg","Iron_Perch_36-1529_1958_SUMM_001_02.jpg"
58687695,"L45329","111861097","IRON","ICE",1,"July",1955,7,"July",1955,"medium",NA,"mediumtolight",NA,NA,NA,10.667,4.877,NA,34.399,NA,60,NA,0,NA,1,NA,23,NA,1,NA,NA,25,38,NA,NA,NA,NA,"no",NA,NA,"no",NA,NA,NA,3.048,7.315,NA,21.667,26.667,11.667,NA,8,NA,0.5,7.9,0,0.5,0,0,0,0,0,1,0,0,0,0,0,0,0,0,0,1,1,0,0,1,0,1,0,0,1,1,0,1,1,0,1,1,0,1,"pearl_dace_darters","Iron_Ice_SUMM_009.jpg","Iron_Ice_SUMM_010.jpg"
58687696,"L44956","111861279","IRON","STANLEY",26,"August",1958,24,"September",1958,"medium","light","medium","light",NA,NA,11.887,NA,NA,125.455,NA,NA,NA,0,NA,0,NA,25,NA,0,NA,NA,89,NA,NA,NA,NA,NA,"no",NA,NA,"none",NA,NA,"no",NA,NA,NA,19.611,NA,17.778,NA,8.9,7.5,NA,NA,NA,NA,0,0,0,0,0,0,0,0,0,0,0,0,0,0,0,0,0,0,0,0,0,0,0,0,0,0,0,0,0,0,1,1,0,1,"suckers","Iron_Stanley_SUMM_015.jpg","Iron_Stanley_SUMM_016.jpg"
58687697,"L33194","111860119","IRON","PAINT",1,"September",1937,NA,NA,NA,NA,NA,NA,NA,"yes","permitted",4.572,2.286,NA,92.675,NA,NA,NA,NA,NA,NA,NA,NA,NA,NA,NA,"no cottages. 3 boats for rent. silk's service sta. 1/4 mi. candy, gas, oil, etc.",63,NA,NA,NA,NA,NA,"no",NA,NA,"no",NA,NA,NA,NA,NA,NA,23.333,NA,22.5,NA,8.9,NA,NA,NA,8,NA,0,0,1,0,0,0,1,0,1,0,0,0,0,0,0,0,1,0,1,0,0,1,0,0,1,0,0,0,1,0,0,1,0,1,"sunfish_white_crappie_trout_reported; mudminnow_muddler_brook_stickleback","Iron_Paint_36-2067_1937_SUMM_001_01.jpg","Iron_Paint_36-2067_1937_SUMM_001_02.jpg"
58687698,"L43837","111860937","IRON","SUNSET",20,"August",1949,23,"August",1949,"heavy","medium","heavy","medium",NA,NA,16.458,3.353,3.657,191.42,NA,70,NA,1,NA,4,NA,50,NA,NA,NA,NA,18,29,NA,NA,NA,NA,"no",NA,NA,"none",NA,NA,"yes",4.572,11.582,NA,21.111,23.333,10.2,NA,7.1,7.3,NA,NA,0,NA,0,0,0,0,0,0,0,0,0,0,0,0,0,1,0,0,0,0,1,0,0,0,0,0,0,0,0,0,1,0,1,1,0,1,"n_muddler","Iron_Sunset_SUMM_010.jpg","Iron_Sunset_SUMM_011.jpg"
58687699,"L45765","111860805","IRON","SWAN",5,"June",1962,14,"June",1962,"heavy","light","moderatelyheavy","lighttonone",NA,NA,6.096,NA,NA,66.775,NA,90,NA,2,NA,2,NA,9,NA,0,NA,NA,NA,NA,NA,NA,NA,NA,"no",NA,NA,"no",NA,NA,NA,NA,NA,NA,10.556,21.111,NA,NA,NA,NA,NA,NA,NA,NA,0,0,1,0,0,1,0,0,0,0,0,0,0,0,0,1,0,0,0,0,0,1,0,0,0,1,0,0,0,0,1,1,0,1,"crappies","Iron_Swan_SUMM_015.jpg","Iron_Swan_SUMM_016.jpg"
58687700,"L42913","123393951","IRON","TEPEE",22,"August",1960,26,"August",1960,"light","none","light","none",NA,NA,12.191,NA,NA,46.54,NA,NA,NA,0,NA,0,NA,3,NA,0,NA,NA,5,NA,NA,NA,NA,NA,"no",NA,NA,"no",NA,NA,"yes",4.572,7.62,NA,21.278,NA,7.389,NA,6.3,NA,5.8,0.6,0,NA,0,0,1,0,0,1,0,0,0,0,0,0,0,0,0,0,0,0,0,0,0,1,0,0,0,1,0,0,0,0,0,0,0,1,NA,"Iron_Tepee_36-1936_1960_SUMM_001_01.jpg","Iron_Tepee_36-1936_1960_SUMM_001_02.jpg"
58687701,"L42913","123393951","IRON","TEPEE",22,"August",1960,26,"August",1960,"light","none","light","none",NA,NA,12.191,NA,NA,46.54,NA,NA,NA,0,NA,0,NA,3,NA,0,NA,NA,5,NA,NA,NA,NA,NA,"no",NA,NA,"no",NA,NA,"yes",4.572,7.62,NA,21.278,NA,7.389,NA,6.3,NA,5.8,0.6,0,NA,0,0,1,0,0,1,0,0,0,0,0,0,0,0,0,0,0,0,0,0,0,1,0,0,0,1,0,0,0,0,0,0,0,1,NA,"Iron_Tepee_SUMM_003.jpg","Iron_Tepee_SUMM_004.jpg"
58687702,"L45537","111860961","IRON","TIMBER",15,"August",1962,16,"August",1962,"light","none","light","none",NA,NA,9.144,NA,NA,23.877,NA,NA,NA,0,NA,0,NA,0,NA,0,NA,NA,0.5,NA,NA,NA,NA,NA,NA,NA,NA,NA,NA,NA,NA,4.572,6.096,NA,18.889,NA,7.7,NA,7.4,7.7,7.4,2.7,0.4,NA,0,0,0,0,0,1,0,0,0,0,0,0,0,0,0,0,0,0,0,0,0,1,0,0,0,1,0,0,0,0,0,0,0,1,NA,"Iron_Timber_SUMM_003.jpg","Iron_Timber_SUMM_004.jpg"
58687703,"L46372","111861115","IRON","WILDWOOD",7,"June",1960,9,"June",1960,"light","none","light","none",NA,NA,5.181,NA,NA,39.66,NA,100,NA,0,NA,0,NA,0,NA,0,NA,NA,8,NA,NA,NA,NA,NA,NA,NA,NA,NA,NA,NA,"no",NA,NA,NA,21.722,NA,20.278,NA,6.6,6.5,NA,NA,NA,NA,0,0,0,0,0,0,0,0,0,0,0,0,0,0,0,0,0,0,0,0,0,1,0,0,0,1,0,0,0,0,0,1,0,1,"minnows","Iron_Wildwood_SUMM_005.jpg","Iron_Wildwood_SUMM_006.jpg"
58687704,"L44991","111860053","IRON","WINSLOW",25,"August",1938,27,"August",1938,"medium","none","medium","none",NA,NA,7.62,1.219,NA,103.318,NA,10,NA,1,NA,1,NA,4,NA,0,NA,NA,53,55,NA,2.3,1.219,NA,"yes",NA,NA,"yes at bridge",NA,NA,"no",NA,NA,NA,19.444,NA,17.7,NA,3.8,5.2,NA,NA,NA,NA,0,0,0,0,0,1,1,0,0,0,0,0,1,0,0,1,1,0,1,0,0,0,0,0,1,0,0,0,1,0,0,1,0,1,"green_sun_sunfish_sunfish; northern_pike_mud_minnow; sucker","Iron_Winslow_SUMM_013.jpg","Iron_Winslow_SUMM_014.jpg"
58687705,"L6453","150436783","ISABELLA","COLDWATER",1,"August",1941,2,"August",1941,"medium","medium","medium","medium",NA,NA,19.811,1.524,NA,119.061,NA,10,NA,1,NA,1,NA,21,NA,2,NA,NA,144,188,NA,1.53,NA,NA,"no",NA,NA,"none",NA,NA,"yes",4.572,9.906,NA,25,26.6,7.3,NA,7.9,9,NA,NA,0,0,0,0,1,0,0,1,1,0,1,0,0,0,0,0,0,1,0,0,1,0,0,1,0,0,1,1,0,1,1,0,1,1,0,1,"long_eared_sunfish_green_sunfish; log_perch_nocomis_sp","Isabella_Coldwater_SUMM_024.jpg","Isabella_Coldwater_SUMM_025.jpg"
58687706,"L2562","150436834","ISABELLA","HALLS",26,"May",1959,NA,"May",NA,"medium","light","medium","light",NA,NA,10.667,NA,NA,30.352,NA,60,NA,NA,NA,NA,NA,20,NA,NA,NA,NA,NA,NA,NA,NA,NA,NA,"no",NA,NA,"none",NA,NA,NA,NA,NA,NA,NA,NA,NA,NA,NA,NA,NA,NA,NA,NA,0,0,1,0,0,1,0,0,0,0,0,0,1,0,0,0,0,0,0,0,0,1,0,0,1,1,0,0,0,0,0,0,0,1,"perch","Isabella_Halls_SUMM_023.jpg","Isabella_Halls_SUMM_024.jpg"
58687707,"L5927","150436870","ISABELLA","BLANCHARDMILLPOND",15,"September",1958,NA,"September",NA,NA,NA,NA,NA,NA,NA,NA,NA,NA,NA,NA,NA,NA,NA,NA,NA,NA,NA,NA,NA,NA,NA,NA,NA,NA,NA,NA,NA,NA,NA,NA,NA,NA,NA,NA,NA,NA,NA,NA,NA,NA,NA,NA,NA,NA,NA,NA,NA,0,0,0,0,0,0,0,0,0,1,0,1,0,0,0,0,0,0,0,0,0,0,0,0,0,0,0,0,0,0,0,1,0,0,"suckers_minnows; minnows","Isabella_BlanchardMillPond_SUMM_002.jpg","Isabella_BlanchardMillPond_SUMM_003.jpg"
58687708,"L15899","150436819","ISABELLA","ELDREDBIG",28,"February",1961,28,"February",1961,"light","light","light","light",NA,NA,6.096,NA,NA,6.07,NA,40,NA,NA,NA,NA,NA,1,NA,NA,NA,NA,NA,NA,NA,1.1,NA,NA,"no",NA,NA,"no",NA,NA,NA,NA,NA,NA,NA,NA,NA,NA,NA,NA,NA,NA,NA,NA,0,0,1,0,0,1,0,0,0,0,0,0,1,0,0,0,0,0,0,0,0,1,0,0,1,0,0,0,0,0,0,1,0,1,"sunfish; bullheads","Isabella_EldredBig__SUMM_001.jpg","Isabella_EldredBig__SUMM_002.jpg"
58687710,"L48431","152518720","ISABELLA","MARSHALL",27,"September",1958,27,"September",1958,"light","light","light","light",NA,NA,5.334,NA,NA,1.214,NA,75,NA,NA,NA,NA,NA,NA,NA,NA,NA,NA,NA,NA,NA,1,NA,NA,"no",NA,NA,"no",NA,NA,NA,3.048,3.81,NA,22.1,NA,11.2,NA,7.6,NA,6,NA,0.3,NA,0,0,0,0,0,0,0,0,0,0,0,0,1,0,0,1,0,0,0,0,0,0,0,0,0,0,0,0,0,0,0,0,0,0,"shinners_sic; bullheads","Isabella_Marshall_SUMM_002.jpg","Isabella_Marshall_SUMM_003.jpg"
58687711,"L3572","150436808","ISABELLA","STATEHOME",11,"September",1967,12,"September",1967,"light","light","light","light",NA,NA,2.133,NA,NA,0.809,NA,0,NA,0,NA,0,NA,0,NA,0,NA,NA,188.1,205.2,NA,NA,1.829,NA,"yes",NA,"yes","yes",NA,"prevents movement- - but there is a fish ladder of sorts.","no",NA,NA,NA,19.167,NA,16.667,NA,13,NA,NA,NA,10,NA,0,1,0,0,0,1,0,0,0,0,0,0,0,0,1,0,0,0,0,0,0,0,0,0,1,0,0,0,0,0,0,1,0,0,"carp","Isabella_StateHome_SUMM_002.jpg","Isabella_StateHome_SUMM_003.jpg"
58687712,"L2418","152094991","JACKSON","LIMENORTH",4,"August",1953,6,"August",1953,"medium","light","medium","light",NA,NA,8.229,1.092,NA,30.352,NA,95,NA,0,NA,0,NA,1,NA,0,NA,NA,125,NA,NA,NA,NA,NA,"no",NA,NA,"no",NA,NA,NA,4.572,7.62,NA,25.556,NA,11.111,NA,7.2,6.5,2.2,0,NA,NA,0,1,0,1,0,1,1,0,0,0,1,0,0,0,1,1,0,0,1,1,1,1,0,1,0,1,0,0,0,0,0,1,1,1,"warmouth_bass","Jackson_LimeNorth_SUMM_003.jpg","Jackson_LimeNorth_SUMM_004.jpg"
58687713,"L5722","150436711","ISABELLA","LITTLEFIELD",21,"August",1950,22,"August",1950,"light","light","light","light",NA,NA,15.087,2.133,2.286,222.582,NA,NA,NA,1,NA,1,NA,15,NA,0,NA,NA,147,165,NA,NA,NA,NA,"no",NA,NA,"no",NA,NA,NA,6.858,9.906,NA,21.111,NA,9.1,8.6,8.6,8.4,9.5,8.6,6.3,2.9,0,0,0,0,0,1,1,0,0,0,0,0,0,1,0,1,0,0,1,1,0,0,0,0,1,0,0,1,0,0,0,1,0,1,"trout; hornyhead_chub_johnny_darter_iowa_darter","Isabella_Littlefield_SUMM_019.jpg","Isabella_Littlefield_SUMM_020.jpg"
58687714,"L5830","150436725","ISABELLA","LOST",8,"July",1964,NA,"July",NA,"light","light","light","light",NA,NA,NA,NA,NA,3.238,NA,100,NA,0,NA,0,NA,0,NA,NA,NA,NA,NA,NA,NA,NA,NA,NA,"no",NA,NA,"no",NA,NA,NA,1.524,3.048,NA,23.889,NA,15,NA,5.6,0.6,5.6,2.9,NA,NA,0,0,0,0,0,0,0,0,0,0,0,0,0,0,0,0,0,0,0,0,0,0,0,0,0,0,0,0,0,0,0,0,0,0,NA,"Isabella_Lost_SUMM_002.jpg","Isabella_Lost_SUMM_003.jpg"
58687716,"L9813","152094815","JACKSON","PONDLILY",28,"June",1944,4,"July",1944,"heavy","medium","heavy","average",NA,NA,6.4,2.133,2.438,13.76,NA,10,NA,2,NA,0,NA,3,NA,0,NA,NA,190,210,NA,NA,NA,NA,"no",NA,NA,"none",NA,NA,"yes",3.048,6.4,"yes",23.889,25.556,10.5,NA,3.47,8.02,NA,NA,0.5,3,0,0,1,0,0,1,0,1,0,0,1,0,0,0,1,0,0,0,0,0,0,1,1,0,1,1,0,1,0,0,0,1,0,1,"warmouth_bass","Jackson_PondLily1S_2E_S32_SUMM_005.jpg","Jackson_PondLily1S_2E_S32_SUMM_006.jpg"
58687717,"L11706","152094858","JACKSON","PONDLILY",3,"August",1944,5,"August",1944,"none","none","none","none",NA,NA,2.133,1.829,NA,27.317,NA,100,NA,0,NA,0,NA,0,NA,0,NA,NA,48,50,NA,NA,NA,NA,NA,NA,NA,NA,NA,NA,"no",NA,NA,NA,27.222,NA,28.111,NA,5.82,5.91,NA,NA,NA,NA,0,0,0,0,0,0,0,0,0,0,0,0,0,0,0,0,0,0,0,0,0,0,0,0,0,0,0,0,0,0,0,0,0,0,NA,"Jackson_PondLily2S_2E_S12_SUMM_016.jpg","Jackson_PondLily2S_2E_S12_SUMM_017.jpg"
58687718,"L4518","152094826","JACKSON","PORTAGE",14,"June",1944,27,"June",1944,"heavy","medium","heavy","medium",NA,NA,12.191,2.438,2.743,145.69,NA,90,NA,1,NA,0,NA,50,NA,0,NA,NA,153,198,NA,1,0.61,NA,"yes",NA,"yes","at n. end of lake",NA,"prohibits movement of fish into lake; likewise out of of lake except in high water","yes",4.572,8.229,NA,21.111,26.667,8.333,NA,6.5,8.7,NA,NA,4,5.8,0,0,1,0,0,1,0,1,0,0,0,0,1,0,1,0,0,0,0,0,0,1,1,0,1,1,0,1,0,0,1,1,0,1,"longeared_sunfish; all_specimens_preserved; bullheads_doesnt_specify_which_type; dogfish_reported_but_not_seen","Jackson_Portage_SUMM_069.jpg","Jackson_Portage_SUMM_070.jpg"
58687719,"L6080","152094859","JACKSON","PORTAGECREEKPOND",24,"July",1944,24,"July",1944,"medium","none","medium","none",NA,NA,2.438,1.829,NA,5.099,NA,100,NA,0,NA,0,NA,0,NA,0,NA,NA,192,208,NA,NA,2.438,NA,"yes",NA,"yes","yes",NA,"prevents movement of fish from pond below","yes",0.914,2.438,"yes",23,NA,19.2,NA,7.28,10.67,NA,NA,NA,NA,0,0,0,1,0,1,1,0,0,0,0,0,0,0,0,0,1,0,1,0,0,1,0,0,0,1,0,0,0,0,0,0,0,0,"trout","Jackson_PortageCreekPond_SUMM_048.jpg","Jackson_PortageCreekPond_SUMM_049.jpg"
58687720,"L9813","152094815","JACKSON","PORTAGELITTLE",6,"July",1944,13,"July",1944,"heavy","medium","heavy","medium",NA,NA,6.4,1.676,1.829,27.317,NA,15,NA,0,NA,0,NA,1,NA,0,NA,NA,204,237,NA,NA,NA,NA,"no",NA,NA,"none",NA,NA,"yes",2.133,5.181,NA,27,29,14,NA,7.37,NA,NA,NA,0.39,2.72,0,0,1,0,0,1,0,1,0,0,0,0,1,0,0,0,0,0,0,0,0,1,1,0,1,1,0,1,0,0,0,1,0,1,NA,"Jackson_PortageLittle_SUMM_008.jpg","Jackson_PortageLittle_SUMM_009.jpg"
58687721,"L48305",NA,"JACKSON","PRISON",29,"June",1942,30,"June",1942,"light","none","light","none",NA,NA,5.791,0.914,NA,2.347,NA,NA,NA,0,NA,0,NA,0,NA,0,NA,NA,168,195,NA,1.35,NA,NA,"no",NA,NA,"none",NA,NA,"yes",0.914,3.657,NA,24.444,NA,14.444,NA,5.2,NA,NA,NA,0,NA,0,0,1,0,0,1,0,0,0,0,1,0,0,0,0,0,1,0,0,0,0,1,0,0,0,1,0,0,0,0,0,0,0,1,"warmouth_bass","Jackson_Prison_SUMM_006.jpg","Jackson_Prison_SUMM_007.jpg"
58687722,"L6581","152518646","JACKSON","ROUND",23,"June",1953,6,"August",1953,"heavy","light","heavy","light",NA,NA,9.144,2.286,NA,62.728,NA,85,NA,2,NA,0,NA,59,NA,0,NA,NA,144,NA,NA,NA,NA,NA,"no",NA,NA,"no",NA,NA,NA,6.096,9.144,NA,25.556,NA,13.333,NA,6.8,6.6,4.5,1.6,NA,NA,1,0,0,0,1,1,1,0,1,0,0,0,0,0,0,0,0,0,0,1,0,1,0,1,1,0,0,1,1,1,0,1,1,1,"green_sunfish; mudminnow_brook_silversides_minnow","Jackson_Round4S_1-2W_S30-31-25-36_SUMM_013.jpg","Jackson_Round4S_1-2W_S30-31-25-36_SUMM_014.jpg"
58687723,NA,NA,"JACKSON","TISH",18,"July",1944,19,"July",1944,"none","none","none","none",NA,NA,0.914,NA,NA,2.347,NA,100,NA,0,NA,0,NA,0,NA,0,NA,NA,NA,NA,NA,NA,NA,NA,NA,NA,NA,NA,NA,NA,"no",NA,NA,NA,26.667,NA,26.667,NA,NA,NA,NA,NA,NA,NA,0,0,0,0,0,1,1,1,0,0,0,0,1,0,0,0,0,0,0,0,0,1,0,0,0,1,0,0,0,0,0,0,1,1,NA,"Jackson_Tish_SUMM_004.jpg","Jackson_Tish_SUMM_005.jpg"
58687724,"L6425","151873807","JACKSON","SWEEZY",13,"August",1951,24,"August",1951,"medium","light","medium","light",NA,NA,7.01,1.829,NA,42.493,NA,85,NA,0,NA,0,NA,50,NA,0,NA,NA,144,161,NA,NA,0.254,NA,"yes",NA,"no","yes",NA,"none",NA,5.334,6.4,NA,22.778,NA,17.222,NA,6.6,NA,4.6,1,NA,NA,0,0,0,0,0,1,1,0,0,0,0,0,0,0,1,1,0,0,1,1,0,1,1,0,1,0,0,0,1,0,0,1,1,1,"warmouth_longear_sunfish_; logperch_common_shiner_spottail_shiner_bluntnose_minnow_blackstripe_topminnow","Jackson_Sweezy_SUMM_006.jpg","Jackson_Sweezy_SUMM_007.jpg"
58687725,"L13476","152518589","JACKSON","SWAINS",12,"September",1940,14,"September",1940,"heavy",NA,"heavy",NA,NA,NA,19.506,4.267,NA,28.126,NA,60,NA,1,NA,1,NA,14,NA,0,NA,NA,123,206,NA,1.6,NA,NA,"no",NA,NA,"none",NA,NA,"yes",6.4,9.144,NA,18.2,18.4,6.8,9.2,8.5,8.75,NA,NA,1,NA,0,0,0,0,1,1,0,0,1,0,0,0,0,1,0,1,0,0,0,0,0,1,0,0,0,1,0,1,0,0,0,1,0,1,"warmouth_bass; top_minnows_sand_shiners","Jackson_Swains_SUMM_044.jpg","Jackson_Swains_SUMM_045.jpg"
58687726,"L12164","151873916","JACKSON","VINEYARD",6,"August",1951,10,"August",1951,"medium",NA,"moderate",NA,NA,NA,12.801,3.81,NA,204.371,NA,35,NA,1,NA,NA,NA,NA,NA,NA,NA,NA,136,194,NA,NA,NA,NA,"yes",NA,"yes","yes",NA,"stops fish from coming up in stream above dam.","yes",6.096,9.144,NA,24.444,NA,8.889,10,8.2,6.2,6.5,1.2,0,NA,1,0,1,1,1,1,1,1,1,0,0,0,0,0,0,1,0,0,1,1,1,1,1,1,1,1,0,1,1,0,0,0,1,1,"warmouth_longear_sunfish; mimic_spotfin_logperch","Jackson_Vineyard_SUMM_025.jpg","Jackson_Vineyard_SUMM_026.jpg"
58687727,"L1297","152094827","JACKSON","WALZ",1,"August",1944,2,"August",1944,"light","none","light","none",NA,NA,1.219,NA,NA,6.556,NA,100,NA,0,NA,0,NA,0,NA,0,NA,NA,149,NA,NA,NA,NA,NA,"no",NA,NA,"none",NA,NA,"no",NA,NA,NA,25.556,NA,NA,NA,6.69,NA,NA,NA,NA,NA,0,0,1,1,0,1,0,1,0,0,1,0,0,0,0,0,1,0,0,0,0,1,0,0,0,1,0,0,0,0,0,0,1,0,"green_x_sunfish; mud_minnow; green_sunfish; mud_pickerel","Jackson_Walz_SUMM_004.jpg","Jackson_Walz_SUMM_005.jpg"
58687728,"L25805","155636245","KALAMAZOO","BARTON",9,"July",1943,9,"July",1943,"heavy","medium","heavy","moderateamount",NA,NA,15.849,NA,NA,80.939,NA,NA,NA,1,NA,NA,NA,NA,NA,0,NA,NA,176,196,NA,NA,NA,NA,"no",NA,NA,"no",NA,NA,"yes",5.486,8.229,NA,26.667,NA,12.2,NA,7.09,3.85,NA,NA,NA,0.8,0,0,1,0,0,1,0,0,0,0,0,0,0,0,0,0,0,0,0,0,0,1,0,0,0,0,0,0,0,0,0,0,0,1,NA,"Kalamazoo_Barton_SUMM_009.jpg","Kalamazoo_Barton_SUMM_010.jpg"
58687729,"L25949","155635938","KALAMAZOO","AUSTIN",3,"July",1953,8,"July",1953,"light","light","light","light",NA,NA,3.353,0.914,NA,424.929,NA,100,NA,0,NA,0,NA,380,NA,0,NA,NA,99,NA,NA,NA,0.61,NA,"yes",NA,"yes","yes",NA,"fish cannot get over in summer. dry on outlet side of dam.","no",NA,NA,NA,20.556,NA,NA,NA,7.6,NA,NA,NA,NA,NA,0,0,1,0,0,1,1,1,1,0,0,0,0,0,1,0,1,0,0,1,0,1,0,0,0,1,0,0,0,1,0,0,0,1,"warmouth; sand_shiner_sand_shiner_spottail_shiner_logperch","Kalamazoo_Austin_SUMM_033.jpg","Kalamazoo_Austin_SUMM_034.jpg"
58687730,"L173","152094809","JACKSON","WATERLOOMILLPOND",11,"July",1936,21,"July",1936,"medium",NA,"medium",NA,NA,NA,3.048,2.743,NA,4.249,NA,100,NA,NA,NA,NA,NA,NA,NA,NA,NA,NA,112,125,NA,1.8,3.048,4.572,"yes",NA,"yes","yes",NA,"blocks migration","no",NA,NA,NA,26.667,NA,24.5,NA,8.2,4.8,NA,NA,NA,NA,0,0,1,1,1,1,0,1,0,0,1,0,0,0,0,0,1,0,0,0,1,0,0,0,1,1,0,0,0,0,0,0,1,1,"mud_pickerel_warmouth_bass; blackbanded_topminnow_top_minnow","Jackson_WaterlooMillPond_SUMM_005.jpg","Jackson_WaterlooMillPond_SUMM_006.jpg"
58687731,"L22314","152518259","KALAMAZOO","EAGLE",4,"August",1945,5,"August",1945,"medium","light","medium","light",NA,NA,9.753,2.438,NA,28.329,NA,30,NA,NA,NA,NA,NA,NA,NA,NA,NA,NA,172,183,NA,NA,NA,NA,"no",NA,NA,"none",NA,NA,"yes",4.572,7.62,NA,25,NA,10.444,NA,8.5,9.5,NA,NA,1.8,NA,0,0,1,0,0,1,0,0,0,0,0,0,0,0,0,0,0,0,0,0,0,1,0,0,1,1,0,0,0,0,0,0,0,1,"crappies","Kalamazoo_Eagle_SUMM_018.jpg","Kalamazoo_Eagle_SUMM_019.jpg"
58687732,"L28760","152518514","KALAMAZOO","EAGLE",NA,"August",1950,NA,NA,1950,"heavy","heavy","heavy","heavy",NA,NA,2.438,NA,NA,90.652,NA,NA,NA,1,NA,0,NA,45,NA,0,NA,NA,NA,NA,NA,NA,NA,NA,NA,NA,NA,NA,NA,NA,NA,NA,NA,NA,NA,NA,NA,NA,NA,NA,NA,NA,NA,NA,0,0,0,0,0,1,0,0,0,0,0,0,0,0,0,0,0,0,0,0,0,1,0,0,0,0,0,1,0,0,0,0,0,1,"sunfish_bullheads_warmouth_bass_rock_bass","Kalamazoo_Eagle_SUMM_020.jpg","Kalamazoo_Eagle_SUMM_021.jpg"
58687734,"L22314","152518259","KALAMAZOO","EAGLE",4,"August",1945,5,"August",1945,"medium","light","medium","light",NA,NA,9.753,2.438,NA,28.329,NA,30,NA,NA,NA,NA,NA,NA,NA,NA,NA,NA,172,183,NA,NA,NA,NA,NA,NA,NA,NA,NA,NA,NA,4.572,7.62,NA,25,NA,10.444,NA,8.5,9.5,NA,NA,1.8,NA,0,0,1,0,0,1,0,0,0,0,0,0,0,0,0,0,0,0,0,0,0,1,0,0,1,1,0,0,0,0,0,0,0,1,"forage_fish_observed_to_be_common","Kalamazoo_Eagle2S_9W_S2_SUMM_024.jpg","Kalamazoo_Eagle2S_9W_S2_SUMM_025.jpg"
58687735,"L22314","152518259","KALAMAZOO","EAGLE",11,"August",1952,14,"August",1952,"medium","light","medium","light",NA,NA,9.753,2.133,2.438,29.543,NA,40,NA,0,NA,0,NA,0,NA,0,NA,NA,175,189,NA,NA,NA,NA,NA,NA,"no",NA,NA,"none","yes",4.572,8.382,NA,23.333,NA,9.444,NA,7.2,NA,5.1,0.5,0,NA,0,0,1,0,0,1,0,0,0,0,1,0,0,0,0,0,0,0,0,0,0,1,0,0,1,1,0,1,1,0,0,1,1,1,"warmouth_green_bass; red_horse","Kalamazoo_Eagle2S_9W_S2_SUMM_026.jpg","Kalamazoo_Eagle2S_9W_S2_SUMM_027.jpg"
58687736,"L24292","155636056","KALAMAZOO","GOURDNECK",14,"July",1953,16,"July",1953,"light","light","light","light",NA,NA,15.849,2.286,NA,89.842,NA,25,NA,1,NA,1,NA,150,NA,NA,NA,NA,165,NA,NA,NA,NA,NA,"no",NA,NA,"no",NA,NA,NA,6.096,9.753,NA,26.111,NA,13.333,NA,8.5,7.9,4.8,0.5,0,NA,0,0,0,0,0,1,1,0,1,0,0,0,0,0,0,0,0,0,1,1,0,1,0,1,0,1,0,1,0,1,0,0,1,1,"green_sunfish; logperch_sand_shiner","Kalamazoo_Gourdneck_SUMM_011.jpg","Kalamazoo_Gourdneck_SUMM_012.jpg"
58687737,"L18992","152518020","KALAMAZOO","GREEN",4,"September",1952,4,"September",1952,"light","none","light","probablynone",NA,NA,1.524,NA,NA,1.012,NA,100,NA,0,NA,0,NA,0,NA,0,NA,NA,NA,NA,NA,NA,1.524,NA,"yes",NA,"no","yes, but broken at time of check",NA,"none","no",NA,NA,NA,17.778,NA,NA,NA,NA,NA,NA,NA,NA,NA,0,0,0,0,0,1,0,0,0,0,0,0,0,0,0,0,1,1,0,0,0,1,0,0,0,0,0,0,0,0,0,1,0,1,"green_sunfish_grass_pickerel_","Kalamazoo_Green_SUMM_004.jpg","Kalamazoo_Green_SUMM_005.jpg"
58687738,"L26145","155635994","KALAMAZOO","INDIAN",7,"August",1945,NA,"August",NA,NA,NA,NA,NA,NA,NA,21.03,3.048,NA,279.239,NA,NA,NA,NA,NA,NA,NA,NA,NA,NA,NA,NA,129,NA,NA,NA,NA,NA,NA,NA,NA,NA,NA,NA,"yes",6.096,9.144,NA,NA,NA,NA,NA,8,NA,NA,NA,3.5,0.1,0,0,1,0,0,1,0,1,0,0,0,0,1,1,1,0,0,0,0,0,0,1,1,0,1,0,0,0,0,1,0,0,0,1,NA,"Kalamazoo_Indian_SUMM_025.jpg","Kalamazoo_Indian_SUMM_026.jpg"
58687739,"L31047","155635904","KALAMAZOO","LONG",30,"June",1953,3,"July",1953,"heavy","medium","heavy","medium",NA,NA,17.373,4.115,NA,232.699,NA,85,NA,6,NA,2,NA,130,NA,NA,NA,NA,145,NA,NA,NA,NA,NA,"no",NA,NA,"not now",NA,NA,NA,6.096,10.667,NA,26.111,NA,14.444,NA,7,NA,6.3,0,0,NA,0,0,0,1,1,1,1,1,1,0,1,0,0,0,1,0,0,0,1,1,0,1,0,0,1,1,0,1,0,1,0,0,0,1,"warmouth; midminnow_logperch_sand_shiner; carp_reported_but_not_taken","Kalamazoo_Long_SUMM_021.jpg","Kalamazoo_Long_SUMM_022.jpg"
58687740,"L20009","152518355","KALAMAZOO","LOST",5,"August",1952,8,"August",1952,"light","light","light","light",NA,NA,4.724,1.829,2.133,2.55,NA,90,NA,0,NA,0,NA,0,NA,0,NA,NA,215,221,NA,NA,NA,NA,"no",NA,"no","no.",NA,"none","yes",1.524,3.657,NA,20.556,NA,15.556,NA,9.9,NA,10.9,5,1.4,NA,0,0,0,0,0,1,0,0,0,0,0,0,0,0,0,0,1,0,1,0,0,1,0,0,0,0,0,0,0,0,0,1,0,1,"green_sunfish","Kalamazoo_Lost_SUMM_006.jpg","Kalamazoo_Lost_SUMM_007.jpg"
58687741,"L49005",NA,"KALAMAZOO","JACKSONPOND",13,"August",1952,15,"August",1952,"light","light","light","light",NA,NA,4.877,2.133,2.438,0.769,NA,100,NA,0,NA,0,NA,0,NA,0,NA,NA,241,250,NA,NA,0.61,NA,"yes",NA,"yes","yes - beaver dam",NA,"stops fish movements","no",NA,NA,NA,18.889,NA,14.444,NA,4.6,2.9,NA,NA,NA,NA,0,0,1,0,1,0,0,0,0,0,0,0,0,0,0,0,1,0,0,0,1,1,0,0,1,0,0,0,0,0,0,1,0,1,"warmouth_bass_grass_pickerel; chubsucker","Kalamazoo_JacksonPond_SUMM_004.jpg","Kalamazoo_JacksonPond_SUMM_005.jpg"
58687742,"L29486","152518321","KALAMAZOO","LYONS",15,"August",1961,NA,NA,NA,"medium","medium","medium","medium",NA,NA,12.191,4.267,NA,28.329,NA,NA,NA,1,NA,NA,NA,1,NA,NA,NA,NA,145,180,NA,NA,NA,NA,NA,NA,NA,NA,NA,NA,NA,3.962,10.667,NA,23.889,NA,8.889,NA,8,NA,8.4,0,0,NA,0,0,1,0,0,1,0,0,0,0,0,0,0,0,0,0,0,0,0,0,0,1,0,0,0,0,0,0,0,0,0,0,0,0,"crappies_bullheads","Kalamazoo_Lyons_SUMM_003.jpg","Kalamazoo_Lyons_SUMM_004.jpg"
58687743,"L48433","152518303","KALAMAZOO","LAWLER",28,"July",1952,1,"August",1952,"light","light","light","light",NA,NA,7.315,2.743,3.048,4.492,NA,80,NA,0,NA,0,NA,0,NA,0,NA,NA,204,210,NA,NA,0.61,NA,"yes",NA,"yes","yes - beaver dam.",NA,"stops migration of fish.","yes",3.048,6.096,NA,26.667,NA,11.667,NA,6,NA,0.4,3.7,0,NA,0,0,1,0,1,1,1,0,1,0,0,0,0,0,0,1,1,0,1,0,0,1,0,0,0,0,0,0,0,0,0,1,1,1,"green_sunfish_warmouth_bass_longear_sunfish; creek_chub","Kalamazoo_Lawler_SUMM_004.jpg","Kalamazoo_Lawler_SUMM_005.jpg"
58687744,"L25749","152518552","KALAMAZOO","PRETTY",NA,"August",1950,NA,"August",1950,"light","light","light","light",NA,NA,NA,NA,NA,20.235,NA,NA,NA,0,NA,0,NA,25,NA,0,NA,NA,NA,NA,NA,NA,NA,NA,NA,NA,NA,NA,NA,NA,NA,NA,NA,NA,NA,NA,NA,NA,NA,NA,NA,NA,NA,NA,0,0,0,0,0,1,0,0,0,0,0,0,0,0,0,0,0,0,0,0,0,1,0,0,0,0,0,1,0,0,0,0,0,1,"sunfish_bullheads","Kalamazoo_Pretty_SUMM_004.jpg","Kalamazoo_Pretty_SUMM_005.jpg"
58687745,"L28122","155636084","KALAMAZOO","PAWPAWLITTLE",8,"July",1943,8,"July",1943,"light","light","light","light",NA,NA,17.22,NA,NA,40.469,NA,NA,NA,0,NA,0,NA,NA,NA,0,NA,NA,210,213,NA,NA,NA,NA,"no",NA,NA,"no",NA,NA,"yes",4.572,7.62,NA,24.444,NA,8.8,NA,8.1,NA,NA,NA,8.6,1.51,0,0,0,0,0,1,0,0,0,0,0,1,0,1,0,0,0,0,0,0,0,1,0,0,0,1,1,0,0,0,0,0,0,1,NA,"Kalamazoo_PawPawLittle_SUMM_016.jpg","Kalamazoo_PawPawLittle_SUMM_017.jpg"
58687746,"L23253","152518175","KALAMAZOO","SHERMAN",28,"August",1950,28,"August",1950,"heavy","light","heavy","light",NA,NA,10.667,4.267,NA,48.563,NA,NA,NA,1,NA,0,NA,20,NA,0,NA,NA,NA,NA,NA,NA,NA,NA,"no",NA,NA,"none",NA,NA,"no",NA,NA,NA,23.889,NA,18.889,NA,NA,NA,NA,NA,8.5,0,0,0,1,0,0,1,0,0,0,0,0,0,0,0,0,0,0,0,0,0,0,1,0,0,0,0,0,1,0,0,0,0,0,1,"sunfish_crappies","Kalamazoo_Sherman_SUMM_014.jpg","Kalamazoo_Sherman_SUMM_015.jpg"
58687747,"L20291","152518303","KALAMAZOO","WHITFORD",28,"July",1952,31,"July",1952,"light","light","light","light",NA,NA,7.62,2.133,NA,9.713,NA,70,NA,0,NA,0,NA,0,NA,0,NA,NA,203,212,NA,NA,0.61,NA,"yes",NA,"yes","yes - beaver dam.",NA,"stops fish movements as no water flows over dam.","yes",3.048,7.62,NA,26.667,NA,11.111,NA,7.2,NA,3.1,0.4,0.4,NA,0,0,1,0,0,1,1,0,1,0,0,0,0,0,0,1,1,0,1,0,0,1,0,0,0,1,0,0,1,0,0,1,1,1,"green_sunfish","Kalamazoo_Whitford_SUMM_003.jpg","Kalamazoo_Whitford_SUMM_004.jpg"
58687748,"L29733","155635952","KALAMAZOO","WEST",8,"July",1953,13,"July",1953,"light","none","light","none",NA,NA,3.657,0.381,NA,135.573,NA,100,NA,0,NA,0,NA,210,NA,0,NA,NA,105,NA,NA,NA,NA,NA,"no",NA,NA,"no",NA,NA,"no",NA,NA,NA,27.778,NA,27.222,NA,8,NA,NA,NA,NA,NA,0,0,1,0,0,1,1,1,1,0,1,0,0,0,1,0,1,0,1,1,0,1,0,0,1,1,0,0,0,0,0,0,0,1,"warmouth_hard_to_read_the_writing; bluntnose_shiner_sand_shiner","Kalamazoo_West_SUMM_024.jpg","Kalamazoo_West_SUMM_025.jpg"
58687750,"L1482","155417544","KALKASKA","ABBOT",13,"August",1930,13,"August",1930,NA,NA,NA,NA,NA,NA,NA,NA,NA,NA,NA,NA,NA,NA,NA,NA,NA,NA,NA,NA,NA,NA,NA,NA,NA,NA,NA,NA,NA,NA,NA,NA,NA,NA,NA,NA,NA,NA,NA,NA,NA,NA,NA,NA,NA,NA,NA,NA,0,0,0,0,0,1,0,0,0,1,0,0,1,0,0,0,0,0,0,0,0,0,0,0,0,0,0,1,0,0,0,1,0,1,"cornutus_minnow; suckers","Kalkaska_Abbot_SUMM_006.jpg","Kalkaska_Abbot_SUMM_007.jpg"
58687753,"L15802","155417519","KALKASKA","ANTRIMPOND",25,"August",1930,NA,NA,NA,NA,NA,NA,NA,NA,NA,NA,NA,NA,NA,NA,NA,NA,NA,NA,NA,NA,NA,NA,NA,NA,NA,NA,NA,NA,NA,NA,NA,NA,NA,NA,NA,NA,NA,NA,NA,NA,NA,NA,NA,NA,NA,NA,NA,NA,NA,NA,NA,0,0,0,0,0,0,0,0,0,1,0,0,0,0,0,0,0,0,0,0,0,0,0,0,0,0,1,0,0,0,0,0,0,0,"no_minnows_were_found","Kalkaska_AntrimPond_SUMM_015.jpg","Kalkaska_AntrimPond_SUMM_016.jpg"
58687754,"L13250","155417653","KALKASKA","BASS",2,"September",1930,NA,NA,NA,NA,NA,NA,NA,NA,NA,NA,NA,NA,NA,NA,NA,NA,NA,NA,NA,NA,NA,NA,NA,NA,NA,NA,NA,NA,NA,NA,NA,NA,NA,NA,NA,NA,NA,NA,NA,NA,NA,NA,NA,NA,NA,NA,NA,NA,NA,NA,NA,0,0,0,0,0,1,1,0,0,0,0,0,0,0,0,0,1,0,1,0,0,1,0,0,0,0,0,0,0,0,0,1,0,1,"green_sunfish; suckers_green_sunfish; suckers","Kalkaska_Bass26N_7W_S7_SUMM_008.jpg","Kalkaska_Bass26N_7W_S7_SUMM_009.jpg"
58687756,"L4850","120020854","KALKASKA","BLUEBIG",4,"August",1955,18,"August",1955,"medium","light","medium ","light",NA,NA,26.212,2.438,NA,46.135,NA,20,NA,1,NA,0,NA,30,NA,0,NA,NA,137,166,NA,NA,0.61,NA,"yes",NA,"yes","yes",NA,"some only in summer; it has a trap-door which can be opened.","yes",6.858,10.667,NA,27.778,23.889,6.111,NA,7.5,8.2,11.9,12.9,8,0.4,0,0,0,0,0,0,0,0,0,0,0,0,0,1,0,0,0,0,0,0,0,0,0,0,0,1,1,1,1,0,0,1,0,0,NA,"Kalkaska_BlueBig_SUMM_037.jpg","Kalkaska_BlueBig_SUMM_038.jpg"
58687757,"L647","60087894","KALKASKA","BEAR",6,"August",1930,NA,"August",NA,NA,NA,NA,NA,NA,NA,NA,NA,NA,NA,NA,NA,NA,NA,NA,NA,NA,NA,NA,NA,NA,NA,NA,NA,NA,NA,NA,NA,NA,NA,NA,NA,NA,NA,NA,NA,NA,NA,NA,NA,NA,NA,NA,NA,NA,NA,NA,NA,0,0,0,0,0,0,1,0,0,0,0,0,1,0,0,0,0,0,1,0,0,1,0,0,0,0,0,1,1,0,0,1,0,1,NA,"Kalkaska_Bear_SUMM_078.jpg","Kalkaska_Bear_SUMM_079.jpg"
58687758,"L1973","60087736","KALKASKA","BASS",21,"July",1948,22,"July",1948,"medium","light","medium","light",NA,NA,12.801,6.705,NA,21.449,NA,NA,NA,2,NA,2,NA,4,NA,0,NA,NA,135,NA,NA,NA,NA,NA,"no",NA,NA,"none",NA,NA,"yes",3.048,6.858,NA,26.111,NA,7.778,NA,NA,NA,NA,NA,0.4,5,0,1,1,0,1,1,1,0,0,0,0,0,0,0,0,0,0,0,0,0,0,1,0,0,0,1,0,0,0,0,0,1,0,1,"crappie_black_bullhead; bluntnose_shiner","Kalkaska_Bass28N_5W_S23_SUMM_017.jpg","Kalkaska_Bass28N_5W_S23_SUMM_018.jpg"
58687759,"L10140","155417532","KALKASKA","BIRD",12,"August",1930,18,"August",1930,NA,NA,NA,NA,NA,NA,NA,NA,NA,NA,NA,NA,NA,NA,NA,NA,NA,NA,NA,NA,NA,NA,NA,NA,NA,NA,NA,NA,NA,NA,NA,NA,NA,NA,NA,NA,NA,NA,NA,NA,NA,NA,NA,NA,NA,NA,NA,NA,0,0,0,0,0,0,0,0,0,0,0,0,0,0,0,0,0,0,0,0,0,1,0,0,0,0,0,0,0,0,0,0,0,0,NA,"Kalkaska_Bird_SUMM_005.jpg","Kalkaska_Bird_SUMM_006.jpg"
58687760,"L4850","120020854","KALKASKA","BLUEBIG",16,"July",1943,NA,"July",NA,"medium","light","medium","light",NA,NA,29.259,NA,NA,45.73,NA,NA,NA,1,NA,0,NA,17,NA,0,NA,NA,135,143,NA,NA,NA,NA,"no",NA,NA,"none",NA,NA,"yes",4.572,7.62,NA,23.722,NA,6.556,NA,6.6,8,NA,NA,10.2,3,0,0,0,0,0,1,0,0,0,0,0,0,0,1,0,0,0,0,0,0,0,1,0,0,1,0,0,0,1,0,1,1,0,0,"lake_trout_lake_herring; lake_herring","Kalkaska_BlueBig_SUMM_035.jpg","Kalkaska_BlueBig_SUMM_036.jpg"
58687761,"L4850","120020854","KALKASKA","BLUEBIG",29,"July",1930,29,"July",1930,NA,NA,NA,NA,NA,NA,NA,NA,NA,NA,NA,NA,NA,NA,NA,NA,NA,NA,NA,NA,NA,NA,NA,NA,NA,NA,NA,NA,NA,NA,NA,NA,NA,NA,NA,NA,NA,NA,NA,NA,NA,NA,NA,NA,NA,NA,NA,NA,0,0,0,0,0,0,0,0,0,0,0,0,0,0,0,0,0,0,0,0,0,0,0,0,0,0,0,0,0,0,0,0,0,0,NA,"Kalkaska_BlueBig_SUMM_081.jpg","Kalkaska_BlueBig_SUMM_082.jpg"
58687762,"L13465","60087682","KALKASKA","CROOKEDSOUTH",29,"July",1930,NA,NA,NA,NA,NA,NA,NA,NA,NA,NA,NA,NA,NA,NA,NA,NA,NA,NA,NA,NA,NA,NA,NA,NA,NA,NA,NA,NA,NA,NA,NA,NA,NA,NA,NA,NA,NA,NA,NA,NA,NA,NA,NA,NA,NA,NA,NA,NA,NA,NA,NA,0,0,0,0,0,0,0,0,0,0,0,0,0,0,0,0,1,0,1,0,0,0,0,0,0,0,0,0,0,0,0,0,0,0,NA,"Kalkaska_CrookedSouth_SUMM_007.jpg","Kalkaska_CrookedSouth_SUMM_008.jpg"
58687763,"L7826","155417553","KALKASKA","CRAWFORD",18,"August",1930,18,"August",1930,NA,NA,NA,NA,NA,NA,NA,NA,NA,NA,NA,NA,NA,NA,NA,NA,NA,NA,NA,NA,NA,NA,NA,NA,NA,NA,NA,NA,NA,NA,NA,NA,NA,NA,NA,NA,NA,NA,NA,NA,NA,NA,NA,NA,NA,NA,NA,NA,0,0,0,0,0,0,1,0,0,0,0,0,1,0,0,0,1,0,1,0,0,1,0,0,1,0,0,0,0,0,0,0,0,1,NA,"Kalkaska_Crawford_SUMM_010.jpg","Kalkaska_Crawford_SUMM_011.jpg"
58687764,"L12344","60087932","KALKASKA","CUB",16,"August",1955,18,"August",1955,"heavy","heavy","heavy","heavy",NA,NA,7.315,2.337,NA,21.449,NA,80,NA,1,NA,0,NA,15,NA,0,NA,NA,86,90,NA,NA,NA,NA,NA,NA,NA,NA,NA,NA,NA,NA,NA,NA,26.667,NA,23.611,NA,5.6,7.8,NA,NA,NA,NA,0,0,0,0,0,1,1,0,0,0,0,0,0,0,0,0,0,0,0,0,0,1,0,0,0,1,0,0,0,0,0,0,0,1,"non_seen_or_taken","Kalkaska_Cub_SUMM_010.jpg","Kalkaska_Cub_SUMM_011.jpg"
58687765,"L7605","60087712","KALKASKA","BLUENORTH",3,"August",1955,16,"August",1955,"medium","light","medium","light",NA,NA,23.773,1.981,NA,22.056,NA,15,NA,0,NA,0,NA,12,NA,0,NA,NA,147,175,NA,NA,NA,NA,"no",NA,"no","no - old beaver dam",NA,"none",NA,5.334,9.906,NA,27.778,NA,6.667,NA,7.6,7.7,15,12,11,0,0,0,0,0,0,0,1,0,0,0,0,0,0,1,0,0,0,0,1,0,0,1,0,0,0,1,1,0,0,0,0,1,0,1,"lake_trout","Kalkaska_BlueNorth_SUMM_018.jpg","Kalkaska_BlueNorth_SUMM_019.jpg"
58687766,"L579","60087692","KALKASKA","EAGLE",9,"August",1955,11,"August",1955,"light","none","light","none",NA,NA,8.534,3.2,NA,9.713,NA,50,NA,0,NA,0,NA,1,NA,0,NA,NA,95,88,NA,NA,NA,NA,NA,NA,NA,NA,NA,NA,"no",NA,NA,NA,25.556,NA,25,NA,7.8,7.6,NA,NA,NA,NA,0,0,0,0,0,0,1,0,0,0,0,0,0,0,0,0,0,0,0,0,0,1,0,0,0,1,0,0,0,0,0,1,0,1,NA,"Kalkaska_Eagle_SUMM_011.jpg","Kalkaska_Eagle_SUMM_012.jpg"
58687767,"L20199","155417594","KALKASKA","GUERNSEYBIG",NA,NA,1948,NA,NA,1948,"heavy","light","mediumtoheavy","light",NA,NA,12.191,4.877,NA,21.044,NA,NA,NA,0,NA,0,NA,0,NA,0,NA,NA,86,105,NA,NA,NA,NA,"no",NA,NA,"none",NA,NA,NA,4.572,10.667,NA,23.333,NA,9.444,NA,NA,NA,4.2,1.6,0.3,0.3,0,0,0,0,0,1,0,0,0,0,0,0,0,0,0,0,0,0,0,0,0,1,0,0,0,0,0,0,0,0,0,0,0,1,"green_sunfish","Kalkaska_GuernseyBig_SUMM_022.jpg","Kalkaska_GuernseyBig_SUMM_023.jpg"
58687768,"L3855","155417567","KALKASKA","ISLAND",17,"August",1959,NA,"August",NA,"medium","light","medium","light",NA,NA,3.657,NA,NA,34.804,NA,100,NA,NA,NA,NA,NA,1,NA,NA,NA,NA,NA,NA,NA,NA,NA,NA,"no",NA,NA,"none",NA,NA,NA,NA,NA,NA,NA,NA,NA,NA,NA,NA,NA,NA,NA,NA,0,0,0,0,0,1,0,0,0,0,0,0,0,0,0,0,0,0,0,0,0,1,0,0,0,1,0,0,0,0,0,0,0,1,NA,"Kalkaska_Island_SUMM_007.jpg","Kalkaska_Island_SUMM_008.jpg"
58687769,"L12344","60087932","KALKASKA","CUB",7,"August",1930,7,"August",1930,NA,NA,NA,NA,NA,NA,NA,NA,NA,NA,NA,NA,NA,NA,NA,NA,NA,NA,NA,NA,NA,NA,NA,NA,NA,NA,NA,NA,NA,NA,NA,NA,NA,NA,NA,NA,NA,NA,NA,NA,NA,NA,NA,NA,NA,NA,NA,NA,0,0,0,0,0,0,1,0,0,0,0,0,1,0,0,0,0,0,0,0,0,1,0,0,0,0,0,0,1,0,0,1,0,1,"bluntnosed_minnows; suckers","Kalkaska_Cub_SUMM_016.jpg","Kalkaska_Cub_SUMM_017.jpg"
58687770,"L1495","155417541","KALKASKA","LOG",24,"July",1947,NA,"July",NA,"medium","light","medium","light",NA,NA,19.6,3.657,4.572,10.522,NA,NA,NA,1,NA,1,NA,2,NA,NA,NA,NA,89,94,NA,NA,NA,NA,"no",NA,NA,"none",NA,NA,"yes",4.572,9.144,NA,26.4,NA,6.6,NA,NA,NA,NA,NA,7.04,0.18,1,0,0,0,0,1,1,0,0,0,0,0,0,0,0,0,0,0,0,0,0,1,0,0,0,0,0,1,1,0,1,1,0,1,"green_sunfish; bluntnose_minnow_killifish; northern_redhorse_horse","Kalkaska_Log_SUMM_025.jpg","Kalkaska_Log_SUMM_026.jpg"
58687771,"L1495","155417541","KALKASKA","LOG",11,"August",1930,11,"August",1930,NA,NA,NA,NA,NA,NA,NA,NA,NA,NA,NA,NA,NA,NA,NA,NA,NA,NA,NA,NA,NA,NA,NA,NA,NA,NA,NA,NA,NA,NA,NA,NA,NA,NA,NA,NA,NA,NA,NA,NA,NA,NA,NA,NA,NA,NA,NA,NA,0,0,0,0,0,0,0,0,0,0,0,0,0,0,0,0,0,0,0,0,0,1,0,0,0,0,0,1,0,0,0,1,0,1,"green_sunfish; mud_minnow; suckers","Kalkaska_Log_SUMM_059.jpg","Kalkaska_Log_SUMM_060.jpg"
58687772,"L9923","60087814","KALKASKA","MANISTEE",8,"August",1955,11,"August",1955,"heavy","heavy","heavy","mediumtoheavy",NA,NA,5.486,1.753,NA,348.037,NA,95,NA,4,NA,8,NA,106,NA,1,NA,NA,73,76,NA,NA,NA,NA,"no",NA,NA,"no",NA,NA,NA,NA,NA,NA,27.778,NA,23.333,NA,8.4,7.8,NA,NA,NA,NA,0,0,0,1,1,1,1,0,0,0,0,0,1,0,0,0,1,0,0,0,0,0,0,0,1,1,0,1,1,0,1,1,0,1,"mudminnow; bullhead","Kalkaska_Manistee_SUMM_015.jpg","Kalkaska_Manistee_SUMM_016.jpg"
58687773,"L9923","60087814","KALKASKA","MANISTEE",30,"June",1930,30,"June",1930,NA,NA,NA,NA,NA,NA,NA,NA,NA,NA,NA,NA,NA,NA,NA,NA,NA,NA,NA,NA,NA,NA,NA,NA,NA,NA,NA,NA,NA,NA,NA,NA,NA,NA,NA,NA,NA,NA,NA,NA,NA,NA,NA,NA,NA,NA,NA,NA,0,0,0,0,0,0,0,0,0,0,0,0,0,0,0,0,0,0,0,0,0,0,0,0,0,0,0,0,0,0,0,0,0,0,NA,"Kalkaska_Manistee_SUMM_095.jpg","Kalkaska_Manistee_SUMM_096.jpg"
58687774,"L7489","60087866","KALKASKA","PERCH",5,"July",1930,NA,NA,NA,NA,NA,NA,NA,NA,NA,NA,NA,NA,NA,NA,NA,NA,NA,NA,NA,NA,NA,NA,NA,NA,NA,NA,NA,NA,NA,NA,NA,NA,NA,NA,NA,NA,NA,NA,NA,NA,NA,NA,NA,NA,NA,NA,NA,NA,NA,NA,NA,0,0,0,0,1,0,0,0,0,0,0,0,0,0,0,0,1,0,0,0,0,0,0,0,0,0,0,0,0,0,0,0,0,0,NA,"Kalkaska_Perch27N_6W_S10_SUMM_006.jpg","Kalkaska_Perch27N_6W_S10_SUMM_007.jpg"
58687775,"L2976","60087701","KALKASKA","OXBOW",7,"July",1948,7,"July",1948,"medium","light","medium","light",NA,NA,NA,6.096,NA,13.355,NA,NA,NA,0,NA,0,NA,0,NA,0,NA,NA,90,137,NA,NA,NA,NA,"no",NA,NA,"none",NA,NA,"yes",3.81,NA,"yes",26,NA,11,NA,7.9,NA,8.4,13.46,NA,NA,1,0,0,0,0,1,1,0,0,0,0,0,0,0,0,0,0,0,0,0,0,1,0,1,0,0,0,0,0,0,0,1,0,1,"green_sunfish; bluntnose_shiner_kilifish_unidentified_minnow_sp_notropis","Kalkaska_Oxbow_SUMM_015.jpg","Kalkaska_Oxbow_SUMM_016.jpg"
58687776,"L2976","60087701","KALKASKA","OXBOW",10,"July",1930,NA,NA,NA,NA,NA,NA,NA,NA,NA,NA,NA,NA,NA,NA,NA,NA,NA,NA,NA,NA,NA,NA,NA,NA,NA,NA,NA,NA,NA,NA,NA,NA,NA,NA,NA,NA,NA,NA,NA,NA,NA,NA,NA,NA,NA,NA,NA,NA,NA,NA,NA,0,0,0,0,1,0,0,0,0,0,0,0,0,0,0,0,0,0,1,0,0,0,0,0,0,0,0,0,0,0,0,1,0,1,"Suckers not specified; mud Minnows","Kalkaska_Oxbow_SUMM_017.jpg","Kalkaska_Oxbow_SUMM_018.jpg"
58687777,"L13237","155417563","KALKASKA","PALMER",17,"August",1930,17,"August",1930,NA,NA,NA,NA,NA,NA,NA,NA,NA,NA,NA,NA,NA,NA,NA,NA,NA,NA,NA,NA,NA,NA,NA,NA,NA,NA,NA,NA,NA,NA,NA,NA,NA,NA,NA,NA,NA,NA,NA,NA,NA,NA,NA,NA,NA,NA,NA,NA,0,0,0,0,1,1,1,0,0,0,0,0,0,0,0,0,0,0,1,0,0,1,0,0,0,0,0,0,0,0,0,0,0,1,"trout; green_sunfish","Kalkaska_Palmer_SUMM_005.jpg","Kalkaska_Palmer_SUMM_006.jpg"
58687778,"L5979","60087756","KALKASKA","PICKEREL",13,"July",1930,13,"July",1930,NA,NA,NA,NA,NA,NA,NA,NA,NA,NA,NA,NA,NA,NA,NA,NA,NA,NA,NA,NA,NA,NA,NA,NA,NA,NA,NA,NA,NA,NA,NA,NA,NA,NA,NA,NA,NA,NA,NA,NA,NA,NA,NA,NA,NA,NA,NA,NA,0,0,0,0,1,0,1,0,0,0,0,0,0,0,0,0,0,0,0,0,0,1,0,0,1,0,0,1,0,0,0,0,0,1,"sunfish","Kalkaska_Pickerel_SUMM_026.jpg","Kalkaska_Pickerel_SUMM_027.jpg"
58687779,"L12602","155417501","KALKASKA","RAINBOW",20,"July",1948,19,"August",1948,"light","light","light","lighttonone",NA,NA,13.106,5.486,NA,8.094,NA,NA,NA,0,NA,0,NA,0,NA,0,NA,NA,NA,NA,NA,NA,0.305,NA,"yes",NA,"yes","beaver dam",NA,"temporarily stops all movements","yes",3.048,9.144,NA,26.111,NA,NA,NA,NA,NA,NA,NA,1.7,0.6,0,0,0,0,0,1,0,0,0,1,0,0,0,0,0,0,0,0,0,0,0,1,0,0,0,0,0,1,0,0,0,0,0,1,"cyprinidae","Kalkaska_Rainbow_SUMM_018.jpg","Kalkaska_Rainbow_SUMM_019.jpg"
58687780,"L12602","155417501","KALKASKA","RAINBOW",21,"August",1930,NA,NA,NA,NA,NA,NA,NA,NA,NA,NA,NA,NA,NA,NA,NA,NA,NA,NA,NA,NA,NA,NA,NA,NA,NA,NA,NA,NA,NA,NA,NA,NA,NA,NA,NA,NA,NA,NA,NA,NA,NA,NA,NA,NA,NA,NA,NA,NA,NA,NA,NA,0,0,0,0,0,0,1,0,0,1,0,0,0,0,0,0,0,0,0,0,0,0,0,0,0,0,0,0,0,0,0,0,0,1,NA,"Kalkaska_Rainbow_SUMM_042.jpg","Kalkaska_Rainbow_SUMM_043.jpg"
58687781,"L5979","60087756","KALKASKA","PICKEREL",19,"August",1957,21,"August",1957,"medium","light","medium","light",NA,NA,22.249,NA,NA,32.78,NA,NA,NA,2,NA,2,NA,25,NA,0,NA,NA,80,NA,NA,NA,0.152,NA,"yes",NA,"yes","high road culvert",NA,"probably causes some isolation of n. pike young when water level drops.",NA,7.62,NA,NA,21.667,NA,5.8,NA,10.2,NA,4.8,NA,0.2,1.2,1,0,0,0,0,1,1,0,0,0,0,0,0,0,0,0,0,0,0,0,0,1,0,0,1,1,0,0,1,0,1,0,0,1,"killifish_bluntnose_shiner","Kalkaska_Pickerel_SUMM_012.jpg","Kalkaska_Pickerel_SUMM_013.jpg"
58687782,"L3741","155417556","KALKASKA","SELKIRKSOUTH",23,"August",1955,23,"August",1955,"medium","light","medium","light",NA,NA,10.667,NA,NA,16.188,NA,NA,NA,2,NA,2,NA,10,NA,0,NA,NA,140,165,NA,NA,NA,NA,"no",NA,NA,"none",NA,NA,NA,4.572,7.62,NA,24.444,NA,9.444,NA,NA,NA,10.1,2.8,0.6,0.6,0,0,0,0,0,1,0,0,0,1,0,0,0,0,0,0,0,0,0,0,0,1,0,0,1,0,0,0,0,0,0,1,0,1,"abundant_; suckers; ","Kalkaska_SelkirkSouth_SUMM_009.jpg","Kalkaska_SelkirkSouth_SUMM_010.jpg"
58687783,"L14622","155417524","KALKASKA","SMITHS",23,"June",1948,24,"June",1948,"light","light","light","light",NA,NA,NA,NA,NA,16.997,NA,NA,NA,0,NA,0,NA,0,NA,0,NA,NA,NA,NA,NA,NA,NA,NA,NA,NA,NA,NA,NA,NA,NA,NA,NA,NA,NA,NA,NA,NA,NA,NA,NA,NA,NA,NA,0,0,0,0,0,0,1,0,0,0,0,0,0,0,0,0,0,0,0,0,0,1,0,0,0,0,0,1,0,0,0,0,0,1,"bluntnose_shiner","Kalkaska_Smiths27N_8W_S6_SUMM_012.jpg","Kalkaska_Smiths27N_8W_S6_SUMM_013.jpg"
58687784,"L4293","60087664","KALKASKA","STARVATION",14,"July",1943,14,"July",1943,"light","light","light","light",NA,NA,18.287,6.096,NA,54.229,NA,NA,NA,1,NA,1,NA,5,NA,0,NA,NA,60,62,NA,NA,NA,NA,NA,NA,NA,NA,NA,NA,"yes",2.743,8.229,NA,25.111,NA,8.778,7.222,7,7.6,NA,NA,9.8,0.4,0,0,0,0,0,1,1,0,0,0,0,0,0,0,0,0,0,0,0,0,0,0,0,0,0,0,0,1,1,0,0,1,0,1,NA,"Kalkaska_Starvation_SUMM_020.jpg","Kalkaska_Starvation_SUMM_021.jpg"
58687785,"L4293","60087664","KALKASKA","STARVATION",19,"July",1930,NA,"July",NA,NA,NA,NA,NA,NA,NA,NA,NA,NA,NA,NA,NA,NA,NA,NA,NA,NA,NA,NA,NA,NA,NA,NA,NA,NA,NA,NA,NA,NA,NA,NA,NA,NA,NA,NA,NA,NA,NA,NA,NA,NA,NA,NA,NA,NA,NA,NA,NA,0,0,0,0,0,0,0,0,0,0,0,0,0,0,0,0,0,0,0,0,0,0,0,0,0,0,0,0,1,0,0,1,0,1,"suckers","Kalkaska_Starvation_SUMM_054.jpg","Kalkaska_Starvation_SUMM_055.jpg"
58687786,"L1404","155417496","KALKASKA","SOUTHWELL",22,"August",1930,22,"August",1930,NA,NA,NA,NA,NA,NA,NA,NA,NA,NA,NA,NA,NA,NA,NA,NA,NA,NA,NA,NA,NA,NA,NA,NA,NA,NA,NA,NA,NA,NA,NA,NA,NA,NA,NA,NA,NA,NA,NA,NA,NA,NA,NA,NA,NA,NA,NA,NA,0,0,0,0,0,0,0,0,0,0,0,0,0,0,0,0,0,0,0,0,0,1,0,0,0,0,0,0,0,0,0,0,0,0,NA,"Kalkaska_Southwell_SUMM_006.jpg","Kalkaska_Southwell_SUMM_007.jpg"
58687787,"L10936","60088204","KALKASKA","TWENTY-EIGHTS",1,"September",1930,1,"September",1930,NA,NA,NA,NA,NA,NA,NA,NA,NA,NA,NA,NA,NA,NA,NA,NA,NA,NA,NA,NA,NA,NA,NA,NA,NA,NA,NA,NA,NA,NA,NA,NA,NA,NA,NA,NA,NA,NA,NA,NA,NA,NA,NA,NA,NA,NA,NA,NA,0,0,0,0,0,0,0,0,0,0,0,0,0,0,0,0,0,0,0,0,0,0,0,0,0,0,0,0,0,0,0,0,0,0,"Red-bellied dace; sticklebacks","Kalkaska_Twenty-Eights_SUMM_005.jpg","Kalkaska_Twenty-Eights_SUMM_006.jpg"
58687788,"L14160","60087704","KALKASKA","TWINBIG",21,"August",1947,27,"August",1947,"heavy","light","heavy","light",NA,NA,27.431,3.657,NA,83.772,NA,NA,NA,1,NA,NA,NA,20,NA,NA,NA,NA,95,130,NA,NA,NA,NA,"yes",NA,NA,"culverts between twin lakes filled",NA,NA,"yes",6.096,12.191,NA,25.556,NA,7.222,NA,7.9,NA,NA,NA,3.4,NA,0,0,0,0,0,1,1,0,0,0,0,0,0,1,0,1,0,0,0,0,0,1,0,0,0,0,0,1,1,0,0,1,0,1,"sunfish_fish","Kalkaska_TwinBig_SUMM_037.jpg","Kalkaska_TwinBig_SUMM_038.jpg"
58687789,"L14160","60087704","KALKASKA","TWINBIG",11,"July",1930,11,"July",1930,NA,NA,NA,NA,NA,NA,NA,NA,NA,NA,NA,NA,NA,NA,NA,NA,NA,NA,NA,NA,NA,NA,NA,NA,NA,NA,NA,NA,NA,NA,NA,NA,NA,NA,NA,NA,NA,NA,NA,NA,NA,NA,NA,NA,NA,NA,NA,NA,0,0,0,0,0,0,1,0,0,0,0,0,1,1,0,1,0,0,0,0,0,0,0,0,0,0,0,1,1,0,0,0,0,1,NA,"Kalkaska_TwinBig_SUMM_087.jpg","Kalkaska_TwinBig_SUMM_088.jpg"
58687790,"L5770","60087724","KALKASKA","TWINLITTLE",7,"July",1930,NA,NA,NA,NA,NA,NA,NA,NA,NA,NA,NA,NA,NA,NA,NA,NA,NA,NA,NA,NA,NA,NA,NA,NA,NA,NA,NA,NA,NA,NA,NA,NA,NA,NA,NA,NA,NA,NA,NA,NA,NA,NA,NA,NA,NA,NA,NA,NA,NA,NA,NA,0,0,0,0,1,0,0,0,0,0,0,0,1,0,0,0,0,0,0,0,0,0,0,0,0,0,0,1,1,0,0,1,0,1,NA,"Kalkaska_TwinLittle28N_5-6W_S-many_SUMM_019.jpg","Kalkaska_TwinLittle28N_5-6W_S-many_SUMM_020.jpg"
58687791,"L5770","60087724","KALKASKA","TWINLITTLE",11,"August",1947,24,"October",1947,"heavy","light","mediumtoheavy","light",NA,NA,12.679,3.962,NA,40.874,NA,NA,NA,1,NA,1,NA,6,NA,0,NA,NA,87,92,NA,NA,NA,NA,NA,NA,NA,NA,NA,NA,"yes",6.096,7.62,NA,25.6,NA,17.2,NA,8.3,NA,NA,NA,4.8,NA,0,0,0,0,0,1,0,0,0,0,0,0,0,0,0,1,0,0,0,0,0,1,0,0,0,0,0,1,1,0,0,1,0,1,"probably_others_no_seining_done","Kalkaska_TwinLittle28N_5-6W_S-many_SUMM_015.jpg","Kalkaska_TwinLittle28N_5-6W_S-many_SUMM_016.jpg"
58687792,"L14956","152707207","KENT","BLACK",19,"June",1942,23,"June",1942,"medium","medium","medium ","medium ",NA,NA,8.229,2.743,NA,4.087,NA,15,NA,0,NA,0,NA,1,NA,0,NA,NA,150,195,NA,1.2,NA,NA,"no",NA,"no","no",NA,"none","yes",2.743,NA,NA,22.5,NA,9.8,NA,7.4,0.8,NA,NA,0.8,NA,0,0,0,1,0,1,1,0,0,0,1,0,0,0,0,0,0,0,0,0,0,1,0,0,1,1,0,0,0,0,0,1,1,1,"l_eared_sunfish_c_suckers_gr_sunfish_w_base","Kent_Black10N_9W_S15_SUMM_009.jpg","Kent_Black10N_9W_S15_SUMM_010.jpg"
58687795,"L14701","152707120","KENT","BLUE",19,"June",1942,23,"June",1942,"heavy","heavy","heavy","mediumtoheavy",NA,NA,11.887,2.743,NA,19.83,NA,20,NA,2,NA,1,NA,40,NA,0,NA,NA,151,156,NA,1.3,NA,NA,"no",NA,"no","none",NA,"none","yes",4.572,NA,NA,23.4,NA,9.3,NA,8.4,2.3,NA,NA,NA,NA,1,1,1,1,0,1,1,0,1,0,0,0,0,0,0,0,0,0,1,1,0,1,1,0,1,1,0,1,1,0,0,1,1,1,"least_d_and_pugnosed; large_eared_sunfish_green_sunfish_w_bass","Kent_Blue10N_9W_S10-15_SUMM_011.jpg","Kent_Blue10N_9W_S10-15_SUMM_012.jpg"
58687796,"L18599","152707480","KENT","BROWERBIG",5,"September",1952,NA,"September",NA,"medium","none","medium","none",NA,NA,6.096,NA,NA,30.352,NA,NA,NA,NA,NA,NA,NA,NA,NA,NA,NA,NA,NA,NA,NA,NA,NA,NA,NA,NA,NA,NA,NA,NA,NA,NA,NA,NA,22.222,NA,20,NA,NA,NA,NA,NA,NA,NA,0,0,0,0,0,1,0,0,0,0,0,0,0,0,0,0,0,0,0,0,0,0,0,0,0,0,0,0,0,0,0,0,0,0,NA,"Kent_BrowerBig_SUMM_020.jpg","Kent_BrowerBig_SUMM_021.jpg"
58687797,"L15926","152707681","KENT","BYRNE",19,"August",1953,NA,"August",NA,"light","none","light","none",NA,NA,9.753,NA,NA,14.164,NA,NA,NA,1,NA,NA,NA,1,NA,NA,NA,NA,NA,NA,NA,NA,NA,NA,NA,NA,NA,NA,NA,NA,"yes",4.572,9.144,NA,25.722,NA,9.667,NA,7.4,NA,4.5,1.7,NA,NA,0,0,0,0,0,1,0,0,0,0,0,0,0,0,0,0,0,0,0,0,0,1,0,0,1,0,0,0,0,0,0,0,0,1,NA,"Kent_Byrne_SUMM_003.jpg","Kent_Byrne_SUMM_004.jpg"
58687798,"L18426","152707744","KENT","BUTTON",5,"September",1952,5,"September",1952,"medium","none","medium","none",NA,NA,8.385,NA,NA,4.047,NA,NA,NA,NA,NA,NA,NA,25,NA,NA,NA,NA,NA,NA,NA,NA,NA,NA,NA,NA,NA,NA,NA,NA,NA,NA,NA,NA,19.444,NA,20.556,NA,NA,NA,NA,NA,NA,NA,0,0,0,0,0,1,0,0,0,0,0,0,0,0,0,0,0,0,0,0,0,1,0,0,0,0,0,0,0,0,0,0,0,0,NA,"Kent_Button_SUMM_004.jpg","Kent_Button_SUMM_005.jpg"
58687799,"L18219","152707304","KENT","CAMP",1,"September",1954,1,"September",1954,"medium","light","medium","light",NA,NA,14.325,3.962,NA,48.563,NA,10,NA,0,NA,1,NA,75,NA,0,NA,NA,NA,NA,NA,NA,NA,NA,NA,NA,NA,NA,NA,NA,NA,5.334,10.667,NA,23.222,NA,7.556,NA,8.3,NA,7.8,0.5,NA,NA,0,0,1,0,0,1,0,0,0,0,0,0,0,0,1,0,0,0,0,0,0,1,0,0,0,0,0,0,0,0,0,0,0,1,"crappies","Kent_Camp_SUMM_008.jpg","Kent_Camp_SUMM_009.jpg"
58687800,"L22703","157068671","KENT","CAMPAU",20,"August",1953,20,"August",1953,"light","none","light","none",NA,NA,12.801,NA,NA,76.892,NA,NA,NA,1,NA,NA,NA,35,NA,NA,NA,NA,NA,NA,NA,NA,NA,NA,NA,NA,NA,NA,NA,NA,"yes",4.572,9.144,NA,24.167,NA,7.889,NA,6.8,6.5,6.9,NA,NA,NA,0,0,0,0,0,1,0,0,0,0,0,0,0,0,0,0,0,0,0,0,0,1,0,0,0,0,0,0,0,0,0,1,0,1,"sunfish; suckers; gar","Kent_Campau_SUMM_016.jpg","Kent_Campau_SUMM_017.jpg"
58687801,"L22414","157067745","KENT","CAMPBELL",20,"August",1953,NA,"August",NA,"medium","none","medium","none",NA,NA,15.849,NA,NA,24.282,NA,NA,NA,1,NA,0,NA,0,NA,0,NA,NA,NA,NA,NA,NA,NA,NA,NA,NA,NA,NA,NA,NA,"yes",5.334,9.144,NA,24.167,NA,8.222,NA,7.2,6.7,4.1,NA,NA,NA,0,0,0,0,0,1,0,0,0,0,0,0,0,0,0,0,0,0,0,0,0,1,0,0,0,1,0,0,0,0,0,0,0,1,NA,"Kent_Campbell_SUMM_004.jpg","Kent_Campbell_SUMM_005.jpg"
58687802,"L21744","152707720","KENT","DEAN",NA,"June",1953,NA,"June",NA,"none","none","none","none",NA,NA,4.572,NA,NA,14.164,NA,100,NA,0,NA,0,NA,10,NA,0,NA,NA,NA,NA,NA,NA,NA,NA,NA,NA,NA,NA,NA,NA,NA,NA,NA,NA,NA,NA,NA,NA,NA,NA,NA,NA,NA,NA,0,0,0,0,0,0,0,0,0,0,0,0,0,0,0,0,0,0,0,0,0,0,0,0,0,0,0,0,0,0,0,0,0,0,NA,"Kent_Dean_SUMM_011.jpg","Kent_Dean_SUMM_012.jpg"
58687803,"L22703","157068671","KENT","CAMPAU",30,"August",1974,NA,NA,NA,"heavy",NA,"heavyper1973mailcensus",NA,NA,NA,15.544,2.438,NA,50.587,NA,NA,NA,NA,NA,NA,NA,NA,NA,NA,NA,NA,103,175,NA,NA,NA,NA,NA,NA,NA,NA,NA,NA,NA,3.962,9.144,NA,23.889,NA,6.667,NA,9,8.9,7.9,0.5,NA,NA,0,0,1,0,0,1,0,0,0,0,1,0,0,0,0,0,1,0,0,0,1,1,0,0,1,1,0,0,0,0,0,1,1,1,"tiger_muskies","Kent_Campau_SUMM_018.jpg","Kent_Campau_SUMM_019.jpg"
58687804,"L19286","152707381","KENT","DEER",8,"September",1952,11,"September",1952,"medium","light","medium","light",NA,NA,8.839,4.724,NA,8.822,NA,35,NA,NA,NA,NA,NA,10,NA,NA,NA,NA,107,121,NA,NA,NA,NA,"no",NA,NA,"---",NA,NA,"yes",6.096,6.858,NA,22.222,NA,17.5,NA,6.8,NA,4.2,NA,4.2,NA,1,1,1,0,0,1,0,0,1,0,1,0,0,0,0,0,0,0,1,0,0,1,0,0,1,1,0,0,0,0,0,1,1,1,"warmouth_centrarchid; blackstripe_topminnow_least_darter_blackstripe_top_minnow","Kent_Deer_SUMM_003.jpg","Kent_Deer_SUMM_004.jpg"
58687806,"L22764","152707133","KENT","FRANT",21,"June",1942,NA,"June",NA,"medium","medium","medium","medium",NA,NA,3.657,2.743,NA,1.497,NA,35,NA,0,NA,0,NA,0,NA,0,NA,NA,151,170,NA,1.1,NA,NA,"no",NA,"no","no",NA,"FIsh can easily move between these two lakes.","no",NA,NA,NA,24.1,NA,21,NA,8.7,NA,NA,NA,NA,NA,0,0,1,1,0,1,1,0,1,0,0,0,0,0,0,0,0,0,0,0,0,1,0,0,0,1,0,1,0,0,0,1,0,0,"pugnosed_s; l_eared_sunfish_green_s","Kent_Frant_SUMM_005.jpg","Kent_Frant_SUMM_006.jpg"
58687807,"L15949","152707171","KENT","LINCOLNLITTLE",19,"June",1942,23,"June",1942,"medium","heavy","medium","mediumtoheavy",NA,NA,7.62,2.743,NA,5.787,NA,25,NA,0,NA,0,NA,0,NA,0,NA,NA,161,194,NA,1.2,NA,NA,"no",NA,NA,"no",NA,NA,"yes",2.743,NA,NA,23.4,NA,11.7,NA,7.2,6.7,NA,NA,6.7,NA,0,0,1,1,0,1,0,0,0,0,1,0,0,0,0,0,0,0,0,0,0,1,1,0,1,1,0,1,0,0,0,1,1,0,"pugnosed_shiner; green_sunfish_warmouth_bass","Kent_LincolnLittle_SUMM_008.jpg","Kent_LincolnLittle_SUMM_009.jpg"
58687809,"L15553","152707244","KENT","LIME",22,"November",1950,NA,"November",NA,"medium","light","medium","light",NA,NA,7.62,3.353,NA,14.164,NA,25,NA,2,NA,1,NA,2,NA,0,NA,NA,155,181,NA,NA,NA,NA,NA,NA,NA,NA,NA,NA,"yes",4.572,6.096,NA,21.111,NA,7.222,NA,9.1,NA,NA,NA,9.9,0,0,0,1,0,0,1,0,0,0,0,0,0,0,0,0,0,0,0,0,0,0,1,0,0,0,0,0,0,0,0,0,0,0,1,"sunfish","Kent_Lime_SUMM_026.jpg","Kent_Lime_SUMM_027.jpg"
58687810,"L15949","152707171","KENT","LINCOLNLITTLE",15,"June",1942,18,"June",1942,"heavy","light","moderatelyheavy","light",NA,NA,20.421,3.657,NA,166.329,NA,40,NA,1,NA,1,NA,54,NA,0,NA,NA,148,157,NA,1.8,NA,NA,"no",NA,NA,"none at present - blown out",NA,NA,"yes",4.572,9.144,NA,20.556,22.5,8.8,NA,7.9,7.2,NA,NA,6.1,4.1,0,0,1,1,1,1,1,1,1,0,0,0,0,0,1,1,0,0,1,1,0,1,1,1,1,1,0,1,1,0,0,1,0,1,"least_darter_mud_minnow; moxostoma_erythrurum; carp","Kent_LincolnLittle_SUMM_006.jpg","Kent_LincolnLittle_SUMM_007.jpg"
58687811,"L21207","157067662","KENT","GOVE",17,"August",1953,1,"September",1953,"medium","medium","medium","medium",NA,NA,25.907,NA,NA,12.141,NA,NA,NA,1,NA,NA,NA,1,NA,NA,NA,NA,NA,NA,NA,NA,NA,NA,NA,NA,NA,NA,NA,NA,"yes",3.048,7.01,NA,26.889,NA,5,NA,6.3,NA,9.1,1.6,NA,NA,0,0,0,0,0,1,0,0,0,0,0,0,0,0,0,0,0,0,0,0,0,1,0,0,0,1,0,0,0,0,0,0,0,1,NA,"Kent_Gove_SUMM_009.jpg","Kent_Gove_SUMM_010.jpg"
58687813,"L20051","152707104","KENT","MASTON",12,"September",1952,17,"September",1952,"medium","medium","medium","medium",NA,NA,14.63,2.438,2.743,42.088,NA,25,NA,0,NA,0,NA,30,NA,0,NA,NA,119,170,NA,NA,NA,NA,"no",NA,NA,"none",NA,NA,"yes",6.096,10.667,NA,21.111,NA,NA,NA,8.3,NA,4.1,0.2,0,NA,1,1,1,0,1,1,1,1,1,0,1,0,0,0,0,1,0,0,0,0,0,1,1,0,1,0,0,1,0,0,0,1,1,1,"warmouth_bass; pugnose_shiner","Kent_Maston_SUMM_010.jpg","Kent_Maston_SUMM_011.jpg"
58687814,"L17968","152707243","KENT","OLINBIG",18,"August",1953,NA,"August",NA,"light","light","light","light",NA,NA,13.106,NA,NA,24.282,NA,NA,NA,1,NA,1,NA,18,NA,0,NA,NA,NA,NA,NA,NA,NA,NA,NA,NA,NA,NA,NA,NA,"yes",3.048,8.229,NA,24.444,NA,6.5,NA,7.5,NA,7.5,3.4,NA,NA,0,0,0,0,0,1,0,0,0,0,0,0,0,0,0,0,0,0,0,0,0,1,0,0,1,1,0,0,0,0,0,1,0,1,"sucker","Kent_OlinBig_SUMM_004.jpg","Kent_OlinBig_SUMM_005.jpg"
58687815,"L17514","152707550","KENT","MEAD",1,"September",1954,NA,NA,NA,"medium",NA,"medium",NA,NA,NA,18.287,NA,NA,12.141,NA,15,NA,1,NA,0,NA,1,NA,0,NA,NA,NA,NA,NA,NA,NA,NA,"no",NA,NA,"no",NA,NA,NA,3.048,7.62,NA,22.5,NA,6.056,NA,7.1,NA,1.3,0,0,NA,0,0,1,0,0,1,0,0,0,0,0,0,0,0,0,0,0,0,0,0,0,1,0,0,0,0,0,0,0,0,0,0,0,1,"crapples","Kent_Mead_SUMM_005.jpg","Kent_Mead_SUMM_006.jpg"
58687816,"L14933","152707734","KENT","MURRAY",20,"July",1955,26,"July",1955,"heavy","medium","heavy","medium",NA,NA,21.945,3.505,3.657,129.502,NA,30,NA,2,NA,0,NA,94,NA,0,NA,NA,139,181,NA,NA,NA,NA,"no",NA,NA,"no",NA,NA,NA,5.334,9.144,NA,30,NA,7.5,NA,8.4,7.9,9.1,3.2,2.2,0,0,0,1,1,0,1,1,1,0,0,1,0,0,0,0,0,0,0,0,0,0,1,0,0,1,1,0,0,0,0,0,1,1,1,"longear_ear_sunfish; skip_jack","Kent_Murray_SUMM_026.jpg","Kent_Murray_SUMM_027.jpg"
58687817,"L19158","152707525","KENT","PINEISLANDBIG",2,"August",1961,3,"August",1961,"medium","medium","medium","medium",NA,NA,13.715,2.286,NA,90.247,NA,NA,NA,2,NA,2,NA,250,NA,NA,NA,NA,110,155,NA,NA,NA,NA,NA,NA,NA,NA,NA,NA,NA,3.048,9.753,NA,25.556,NA,11.389,NA,NA,NA,9.4,0,NA,NA,0,0,1,0,0,1,0,1,0,0,0,0,1,0,0,0,0,0,0,0,0,0,0,0,1,1,0,0,0,0,0,0,0,1,"bass_pseed_bullheads; bullhead_listed_under_game_fish","Kent_PineIslandBig_SUMM_021.jpg","Kent_PineIslandBig_SUMM_022.jpg"
58687818,"L18739","152707563","KENT","PINEISLANDLITTLE",18,"August",1953,18,"August",1953,"medium",NA,"medium",NA,NA,NA,16.154,NA,NA,70.822,NA,NA,NA,2,NA,2,NA,50,NA,NA,NA,NA,NA,NA,NA,NA,NA,NA,"no",NA,NA,"no.",NA,NA,"yes",4.572,10.058,NA,24.556,NA,6,NA,6.4,NA,2.2,NA,NA,NA,0,0,0,0,0,1,0,1,0,0,0,0,0,0,0,0,0,0,0,0,0,1,1,0,0,1,0,0,0,1,0,0,0,1,NA,"Kent_PineIslandLittle_SUMM_009.jpg","Kent_PineIslandLittle_SUMM_010.jpg"
58687819,"L19287","152707902","KENT","REEDS",30,"August",1974,NA,NA,NA,"heavy","heavy","heavy","heavy",NA,NA,15.544,1.829,NA,107.244,NA,NA,NA,1,NA,NA,NA,NA,NA,NA,NA,NA,131,170,NA,NA,NA,NA,NA,NA,NA,NA,NA,NA,NA,4.877,8.839,NA,23.889,NA,11.111,NA,8.1,7.1,7.3,0,0,NA,0,1,1,0,0,1,0,0,0,0,1,0,0,0,1,0,0,0,0,0,0,1,0,0,1,1,0,0,0,0,0,0,0,1,"present; carp","Kent_Reeds_SUMM_066.jpg","Kent_Reeds_SUMM_067.jpg"
58687820,"L22480","152707643","KENT","ROUND",22,"August",1950,NA,NA,NA,"light","none","light","none",NA,NA,16.763,NA,NA,16.188,NA,15,NA,NA,NA,NA,NA,7,NA,NA,NA,NA,NA,NA,NA,NA,NA,NA,NA,NA,NA,NA,NA,NA,"yes",6.096,9.144,NA,22.5,NA,6.667,NA,8.9,NA,NA,NA,9.1,0,0,0,0,0,0,1,0,0,0,0,0,0,0,0,0,0,0,0,0,0,0,1,0,0,1,0,0,1,0,0,0,0,0,1,"sunfish_perch","Kent_Round10N_11W_S31_SUMM_003.jpg","Kent_Round10N_11W_S31_SUMM_004.jpg"
58687821,"L22480","152707643","KENT","ROUND",17,"August",1953,17,"August",1953,"light","none","light","none",NA,NA,16.763,NA,NA,60.704,NA,NA,NA,1,NA,NA,NA,3,NA,NA,NA,NA,NA,NA,NA,NA,NA,NA,NA,NA,NA,NA,NA,NA,"yes",4.572,9.144,NA,24.889,NA,7.056,NA,6.9,6.4,6.3,NA,NA,NA,0,0,0,0,0,1,0,1,0,0,0,0,0,0,0,0,0,0,0,0,0,1,0,0,0,1,0,0,0,0,0,1,0,1,NA,"Kent_Round8N_9W_S21_SUMM_005.jpg","Kent_Round8N_9W_S21_SUMM_006.jpg"
58687822,"L20075","152707635","KENT","SCALLY",22,"August",1950,NA,"August",NA,"heavy","light","heavy","light",NA,NA,18.287,3.657,NA,80.939,NA,10,NA,2,NA,1,NA,12,NA,0,NA,NA,105,131,NA,NA,NA,NA,"no",NA,NA,"no",NA,NA,"yes",6.096,9.144,NA,22.778,NA,6.667,NA,8.6,8,NA,NA,NA,NA,0,0,1,0,0,1,0,0,0,0,0,0,0,0,0,0,0,0,0,0,0,1,0,0,0,0,0,0,0,0,0,0,0,1,"sunfish_crappies_bullheads","Kent_Scally_SUMM_016.jpg","Kent_Scally_SUMM_017.jpg"
58687823,"L20356","152707063","KENT","SAND",15,"August",1949,20,"August",1949,"heavy","medium","heavy","medium",NA,NA,10.667,2.743,NA,38.648,NA,60,NA,2,NA,1,NA,10,NA,0,NA,NA,88,152,NA,NA,NA,NA,NA,NA,NA,NA,NA,NA,NA,3.962,7.01,NA,25.556,NA,12.2,NA,7.6,7.5,6.9,0.3,0,NA,0,0,1,1,0,1,1,0,0,0,0,0,0,0,0,0,0,0,1,0,0,1,0,0,1,1,0,0,0,0,0,1,1,0,"crappie_green_sunfish; tadpole_madtom","Kent_Sand10N_10W_S5-32_SUMM_007.jpg","Kent_Sand10N_10W_S5-32_SUMM_008.jpg"
58687824,"L20077","152707135","KENT","SPRING",31,"August",1954,NA,"August",NA,"light","light","light","light",NA,NA,5.181,NA,NA,6.07,NA,NA,NA,0,NA,0,NA,0,NA,0,NA,NA,NA,NA,NA,NA,NA,NA,"no",NA,NA,"no",NA,NA,NA,NA,NA,NA,20.556,NA,14.444,NA,8.5,1.2,NA,NA,NA,NA,0,0,0,0,0,1,0,0,0,0,0,0,0,0,0,0,0,0,0,0,0,1,0,0,1,0,0,0,0,0,0,0,0,1,NA,"Kent_Spring_SUMM_014.jpg","Kent_Spring_SUMM_015.jpg"
58687825,"L18635","152707581","KENT","SCOTCH",15,"August",1956,15,"August",1956,"medium","light","medium","light",NA,NA,8.534,NA,NA,8.094,NA,10,NA,1,NA,0,NA,3,NA,0,NA,NA,NA,NA,NA,NA,NA,NA,"no",NA,"no","no",NA,"none",NA,3.048,6.096,NA,24.5,NA,8.5,NA,NA,NA,9.6,NA,NA,NA,0,0,0,0,0,1,0,0,0,0,0,0,0,0,0,0,0,0,0,0,0,1,0,0,0,0,0,0,0,0,0,0,0,0,NA,"Kent_Scotch_SUMM_002.jpg","Kent_Scotch_SUMM_003.jpg"
58687826,"L14772","152707577","KENT","TOOHEY",2,"September",1954,NA,NA,NA,"medium","light","medium","light",NA,NA,10.667,NA,NA,8.094,NA,10,NA,1,6,0,NA,0,NA,0,NA,NA,NA,NA,NA,NA,NA,NA,NA,NA,NA,NA,NA,NA,NA,4.572,9.144,NA,23.611,NA,6.111,NA,NA,NA,7.1,0,0,NA,0,0,1,0,0,1,0,1,0,0,0,0,0,0,0,0,0,0,0,0,0,1,0,0,1,0,0,0,0,0,0,0,0,1,"crappie; bowfin","Kent_Toohey_SUMM_004.jpg","Kent_Toohey_SUMM_005.jpg"
58687827,"L18814","152707345","KENT","SCRAM",16,"June",1952,20,"June",1952,"medium","medium","medium","medium",NA,NA,25.907,4.267,NA,34.804,NA,25,NA,1,NA,0,NA,50,NA,0,NA,NA,25,26.5,NA,NA,NA,NA,"no",NA,NA,"no",NA,NA,"yes",4.572,9.144,NA,25.556,NA,6.111,NA,7.9,NA,NA,NA,1.1,1.2,0,0,1,1,0,1,1,0,0,0,0,0,0,0,0,1,0,0,1,0,0,1,0,1,1,1,0,0,0,0,0,0,1,1,"green_sunfish; sand_shiner_rosy_face_shiner","Kent_Scram_SUMM_009.jpg","Kent_Scram_SUMM_010.jpg"
58687828,"L17434","152707562","KENT","SILVER",23,"September",1953,23,"September",1953,"medium","light","medium","light",NA,NA,11.277,3.962,NA,72.845,NA,40,NA,0,NA,0,NA,100,NA,0,NA,NA,NA,NA,NA,NA,NA,NA,"no",NA,"no","no",NA,"none",NA,4.572,7.924,NA,24.167,NA,11.444,NA,6.5,NA,2.2,1.7,NA,NA,0,0,0,0,0,1,0,0,0,0,0,0,0,0,0,0,0,0,0,0,0,1,0,0,0,1,0,0,1,0,0,1,0,1,NA,"Kent_Silver_SUMM_017.jpg","Kent_Silver_SUMM_018.jpg"
58687829,"L19245","152707310","KENT","ZIEGENFUSS",31,"August",1954,31,"August",1954,"light","light","light","light",NA,NA,12.191,NA,NA,32.376,NA,5,NA,0,NA,0,NA,10,NA,0,NA,NA,NA,NA,NA,NA,NA,NA,"no",NA,NA,"no",NA,NA,NA,4.572,9.144,NA,23.333,NA,8.167,NA,7.9,NA,10.2,0,0,NA,0,0,1,0,0,1,0,0,0,0,0,0,0,0,0,0,0,0,0,0,0,1,0,0,1,0,0,0,0,0,0,1,0,1,"crappies","Kent_Ziegenfuss_SUMM_004.jpg","Kent_Ziegenfuss_SUMM_005.jpg"
58687830,"L14572","152707436","KENT","WABASISBIG",23,"June",1952,2,"July",1952,"medium","light","medium","light",NA,NA,17.373,2.591,NA,169.162,NA,20,NA,3,NA,1,NA,32,NA,0,NA,NA,149,170,NA,NA,NA,NA,"no",NA,NA,"none",NA,NA,"yes",4.572,9.144,NA,23.889,NA,8.611,NA,8.7,NA,8.1,0.6,NA,NA,1,1,1,1,1,1,1,1,1,0,1,0,1,0,0,0,0,0,1,0,0,1,1,0,1,0,0,1,0,0,0,0,1,1,"rock_bass_warmouth_bass; least_darter_hornyhead_chub_brown_muddler_redhorse; red_redhorse","Kent_WabasisBig_SUMM_019.jpg","Kent_WabasisBig_SUMM_020.jpg"
58687831,"L33716","116542239","KEWEENAW","BAILEY",11,"August",1938,15,"August",1938,"light","medium","light","medium",NA,NA,2.743,0.914,1.067,82.558,NA,100,NA,0,NA,0,NA,0,NA,0,NA,NA,53,54,NA,1.9,NA,NA,"no",NA,NA,"no",NA,NA,"no",NA,NA,NA,20,20.4,19.9,NA,7.6,7.8,NA,NA,NA,NA,0,0,0,0,1,0,1,0,0,0,0,0,0,0,0,0,1,0,0,1,0,0,0,0,1,0,0,0,0,0,0,0,0,1,"spottail_shiner_muddler_bairdii","Keweenaw_Bailey_SUMM_005.jpg","Keweenaw_Bailey_SUMM_006.jpg"
58687832,"L32219","116542311","KEWEENAW","CLEAR",5,"August",1949,6,"August",1949,"medium","none","medium","none",NA,NA,3.048,2.133,NA,12.141,NA,NA,NA,NA,NA,NA,NA,NA,NA,NA,NA,NA,7,NA,NA,1,NA,NA,NA,NA,NA,NA,NA,NA,"no",NA,NA,NA,22.222,23.333,19.5,NA,7.6,6.6,NA,NA,NA,NA,0,0,0,0,0,0,0,0,0,0,0,0,0,0,0,0,0,0,0,0,0,0,0,0,0,0,0,0,0,0,0,0,0,1,NA,"Keweenaw_Clear_SUMM_002.jpg","Keweenaw_Clear_SUMM_003.jpg"
58687833,"L32340","116542387","KEWEENAW","CENTRAL",7,"July",1967,8,"July",1967,"light","light","light","light",NA,NA,3.657,1.524,1.829,10.117,NA,100,NA,0,NA,0,NA,0,NA,0,NA,NA,20.5,NA,NA,NA,NA,NA,"no",NA,NA,"none",NA,NA,NA,NA,NA,NA,19.778,NA,17.111,NA,8,9,NA,NA,NA,NA,0,0,0,0,0,0,0,0,0,0,0,0,0,0,0,0,0,0,0,0,0,0,0,0,0,0,0,0,0,0,0,0,0,1,NA,"Keweenaw_Central_SUMM_005.jpg","Keweenaw_Central_SUMM_006.jpg"
58687834,"L42405","116542273","KEWEENAW","ELIZA",24,"September",1941,24,"September",1941,"light","none","light","none",NA,NA,2.438,2.133,2.438,1.457,NA,NA,NA,0,NA,0,NA,0,NA,0,NA,NA,40,NA,NA,1.85,0.457,NA,"yes",NA,"no","beaver dam; non-functional earth dam",NA,"none, probably","no",NA,NA,NA,15,NA,NA,NA,8,NA,NA,NA,NA,NA,0,0,0,0,0,1,0,0,0,0,0,0,0,0,0,0,0,0,0,0,0,0,0,0,0,0,1,0,0,0,0,1,0,1,"red_bellied_dace","Keweenaw_Eliza_SUMM_009.jpg","Keweenaw_Eliza_SUMM_010.jpg"
58687835,"L33318","116542223","KEWEENAW","FANNYHOOE",1,"August",1938,8,"August",1938,"light",NA,"light",NA,NA,NA,14.63,3.048,3.657,93.484,NA,30,NA,2,NA,1,NA,10,NA,0,NA,NA,47,51,NA,2.1,NA,NA,"yes",NA,NA,"cascades and rapids",NA,NA,"yes",6.4,8.839,NA,21.7,22.6,12,14.4,7,8.1,NA,NA,1.4,4.1,0,0,0,0,1,0,0,0,0,1,0,0,0,0,0,0,0,0,0,1,0,1,0,0,0,0,0,1,1,0,0,1,0,1,"log_perch_muddler_percopsis","Keweenaw_FannyHooe_SUMM_024.jpg","Keweenaw_FannyHooe_SUMM_025.jpg"
58687836,"L34416","116542215","KEWEENAW","GLAZON",24,"June",1952,24,"June",1952,"light",NA,"light",NA,NA,NA,NA,NA,NA,NA,NA,100,NA,0,NA,0,NA,0,NA,0,NA,NA,NA,NA,NA,NA,NA,NA,"no",NA,NA,"none",NA,NA,NA,NA,NA,NA,21.111,NA,NA,NA,NA,NA,NA,NA,NA,NA,0,0,0,0,0,0,0,0,0,0,0,0,0,0,0,0,0,0,1,0,0,0,0,0,1,0,0,0,0,0,0,0,0,1,"spottail_shiner","Keweenaw_Glazon_SUMM_005.jpg","Keweenaw_Glazon_SUMM_006.jpg"
58687837,"L32891","116542415","KEWEENAW","GRATIOT",19,"July",1938,24,"July",1938,"medium",NA,"medium",NA,NA,NA,23.773,4.877,NA,581.951,NA,30,NA,2,NA,0,NA,16,NA,0,NA,NA,23,24,NA,1.25,NA,NA,"no",NA,NA,"no",NA,NA,"yes",5.486,8.229,NA,21,21.8,9.1,NA,7.5,9.1,NA,NA,0,4.5,0,0,0,0,0,0,1,0,0,0,0,0,0,0,0,0,0,0,1,1,0,0,0,0,1,0,0,1,1,0,0,1,0,1,"muddler_log_perch_9spined_stickleback_sucker_minnow_perch_minnow","Keweenaw_Gratiot_SUMM_020.jpg","Keweenaw_Gratiot_SUMM_021.jpg"
58687838,"L33581","116542403","KEWEENAW","LACLABELLE",2,"September",1941,7,"September",1941,"medium","light","medium","verylight",NA,NA,11.887,2.438,NA,463.78,NA,15,NA,2,NA,1,NA,17,NA,0,NA,NA,26,27,NA,1.6,NA,NA,"no",NA,NA,"none",NA,NA,"no",NA,NA,NA,18.4,18.6,17.4,17.5,8,NA,NA,NA,8,NA,0,0,0,0,0,0,0,0,0,0,0,0,0,1,0,0,0,0,1,1,0,0,0,0,1,0,0,1,0,0,1,1,0,1,"sauger_bass_cisco; spottailed_shiner_shiner; suckers","Keweenaw_LacLaBelle_SUMM_009.jpg","Keweenaw_LacLaBelle_SUMM_010.jpg"
58687839,"L32411","116542229","KEWEENAW","MANGANESE",5,"August",1938,10,"August",1938,"heavy",NA,"heavy",NA,NA,NA,8.229,2.438,2.438,21.246,NA,55,60,0,NA,0,NA,0,NA,0,NA,NA,43,49,NA,1.24,NA,NA,"no",NA,NA,"not effective at present",NA,NA,"yes",2.743,5.486,NA,22.2,NA,11.3,NA,7.2,NA,NA,NA,0,0.5,0,0,0,0,0,1,0,0,1,1,0,0,0,0,0,0,0,0,1,1,0,1,0,0,0,0,0,0,1,0,0,0,0,0,"northern_red_redbellied_dace_fine_scaled_dace_least_darter_fathead_minnows_brook_stickleback_nocomis_sp","Keweenaw_Manganese_SUMM_044.jpg","Keweenaw_Manganese_SUMM_045.jpg"
58687841,"L35936","116542253","KEWEENAW","SCHLATTER",19,"June",1952,19,"June",1952,"light","none","light","none",NA,NA,NA,NA,NA,NA,NA,NA,NA,0,NA,0,NA,0,NA,0,NA,NA,NA,NA,NA,NA,NA,NA,NA,NA,NA,NA,NA,NA,NA,NA,NA,NA,NA,NA,NA,NA,NA,NA,NA,NA,NA,NA,0,0,0,0,0,0,0,0,0,0,0,0,0,0,0,0,0,0,1,0,0,0,0,0,1,0,0,0,0,0,0,0,0,0,NA,"Keweenaw_Schlatter_SUMM_003.jpg","Keweenaw_Schlatter_SUMM_004.jpg"
58687842,"L36547","116542463","KEWEENAW","SENECA",8,"August",1957,8,"August",1957,"light","light","light","lightornone",NA,NA,1.829,NA,NA,4.856,NA,100,NA,0,NA,0,NA,0,NA,0,NA,NA,28,NA,NA,NA,NA,NA,NA,NA,NA,NA,NA,NA,"no",NA,NA,NA,22.778,NA,22.222,NA,8,8.2,NA,NA,NA,NA,0,0,0,0,0,1,0,0,0,0,0,0,1,0,0,0,0,0,0,0,0,1,0,0,0,1,0,0,0,0,0,0,0,1,"bullheads_heads","Keweenaw_Seneca_SUMM_006.jpg","Keweenaw_Seneca_SUMM_007.jpg"
58687843,"L36547","116542463","KEWEENAW","SENECA",8,"August",1957,8,"August",1957,"light","light","light","lightornone",NA,NA,1.829,NA,NA,4.856,NA,100,NA,0,NA,0,NA,0,NA,0,NA,NA,28,NA,NA,NA,NA,NA,NA,NA,NA,NA,NA,NA,"no",NA,NA,NA,22.778,NA,22.222,NA,8,8,NA,NA,NA,NA,0,0,0,0,0,1,0,0,0,0,0,0,1,0,0,0,0,0,0,0,0,1,0,0,0,1,0,0,0,0,0,0,0,1,"bullheads_reported","Keweenaw_Seneca_SUMM_017.jpg","Keweenaw_Seneca_SUMM_018.jpg"
58687844,"L17552","82815138","LAKE","BASSBIG",1,"September",1953,2,"September",1953,"heavy","medium","heavy","medium",NA,NA,14.63,NA,NA,121.408,NA,50,NA,3,NA,14,NA,75,NA,NA,NA,NA,NA,NA,NA,NA,NA,NA,"yes",NA,"yes","screen",NA,"to keep n. pike from going into swamp",NA,NA,NA,NA,26.667,NA,NA,NA,NA,NA,NA,NA,NA,NA,1,0,1,0,0,1,0,0,1,0,0,0,0,0,0,0,0,0,0,0,0,1,0,0,1,1,0,1,0,0,0,0,0,1,"crappies","Lake_BassBig_SUMM_013.jpg","Lake_BassBig_SUMM_014.jpg"
58687845,"L36581","116542245","KEWEENAW","MEDORA",25,"July",1938,30,"July",1938,"light",NA,"light",NA,NA,NA,9.144,2.743,NA,281.263,NA,55,NA,2,NA,0,NA,10,NA,NA,NA,NA,25,30,NA,2,1.219,1.524,"yes",NA,"yes","yes",NA,"blocks fish movement upward","yes",7.315,9.144,NA,22.2,NA,17.8,NA,6.1,7.7,4.3,NA,NA,NA,0,0,0,0,0,1,0,0,0,0,0,0,0,1,0,0,0,0,0,0,0,0,0,0,0,0,0,0,1,0,0,1,0,1,"whitefish; sucker_minnows","Keweenaw_Medora_SUMM_030.jpg","Keweenaw_Medora_SUMM_031.jpg"
58687846,"L19577","82815126","LAKE","BASSLITTLE",9,"September",1953,10,"September",1953,"medium","light","medium","light",NA,NA,13.715,NA,NA,21.854,NA,25,NA,2,NA,NA,NA,12,NA,NA,NA,NA,NA,NA,NA,NA,NA,NA,"no",NA,NA,"no",NA,NA,NA,NA,NA,NA,NA,NA,NA,NA,NA,NA,NA,NA,NA,NA,0,0,0,0,0,1,0,0,0,0,0,0,0,1,0,0,0,0,0,0,0,1,0,0,1,0,0,1,0,0,0,0,0,1,NA,"Lake_BassLittle_SUMM_067.jpg","Lake_BassLittle_SUMM_068.jpg"
58687850,"L21966","82816666","LAKE","BOWMAN",4,"May",1970,4,"May",1970,"light","light","light","light",NA,NA,6.096,NA,NA,2.023,NA,NA,NA,0,NA,0,NA,0,NA,0,NA,NA,82,NA,NA,NA,NA,NA,NA,NA,NA,NA,NA,NA,NA,NA,NA,NA,NA,NA,NA,NA,NA,NA,NA,NA,NA,NA,0,0,0,0,0,1,0,0,0,0,0,0,0,0,0,0,0,0,0,0,0,1,0,0,0,0,0,0,0,0,0,0,1,0,NA,"Lake_Bowman_SUMM_002.jpg","Lake_Bowman_SUMM_003.jpg"
58687851,"L22886","82816438","LAKE","BUSH",NA,NA,1951,NA,NA,NA,"medium","medium","medium","medium",NA,NA,NA,NA,NA,6.07,NA,NA,NA,NA,NA,NA,NA,7,NA,NA,NA,NA,100,NA,NA,NA,NA,NA,NA,NA,NA,NA,NA,NA,NA,6.096,7.62,NA,21.111,NA,15.389,NA,NA,NA,9.3,NA,1.2,NA,0,0,0,0,0,1,0,0,0,0,0,0,0,0,0,0,0,0,0,0,0,1,0,0,1,0,0,0,0,0,0,0,0,1,NA,"Lake_Bush18N_13W_S34-35_SUMM_008.jpg","Lake_Bush18N_13W_S34-35_SUMM_009.jpg"
58687852,"L19382","82817048","LAKE","CECILIA",NA,"October",1960,NA,"October",NA,"medium","heavy","medium","heavy",NA,NA,9.144,NA,NA,23.877,NA,NA,NA,0,NA,2,NA,30,NA,0,NA,NA,92,128,NA,NA,NA,NA,NA,NA,NA,NA,NA,NA,NA,4.572,9.144,"yes",24.444,NA,11.667,NA,6.8,NA,1.4,NA,NA,NA,1,0,0,0,0,1,1,0,0,0,0,0,0,0,0,0,0,0,0,0,0,1,0,0,0,0,0,0,0,0,1,1,0,1,NA,"Lake_Cecilia_SUMM_002.jpg","Lake_Cecilia_SUMM_003.jpg"
58687853,"L22629","82816508","LAKE","HAMLIN",19,"August",1956,19,"August",1956,"medium","medium","medium","medium",NA,NA,6.096,3.353,NA,6.313,NA,NA,NA,NA,NA,NA,NA,11,NA,NA,NA,NA,91,93.5,NA,NA,NA,NA,NA,NA,NA,NA,NA,NA,"no",NA,NA,NA,21.667,NA,23.278,NA,7.2,NA,NA,NA,7.2,NA,0,0,0,0,0,1,0,0,0,0,0,0,0,0,0,0,0,0,0,0,0,1,0,0,0,0,0,0,0,0,0,0,0,1,NA,"Lake_Hamlin_SUMM_004.jpg","Lake_Hamlin_SUMM_005.jpg"
58687854,"L22274","82817112","LAKE","GUARD",27,"July",1956,27,"July",1956,"light","light","light","light",NA,NA,3.353,3.353,NA,3.399,NA,NA,NA,NA,NA,NA,NA,4,NA,NA,NA,NA,12,NA,NA,NA,NA,NA,"no",NA,"no","none",NA,"none","no",NA,NA,NA,25.222,NA,22.111,NA,6.7,NA,NA,NA,7,NA,0,0,0,0,0,1,0,0,0,0,0,0,0,0,0,0,0,0,0,0,0,1,0,0,0,0,0,0,0,0,0,0,0,1,NA,"Lake_Guard_SUMM_002.jpg","Lake_Guard_SUMM_003.jpg"
58687855,"L17690","60090988","LAKE","COOL",15,"September",1950,17,"September",1950,"heavy","medium","heavy","medium",NA,NA,13.106,NA,NA,35.856,NA,30,NA,2,NA,2,NA,10,NA,NA,NA,NA,NA,NA,NA,NA,NA,NA,"no",NA,NA,"no",NA,NA,NA,NA,NA,NA,NA,NA,NA,NA,NA,NA,NA,NA,NA,NA,0,0,1,1,1,1,1,0,0,0,0,0,0,0,0,0,0,0,1,0,0,1,0,0,1,0,0,1,0,0,0,1,1,1,"crappies; mudminnow_sculpin_soulpin_breek_typo_creek_stickleback","Lake_Cool_SUMM_007.jpg","Lake_Cool_SUMM_008.jpg"
58687856,"L19444","82816914","LAKE","HILL",6,"May",1970,NA,"May",NA,"light","light","light","light",NA,NA,6.096,NA,NA,4.047,NA,NA,NA,NA,NA,0,NA,0,NA,0,NA,NA,NA,NA,NA,NA,NA,NA,NA,NA,NA,NA,NA,NA,NA,NA,NA,NA,NA,NA,NA,NA,NA,NA,NA,NA,NA,NA,0,0,0,0,0,1,0,0,0,0,1,0,0,0,0,0,0,0,0,0,0,1,0,0,0,0,0,0,0,0,0,0,0,1,NA,"Lake_Hill_SUMM_004.jpg","Lake_Hill_SUMM_005.jpg"
58687857,"L22947","60091184","LAKE","HARPER",NA,"August",1949,NA,"August",1949,"medium","light","medium","light",NA,NA,NA,NA,NA,36.423,NA,NA,NA,2,NA,1,NA,7,NA,NA,NA,NA,95,110,NA,NA,NA,NA,"no",NA,NA,"none",NA,NA,"yes",4.572,8.229,NA,24.444,NA,8.8,NA,8.2,8.2,NA,NA,1.5,1.5,1,0,0,0,0,1,1,0,0,0,0,0,0,0,0,0,0,0,1,0,0,1,0,0,0,0,0,0,0,0,0,0,0,1,"green_sunfish","Lake_Harper_SUMM_011.jpg","Lake_Harper_SUMM_012.jpg"
58687858,"L22204","82816492","LAKE","IDLEWILD",8,"September",1953,11,"September",1953,"heavy","light","heavy","light",NA,NA,6.705,NA,NA,42.493,NA,75,NA,5,NA,5,NA,200,NA,3,NA,NA,122,130,NA,NA,NA,NA,NA,NA,NA,NA,NA,NA,"no",NA,NA,NA,23.333,NA,22.778,NA,NA,NA,NA,NA,NA,NA,0,0,0,0,1,1,1,0,0,0,0,0,0,0,0,0,0,0,0,0,0,1,0,0,0,0,0,0,1,0,0,1,0,0,NA,"Lake_Idlewild_SUMM_015.jpg","Lake_Idlewild_SUMM_016.jpg"
58687860,"L18257","82816402","LAKE","LEVERENTZ",NA,"July",1960,NA,"July",1960,"light","none","light","none",NA,NA,9.144,NA,NA,14.164,NA,NA,NA,0,NA,0,NA,0,NA,0,NA,NA,NA,NA,NA,NA,NA,NA,"no",NA,NA,"no",NA,NA,NA,NA,NA,NA,NA,NA,NA,NA,NA,NA,NA,NA,NA,NA,0,0,0,0,0,1,0,0,0,0,0,1,0,0,0,0,0,0,0,0,0,1,0,0,1,1,1,0,0,0,0,0,0,1,NA,"Lake_Leverentz_SUMM_001.jpg","Lake_Leverentz_SUMM_002.jpg"
58687861,"L22204","82816492","LAKE","IDLEWILD",5,"June",1995,9,"June",1995,"light",NA,"light",NA,NA,NA,6.705,NA,NA,42.493,NA,70,NA,NA,NA,NA,NA,152,NA,NA,NA,NA,153,NA,NA,NA,NA,NA,NA,NA,NA,NA,NA,NA,NA,NA,NA,NA,27.222,NA,20.556,NA,8.2,NA,NA,NA,10.8,NA,0,0,1,0,0,1,0,0,0,0,0,0,1,0,0,0,0,0,0,0,0,1,0,0,1,0,0,1,1,0,0,0,0,1,"bullhead_green_sunfish; green_sunfish_type_unknown","Lake_Idlewild_SUMM_017.jpg","Lake_Idlewild_SUMM_018.jpg"
58687862,"L17775","82816416","LAKE","LEVERENTZLITTLE",NA,"July",1960,NA,"July",1960,"medium","light","medium","light",NA,NA,9.144,NA,NA,2.266,NA,20,NA,0,NA,0,NA,0,NA,0,NA,NA,NA,NA,NA,NA,NA,NA,NA,NA,NA,NA,NA,NA,NA,NA,NA,NA,NA,NA,NA,NA,NA,NA,NA,NA,NA,NA,0,0,0,0,0,1,0,0,0,0,0,0,1,0,0,0,0,0,0,0,0,1,0,0,1,1,0,0,0,0,0,0,0,1,"bullheads","Lake_LeverentzLittle_SUMM_004.jpg","Lake_LeverentzLittle_SUMM_005.jpg"
58687863,"L18562","82815230","LAKE","LOON",13,"May",1985,17,"May",1985,"medium","light","medium","light",NA,NA,9.448,5.486,NA,64.751,NA,40,NA,NA,NA,2,NA,71,NA,5,NA,NA,58,NA,NA,NA,NA,NA,NA,NA,NA,NA,NA,NA,NA,NA,NA,NA,24.5,NA,6,NA,8.2,NA,5.6,NA,NA,NA,0,0,1,0,0,1,0,0,0,0,1,0,0,0,0,0,0,0,0,0,0,1,0,0,1,1,0,1,1,0,0,0,1,1,NA,"Lake_Loon_SUMM_009.jpg","Lake_Loon_SUMM_010.jpg"
58687864,"L18562","82815230","LAKE","LOON",8,"September",1953,9,"September",1953,"heavy","light","heavy","light",NA,NA,12.191,NA,NA,38.244,NA,50,NA,2,NA,0,NA,30,NA,0,NA,NA,NA,NA,NA,NA,NA,NA,NA,NA,NA,NA,NA,NA,NA,NA,NA,NA,NA,NA,NA,NA,NA,NA,NA,NA,NA,NA,1,0,0,1,1,1,1,0,0,0,0,0,0,0,0,0,0,0,0,0,0,1,0,0,0,1,0,0,0,0,0,0,0,1,"mudminnow_minnow","Lake_Loon_SUMM_011.jpg","Lake_Loon_SUMM_012.jpg"
58687865,"L14177","82815486","LAKE","MCCARTHY",22,"August",1952,NA,"August",NA,"light","none","verylight","none",NA,NA,3.657,NA,NA,4.047,NA,NA,NA,0,NA,0,NA,0,NA,0,NA,NA,NA,NA,NA,NA,NA,NA,NA,NA,NA,NA,NA,NA,NA,NA,NA,NA,21.111,NA,NA,NA,NA,NA,NA,NA,NA,NA,0,0,0,0,0,0,0,0,0,0,0,0,0,0,0,0,0,0,0,0,0,0,0,0,0,0,0,0,0,0,0,0,0,0,"lepomis_cyanellus","Lake_McCarthy_SUMM_010.jpg","Lake_McCarthy_SUMM_011.jpg"
58687866,"L18792","82816490","LAKE","MILL",20,"July",1931,20,"July",1931,NA,NA,NA,NA,"not permitted","not permitted",11.887,NA,NA,22.339,NA,NA,NA,NA,NA,NA,NA,NA,NA,NA,NA,"on kinne creek club estate",NA,NA,NA,NA,NA,NA,NA,NA,NA,"(outlet not examined by party)","--",NA,NA,NA,NA,NA,26.667,NA,11.667,NA,NA,NA,NA,NA,NA,NA,1,0,0,1,0,1,1,0,0,0,0,0,0,0,0,0,1,0,0,0,0,1,0,0,1,1,0,1,0,0,0,0,0,1,"grass_pike; least_darter_log_perch","Lake_Mill_SUMM_009.jpg","Lake_Mill_SUMM_010.jpg"
58687867,"L18997","60091386","LAKE","LOST",29,"April",1970,NA,"April",NA,"light","light","light","light",NA,NA,4.877,NA,NA,NA,NA,NA,NA,0,NA,0,NA,0,NA,0,NA,NA,17,NA,NA,NA,NA,NA,NA,NA,NA,NA,NA,NA,NA,NA,NA,NA,NA,NA,NA,NA,NA,NA,NA,NA,NA,NA,0,0,0,0,0,0,0,0,0,1,0,0,0,0,0,0,1,0,0,0,0,0,0,0,0,0,0,0,0,0,0,0,0,0,"mudminnows_mudminnows_sticklebacks","Lake_Lost_SUMM_004.jpg","Lake_Lost_SUMM_005.jpg"
58687868,"L16731","82816806","LAKE","NORTH",4,"August",1952,6,"August",1952,"light","medium","light","medium",NA,NA,8.534,4.877,NA,19.83,NA,90,NA,1,NA,0,NA,25,NA,0,NA,NA,78,89,NA,NA,NA,NA,"no",NA,NA,"no",NA,NA,"no",NA,NA,NA,23.889,NA,19.444,NA,8,7.5,NA,NA,0,4,0,0,1,1,0,1,1,1,0,0,0,0,0,0,0,1,0,0,1,0,0,1,0,0,1,1,0,1,0,0,0,1,1,1,NA,"Lake_North_SUMM_007.jpg","Lake_North_SUMM_008.jpg"
58687869,"L22425","60090690","LAKE","OLGA",7,"September",1952,10,"September",1952,"light","none","light","none",NA,NA,2.286,NA,NA,16.188,NA,100,NA,0,NA,0,NA,0,NA,0,NA,NA,NA,NA,NA,NA,2.133,NA,"yes",NA,"yes","yes",NA,"stops all upstream movement",NA,NA,NA,NA,NA,NA,NA,NA,NA,NA,NA,NA,NA,NA,0,0,0,0,0,0,0,0,0,0,0,0,0,0,0,0,0,0,0,0,0,0,0,0,0,0,0,0,0,0,0,0,0,0,NA,"Lake_Olga_SUMM_006.jpg","Lake_Olga_SUMM_007.jpg"
58687870,"L22431","82817076","LAKE","ORCHARD",14,"September",1953,15,"September",1953,"medium","light","medium","light",NA,NA,4.572,NA,NA,18.616,NA,100,NA,1,NA,NA,NA,5,NA,NA,NA,NA,NA,NA,NA,NA,NA,NA,"no",NA,NA,"no",NA,NA,NA,NA,NA,NA,NA,NA,NA,NA,NA,NA,NA,NA,NA,NA,1,0,0,0,0,1,1,0,0,0,0,0,0,0,0,0,0,0,0,0,0,1,0,1,0,0,0,0,0,0,0,0,0,1,NA,"Lake_Orchard_SUMM_007.jpg","Lake_Orchard_SUMM_008.jpg"
58687871,"L22431","82817076","LAKE","ORCHARD",5,"September",1948,6,"September",1948,"medium",NA,"lighttomedium6boatstoday","notknown",NA,NA,4.572,3.048,NA,NA,NA,100,NA,0,NA,0,NA,6,8,0,NA,NA,32,NA,NA,NA,NA,NA,"no",NA,NA,"none",NA,NA,"no",NA,NA,NA,23.333,NA,NA,NA,NA,NA,NA,NA,NA,NA,1,0,0,0,0,1,1,0,0,0,0,0,0,0,0,0,0,0,0,0,0,1,0,1,0,0,0,0,0,0,0,0,0,1,"menora_top_minnow_n_volucellus","Lake_Orchard_SUMM_005.jpg","Lake_Orchard_SUMM_006.jpg"
58687872,"L14494","82817072","LAKE","OXBOW",NA,"July",1960,NA,"July",1960,"medium","light","medium","light",NA,NA,6.096,NA,NA,16.188,NA,25,NA,0,NA,0,NA,0,NA,0,NA,NA,NA,NA,NA,NA,NA,NA,"no",NA,"no","none",NA,"none",NA,NA,NA,NA,NA,NA,NA,NA,NA,NA,NA,NA,NA,NA,0,0,0,0,0,1,0,0,0,0,0,0,0,0,0,0,0,0,0,0,0,1,0,0,0,1,0,0,0,0,0,0,0,1,NA,"Lake_Oxbow_SUMM_003.jpg","Lake_Oxbow_SUMM_004.jpg"
58687873,"L17990","82816484","LAKE","PARADISE",9,"September",1953,10,"September",1953,"heavy","light","heavy","light",NA,NA,10.058,NA,NA,15.904,NA,50,NA,1,NA,1,NA,15,NA,1,NA,NA,NA,NA,NA,NA,NA,NA,"no",NA,NA,"none",NA,NA,NA,NA,NA,NA,NA,NA,NA,NA,NA,NA,NA,NA,NA,NA,1,0,0,0,1,1,1,0,0,0,0,0,0,0,0,0,0,0,1,1,0,1,0,0,0,0,0,0,0,0,0,1,1,1,NA,"Lake_Paradise_SUMM_013.jpg","Lake_Paradise_SUMM_014.jpg"
58687874,"L17990","82816484","LAKE","PARADISE",5,"June",1995,9,"June",1995,"light",NA,"light",NA,NA,NA,10.972,4.572,NA,15.904,NA,55,NA,NA,NA,NA,NA,43,NA,NA,NA,NA,93,NA,NA,NA,NA,NA,NA,NA,NA,NA,NA,NA,NA,5.486,6.705,NA,26.667,NA,11.667,NA,6.8,NA,10,NA,0.6,NA,0,0,0,0,0,1,1,0,0,0,0,0,1,0,0,0,0,0,0,0,0,1,0,0,0,0,0,0,0,0,0,0,0,1,"green_sunfish; bluntnose_minnow_green_sunfish","Lake_Paradise_SUMM_015.jpg","Lake_Paradise_SUMM_016.jpg"
58687875,"L15937","82816504","LAKE","RAILROD",22,"July",1931,NA,NA,NA,NA,NA,NA,NA,"not permitted","not permitted",10.667,NA,NA,9.672,NA,NA,NA,NA,NA,NA,NA,NA,NA,NA,NA,"on kinne creek club estate.",NA,NA,NA,NA,NA,NA,"no",NA,NA,"no outlet",NA,NA,NA,NA,NA,NA,25.556,NA,12.222,NA,NA,NA,NA,NA,NA,NA,0,0,0,0,0,1,1,0,0,0,0,0,0,0,0,1,0,0,1,0,0,1,0,0,0,0,0,0,0,0,0,0,0,0,"green_sunfish; river_chub_least_darters","Lake_Railrod_SUMM_006.jpg","Lake_Railrod_SUMM_007.jpg"
58687876,"L18329","82817060","LAKE","REED",17,"August",1949,NA,"August",NA,"heavy","medium","heavy","medium",NA,NA,NA,NA,NA,16.188,NA,NA,NA,1,NA,1,NA,5,NA,1,NA,NA,80,NA,NA,NA,NA,NA,NA,NA,NA,NA,NA,NA,"yes",6.096,NA,"yes",25.556,NA,10.278,NA,8.3,NA,NA,NA,4.2,NA,0,0,0,0,0,1,0,0,0,0,0,0,0,0,0,0,0,0,0,0,0,1,0,0,0,0,0,0,0,0,0,1,0,1,NA,"Lake_Reed_SUMM_009.jpg","Lake_Reed_SUMM_010.jpg"
58687877,"L14841","82816346","LAKE","PUTMAN",14,"September",1953,15,"September",1953,"medium","light","medium","light",NA,NA,7.62,NA,NA,7.082,NA,50,NA,1,NA,1,NA,4,NA,NA,NA,NA,NA,NA,NA,NA,NA,NA,NA,NA,NA,NA,NA,NA,NA,NA,NA,NA,NA,NA,NA,NA,NA,NA,NA,NA,NA,NA,1,0,0,0,0,1,1,0,0,0,0,0,1,0,0,0,0,0,1,0,0,1,0,0,0,0,0,1,0,0,0,0,0,1,"green_sunfish; bullheads","Lake_Putman_SUMM_004.jpg","Lake_Putman_SUMM_005.jpg"
58687878,"L14549","60090898","LAKE","SAND",13,"August",1956,NA,"August",NA,"medium","light","medium","light",NA,NA,15.239,4.877,NA,20.437,NA,NA,NA,NA,NA,NA,NA,6,NA,NA,NA,NA,95,136,NA,NA,NA,NA,NA,NA,NA,NA,NA,NA,"yes",6.096,10.667,NA,21.111,NA,10.222,NA,8.2,NA,8.4,15.1,3.3,NA,0,0,0,0,0,1,0,0,0,0,0,0,0,0,0,0,0,0,0,0,0,1,0,0,0,0,0,0,0,0,0,1,0,1,NA,"Lake_Sand_SUMM_005.jpg","Lake_Sand_SUMM_006.jpg"
58687879,"L15328","82815250","LAKE","SAUBLENO",28,"August",1953,3,"September",1953,"medium","light","medium ","light",NA,NA,12.191,NA,NA,25.9,NA,NA,NA,1,NA,3,NA,2,NA,0,NA,NA,104,148,NA,NA,NA,NA,"no",NA,NA,"no",NA,NA,NA,5.181,8.382,NA,25.556,NA,11.389,NA,8,NA,7.3,2.7,0,NA,1,0,1,0,0,1,1,1,0,1,0,1,0,0,0,0,0,0,1,1,0,1,0,0,1,1,0,1,1,0,0,1,1,0,"least_darter","Lake_SaubleNo1_SUMM_013.jpg","Lake_SaubleNo1_SUMM_014.jpg"
58687880,"L15328","82815250","LAKE","SAUBLENO",2,"September",1953,3,"September",1953,"medium","light","medium","light",NA,NA,4.572,NA,NA,6.07,NA,90,NA,0,NA,0,NA,0,NA,0,NA,NA,NA,NA,NA,NA,NA,NA,"no",NA,NA,"no",NA,NA,NA,NA,NA,NA,29.444,NA,NA,NA,NA,NA,NA,NA,NA,NA,0,0,1,0,0,1,0,0,0,0,0,0,0,0,0,0,0,0,0,0,0,1,0,0,1,1,0,0,1,0,0,1,1,1,NA,"Lake_SaubleNo2_SUMM_003.jpg","Lake_SaubleNo2_SUMM_004.jpg"
58687881,"L22753","82816800","LAKE","SPRUCE",14,"July",1951,15,"July",1951,"light","light","light","light",NA,NA,6.096,NA,NA,2.428,NA,NA,NA,0,NA,0,NA,0,NA,0,NA,NA,NA,NA,NA,NA,NA,NA,NA,NA,NA,NA,NA,NA,"no",NA,NA,NA,NA,NA,NA,NA,NA,NA,NA,NA,NA,NA,0,0,0,0,0,1,0,0,0,0,0,0,0,0,0,0,0,0,0,0,0,0,0,0,0,0,0,0,0,0,0,0,0,1,NA,"Lake_Spruce_SUMM_007.jpg","Lake_Spruce_SUMM_008.jpg"
58687882,"L15328","82815250","LAKE","SAUBLENO",2,"September",1953,3,"September",1953,"medium","light","medium","light",NA,NA,9.144,NA,NA,14.164,NA,50,NA,0,NA,0,NA,8,NA,0,NA,NA,NA,NA,NA,NA,NA,NA,"no",NA,NA,"no",NA,NA,NA,NA,NA,NA,28.889,NA,NA,NA,NA,NA,NA,NA,NA,NA,0,0,1,0,0,1,0,0,0,1,0,1,0,0,0,0,0,0,0,0,0,1,0,0,1,1,0,0,1,0,0,1,0,1,NA,"Lake_SaubleNo3_SUMM_003.jpg","Lake_SaubleNo3_SUMM_004.jpg"
58687883,"L18734","{97766401-87C7-4594-9571-BDFCCEEA438C}","LAKE","SPRING",22,"July",1931,22,"July",1931,NA,NA,NA,NA,"not permitted","not permitted",NA,NA,NA,3.035,NA,NA,NA,NA,NA,NA,NA,NA,NA,NA,NA,"on kinne creek club estate",NA,NA,NA,NA,NA,NA,NA,NA,NA,"outlet not examined by party",NA,NA,NA,NA,NA,NA,NA,NA,NA,NA,NA,NA,NA,NA,NA,NA,0,0,0,0,0,0,0,0,0,0,0,0,0,0,0,0,1,0,0,0,0,1,0,0,0,0,0,1,0,0,0,0,0,1,"probably_trout_at_certain_times_of_year; forage_fish","Lake_Spring_SUMM_005.jpg","Lake_Spring_SUMM_006.jpg"
58687884,"L18559","82815270","LAKE","SEAMAN",14,"September",1953,16,"September",1953,"heavy","light","heavy","light",NA,NA,7.62,NA,NA,9.308,NA,60,NA,1,NA,1,NA,3,NA,NA,NA,NA,NA,NA,NA,NA,NA,NA,NA,NA,NA,NA,NA,NA,NA,NA,NA,NA,NA,NA,NA,NA,NA,NA,NA,NA,NA,NA,0,0,0,0,0,1,0,0,0,0,0,0,0,0,0,0,0,0,0,0,0,1,0,0,0,0,0,0,0,0,0,0,1,1,"creek_chub_mudminnow","Lake_Seaman_SUMM_007.jpg","Lake_Seaman_SUMM_008.jpg"
58687885,"L21374","82817148","LAKE","STARBIG",6,"May",1985,10,"May",1985,"heavy","medium","heavy","moderatetolight",NA,NA,7.62,NA,NA,369.081,NA,NA,NA,NA,NA,9,NA,360,NA,10,NA,NA,NA,NA,NA,NA,NA,NA,NA,NA,NA,NA,NA,NA,NA,NA,NA,NA,NA,NA,NA,NA,NA,NA,NA,NA,NA,NA,0,0,1,0,0,1,0,0,0,0,0,0,0,0,0,0,1,0,0,0,0,1,0,0,1,1,0,0,0,0,0,1,1,1,"tiger musky; black nose dace","Lake_StarBig_SUMM_063.jpg","Lake_StarBig_SUMM_064.jpg"
58687886,"L21268","82816370","LAKE","STARLITTLE",NA,"March",1957,NA,"March",NA,"light","light","light","light",NA,NA,7.62,NA,NA,14.245,783.488,40,NA,NA,NA,1,NA,1,NA,NA,NA,NA,NA,NA,NA,NA,NA,NA,NA,NA,NA,NA,NA,NA,"no",NA,NA,NA,24.444,NA,23.333,NA,NA,NA,NA,NA,NA,NA,0,0,0,0,0,1,1,0,0,0,0,0,0,0,0,0,0,0,0,0,0,1,0,0,0,0,0,0,0,0,0,0,0,1,"green_sunfish","Lake_StarLittle_SUMM_003.jpg","Lake_StarLittle_SUMM_004.jpg"
58687887,"L21374","82817148","LAKE","STARBIG",15,"May",1995,19,"May",1995,"medium","none","medium","none",NA,NA,6.096,2.438,NA,369.081,NA,70,NA,NA,NA,NA,NA,317,NA,NA,NA,NA,NA,NA,NA,NA,NA,NA,NA,NA,NA,NA,NA,NA,NA,NA,NA,NA,25.556,NA,24.444,NA,NA,NA,NA,NA,NA,NA,0,0,1,0,0,1,0,0,0,0,0,0,1,0,0,0,0,0,0,0,0,1,0,0,1,1,0,0,0,0,1,1,0,1,"tiger_musky","Lake_StarBig_SUMM_059.jpg","Lake_StarBig_SUMM_060.jpg"
58687888,"L21374","82817148","LAKE","STARBIG",23,"June",1937,26,"June",1937,"heavy","heavy","heavy","heavy",NA,NA,7.62,2.743,NA,369.081,NA,50,NA,NA,NA,1,NA,73,NA,NA,NA,NA,58,61,NA,2.12,NA,NA,NA,NA,NA,NA,NA,NA,NA,NA,NA,NA,22.222,NA,22.6,NA,5.3,6,NA,NA,NA,NA,1,0,1,0,1,1,1,0,0,0,0,0,1,0,0,0,0,0,0,0,0,1,0,0,0,0,0,0,1,0,0,1,0,1,"suckers; lawyer_","Lake_StarBig_SUMM_065.jpg","Lake_StarBig_SUMM_066.jpg"
58687889,"L21374","82817148","LAKE","STARBIG",3,"September",1953,4,"September",1953,"heavy","medium","heavy","medium",NA,NA,7.62,NA,NA,367.058,NA,65,NA,8,NA,6,NA,500,NA,NA,NA,NA,NA,NA,NA,NA,NA,NA,NA,NA,NA,NA,NA,NA,NA,NA,NA,NA,30,NA,NA,NA,NA,NA,NA,NA,NA,NA,1,0,1,0,1,1,1,0,0,0,1,0,0,0,0,0,0,0,0,1,0,1,0,1,1,1,0,0,0,0,0,1,1,1,"blacknose_mimic_sand_shiners_creek_chub_madtom","Lake_StarBig_SUMM_061.jpg","Lake_StarBig_SUMM_062.jpg"
58687890,"L16859","82816692","LAKE","SWITZER",NA,"June",1951,NA,"June",1951,"medium","light","medium","light",NA,NA,9.144,NA,NA,4.047,NA,2,NA,0,NA,0,NA,0,NA,0,NA,NA,130,160,NA,NA,NA,NA,"no",NA,NA,"none.",NA,NA,"yes",3.657,6.096,NA,24.444,NA,7.778,NA,NA,NA,NA,NA,2.4,NA,0,0,0,0,0,0,0,0,0,0,0,0,0,0,0,0,0,0,0,0,0,1,0,0,1,0,0,0,0,0,0,1,0,1,"green_sunfish; observed; probable_suckers","Lake_Switzer_SUMM_009.jpg","Lake_Switzer_SUMM_010.jpg"
58687891,"L16859","82816692","LAKE","SWITZER",4,"August",1952,6,"August",1952,"medium","medium","medium","medium",NA,NA,9.144,5.791,NA,4.047,NA,35,NA,0,NA,0,NA,0,NA,0,NA,NA,133,149,NA,NA,0.914,NA,"yes",NA,"no","yes (continued) there is a sand dam about 3 ft. high in outlet now. this dam washed out this last spring (1952)",NA,"none at present - dam broken through.","yes",3.048,7.62,NA,22.778,NA,10,NA,7.2,NA,4.6,1.1,NA,NA,0,0,0,0,0,1,0,0,0,0,0,0,0,0,0,1,0,0,0,0,0,1,0,0,1,0,0,1,0,0,0,1,1,1,"green_sunfish_longear_sunfish; least_darter","Lake_Switzer_SUMM_011.jpg","Lake_Switzer_SUMM_012.jpg"
58687892,"L22488","82816436","LAKE","WHALEN",15,"August",1954,NA,"August",NA,"medium","medium","medium","medium",NA,NA,7.62,3.81,NA,12.95,NA,58.6,NA,NA,NA,1,NA,20,NA,0,NA,NA,48,52,NA,NA,NA,NA,NA,NA,NA,NA,NA,NA,NA,3.048,5.181,NA,25,NA,12.111,NA,7.7,NA,7.25,0.4,NA,NA,0,0,1,0,0,1,0,0,0,0,0,0,1,0,0,0,0,0,0,0,0,1,0,0,1,0,0,0,0,0,0,0,0,1,"crappies_bullheads","Lake_Whalen_SUMM_005.jpg","Lake_Whalen_SUMM_006.jpg"
58687893,"L12200","147104035","LAPEER","CEDAR",20,"July",1955,20,"July",1955,"light","light","light","light",NA,NA,6.096,3.048,NA,4.047,NA,NA,NA,0,NA,0,NA,0,NA,0,NA,NA,152,180,NA,NA,NA,NA,"no",NA,NA,"no",NA,NA,"yes",3.048,6.096,NA,29.444,NA,12.8,NA,7.8,9.7,9.7,1.9,NA,NA,0,0,0,0,0,1,0,0,0,0,0,0,0,0,0,0,1,0,0,0,0,0,0,0,0,0,0,0,0,0,0,0,0,0,"warmouth_bass","Lapeer_Cedar_SUMM_013.jpg","Lapeer_Cedar_SUMM_014.jpg"
58687894,"L11078","147104527","LAPEER","ALGOE",12,"August",1966,12,"August",1966,"medium","light","medium","light",NA,NA,10.667,NA,NA,4.533,NA,40,NA,0,NA,0,NA,0,NA,0,NA,NA,NA,NA,NA,NA,0.61,NA,"yes",NA,"yes","yes - raised roadway with 14"" inch culvert",NA,"passable only with high water","yes",4.572,7.62,NA,23.889,NA,8.889,NA,9,NA,10.2,4.7,1.3,NA,0,0,0,0,0,1,0,0,0,0,0,0,1,0,0,0,0,0,0,0,0,1,0,0,0,1,1,0,0,0,0,0,0,1,NA,"Lapeer_Algoe_SUMM_015.jpg","Lapeer_Algoe_SUMM_016.jpg"
58687895,"L15947","82815504","LAKE","WOLF",31,"July",1950,3,"August",1950,"medium","light","medium","light",NA,NA,3.962,3.353,NA,169.162,NA,100,NA,3,NA,5,NA,100,NA,0,NA,NA,4,NA,NA,NA,NA,NA,NA,NA,NA,NA,NA,NA,NA,NA,NA,NA,21.111,NA,21.2,NA,8,7.9,NA,NA,NA,NA,0,0,0,0,0,1,0,0,0,0,0,0,0,0,0,0,0,0,0,0,0,1,0,0,0,0,0,0,0,0,0,0,0,1,"mudminnow_minnow","Lake_Wolf_SUMM_031.jpg","Lake_Wolf_SUMM_032.jpg"
58687896,"L7347","147104025","LAPEER","BASS",11,"September",1951,NA,"September",NA,"none","none","none","none",NA,NA,6.096,1.829,NA,6.07,NA,NA,NA,0,NA,0,NA,0,NA,0,NA,NA,190,370,NA,NA,NA,NA,"yes",NA,"yes","yes - earth fill",NA,"not passable","yes",2.743,NA,NA,23.7,NA,9,NA,8,NA,NA,NA,0,NA,0,0,0,0,0,0,0,0,0,0,0,0,0,0,0,0,0,0,0,0,0,0,0,0,0,0,0,0,0,0,0,0,0,0,NA,"Lapeer_Bass8N_10E_S6_SUMM_007.jpg","Lapeer_Bass8N_10E_S6_SUMM_008.jpg"
58687897,"L5220","147104525","LAPEER","DAVIDSON",24,"August",1966,NA,"August",NA,"medium","light","medium","light",NA,NA,20.421,3.048,NA,22.663,NA,NA,NA,1,NA,NA,NA,25,NA,NA,NA,NA,NA,NA,NA,NA,NA,NA,NA,NA,NA,NA,NA,NA,"yes",4.572,9.144,NA,22.222,NA,7.778,NA,8,NA,8,2,0,NA,0,0,1,0,0,1,0,0,0,0,0,0,0,0,0,0,0,0,0,0,0,1,0,0,1,1,1,0,0,0,0,0,0,1,"crappie","Lapeer_Davidson_SUMM_012.jpg","Lapeer_Davidson_SUMM_013.jpg"
58687898,"L1884","147104158","LAPEER","DAVIE",18,"August",1955,NA,"August",NA,"heavy","heavy","heavy","heavy",NA,NA,12.191,4.115,4.267,28.329,NA,NA,NA,2,NA,NA,NA,0,NA,0,NA,NA,104,145,NA,NA,NA,NA,"no",NA,NA,"no",NA,NA,"yes",5.181,8.839,NA,23.333,NA,10.222,NA,8.4,NA,5.9,NA,0,NA,0,0,1,0,0,1,0,0,0,0,0,0,0,0,0,0,0,0,0,0,1,1,0,0,1,1,0,0,0,0,0,0,1,1,"chub_sucker; warmouth_bass","Lapeer_Davie_SUMM_005.jpg","Lapeer_Davie_SUMM_006.jpg"
58687899,"L4668","147103948","LAPEER","DIPPER",22,"June",1957,22,"June",1957,"light","light","light","light",NA,NA,12.191,3.353,3.505,4.047,6.07,NA,NA,0,NA,0,NA,1,NA,0,NA,NA,175,210,NA,NA,NA,NA,"no",NA,NA,"no",NA,NA,"yes",3.048,7.62,NA,26.111,NA,6.667,NA,9.5,NA,8.7,1.5,0,NA,0,0,1,0,0,1,0,0,0,0,0,0,0,0,1,0,0,0,0,0,0,1,0,0,1,0,0,0,0,0,0,0,0,1,"crappie_crappie_not_sunfish_black","Lapeer_Dipper_SUMM_005.jpg","Lapeer_Dipper_SUMM_006.jpg"
58687900,"L4019","147104027","LAPEER","DUPEROW",8,"August",1956,8,"August",1956,"light","light","light","light",NA,NA,10.667,2.438,2.591,2.266,NA,10,NA,0,NA,0,NA,0,NA,0,NA,NA,140,245,NA,NA,NA,NA,NA,NA,NA,NA,NA,NA,"yes",3.048,4.877,NA,25,NA,6,NA,9.7,NA,5.4,0,0,NA,0,0,0,0,0,1,0,0,0,0,0,0,0,0,0,0,0,0,0,0,0,1,0,0,0,0,0,0,0,0,0,0,0,0,NA,"Lapeer_Duperow_SUMM_017.jpg","Lapeer_Duperow_SUMM_018.jpg"
58687901,"L6951","155404780","LAPEER","ELK",5,"September",1952,5,"September",1952,"heavy","medium","heavy","lighttomedium",NA,NA,16.763,3.962,NA,48.563,NA,30,NA,0,NA,0,NA,25,NA,0,NA,NA,130,172,NA,NA,0.61,NA,"yes",NA,"yes","yes",NA,"some pike go over on spawning run & unable to return.","yes",5.181,9.144,NA,22.778,NA,5.556,NA,10.3,8.7,NA,NA,6.7,0,0,0,0,0,0,1,0,0,0,0,0,0,0,0,0,0,0,0,0,0,0,1,0,0,1,0,0,0,0,0,0,0,0,1,"sunfish; minnows","Lapeer_Elk7N_11E_S10_SUMM_004.jpg","Lapeer_Elk7N_11E_S10_SUMM_005.jpg"
58687902,"L5492","147104361","LAPEER","HEMINGWAY",4,"August",1966,NA,NA,NA,"medium","medium","medium","medium",NA,NA,11.277,3.505,NA,30.352,NA,50,NA,1,NA,1,NA,50,NA,0,NA,NA,153.9,171,NA,NA,0.61,NA,"yes",NA,"yes","yes",NA,"restricts except in very high water","yes",4.572,9.144,NA,24.444,NA,8.889,NA,7,NA,0,NA,0,NA,0,0,1,0,0,1,0,0,0,0,0,0,0,0,0,0,0,0,0,0,0,1,0,0,1,0,0,0,0,0,0,0,0,1,"crappie","Lapeer_Hemingway9N_9E_S9_SUMM_004.jpg","Lapeer_Hemingway9N_9E_S9_SUMM_005.jpg"
58687903,"L3929","155404790","LAPEER","GRASS",19,"July",1948,19,"July",1948,"light",NA,"lightpracticallynone",NA,NA,NA,NA,NA,NA,8.094,NA,NA,NA,NA,NA,NA,NA,0,NA,NA,NA,NA,NA,NA,NA,NA,NA,NA,"no",NA,NA,"none",NA,NA,"no",NA,NA,NA,NA,NA,NA,NA,NA,NA,NA,NA,NA,NA,0,0,0,0,0,0,0,0,0,0,0,0,0,0,0,0,1,0,0,0,0,0,0,0,0,0,0,0,0,0,0,0,0,0,NA,"Lapeer_Grass_SUMM_003.jpg","Lapeer_Grass_SUMM_004.jpg"
58687904,"L2676","147104020","LAPEER","INDIAN",16,"August",1955,16,"August",1955,"medium","light","medium","light",NA,NA,6.4,1.981,2.133,9.591,NA,NA,NA,0,NA,0,NA,0,NA,0,NA,NA,160,265,NA,NA,NA,NA,"yes",NA,"no","yes - old beaver dam",NA,"none","yes",2.133,5.486,NA,24.8,NA,7.6,NA,7.7,NA,0,NA,0,NA,0,0,0,0,0,1,0,0,0,0,0,0,0,0,0,0,0,0,0,0,0,1,0,0,0,0,0,0,0,0,0,0,0,0,"warmouth_bass","Lapeer_Indian_SUMM_012.jpg","Lapeer_Indian_SUMM_013.jpg"
58687905,"L49008",NA,"LAPEER","HORTON",25,"July",1962,25,"July",1962,"light","light","light","light",NA,NA,8.534,3.048,NA,7.285,NA,10,NA,0,NA,0,NA,0,NA,0,NA,NA,153,202,NA,NA,NA,NA,"no",NA,NA,"no",NA,NA,"yes",3.048,6.096,NA,25.556,NA,6.111,NA,8.8,NA,8,4,0,NA,0,0,1,0,0,1,0,0,0,0,0,0,0,0,0,0,0,0,0,0,0,1,0,0,1,0,0,0,0,0,0,0,0,0,"crappie_common_sunfish_crappie","Lapeer_Horton_SUMM_002.jpg","Lapeer_Horton_SUMM_003.jpg"
58687906,"L49007",NA,"LAPEER","HALFDOLLARPOND",12,"November",1931,12,"November",1931,NA,NA,NA,NA,"not permitted","not permitted",3.657,NA,NA,0.405,NA,NA,NA,NA,NA,NA,NA,NA,NA,NA,NA,"on property of d. d. douglas.",NA,NA,NA,NA,NA,NA,"no",NA,NA,"no.","--",NA,NA,NA,NA,NA,NA,NA,NA,NA,NA,NA,NA,NA,NA,NA,0,0,0,0,0,0,0,0,0,0,0,0,0,0,0,0,0,0,0,0,1,0,0,0,0,0,0,0,0,0,0,1,1,0,"sunfish; chub_sucker","Lapeer_HalfDollarPond_SUMM_002.jpg","Lapeer_HalfDollarPond_SUMM_003.jpg"
58687907,"L49008",NA,"LAPEER","MARTIN",15,"July",1952,15,"July",1952,"light","light","light","light",NA,NA,3.353,2.286,2.438,1.619,NA,NA,NA,0,NA,0,NA,0,NA,0,NA,NA,NA,NA,NA,NA,NA,NA,"no",NA,NA,"no",NA,NA,NA,NA,NA,NA,28.333,NA,21.111,NA,NA,NA,NA,NA,NA,NA,0,0,1,0,0,0,0,0,0,0,0,0,0,0,0,0,0,0,0,0,0,0,0,0,1,0,0,0,0,0,0,0,0,0,NA,"Lapeer_Martin_SUMM_005.jpg","Lapeer_Martin_SUMM_006.jpg"
58687908,"L2687","147104041","LAPEER","MARGARET",3,"August",1951,3,"August",1951,"light","light","light","light",NA,NA,2.438,NA,NA,2.023,NA,100,NA,0,NA,0,NA,0,NA,0,NA,NA,NA,NA,NA,NA,NA,NA,NA,NA,NA,NA,NA,NA,"no",NA,NA,NA,24.5,NA,23.5,NA,NA,NA,NA,NA,NA,NA,0,0,0,0,0,0,0,0,0,0,0,0,0,0,0,0,0,0,0,0,0,0,0,0,0,0,0,0,0,0,0,0,0,0,NA,"Lapeer_Margaret_SUMM_005.jpg","Lapeer_Margaret_SUMM_006.jpg"
58687909,"L6810","147104318","LAPEER","MISCH",12,"November",1931,12,"November",1931,NA,NA,NA,NA,"not permitted.","not permitted",NA,NA,NA,20.073,NA,NA,NA,NA,NA,NA,NA,NA,NA,NA,NA,"on estate. summer home of d. d. douglas is on lake.",NA,NA,NA,NA,NA,NA,"yes","no",NA,"yes.","no.",NA,NA,NA,NA,NA,NA,NA,NA,NA,NA,NA,NA,NA,NA,NA,0,0,0,0,0,0,0,0,0,0,0,0,0,0,0,0,1,0,1,0,0,1,0,0,0,1,0,0,0,0,0,0,1,1,"sunfish_fingerlings_green_sunfish; mud_minnows","Lapeer_Misch_SUMM_007.jpg","Lapeer_Misch_SUMM_008.jpg"
58687910,"L7649","147104169","LAPEER","MCDONALD",13,"August",1958,13,"August",1958,"medium","light","medium","light",NA,NA,5.181,3.657,3.81,4.573,NA,NA,NA,0,NA,0,NA,2,NA,0,NA,NA,195,215,NA,NA,0.61,NA,"yes",NA,"yes","yes",NA,"restricts migration","yes",3.048,4.572,NA,25,NA,10.556,NA,9.5,NA,7,1.1,0,NA,0,0,0,0,0,1,0,0,0,0,0,0,0,0,0,0,0,0,0,0,0,1,0,0,1,0,0,0,0,0,0,0,0,0,"pike","Lapeer_McDonald_SUMM_009.jpg","Lapeer_McDonald_SUMM_010.jpg"
58687911,"L2664","147104249","LAPEER","NEPESSING",NA,"June",1966,NA,"August",1966,"heavy","heavy","heavy","heavy",NA,NA,7.62,5.486,NA,167.544,NA,75,NA,1,NA,0,NA,125,NA,1,NA,NA,128,154,NA,NA,NA,NA,"yes",NA,"yes","permanent culverts at established level",NA,"restricted by barrier grating in effort to prevent carp from entering.","no",NA,NA,NA,23.889,NA,22.222,NA,8,NA,NA,NA,NA,NA,0,0,0,0,0,0,0,0,0,0,0,0,0,0,0,0,0,0,0,0,0,0,0,0,0,0,0,0,0,0,0,0,0,0,NA,"Lapeer_Nepessing_SUMM_001_A.jpg","Lapeer_Nepessing_SUMM_001_B.jpg"
58687912,"L4362","147103910","LAPEER","MUD",2,"October",1953,NA,NA,NA,"none","none","practicallynone","none",NA,NA,16.763,0.457,NA,4.047,NA,NA,NA,0,NA,0,NA,0,NA,0,NA,NA,130,280,NA,NA,NA,NA,"no",NA,NA,"no",NA,NA,"yes",1.524,6.096,NA,28.889,NA,5,NA,6.8,NA,0,NA,0,NA,0,0,0,0,0,0,0,0,0,0,0,0,1,0,0,0,0,0,0,0,0,0,0,0,1,0,0,0,0,0,0,0,0,0,NA,"Lapeer_Mud9N_9E_S6_SUMM_004.jpg","Lapeer_Mud9N_9E_S6_SUMM_005.jpg"
58687913,"L2664","147104249","LAPEER","NEPESSINGLAKE",NA,NA,1966,NA,NA,NA,"heavy","heavy","heavy","heavy",NA,NA,7.62,5.486,NA,167.544,NA,75,NA,1,NA,0,NA,125,NA,1,NA,NA,154,128,NA,NA,NA,NA,"yes",NA,"yes","permanent culverts at established level",NA,"restricted by barrier grating in effort to prevent carp from entering.","no",NA,NA,NA,23.889,NA,22.222,NA,8,NA,NA,NA,NA,NA,0,0,0,0,0,0,0,0,0,0,0,0,0,0,0,0,0,0,0,0,0,0,0,0,0,0,0,0,0,0,0,0,0,0,NA,"Lapeer_NepessingLake_SUMM_028.jpg","Lapeer_NepessingLake_SUMM_029.jpg"
58687914,"L1660","147103892","LAPEER","NORTH",21,"August",1958,21,"August",1958,"heavy","medium","heavy","medium",NA,NA,14.02,5.791,5.943,21.449,NA,50,NA,1,NA,NA,NA,50,NA,0,NA,NA,100,133,NA,NA,NA,NA,NA,NA,NA,NA,NA,NA,"yes",4.572,7.62,NA,23.889,NA,15,NA,7.5,NA,7.2,NA,0,NA,0,0,0,0,0,1,0,0,0,0,0,0,0,0,0,0,0,0,0,0,0,1,0,0,0,0,0,0,0,0,0,0,0,0,NA,"Lapeer_North_SUMM_016.jpg","Lapeer_North_SUMM_017.jpg"
58687915,"L2894","147104376","LAPEER","MINNEWANNALAKE",22,"September",1953,24,"September",1953,"heavy","heavy","heavy","heavy",NA,NA,7.62,3.048,NA,18.009,NA,85,NA,0,NA,0,NA,0,NA,0,NA,NA,200,NA,NA,NA,5.486,NA,"yes",NA,"yes","yes - has formed the present lake.",NA,"prevents movement of fish into lake.",NA,5.181,6.705,NA,16.667,NA,11.667,NA,7.7,NA,5.9,1.5,NA,NA,0,0,1,1,0,1,1,0,0,0,1,0,0,0,0,0,1,0,1,0,0,1,0,0,1,1,0,0,0,0,0,1,0,1,"warmouth; sand_shiner_least_darter","Lapeer_MinnewannaLake_SUMM_019.jpg","Lapeer_MinnewannaLake_SUMM_020.jpg"
58687916,"L9525","147103912","LAPEER","OTTER",9,"May",1962,NA,NA,NA,"heavy","light","heavy","light",NA,NA,35.965,2.438,NA,27.519,NA,NA,NA,1,NA,1,NA,15,NA,0,NA,NA,120,137,NA,NA,NA,NA,"no",NA,NA,"no",NA,NA,"yes",5.486,12.191,NA,25.556,NA,5,NA,8,NA,8,4.5,4.5,NA,0,0,1,0,0,1,0,0,0,0,0,0,0,0,0,0,1,0,0,0,0,1,0,0,1,1,0,0,0,0,0,0,0,1,NA,"Lapeer_Otter_SUMM_009.jpg","Lapeer_Otter_SUMM_010.jpg"
58687917,"L2158","147104023","LAPEER","TWINNORTH",29,"August",1956,29,"August",1956,"light","light","light","light",NA,NA,5.181,3.81,3.962,0.162,NA,NA,NA,0,NA,0,NA,0,NA,0,NA,NA,205,317,NA,NA,NA,NA,NA,NA,NA,NA,NA,NA,"yes",3.962,4.877,NA,23.333,NA,14.8,NA,11.3,5.8,5.7,0,0,NA,0,0,0,0,0,0,0,0,0,0,0,0,0,0,0,0,0,0,0,0,0,1,0,0,0,0,0,0,0,0,0,0,0,0,"green_sunfish","Lapeer_TwinNorth_SUMM_010.jpg","Lapeer_TwinNorth_SUMM_011.jpg"
58687918,"L2158","147104023","LAPEER","TWINSOUTH",29,"August",1956,29,"August",1956,"light","light","light","light",NA,NA,4.572,3.505,3.657,0.445,NA,100,NA,0,NA,0,NA,0,NA,0,NA,NA,188,260,NA,NA,NA,NA,"no",NA,NA,"no",NA,NA,"no",NA,NA,NA,23,NA,18.4,NA,NA,NA,NA,NA,NA,NA,0,0,0,0,0,0,0,0,0,0,0,0,0,0,0,0,0,0,0,0,0,0,0,0,0,0,0,0,0,0,0,0,0,0,"centrarchids","Lapeer_TwinSouth_SUMM_008.jpg","Lapeer_TwinSouth_SUMM_009.jpg"
58687919,"L10827","147104019","LAPEER","SAWTELL",20,"October",1948,21,"October",1948,"light","light","light","light",NA,NA,3.962,NA,NA,4.047,NA,100,NA,0,NA,0,NA,0,NA,0,NA,NA,NA,NA,NA,NA,NA,NA,"no",NA,NA,"no",NA,NA,"no",NA,NA,NA,NA,NA,NA,NA,NA,NA,NA,NA,NA,NA,0,0,1,0,0,1,0,0,0,0,0,0,0,0,0,0,0,0,0,0,0,1,0,0,1,0,0,0,0,0,0,0,0,0,"warmouth; mud_pickerel","Lapeer_Sawtell_SUMM_003.jpg","Lapeer_Sawtell_SUMM_004.jpg"
58687920,"L49013",NA,"LAPEER","WATTS",2,"August",1955,NA,"August",NA,"medium","medium","medium","medium",NA,NA,6.705,3.657,3.81,1.416,NA,NA,NA,0,NA,0,NA,0,NA,0,NA,NA,193,232,NA,NA,NA,NA,"no",NA,NA,"no",NA,NA,"yes",3.657,5.486,NA,31.111,NA,11.3,NA,7.6,NA,6.2,2.2,NA,NA,0,0,0,0,0,1,0,0,0,0,0,0,0,0,1,0,0,0,0,0,0,1,0,0,1,0,0,0,0,0,0,0,0,1,NA,"Lapeer_Watts_SUMM_015.jpg","Lapeer_Watts_SUMM_016.jpg"
58687921,"L7458","145332956","LIVINGSTON","BISHOP",13,"September",1973,13,"September",1973,"light","light","light","light",NA,NA,16.458,1.829,NA,48.159,NA,60,NA,0,NA,0,NA,0,NA,0,NA,NA,154,177,NA,NA,NA,NA,"no",NA,NA,"no",NA,NA,NA,6.096,7.62,NA,22.222,NA,10,NA,3,8,1,NA,1,NA,0,0,1,0,0,1,0,0,0,0,0,0,1,0,1,0,0,0,0,0,0,1,0,0,1,0,0,0,0,0,0,1,0,1,"minnow_sp; suckers; gar_pike","Livingston_Bishop_SUMM_001_A.jpg","Livingston_Bishop_SUMM_001_B.jpg"
58687922,"L10507","148710583","LIVINGSTON","CHEMUNG",14,"August",1956,14,"August",1956,"heavy","heavy","heavy","heavy",NA,NA,21.335,2.438,NA,125.455,NA,10,NA,3,NA,1,NA,300,NA,1,NA,NA,120,170,NA,NA,1.829,NA,"yes",NA,"yes","yes",NA,"prohibits most down stream movement","yes",NA,NA,NA,24.444,NA,10,NA,NA,NA,5.2,4,NA,NA,0,0,1,0,0,1,0,1,0,0,0,0,0,1,0,0,0,0,0,0,0,1,0,0,1,1,0,0,0,0,0,0,0,1,NA,"Livingston_Chemung_47-252_1956_SUMM_001_01.jpg","Livingston_Chemung_47-252_1956_SUMM_001_02.jpg"
58687923,"L49013",NA,"LAPEER","WATTS",11,"July",1963,7,"September",1966,"light","light","light","light",NA,NA,6.705,1.981,2.133,1.538,NA,NA,NA,0,NA,0,NA,0,NA,0,NA,NA,250,340,NA,NA,NA,NA,"yes",NA,"yes","yes - as part of fish barrier",NA,"restricts","yes",2.438,5.486,NA,23.333,NA,6.111,NA,8,NA,10.9,4,0,NA,0,0,0,0,0,0,0,0,0,0,0,0,0,0,0,0,0,0,0,0,0,1,0,0,0,0,0,0,0,0,0,0,0,0,"largemouth_bass_only","Lapeer_Watts_SUMM_017.jpg","Lapeer_Watts_SUMM_018.jpg"
58687924,"L17581","145333772","LIVINGSTON","GALLAGHER",19,"July",1939,29,"July",1939,"heavy","medium","mediumtoheavy","medium",NA,NA,10.058,2.438,NA,30.919,NA,5,NA,0,NA,0,NA,4,NA,0,NA,NA,188,191,NA,2.43,NA,NA,"no",NA,NA,"no",NA,NA,"yes",1.219,2.743,NA,23.1,24.8,10.2,11.1,7.4,7.6,NA,NA,0,2.5,1,0,1,0,0,1,1,0,1,0,0,0,0,0,0,0,0,0,1,1,0,1,0,0,0,1,0,0,0,0,0,0,0,1,"pumpkinseed_longeared_sunfish; sand_shiner_blackbanded_top_minnow_log_perch_silversides_blacksided_darter; gar_pike","Livingston_Gallagher_47-102_1939_SUMM_001_01.jpg","Livingston_Gallagher_47-102_1939_SUMM_001_02.jpg"
58687925,"L17581","145333772","LIVINGSTON","GALLAGHER",7,"September",1973,7,"September",1973,"light","light","light","light",NA,NA,9.144,1.219,NA,30.757,NA,15,NA,NA,NA,NA,NA,NA,NA,NA,NA,NA,222,274,NA,NA,NA,NA,"no",NA,"no","no",NA,"no",NA,6.096,8.534,NA,25,NA,15,NA,0,7,0,NA,0,NA,0,0,1,0,0,1,0,0,0,0,0,0,1,0,0,0,0,0,0,0,0,0,0,0,1,0,0,0,0,0,1,0,0,1,"minnow_sp","Livingston_Gallagher_47-102_1973_SUMM_001_01.jpg","Livingston_Gallagher_47-102_1973_SUMM_001_02.jpg"
58687926,"L48307","145333723","LIVINGSTON","STRAWBERRY",13,"July",1939,15,"July",1939,"heavy","medium","mediumtoheavy","medium",NA,NA,15.849,2.591,2.692,103.966,NA,5,NA,0,NA,0,NA,150,NA,0,NA,NA,179,196,NA,1.79,NA,NA,"no",NA,NA,"no",NA,NA,"yes",1.524,3.353,NA,25.6,28.2,7.4,8.4,6.8,7.9,NA,NA,0,2.25,0,0,0,0,0,1,1,0,1,0,0,0,0,0,0,1,0,0,0,1,0,1,0,1,1,1,0,1,1,0,0,0,0,1,"green_sunfish; log_perch_blacksided_darters_silversides","Livingston_Strawberry_47-101_1939_SUMM_001_01.jpg","Livingston_Strawberry_47-101_1939_SUMM_001_02.jpg"
58687927,"L11411","148710561","LIVINGSTON","THOMPSON",21,"August",1973,21,"August",1973,"medium","medium","medium","medium",NA,NA,16.154,3.962,NA,106.03,NA,60,NA,0,NA,0,NA,NA,NA,0,NA,NA,205.2,NA,NA,NA,NA,NA,"yes",NA,"no","2 present",NA,"no",NA,5.486,7.62,NA,22.778,NA,7.222,NA,6.5,7.2,0.5,4,0,NA,0,0,0,0,0,1,0,0,0,0,0,0,1,0,0,0,0,0,0,0,0,1,0,0,1,0,0,0,0,0,0,0,0,1,"minnow_sp","Livingston_Thompson_SUMM_001_A.jpg","Livingston_Thompson_SUMM_001_B.jpg"
58687928,"L17858","145333723","LIVINGSTON","ZUKEY",11,"July",1939,NA,NA,NA,"medium","medium","medium","medium",NA,NA,13.411,2.083,NA,62.606,NA,60,NA,1,NA,2,NA,60,70,0,NA,NA,184,198,NA,1.5,NA,NA,"no",NA,NA,"no",NA,NA,"yes",1.829,3.657,NA,25.4,27,8.8,11.2,6.1,7.4,NA,NA,1.25,4.35,1,1,0,0,1,1,1,0,1,0,0,0,0,0,0,1,1,0,1,1,0,1,1,1,0,1,0,0,1,0,1,0,1,0,"sunfish; brassy_minnow_spottailed_tail_shiner_fundulus_log_perch_lake_emerald_shiner_sand_shiner","Livingston_Zukey_47-97_1939_SUMM_001_01.jpg","Livingston_Zukey_47-97_1939_SUMM_001_02.jpg"
58687929,"L8242","145331046","LIVINGSTON","SILVER",28,"August",1940,30,"August",1940,"heavy","heavy","heavy","heavy",NA,NA,12.801,2.743,NA,61.514,NA,40,NA,3,NA,2,NA,100,NA,0,NA,NA,122,170,NA,1.13,0.305,NA,"yes",NA,NA,"yes",NA,"?","yes",8.229,9.144,NA,20,20.4,13.2,NA,4.9,7.5,NA,NA,0,3.4,0,0,1,0,1,1,1,0,1,0,0,0,0,0,0,0,0,0,1,0,0,1,1,0,1,1,0,0,1,0,0,0,1,0,"green_sunfish_warmouth_bass; strawcolored_coloured_shiner; gar_pike","Livingston_Silver_47-135_1940_SUMM_001_01.jpg","Livingston_Silver_47-135_1940_SUMM_001_02.jpg"
58687930,"L48307","145333723","LIVINGSTON","STRAWBERRY",7,"September",1973,7,"September",1973,"light","light","light","light",NA,NA,15.239,1.524,NA,104.006,NA,30,NA,NA,NA,NA,NA,NA,NA,NA,NA,NA,222,342,NA,NA,NA,NA,"no",NA,"no","no",NA,"none",NA,3.962,9.144,NA,23.889,NA,8.889,NA,1,6,0,NA,0,NA,0,0,1,0,0,1,0,1,0,0,0,0,1,0,1,0,0,0,0,0,0,1,0,0,1,0,0,0,0,0,1,1,0,1,"minnow_sp; suckers; carp","Livingston_Strawberry_47-101_1973_SUMM_001_01.jpg","Livingston_Strawberry_47-101_1973_SUMM_001_02.jpg"
58687931,"L28072","109944360","LUCE","BEAVERHOUSE",30,"August",1954,4,"September",1954,"light","none","light","none",NA,NA,19.201,6.553,NA,16.997,NA,60,NA,0,NA,0,NA,0,NA,0,NA,NA,15,20,NA,NA,NA,NA,"no",NA,NA,"none",NA,NA,NA,6.096,9.753,NA,18.889,21.667,5.556,8.889,8.9,NA,1,1,0,11.7,0,0,0,0,1,0,0,0,0,0,1,0,0,0,0,0,0,0,1,0,0,0,0,0,0,1,0,0,1,0,0,1,0,1,"mud_mudminnow","Luce_Beaverhouse_SUMM_001_A.jpg","Luce_Beaverhouse_SUMM_001_B.jpg"
58687932,"L24393","86671161","LUCE","BASS",29,"June",1954,3,"July",1954,"medium","light","lighttomedium","light",NA,NA,23.773,4.877,NA,31.161,NA,19.5,NA,0,NA,0,NA,36,NA,0,NA,NA,112,130,NA,NA,NA,NA,"no",NA,NA,"none",NA,NA,NA,5.486,10.667,NA,19.444,23.333,5.1,NA,8.6,NA,4.2,NA,0.3,4.2,0,0,1,0,0,0,1,0,0,0,0,0,0,0,0,0,0,0,1,1,0,1,0,0,0,1,0,0,1,0,1,1,0,1,"sculpin_creek_chub_down_darter; c_w_sucker","Luce_Bass_SUMM_003_A.jpg","Luce_Bass_SUMM_004_B.jpg"
58687933,"L29944","86671053","LUCE","BELLE",29,"June",1953,6,"July",1953,"light","none","light","none",NA,NA,12.191,NA,NA,10.117,NA,60,NA,NA,NA,NA,NA,NA,NA,NA,NA,NA,NA,NA,NA,NA,0.457,NA,"yes",NA,"yes","beaver",NA,"partial",NA,NA,NA,NA,17.222,18.333,NA,NA,NA,NA,NA,NA,NA,NA,0,0,0,0,1,0,0,0,0,0,0,0,0,0,0,0,1,0,0,0,0,0,0,0,0,1,0,1,1,0,0,1,0,1,"common_darters","Luce_Belle_SUMM_002_A.jpg","Luce_Belle_SUMM_002_B.jpg"
58687934,"L29944","86671053","LUCE","BELLE",29,"June",1953,6,"July",1953,"light","none","light","none",NA,NA,5.181,NA,NA,10.117,NA,85,NA,0,NA,0,NA,0,NA,0,NA,NA,57,64,NA,NA,0.457,NA,"yes",NA,"yes","beaver",NA,"partial",NA,NA,NA,NA,21.111,22.778,NA,NA,9,NA,NA,NA,NA,NA,0,0,0,0,1,0,0,0,0,0,0,0,0,0,0,0,1,0,1,0,0,0,0,0,0,1,0,1,1,0,0,1,0,1,"darter","Luce_Belle_SUMM_001_A.jpg","Luce_Belle_SUMM_001_B.jpg"
58687935,"L24393","86671161","LUCE","BASS",6,"August",1952,7,"August",1952,"medium","medium","medium","medium",NA,NA,19.811,NA,NA,72.845,NA,10,20,NA,NA,NA,NA,0,NA,NA,NA,NA,NA,NA,NA,NA,NA,NA,NA,NA,NA,NA,NA,NA,NA,8.229,13.715,NA,21,NA,8,NA,9.8,9.5,5.5,9.5,4.9,NA,0,0,0,0,0,0,0,0,0,0,0,0,1,0,0,0,0,0,0,0,0,1,0,0,0,1,0,1,1,0,0,0,0,1,NA,"Luce_Bass_SUMM_001_A.jpg","Luce_Bass_SUMM_001_B.jpg"
58687936,"L29944","86671053","LUCE","BELLE",2,"July",1953,2,"July",1953,"none","none","none","none",NA,NA,1.524,NA,NA,5.018,NA,100,NA,0,NA,0,NA,0,NA,0,NA,NA,NA,NA,NA,NA,NA,NA,"no",NA,NA,"no",NA,NA,NA,NA,NA,NA,26.111,NA,NA,NA,NA,NA,NA,NA,NA,NA,0,0,0,0,0,0,1,0,0,0,0,0,0,0,0,0,1,0,0,0,0,0,0,0,0,1,0,1,0,0,0,0,0,1,NA,"Luce_Belle_SUMM_003_A.jpg","Luce_Belle_SUMM_003_B.jpg"
58687937,"L29477","109943412","LUCE","BODI",12,"October",1949,NA,NA,NA,"light","none","light","none",NA,NA,NA,NA,NA,121.408,NA,NA,NA,1,NA,1,NA,NA,NA,NA,NA,NA,NA,NA,NA,NA,NA,NA,NA,NA,NA,NA,NA,NA,NA,NA,NA,NA,13.889,NA,NA,NA,NA,NA,NA,NA,NA,NA,0,0,0,0,0,0,0,0,0,0,0,0,1,0,0,0,0,0,0,0,0,0,0,0,1,1,0,0,0,0,0,0,0,1,NA,"Luce_Bodi_SUMM_001_A.jpg","Luce_Bodi_SUMM_001_B.jpg"
58687938,"L31167","109943654","LUCE","LITTLEPIKE",16,"July",1947,24,"July",1947,"medium","none","medium","none",NA,NA,NA,3.048,NA,118.171,NA,25,35,1,NA,1,NA,6,8,NA,NA,NA,26,NA,NA,NA,NA,NA,"no",NA,NA,"none",NA,NA,"yes",6.096,9.144,NA,21.3,NA,12,NA,NA,NA,NA,NA,NA,NA,0,0,0,0,1,1,1,0,0,0,0,0,0,0,0,0,0,0,0,0,0,0,0,0,1,0,0,1,0,0,0,1,0,1,"cottus; suckers","Luce_LittlePike_SUMM_001_A.jpg","Luce_LittlePike_SUMM_001_B.jpg"
58687939,"L28168","109943604","LUCE","MUSKALLONGE",27,"August",1936,NA,NA,NA,NA,NA,NA,NA,"yes","permitted",6.096,4,NA,317.685,NA,NA,NA,NA,NA,NA,NA,NA,NA,NA,NA,"state forest camp grounds. boat landings  cottages",NA,NA,NA,NA,NA,NA,NA,NA,NA,"-","-",NA,NA,NA,NA,NA,17.3,NA,16.8,NA,9.8,NA,NA,NA,NA,NA,0,0,0,0,0,0,0,0,0,0,0,0,1,0,0,1,0,0,0,0,0,1,0,0,1,0,0,1,1,0,0,1,0,1,"bullhead; minnows_nonspecific; suckers","Luce_Muskallonge_SUMM_001_A.jpg","Luce_Muskallonge_SUMM_001_B.jpg"
58687942,"L23741","109944280","LUCE","PRATT",1,"August",1955,5,"August",1955,"medium",NA,"medium",NA,NA,NA,11.887,5.486,NA,9.753,NA,60,NA,0,NA,0,NA,0,NA,0,NA,NA,3,12,NA,NA,NA,NA,"no",NA,NA,"none",NA,NA,NA,8.229,9.753,NA,25.556,26.667,16.944,NA,7.6,6,0,6.6,NA,NA,0,0,0,0,0,1,1,0,0,0,0,0,0,0,0,0,0,0,0,0,0,0,0,0,0,0,0,0,1,0,0,1,0,1,"pearl_dace","Luce_Pratt_SUMM_001_A.jpg","Luce_Pratt_SUMM_001_B.jpg"
58687943,"L27031","86671829","LUCE","TWIN",NA,NA,1948,NA,NA,1960,"light","light","light","light",NA,NA,18.592,NA,NA,41.684,NA,NA,NA,NA,NA,1,NA,NA,NA,NA,NA,NA,NA,NA,NA,2,NA,NA,"no",NA,"no","no",NA,"Ss",NA,NA,NA,NA,NA,NA,NA,NA,NA,NA,NA,NA,NA,NA,0,0,0,0,0,1,0,0,0,1,0,0,0,0,0,0,0,0,0,0,0,0,0,0,1,1,0,0,1,0,0,1,0,1,"minnows","Luce_Twin_SUMM_001_A.jpg","Luce_Twin_SUMM_001_B.jpg"
58687944,"L23894","109944380","LUCE","TANK",19,"July",1949,20,"July",1949,"light","none","light","unaccessible",NA,NA,14.325,6.4,NA,8.094,NA,20,NA,NA,NA,NA,NA,1,NA,NA,NA,NA,3,24,NA,1,NA,NA,NA,NA,NA,NA,NA,NA,"yes",4.877,8.229,NA,21.111,22.778,7,7.1,8.2,8,NA,NA,11.8,0.6,0,0,0,0,0,0,0,0,0,0,0,0,0,0,0,0,1,0,0,0,0,0,0,0,0,1,0,0,0,0,0,0,0,1,"minnow","Luce_Tank_SUMM_001_A.jpg","Luce_Tank_SUMM_001_B.jpg"
58687945,"L30038","86671343","LUCE","SYPHON",31,"July",1947,31,"July",1947,"none","none","probablynone","none",NA,NA,14.325,4.572,NA,2.55,NA,NA,NA,NA,NA,NA,NA,1,NA,NA,NA,NA,3,11,NA,NA,NA,NA,NA,NA,NA,NA,NA,NA,NA,3.048,6.096,NA,15,NA,6.667,NA,8.6,NA,4.2,8.6,0.67,4.2,0,0,0,0,0,1,0,0,0,0,0,0,0,0,0,0,0,0,0,0,0,0,0,0,0,0,0,0,0,0,0,0,0,0,NA,"Luce_Syphon_SUMM_001_A.jpg","Luce_Syphon_SUMM_001_B.jpg"
58687946,"L31794","109944316","LUCE","PRETTY",7,"September",1954,9,"September",1954,"light","none","light","none",NA,NA,20.725,10.667,NA,19.021,NA,25,NA,0,NA,0,NA,1,NA,0,NA,NA,4,5,NA,NA,NA,NA,"no",NA,"no","none",NA,"none",NA,9.144,11.277,NA,17.778,NA,7.778,NA,8.7,NA,9,11.9,6,12.6,0,0,0,0,0,0,0,0,0,0,0,0,0,0,0,0,0,0,1,0,0,0,0,0,0,0,0,0,1,0,0,0,0,1,NA,"Luce_Pretty_SUMM_001_A.jpg","Luce_Pretty_SUMM_001_B.jpg"
58687947,"L30038","86671343","LUCE","SYPHON",13,"October",1949,13,"October",1949,"light",NA,"light",NA,NA,NA,14.325,NA,NA,2.428,NA,NA,NA,NA,NA,NA,NA,1,NA,NA,NA,NA,NA,NA,NA,NA,NA,NA,NA,NA,"no",NA,NA,"none",NA,NA,NA,NA,13.333,NA,NA,NA,NA,NA,NA,NA,NA,NA,0,0,0,0,0,1,0,0,0,0,0,0,0,0,0,0,0,0,0,0,0,0,0,0,0,0,0,0,0,0,0,0,0,1,NA,"Luce_Syphon_SUMM_002_A.jpg","Luce_Syphon_SUMM_002_B.jpg"
58687948,"L7218","118044901","MACKINAC","BREVROOT",27,"July",1942,10,"August",1942,"medium","none","medium","notopen",NA,NA,9.144,1.829,3.048,1711.858,NA,NA,NA,9,NA,9,NA,110,NA,1,NA,NA,78,87,NA,1.5,1.219,NA,"yes",NA,"yes","yes",NA,"prevents movement of fish to and from the lake","no",NA,NA,NA,21,23.2,20.8,21.7,7.1,7.8,NA,NA,7,7.1,0,1,0,0,0,1,1,0,0,0,0,0,0,0,1,1,1,0,1,1,0,0,0,0,1,0,0,0,0,0,0,1,0,1,"sunfish_muskie; sand_shiner; carp_and_gar_reported_but_not_sighted","Mackinac_Brevroot_SUMM_001_A.jpg","Mackinac_Brevroot_SUMM_001_B.jpg"
58687949,"L24096","123111060","MACKINAC","EAST",27,"July",1948,NA,"July",NA,"medium",NA,"medium",NA,NA,NA,5.486,NA,NA,402.671,NA,95,NA,2,NA,1,NA,6,NA,NA,NA,NA,NA,NA,NA,NA,NA,NA,"no",NA,NA,"no",NA,NA,NA,NA,NA,NA,NA,NA,NA,NA,NA,NA,NA,NA,NA,NA,0,0,0,0,0,0,0,0,0,0,1,0,0,0,0,0,0,0,0,0,0,0,0,0,1,0,0,0,0,0,0,1,0,1,NA,"Mackinac_East_SUMM_001_A.jpg","Mackinac_East_SUMM_001_B.jpg"
58687950,"L18128","60089362","MANISTEE","BEAR",16,"June",1947,2,"July",1947,"heavy","medium","heavy","medium",NA,NA,7.2,NA,NA,705.787,NA,NA,NA,3,NA,NA,NA,NA,NA,2,NA,NA,NA,NA,NA,NA,NA,NA,"no",NA,NA,"none",NA,NA,NA,NA,NA,NA,NA,NA,NA,NA,NA,NA,NA,NA,NA,NA,1,0,0,0,0,1,1,1,0,0,1,0,0,0,0,0,0,0,0,0,0,1,0,1,1,0,0,1,1,0,1,1,0,1,"sunfish_brown_bullhead; bluntnose_minnows","Manistee_Bear_SUMM_001_A.jpg","Manistee_Bear_SUMM_001_B.jpg"
58687951,"L41748","110734343","MARQUETTE","ARFELIN",27,"July",1954,29,"July",1954,"light","none","light","none",NA,NA,10.667,NA,NA,20.235,NA,20,NA,0,NA,0,NA,0,NA,0,NA,NA,NA,NA,NA,NA,0.61,NA,"yes",NA,"yes","old beaver dam now out",NA,"probably prevents movement upstream movements.","yes",3.657,9.144,NA,23.3,NA,9.1,NA,4.5,NA,NA,NA,7.6,4,0,0,0,0,0,0,0,0,0,0,0,0,1,0,0,0,1,0,0,0,0,0,0,0,0,0,0,0,0,0,0,1,0,1,"creek_chub; long_nose_sucker","Marquette_Arfelin_52-1585_1954_SUMM_001_01.jpg","Marquette_Arfelin_52-1585_1954_SUMM_001_02.jpg"
58687952,"L17513","{394AFB10-39A1-488C-8638-A0EEC17BEB97}","MANISTEE","PORTAGE",22,"October",1948,22,"October",1948,"medium","heavy","medium","heavy",NA,NA,18.287,NA,NA,1051.396,NA,NA,NA,2,NA,NA,NA,NA,NA,3,NA,NA,NA,NA,NA,NA,NA,NA,"no",NA,NA,"none",NA,NA,NA,NA,NA,NA,NA,NA,NA,NA,NA,NA,NA,NA,NA,NA,0,0,0,0,0,1,0,1,0,0,0,0,0,0,1,0,0,0,0,0,0,0,1,0,1,0,0,1,1,0,1,1,0,1,"carp_redhorse","Manistee_Portage_SUMM_001_A.jpg","Manistee_Portage_SUMM_001_B.jpg"
58687953,"L32609","109946486","MARQUETTE","BIGTROUT",29,"August",1938,30,"August",1938,"light",NA,"light",NA,NA,NA,6.705,2.133,2.133,10.805,NA,50,NA,0,NA,0,NA,0,NA,0,NA,NA,52,54,NA,1.47,0.914,NA,"yes",NA,"yes","beaver dam",NA,"stops fish movement except in very high water","yes",3.657,6.4,NA,19.9,NA,11.8,NA,7.2,NA,NA,NA,3.8,NA,0,0,0,0,1,0,0,0,0,1,0,0,0,0,0,0,1,0,0,0,0,0,0,0,0,0,0,0,0,0,0,1,0,1,"semotilus_northern_redbellied_dace_northern_fine_finescaled_dace_margariscus_sp","Marquette_BigTrout_SUMM_001_A.jpg","Marquette_BigTrout_SUMM_001_B.jpg"
58687954,"L45492","152512555","MARQUETTE","BASS",29,"June",1954,3,"July",1954,"medium","light","lighttomedium","light",NA,NA,23.773,4.877,NA,31.161,NA,19.5,NA,0,NA,0,NA,36,NA,0,NA,NA,112,130,NA,NA,NA,NA,"no",NA,NA,"none",NA,NA,NA,5.486,10.667,NA,19.444,23.333,5.1,NA,8.6,NA,4.2,NA,0.3,4.2,0,0,1,0,0,0,1,0,0,0,0,0,0,0,0,0,0,0,1,1,0,1,0,0,0,1,0,0,1,0,1,1,0,1,"sculpin_creek_chub","Marquette_Bass2_SUMM_001_A.jpg","Marquette_Bass2_SUMM_001_B.jpg"
58687957,"L41748","110734343","MARQUETTE","ARFELIN",11,"June",1969,12,"June",1969,"medium","light","medium","light",NA,NA,12.191,NA,NA,26.912,NA,20,NA,0,NA,0,NA,40,NA,0,NA,NA,0,15,NA,NA,0.61,NA,"yes",NA,"yes","rock dam",NA,"partial barrier during low water periods.",NA,6.096,9.144,NA,18.889,NA,8.889,NA,8,NA,1,7,0,NA,0,0,0,0,0,0,0,0,0,0,0,0,0,0,0,1,0,0,0,0,0,0,0,0,1,0,1,0,0,0,0,1,0,1,"splake_trout","Marquette_Arfelin_52-1585_1969_SUMM_001_01.jpg","Marquette_Arfelin_52-1585_1969_SUMM_001_02.jpg"
58687959,"L35457","152512180","MARQUETTE","CLEAR",12,"September",1955,NA,NA,NA,"none","none","none","none",NA,NA,9.144,3.657,NA,13.153,NA,30,NA,0,NA,0,NA,0,NA,0,NA,NA,5,23,NA,NA,NA,NA,"no",NA,NA,"none",NA,NA,NA,5.486,6.4,NA,16.111,NA,8.389,NA,6.9,8.4,0.5,6.9,0,0.5,0,0,0,0,0,0,0,0,0,0,0,0,0,0,0,0,0,0,0,0,0,0,0,0,0,0,0,0,0,0,0,0,0,0,NA,"Marquette_Clear_SUMM_001_A.jpg","Marquette_Clear_SUMM_001_B.jpg"
58687963,"L35120","152512217","MARQUETTE","FISH",27,"August",1946,28,"August",1946,NA,NA,NA,NA,NA,NA,9.144,1.067,NA,63.132,NA,NA,NA,NA,NA,NA,NA,15,NA,0,NA,NA,18,30,NA,NA,NA,NA,NA,NA,NA,NA,NA,NA,"yes",5.181,9.144,"yes",17.9,NA,14.3,NA,NA,NA,1.3,NA,NA,NA,0,0,0,0,0,0,0,0,0,0,0,0,0,0,0,0,0,0,0,0,0,0,0,0,0,0,0,0,1,0,0,0,0,0,NA,"Marquette_Fish_SUMM_001_A.jpg","Marquette_Fish_SUMM_001_B.jpg"
58687965,"L40561","105233829","MARQUETTE","TEAL",27,"August",1946,NA,NA,NA,"medium","medium","medium","medium",NA,NA,9.753,1.676,NA,188.588,NA,NA,NA,2,NA,NA,NA,NA,NA,NA,NA,NA,35,NA,NA,NA,NA,NA,NA,NA,NA,NA,NA,NA,"no",NA,NA,NA,87.778,NA,18.8,NA,NA,NA,NA,NA,NA,NA,0,0,0,0,0,0,0,0,0,0,0,0,0,0,0,0,0,0,0,0,0,0,0,0,0,0,0,0,0,0,1,0,0,1,NA,"Marquette_Teal_SUMM_001_A.jpg","Marquette_Teal_SUMM_001_B.jpg"
58687966,"L32244","152512179","MARQUETTE","WOLF",12,"June",1969,13,"June",1969,"medium","light","medium","light",NA,NA,3.962,NA,NA,50.182,NA,100,NA,0,NA,0,NA,3,NA,0,NA,NA,34.2,NA,NA,NA,0.762,NA,"yes",NA,"yes","yes",NA,"only during low water",NA,NA,NA,NA,20,NA,20,NA,8,NA,NA,NA,NA,NA,0,0,0,0,0,0,0,0,0,1,0,1,0,0,0,1,0,0,0,0,0,0,0,0,0,0,1,0,0,0,0,1,0,0,"creek_chub","Marquette_Wolf_52-1356_1969_SUMM_001_01.jpg","Marquette_Wolf_52-1356_1969_SUMM_001_02.jpg"
58687967,"L32244","152512179","MARQUETTE","WOLF",5,"July",1950,6,"July",1950,"light","none","light","none",NA,NA,3.962,NA,NA,NA,NA,NA,NA,NA,NA,NA,NA,20,NA,NA,NA,NA,8,11,NA,NA,NA,NA,NA,NA,NA,NA,NA,NA,"no",NA,NA,NA,20,NA,17.3,NA,9.7,6.3,NA,NA,NA,NA,0,0,0,0,1,0,0,0,0,0,0,0,0,0,0,1,1,0,1,0,0,0,0,0,0,0,0,0,0,0,0,1,0,1,"green_sunfish; creek_chub","Marquette_Wolf_SUMM_001_A.jpg","Marquette_Wolf_SUMM_001_B.jpg"
58687970,"L45623","75475805","MENOMINEE","LAKEANN",7,"July",1940,8,"July",1940,"medium","medium","medium","medium",NA,NA,8.839,1.676,NA,8.58,NA,19.7,NA,1,NA,0,NA,0,NA,0,NA,NA,165,193,NA,1.2,NA,NA,"no",NA,NA,"none",NA,NA,"yes",1.219,4.572,NA,26,19.4,7.8,NA,6.4,6.4,NA,NA,3.51,4.2,0,0,1,0,0,1,1,1,0,0,0,0,1,0,0,0,1,0,0,1,0,1,0,0,1,1,0,1,0,0,0,1,0,1,"bullheads","Menominee_LakeAnn_SUMM_001_A.jpg","Menominee_LakeAnn_SUMM_001_B.jpg"
58687975,"L1856","121857955","MISSAUKEE","MISSAUKEE",12,"August",1941,14,"August",1941,"heavy","medium","heavy","medium",NA,NA,8.382,2.438,NA,803.399,NA,70,NA,5,NA,7,NA,93,NA,2,NA,NA,95,95,NA,1.58,NA,NA,"no",NA,"no","none",NA,"none","no",NA,NA,NA,21.7,NA,20.7,NA,8.4,7.7,NA,NA,NA,NA,1,0,0,0,1,1,1,0,0,0,0,0,0,0,0,1,0,0,0,0,0,1,0,0,1,1,0,1,1,0,1,1,0,1,"pumpkinseed__bluegill_hybrid; topminnow_killifish; common_sucker","Missaukee_Missaukee_SUMM_001_A.jpg","Missaukee_Missaukee_SUMM_001_B.jpg"
58687976,"L3097","113471013","MONTMORENCY","CROOKED",22,"August",1942,25,"August",1942,"medium","light","lighttomedium","light",NA,NA,15.544,5.791,NA,18.818,NA,55.7,NA,1,NA,0,NA,14,NA,0,NA,NA,175,197,NA,2.2,NA,NA,"no",NA,NA,"none",NA,NA,"yes",2.743,10.058,NA,21.2,19.8,5.3,11.2,6.6,8,NA,NA,0,3,0,0,0,0,1,1,1,0,0,1,0,0,0,1,0,1,0,0,1,1,0,1,0,0,1,1,0,1,1,0,1,1,0,1,"hornyhead_chub_creek_chub_mud_blacksided_rainbow_darter_least_darter_mud_minnow_rainbow_darter","Montmorency_Crooked_SUMM_001_A.jpg","Montmorency_Crooked_SUMM_001_B.jpg"
58687977,"L5751","113471035","MONTMORENCY","GAYLANTA",17,"February",1960,17,"February",1960,"medium","none","medium","none",NA,NA,15.239,NA,NA,46.54,NA,NA,NA,NA,NA,NA,NA,NA,NA,NA,NA,NA,NA,NA,NA,NA,NA,NA,"no",NA,NA,"none",NA,NA,NA,NA,NA,NA,NA,NA,NA,NA,NA,NA,NA,NA,NA,NA,0,0,0,0,0,1,0,0,0,0,0,0,0,0,0,0,0,0,0,0,0,0,0,0,0,0,0,0,1,0,0,1,0,1,"perch","Montmorency_Gaylanta_SUMM_001_A.jpg","Montmorency_Gaylanta_SUMM_001_B.jpg"
58687979,"L8066","113470463","MONTMORENCY","RUSH",21,"June",1955,29,"June",1955,"heavy","medium","mediumtoheavy","medium",NA,NA,9.144,2.438,NA,90.652,NA,80,NA,4,NA,4,NA,64,NA,1,NA,NA,148,158,NA,NA,3.353,NA,"yes",NA,"yes","yes",NA,"fish can pass over but cannot get back into rush lake except at times of high water.",NA,4.572,5.334,NA,19.444,21.667,16.111,NA,8.3,7.7,7.3,3.8,0.8,1.1,0,1,0,0,0,1,1,0,0,0,1,0,0,0,0,0,0,0,1,0,0,1,0,0,1,1,0,1,1,0,0,0,0,1,"redbelly_dace","Montmorency_Rush_SUMM_001_A.jpg","Montmorency_Rush_SUMM_001_B.jpg"
58687980,"L29922","121861004","MUSKEGON","EASTTWIN",29,"August",1956,30,"August",1956,NA,NA,NA,NA,NA,NA,5.791,2.743,NA,44.921,NA,90,NA,1,NA,1,NA,35,NA,0,NA,NA,25,NA,NA,NA,NA,NA,"no",NA,NA,"none",NA,NA,"no",NA,NA,NA,23.333,NA,20.556,NA,7.4,6.9,NA,NA,NA,NA,0,0,0,0,0,1,0,0,0,0,0,0,0,0,0,0,0,0,0,0,0,1,0,0,1,1,0,0,0,0,0,0,1,1,"green_sunfish","Muskegon_EastTwin_SUMM_001_A.jpg","Muskegon_EastTwin_SUMM_001_B.jpg"
58687982,"L16856","121864970","NEWAYGO","SYLVAN",15,"September",1947,18,"September",1947,"medium","light","medium","light",NA,NA,18.592,3.353,NA,45.73,NA,10,NA,0,NA,1,NA,25,30,0,NA,NA,110,163,NA,1.3,0.381,NA,"yes",NA,"no","in penoyer creek",NA,"practically none","yes",5.486,10.972,NA,23.722,NA,6.889,NA,NA,NA,NA,NA,NA,NA,0,0,1,0,0,1,1,0,0,0,0,0,0,0,0,0,0,0,1,1,0,1,0,0,1,0,0,1,1,0,1,0,0,1,"green_sunfish_pike_perch","Newaygo_Sylvan_SUMM_001_A.jpg","Newaygo_Sylvan_SUMM_001_B.jpg"
58687984,"L11166","147104900","OAKLAND","BIGSEVEN",3,"September",1971,NA,NA,NA,"light","light","light","light",NA,NA,17.678,NA,NA,68.798,NA,50,NA,0,NA,0,NA,0,NA,0,NA,NA,220,270,NA,NA,4.572,NA,"yes",NA,"yes","yes",NA,"blocks upstream movement","yes",6.096,9.144,NA,22.222,23.889,7.778,NA,1,7,NA,NA,0,NA,0,0,1,0,0,1,0,1,0,0,0,0,0,0,1,0,1,0,0,0,0,1,0,0,1,0,0,0,0,0,0,0,0,0,"panfish_; chubsucker; carp_dogfish","Oakland_BigSeven_SUMM_001_A.jpg","Oakland_BigSeven_SUMM_001_B.jpg"
58687988,"L4661","146647005","OAKLAND","LITTLESILVER",27,"September",1950,27,"September",1950,"heavy","medium","heavy","medium",NA,NA,9.144,NA,NA,14.367,NA,NA,NA,NA,NA,NA,NA,10,NA,NA,NA,NA,NA,NA,NA,NA,NA,NA,"no",NA,NA,"no",NA,NA,"yes",3.657,6.096,NA,28.889,NA,7.778,NA,8.3,NA,NA,NA,0.4,NA,0,0,1,0,0,1,0,1,0,0,0,0,0,0,0,0,0,0,0,0,0,1,0,0,1,0,0,0,0,0,0,0,0,1,"crappies_largemouth_bass; garpike","Oakland_LittleSilver_SUMM_001_A.jpg","Oakland_LittleSilver_SUMM_001_B.jpg"
58687989,"L19098","145331021","OAKLAND","LOWERPETTIBONE",NA,"October",1952,NA,"October",NA,"heavy","medium","heavy","medium",NA,NA,12.496,4.267,NA,36.018,NA,NA,NA,1,NA,0,NA,60,NA,0,NA,NA,146,173,NA,NA,NA,NA,"no",NA,NA,"no",NA,NA,"yes",4.572,9.144,NA,27.222,NA,8.333,NA,8.4,NA,9.5,3,0,NA,0,0,0,0,0,1,0,0,0,0,0,0,1,0,0,0,0,0,0,0,0,1,0,0,1,0,0,0,0,0,0,0,0,1,NA,"Oakland_LowerPettibone_63-564_1952_SUMM_001_01.jpg","Oakland_LowerPettibone_63-564_1952_SUMM_001_02.jpg"
58687992,"L7788","146647136","OAKLAND","PLEASANT",13,"September",1936,14,"September",1936,"heavy",NA,"mediumtoheavy",NA,NA,NA,9.144,3.353,NA,35.168,NA,60,NA,2,NA,0,NA,0,NA,0,NA,NA,100,113,NA,1.12,NA,NA,NA,NA,NA,NA,NA,NA,"yes",6.4,9.144,NA,23.5,NA,14,NA,3.4,7.4,NA,NA,0.2,NA,1,0,0,1,1,1,1,0,1,0,0,0,0,0,0,0,0,0,0,0,1,0,0,0,1,1,0,0,0,0,0,0,0,1,"mud_pickerel; strawcolored_shiner","Oakland_Pleasant_63-915_1936_SUMM_001_01.jpg","Oakland_Pleasant_63-915_1936_SUMM_001_02.jpg"
58687993,"L13070","147104729","OAKLAND","PHIPPS",17,"July",1951,NA,"July",NA,"light","none","light","none",NA,NA,8.534,NA,NA,21.854,NA,85,NA,NA,NA,NA,NA,0,NA,NA,NA,NA,100,NA,NA,NA,1.219,NA,"yes",NA,"yes","yes",NA,"impassable",NA,3.048,6.096,NA,26.111,NA,9.444,NA,9.4,NA,8.2,NA,7.6,NA,0,0,1,0,0,1,0,0,0,0,0,0,0,0,0,0,0,0,0,0,0,1,0,0,1,1,0,0,0,0,0,0,1,0,"warmouth","Oakland_Phipps_63-1393_1951_SUMM_001_01.jpg","Oakland_Phipps_63-1393_1951_SUMM_001_02.jpg"
58687994,"L16673","82818800","OCEANA","CAMPBELL",21,"August",1956,27,"August",1956,"heavy","medium","heavy","mediumtolight",NA,NA,12.496,1.829,NA,75.678,NA,50,NA,2,NA,2,NA,25,NA,2,2,NA,65,76,NA,NA,NA,NA,"no",NA,NA,"no",NA,NA,NA,3.81,6.858,NA,21.667,NA,9.444,NA,6.7,7.7,7.7,0,0,NA,1,0,1,1,0,1,1,0,1,0,1,0,0,0,0,1,1,0,1,1,0,1,0,0,1,1,0,1,0,0,0,1,1,1,"least_darter","OCEANA_CAMPBELL_SUMM_0001_1.jpg","OCEANA_CAMPBELL_SUMM_0001_2.jpg"
58687997,"L25347","82819836","OCEANA","HEITMAN(MUD)",15,"August",1956,NA,"August",NA,"medium","light","medium","light",NA,NA,NA,2.743,NA,11.615,NA,NA,NA,NA,NA,NA,NA,0,NA,NA,NA,NA,103,148,NA,NA,NA,NA,"no",NA,NA,"none",NA,NA,NA,2.286,4.572,NA,21.667,NA,13.389,NA,8.95,NA,9.5,NA,1.2,NA,0,0,0,0,0,1,0,0,0,1,0,1,1,0,0,0,1,0,0,0,0,1,0,0,0,0,1,0,0,0,0,0,0,1,NA,"OCEANA_HEITMAN(MUD)_SUMM_0001_1.jpg","OCEANA_HEITMAN(MUD)_SUMM_0001_2.jpg"
58687998,"L22215","82818960","OCEANA","MCLAREN",16,"July",1954,NA,"July",NA,"medium","light","medium","light",NA,NA,NA,NA,NA,NA,NA,NA,NA,NA,NA,3,NA,50,NA,NA,NA,NA,NA,NA,NA,NA,NA,NA,"no",NA,NA,"no",NA,NA,NA,NA,NA,NA,NA,NA,NA,NA,NA,NA,NA,NA,NA,NA,0,0,1,0,0,1,0,0,0,0,0,0,0,0,0,0,0,0,0,0,0,1,1,0,1,0,0,0,0,0,0,1,0,1,"suckers","OCEANA_MCLAREN_SUMM_0001_1.jpg","OCEANA_MCLAREN_SUMM_0001_2.jpg"
58687999,"L17703","82818034","OCEANA","PEBAWMA",6,"August",1957,6,"August",1957,"light","light","light","light",NA,NA,NA,3.353,NA,NA,NA,NA,NA,0,NA,0,NA,0,NA,0,NA,NA,74,90,NA,NA,NA,NA,"no",NA,NA,"none",NA,NA,NA,4.572,7.62,NA,24.444,NA,9.222,NA,9.9,NA,9.6,4.8,NA,NA,0,0,1,0,0,1,0,0,0,0,0,0,0,0,0,0,0,0,0,0,0,1,0,0,1,0,0,0,0,0,0,0,0,0,NA,"OCEANA_PEBAWMA_SUMM_0001_1.jpg","OCEANA_PEBAWMA_SUMM_0001_2.jpg"
58688000,"L11318","83977745","OGEMAW","AMBROSE",21,"June",1938,23,"June",1938,"light","light","light","light",NA,NA,3.048,1.524,1.676,17.645,NA,100,NA,1,NA,1,NA,2,NA,0,NA,NA,79,91,NA,2.19,NA,NA,"no",NA,"no","none",NA,"none","no",NA,NA,NA,25,26.2,18.2,20.9,7.1,8.6,NA,NA,NA,NA,0,0,0,0,0,1,0,0,0,0,1,0,0,0,0,0,0,0,1,0,0,0,0,0,0,0,0,0,0,0,0,0,0,1,"sunfish","OGEMAW_AMBROSE_SUMM_0001_1.jpeg","OGEMAW_AMBROSE_SUMM_0001_2.jpeg"
58688001,"L10155","83977587","OGEMAW","AUSABLE",19,"August",1949,20,"August",1949,"medium","light","medium","light",NA,NA,15.849,4.877,NA,109.672,NA,50,NA,3,NA,3,NA,53,NA,0,NA,NA,128,195,NA,NA,NA,NA,"no",NA,NA,"none",NA,NA,NA,3.81,9.144,NA,23.889,NA,10.3,NA,7.7,7.9,7.2,7.8,0.3,NA,0,0,0,0,0,1,0,0,0,0,1,0,0,0,0,0,0,0,0,0,0,1,0,0,1,1,0,1,0,0,0,0,0,1,"longear_sunfish","OGEMAW_AUSABLE_SUMM_0001_1.jpeg","OGEMAW_AUSABLE_SUMM_0001_2.jpeg"
58688002,"L6568","146646969","OAKLAND","SCHOOLHOUSE",22,"September",1950,22,"September",1950,"none","none","none","none",NA,NA,14.934,NA,NA,14.974,NA,NA,NA,NA,NA,NA,NA,6,NA,NA,NA,NA,137,164,NA,NA,NA,NA,"yes",NA,NA,"yes",NA,NA,"yes",3.962,8.534,NA,27.778,NA,6.667,NA,8.3,NA,NA,NA,2.2,NA,0,0,0,0,0,1,0,1,0,0,0,0,0,1,0,0,0,0,0,0,0,1,0,0,1,0,0,1,0,0,0,0,0,1,"chub_sucker; garpike_bowfin; garpike","Oakland_Schoolhouse_63-869_1950_SUMM_001_01.jpg","Oakland_Schoolhouse_63-869_1950_SUMM_001_02.jpg"
58688003,"L28591","82818876","OCEANA","SILVER",11,"July",1950,15,"July",1950,"medium","light","medium ","light",NA,NA,7.62,1.829,NA,279.239,NA,30,NA,3,NA,6,NA,190,NA,0,NA,NA,125,132,NA,1.14,NA,NA,"no",NA,NA,"none",NA,NA,"no",NA,NA,NA,20.556,NA,20.222,NA,5.9,NA,NA,NA,5.9,NA,1,0,0,0,0,1,0,0,1,0,0,0,0,0,1,0,0,0,0,1,0,1,0,0,1,1,0,1,0,0,1,0,1,1,"rainbow_darter_sand_shiner_rainbow_darter; carp","OCEANA_SILVER_SUMM_0001_1.jpg","OCEANA_SILVER_SUMM_0001_2.jpg"
58688004,"L10155","83977587","OGEMAW","AUSABLELTL",17,"August",1949,18,"August",1949,"light","light","light","lightifany",NA,NA,13.715,4.877,NA,19.83,NA,20,NA,0,NA,0,NA,0,NA,0,NA,NA,187,188,NA,NA,NA,NA,"no",NA,NA,"none",NA,NA,NA,1.524,7.01,NA,25,NA,7,NA,6.5,NA,6.4,3.6,2.2,0.4,1,0,0,0,0,1,0,0,0,0,0,0,0,0,0,0,0,0,0,0,0,1,0,0,1,1,0,1,0,0,0,1,0,1,"perch_fingerlings; northern_creek_chub","OGEMAW_AUSABLELTL_SUMM_0001_1.jpeg","OGEMAW_AUSABLELTL_SUMM_0001_2.jpeg"
58688005,"L16752","145331833","OAKLAND","UPPERPROUD",23,"August",1971,23,"August",1971,"medium",NA,"medium",NA,NA,NA,11.277,0.254,0.305,NA,NA,NA,NA,0,NA,0,NA,9,NA,0,NA,NA,170,220,NA,NA,NA,NA,"no",NA,NA,"no",NA,NA,NA,NA,NA,NA,23.889,26.667,NA,NA,7,9,3,8,0,NA,0,0,1,0,0,1,0,1,0,0,0,0,0,0,1,0,0,0,0,0,0,1,0,0,1,0,0,0,1,0,0,0,0,1,"carp_bowfin","Oakland_UpperProud_63-278_1971_SUMM_001_01.jpg","Oakland_UpperProud_63-278_1971_SUMM_001_02.jpg"
58688006,"L2458","118253229","OGEMAU","JEWETT",8,"July",1946,9,"July",1946,"heavy","light","heavy","light",NA,NA,5.181,3.657,NA,5.221,NA,60,NA,0,NA,0,NA,0,NA,0,NA,NA,24,23,NA,1.04,NA,NA,"no",NA,"no","none",NA,"none","no",NA,NA,NA,25.556,NA,23.6,NA,7,6.7,NA,NA,NA,NA,0,0,1,0,0,1,0,0,0,0,0,0,0,0,0,1,0,0,0,0,0,1,0,0,0,1,0,1,0,0,0,0,0,1,"bass","OGEMAU_JEWETT_SUMM_0001_1.jpeg","OGEMAU_JEWETT_SUMM_0001_2.jpeg"
58688007,"L13381","118254533","OGEMAW","CLEART",18,"August",1948,NA,NA,NA,"medium","light","medium","light",NA,NA,17.373,2.438,NA,9.106,NA,NA,NA,1,NA,1,NA,15,NA,NA,NA,NA,81,109,NA,NA,NA,NA,"no",NA,NA,"-",NA,NA,"yes",5.486,8.229,NA,22.778,NA,8.222,NA,NA,NA,NA,NA,0,NA,0,0,1,0,0,1,0,0,0,0,0,0,0,0,0,0,0,0,0,0,0,1,0,0,1,0,0,0,0,0,0,0,0,1,"pike_perch","OGEMAW_CLEART21NR4ES7_SUMM_0001_1.jpeg","OGEMAW_CLEART21NR4ES7_SUMM_0001_2.jpeg"
58688008,"L239","118253029","OGEMAW","DEASENORTH",10,"September",1962,13,"September",1962,"medium","medium","medium","medium",NA,NA,15.239,2.133,NA,70.417,NA,45,NA,0,NA,0,NA,105,NA,0,NA,NA,91,11.8,NA,NA,NA,NA,"no",NA,NA,"no",NA,NA,"yes",7.315,9.144,NA,18.333,NA,9.111,NA,8.3,7.7,4.9,1.5,0,NA,1,0,1,1,1,1,1,0,0,0,1,0,0,0,1,0,1,0,1,1,0,1,0,0,1,1,0,1,0,0,0,1,1,1,NA,"OGEMAW_DEASENORTH_SUMM_0001_1.jpeg","OGEMAW_DEASENORTH_SUMM_0001_2.jpeg"
58688009,"L239","118253029","OGEMAW","DEASENORTH",16,"August",1949,16,"August",1949,"medium","light","medium","light",NA,NA,15.239,2.743,NA,70.417,NA,35,40,1,NA,1,NA,30,NA,0,NA,NA,92,123,NA,NA,NA,NA,"no",NA,NA,"no",NA,NA,NA,4.572,8.382,NA,25.9,NA,11.6,NA,8,7.6,6.1,0.3,0,NA,0,0,1,0,0,1,0,0,0,0,0,0,1,0,0,0,0,0,0,0,0,1,0,0,1,1,0,0,0,0,0,0,0,1,"bullheads","OGEMAW_DEASENORTH_SUMM_0002_1.jpeg","OGEMAW_DEASENORTH_SUMM_0002_2.jpeg"
58688010,"L9814","83977753","OGEMAW","CLEART",16,"June",1938,22,"June",1938,"heavy",NA,"heavy",NA,NA,NA,15.849,5.486,NA,69.284,NA,45.7,NA,2,NA,2,NA,60,NA,NA,NA,NA,111,126,NA,2.06,NA,NA,"yes",NA,NA,"beaver dam in outlet",NA,"stream disappears below beaver dam","yes",9.753,13.715,NA,20.4,NA,12.4,13.2,5.5,9.9,NA,NA,3.3,NA,0,0,1,0,0,1,1,0,0,0,1,0,0,0,0,0,0,0,1,0,0,1,0,0,1,0,0,1,1,0,1,1,0,1,"sunfish; sucker","OGEMAW_CLEART23NR1ES2_SUMM_0001_1.jpeg","OGEMAW_CLEART23NR1ES2_SUMM_0001_2.jpeg"
58688011,"L9413","118253167","OGEMAW","DEVOE",25,"June",1946,28,"June",1946,"light","none","light","none",NA,NA,16.154,5.486,6.4,52.61,NA,10,NA,0,NA,0,NA,1,NA,0,NA,NA,164,183,NA,1.79,0.914,1.219,"yes",NA,"no","Devoe Dam-old average 18"" logging dam. road bridge and 400 yards Concrete.",NA,"probably negotiable to most fish. 2-3' foot head with 30' foot concrete spillway.","yes",2.438,8.534,NA,21.667,24.444,11.2,NA,8,0.5,NA,NA,3,0,0,0,1,0,1,1,1,0,0,0,0,1,0,0,0,1,1,0,1,1,0,1,0,0,0,1,0,0,1,0,0,1,0,1,"redbelly_dace_mud_mudminnow_least_darter_creek_chub_smelt_cisco; carp","OGEMAW_DEVOE_SUMM_0001_1.jpeg","OGEMAW_DEVOE_SUMM_0001_2.jpeg"
58688012,"L8560","118253143","OGEMAW","DEASESOUTH",16,"August",1949,16,"August",1949,"heavy","medium","mediumtoheavy","medium",NA,NA,10.363,2.133,NA,108.863,NA,50,NA,2,NA,2,NA,30,NA,0,NA,NA,119,134,NA,NA,NA,NA,NA,NA,NA,NA,NA,NA,NA,3.048,6.858,NA,26,NA,15.5,NA,7.5,6.9,6.9,1.5,NA,NA,0,0,1,0,0,1,0,1,0,0,0,0,1,0,0,0,0,0,0,0,0,1,0,0,1,0,0,0,0,0,0,0,0,1,"dogfish","OGEMAW_DEASESOUTH_SUMM_0001_1.jpeg","OGEMAW_DEASESOUTH_SUMM_0001_2.jpeg"
58688013,"L4805","118253065","OGEMAW","GROUSEHAVEN",1,"July",1946,2,"July",1946,"light","none","light","none",NA,NA,16.458,2.743,NA,34.399,NA,10,NA,0,NA,0,NA,0,NA,0,NA,NA,127,181,NA,1.71,0.305,NA,"yes",NA,"no","Small temporary stake and sheet metal Cr. to Devoe L. to Rifle River drainage.",NA,"none - water was spilling over top and 1 piece of metal was displaced. fish passage.","yes",3.657,9.144,NA,24,25,8.8,9.7,7.7,7.6,NA,NA,0.6,0,0,0,0,0,1,1,1,0,0,0,0,1,0,0,0,1,0,0,1,1,0,1,0,0,0,1,0,1,1,0,0,1,1,1,"longear_sunfish; mud_minnow_creek_chub_mudminnow; carp_not_specified_cisco; carp_was_listed_under_coarse","OGEMAW_GROUSEHAVEN_SUMM_0001_1.jpeg","OGEMAW_GROUSEHAVEN_SUMM_0001_2.jpeg"
58688014,"L2779","118253663","OGEMAW","HENDERSON",9,"July",1938,12,"July",1938,"medium",NA,"moderate",NA,NA,NA,7.315,1.829,2.133,69.446,NA,63,NA,1,NA,1,NA,15,NA,NA,NA,NA,39,48,NA,1.32,NA,NA,"no",NA,NA,"none",NA,NA,"no",NA,NA,NA,25,NA,19.8,NA,6.5,6.8,NA,NA,3.25,NA,0,0,0,0,0,1,1,0,1,0,0,0,0,0,0,0,0,0,1,0,0,1,0,0,1,1,0,1,0,0,0,0,1,1,"largemouth_fingerlings; silversides_iowa_darter_semotilus_atromaculatus_creek_chub","OGEMAW_HENDERSON_SUMM_0001_1.jpeg","OGEMAW_HENDERSON_SUMM_0001_2.jpeg"
58688015,"L1238","83977733","OGEMAW","HORSESHOE",20,"June",1938,22,"June",1938,"medium","none","medium","none",NA,NA,7.315,4.877,5.181,14.933,NA,76.1,NA,1,NA,1,NA,12,NA,NA,NA,NA,108,111,NA,1.25,NA,NA,"no",NA,"no","none",NA,"none","no",NA,NA,NA,21.6,NA,14.6,NA,8.5,7.1,NA,NA,NA,NA,0,0,0,0,0,1,1,0,0,0,0,0,0,0,0,0,0,0,0,0,0,1,0,0,0,1,0,0,0,0,1,0,0,1,"walleye_pike; mud_minnow","OGEMAW_HORSESHOE_SUMM_0001_1.jpeg","OGEMAW_HORSESHOE_SUMM_0001_2.jpeg"
58688016,"L6731","118254567","OGEMAW","JOHNSON",30,"June",1938,1,"July",1938,"medium","medium","medium","medium",NA,NA,7.62,2.133,2.438,34.561,NA,64.3,NA,1,NA,1,NA,2,NA,0,NA,NA,111,121,NA,1.11,NA,NA,"no",NA,"no","-",NA,"none","no",NA,NA,NA,20.9,NA,18.6,NA,7.5,NA,NA,NA,0,NA,0,0,0,1,1,0,0,0,0,0,1,0,0,0,0,0,1,0,1,1,0,1,0,0,1,1,0,1,0,0,1,1,0,1,"sunfish_black_bass; mud_minnow_semotilus_atromaculatus","OGEMAW_JOHNSON_SUMM_0001_1.jpeg","OGEMAW_JOHNSON_SUMM_0001_2.jpeg"
58688017,"L13391","83977763","OGEMAW","ELNI",9,"October",1952,NA,NA,NA,"light","light","light","light",NA,NA,3.048,NA,NA,NA,NA,100,NA,1,NA,0,NA,20,NA,0,NA,NA,NA,NA,NA,NA,NA,NA,"no",NA,NA,"none",NA,NA,"no",NA,NA,NA,8.889,NA,NA,NA,NA,NA,NA,NA,NA,NA,0,0,0,0,0,1,0,0,0,0,0,0,0,0,0,0,0,0,0,0,0,1,0,0,1,0,0,0,0,0,0,0,0,1,"pike_bluntnose_minnows","OGEMAW_ELNI_SUMM_0001_1.jpeg","OGEMAW_ELNI_SUMM_0001_2.jpeg"
58688018,"L472","118253095","OGEMAW","GREBET",3,"July",1946,7,"July",1946,"none","none","practicallynoneuptothissummerbutwasmuchfrequentedaftersurvey","none",NA,NA,5.486,2.743,NA,29.34,NA,95,NA,0,NA,0,NA,0,NA,1,NA,NA,73,95,NA,2.5,0.914,NA,"yes",NA,"yes","earth fill at road crossing with sewer pipe.",NA,"effective as a fish barrier.","no",NA,NA,NA,23.333,25.556,19.1,NA,9,0.4,NA,NA,NA,NA,0,1,0,0,1,0,0,0,0,0,0,0,0,0,0,0,1,0,1,0,0,0,0,0,0,1,0,0,0,0,0,0,0,1,NA,"OGEMAW_GREBET23NR34ES1712_SUMM_0001_1.jpeg","OGEMAW_GREBET23NR34ES1712_SUMM_0001_2.jpeg"
58688019,"L1804","118253169","OGEMAW","DEVILSWASHBASIN",11,"July",1946,12,"July",1946,"light","none","verylight","none",NA,NA,NA,1.524,NA,0.607,NA,NA,NA,0,NA,0,NA,0,NA,0,NA,NA,130,123,NA,1.17,NA,NA,NA,NA,NA,NA,NA,NA,NA,NA,NA,NA,28.333,NA,14.4,NA,8.1,1.8,NA,NA,NA,NA,0,0,1,0,0,0,0,0,0,0,0,0,0,0,0,0,0,0,0,0,0,0,0,0,0,1,0,1,0,0,0,0,0,1,"longear_ear_sunfish","OGEMAW_DEVILSWASHBASIN_SUMM_0001_1.jpeg","OGEMAW_DEVILSWASHBASIN_SUMM_0001_2.jpeg"
58688020,"L6838","118253421","OGEMAW","LAIRD",16,"August",1949,NA,NA,NA,"medium","light","medium","light",NA,NA,8.229,2.743,NA,32.983,NA,70,NA,2,NA,2,NA,11,NA,0,NA,NA,79,99,NA,NA,NA,NA,NA,NA,NA,NA,NA,NA,NA,1.524,5.181,NA,24.9,NA,13.1,NA,7,7.2,6.7,0.2,0,NA,0,0,1,0,0,1,0,1,0,0,1,0,0,0,0,0,0,0,0,0,0,1,0,0,1,0,0,0,0,0,0,0,0,1,"crappies_not_specified; dogfish","OGEMAW_LAIRD_SUMM_0001_1.jpeg","OGEMAW_LAIRD_SUMM_0001_2.jpeg"
58688021,"L1351","118254265","OGEMAW","HARDWOOD",2,"September",1954,6,"September",1954,"medium","medium","medium","medium",NA,NA,10.667,1.829,2.438,69.607,NA,75,NA,5,NA,0,NA,45,NA,0,NA,NA,89,108,NA,NA,0.61,NA,"yes",NA,"yes","beaver dam",NA,"dam blown at intervals by highway dept. stops fish movements at times.",NA,NA,4.572,NA,24.444,NA,15,NA,6.5,7.2,0.2,0,0,NA,0,0,1,0,0,1,1,0,0,0,1,0,0,0,1,0,1,0,0,1,0,1,0,0,1,1,0,0,0,0,0,0,1,1,"mudminnow; tadpole_madtoms","OGEMAW_HARDWOOD_SUMM_0001_1.jpeg","OGEMAW_HARDWOOD_SUMM_0001_2.jpeg"
58688022,"L38764","123395554","ONTONAGON","COUNTYLINE",15,"June",1960,15,"June",1960,"heavy",NA,"mediumtoheavy",NA,NA,NA,19.811,7.315,7.62,25.9,NA,36,NA,0,NA,0,NA,12,NA,0,NA,NA,4,NA,NA,NA,NA,NA,"no",NA,NA,"none",NA,NA,NA,4.572,7.62,NA,23.889,NA,5.556,NA,7.3,6.9,6.9,8.2,8.2,6.9,0,0,0,0,0,1,0,0,0,0,0,0,0,0,0,0,0,0,0,0,0,1,0,0,0,0,0,0,1,0,0,0,0,1,NA,"ONTONAGON_COUNTYLINE_SUMM_0001_1.jpg","ONTONAGON_COUNTYLINE_SUMM_0001_2.jpg"
58688023,"L13049","118253147","OGEMAW","LAKEGEORGE",2,"July",1938,7,"July",1938,"heavy","heavy","heavy","washeavynowclosed",NA,NA,28.955,2.133,NA,75.273,NA,39.9,NA,4,NA,2,NA,23,NA,1,NA,NA,88,94,NA,1.51,NA,NA,"no",NA,"no","none",NA,"none","yes",4.572,7.62,NA,24.8,NA,6.5,NA,8.9,9.2,NA,NA,0,0.5,1,0,1,1,1,1,1,0,0,0,0,0,0,0,1,1,1,0,1,0,0,1,0,0,1,1,0,1,0,0,0,1,1,1,NA,"OGEMAW_LAKEGEORGE_SUMM_0001_1.jpeg","OGEMAW_LAKEGEORGE_SUMM_0001_2.jpeg"
58688024,"L12094","149759019","OGEMAW","LAKEGEORGE",25,"July",1950,26,"July",1950,"medium","light","medium","light",NA,NA,14.63,4.877,NA,36.018,NA,23.3,NA,7,NA,1,NA,10,NA,NA,NA,NA,182,NA,NA,1.6,0.152,0.305,"yes",NA,"no","in culvert",NA,"none",NA,5.486,9.144,NA,22.222,22.778,8.333,NA,8.8,NA,5,NA,0.3,1.2,0,0,0,0,0,0,0,0,0,1,0,1,0,0,1,1,0,0,0,0,0,1,0,0,1,0,0,1,1,0,1,1,0,1,"common_shiner_rock_bass_as_arrows_from_it_listed_in_forage_up_into_game_section; carp_reported","OGEMAW_LAKEGEORGE_SUMM_0002_1.jpeg","OGEMAW_LAKEGEORGE_SUMM_0002_2.jpeg"
58688025,"L32540","116543785","ONTONAGON","COURTNEY",14,"August",1956,22,"August",1956,"light",NA,"light",NA,NA,NA,12.496,4.572,NA,13.557,NA,50,NA,0,NA,0,NA,0,NA,0,NA,NA,12,17,NA,NA,NA,NA,"no",NA,NA,"no",NA,NA,NA,4.877,8.839,NA,20,22.5,10.167,NA,8.5,NA,5,9.7,NA,NA,0,0,0,0,0,1,0,0,0,0,0,0,0,0,0,0,1,0,0,0,0,0,0,0,1,1,1,0,0,0,0,1,0,1,"green_sunfish","ONTONAGON_COURTNEY_SUMM_0001_1.jpg","ONTONAGON_COURTNEY_SUMM_0001_2.jpg"
58688026,"L40034","123394248","ONTONAGON","BONDSFALLSRESER",22,"July",1959,22,"July",1959,"medium","light","medium","light",NA,NA,NA,1.402,NA,890.328,NA,40,NA,1,NA,NA,NA,2,NA,NA,NA,NA,35,NA,NA,NA,15.239,NA,"yes",NA,NA,"yes",NA,NA,NA,3.657,8.229,NA,23.333,NA,11.111,NA,5.7,4.9,3,NA,NA,NA,0,1,1,0,0,1,0,0,0,0,0,0,0,0,0,1,1,0,0,0,0,1,0,0,0,1,0,0,1,0,0,1,0,1,"sturgeon_sucker","ONTONAGON_BONDSFALLSRESER_SUMM_0001_1.jpg","ONTONAGON_BONDSFALLSRESER_SUMM_0001_2.jpg"
58688027,"L32540","116543785","ONTONAGON","COURTNEY",20,"August",1948,20,"August",1948,"light",NA,"light",NA,NA,NA,11.277,3.657,NA,14.164,NA,25,NA,NA,NA,NA,NA,1,NA,NA,NA,NA,30,NA,NA,NA,NA,NA,NA,NA,NA,NA,NA,NA,"yes",6.705,10.667,NA,22,NA,12,NA,7.6,NA,NA,NA,1.9,NA,0,0,0,0,0,1,0,0,0,0,0,0,0,0,0,0,0,0,0,0,0,1,0,0,0,0,0,0,0,0,0,0,0,0,NA,"ONTONAGON_COURTNEY_SUMM_0002_1.jpg","ONTONAGON_COURTNEY_SUMM_0002_2.jpg"
58688028,"L38537","123147023","ONTONAGON","MIRROR",29,"August",1941,30,"August",1941,"light","none","light","none",NA,NA,12.191,2.133,NA,33.59,NA,NA,NA,0,NA,0,NA,2,NA,0,NA,NA,21,NA,NA,1.79,NA,NA,"no",NA,NA,"none",NA,NA,"yes",3.657,7.315,NA,17.1,NA,5.6,NA,6.8,NA,NA,NA,2.4,NA,0,0,0,0,1,0,0,0,0,1,0,0,0,0,0,0,0,0,0,0,0,0,0,0,0,0,0,0,0,0,0,1,0,0,"9spined_spined_stickleback_common_creek_chub_blacknosed_nosed_dace","ONTONAGON_MIRROR_SUMM_0001_1.jpg","ONTONAGON_MIRROR_SUMM_0001_2.jpg"
58688029,"L41350","123395502","ONTONAGON","HEMLOCK",28,"July",1938,29,"July",1938,"light",NA,"extremelylight",NA,NA,NA,3.657,1.676,NA,53.703,NA,50,NA,0,NA,0,NA,0,NA,0,NA,NA,24,26,NA,1.7,NA,NA,"no",NA,"no","none",NA,"open to fish movements","yes",2.743,3.048,NA,22.4,NA,18.9,20,5.8,5,NA,NA,NA,NA,0,0,0,0,1,0,0,0,0,0,0,0,0,0,0,0,0,0,0,0,0,0,0,0,0,0,0,0,0,0,0,1,0,1,"blacknosed_shiner_redbellied_dace_spottailed_shiner_creek_chub_flatheaded_minnow; suckers","ONTONAGON_HEMLOCK_SUMM_0002_1.jpg","ONTONAGON_HEMLOCK_SUMM_0002_2.jpg"
58688030,"L36513","116543777","ONTONAGON","MASSPD",22,"August",1947,22,"August",1947,"medium","none","medium","none",NA,NA,2.286,0.381,NA,0.405,NA,100,NA,2,NA,0,NA,0,NA,0,NA,NA,NA,NA,NA,NA,1.829,NA,"yes",NA,NA,"permanent",NA,"water flows through permeable rock","yes",1.829,NA,NA,25.556,NA,16.667,NA,6.4,2.6,NA,NA,3,4,0,0,0,0,0,0,0,0,0,0,0,0,0,0,0,0,0,0,0,0,0,0,0,0,0,0,1,0,0,0,0,0,0,0,NA,"ONTONAGON_MASSPD_SUMM_0001_1.jpg","ONTONAGON_MASSPD_SUMM_0001_2.jpg"
58688031,"L37321","123395423","ONTONAGON","DEADMAN",26,"August",1941,NA,"August",NA,"light","none","light","none",NA,NA,10.667,1.067,3.048,17.564,NA,10,NA,0,NA,0,NA,0,NA,0,NA,NA,8,15,NA,1.36,NA,NA,NA,NA,NA,NA,NA,NA,"yes",4.572,7.315,NA,18.2,NA,10.2,NA,4,NA,NA,NA,1,NA,0,0,0,0,0,0,0,0,0,0,0,0,0,0,0,0,0,0,0,0,0,0,0,0,0,1,0,0,0,0,0,0,0,1,NA,"ONTONAGON_DEADMAN_SUMM_0001_1.jpg","ONTONAGON_DEADMAN_SUMM_0001_2.jpg"
58688032,"L41350","123395502","ONTONAGON","HEMLOCK",27,"August",1947,27,"August",1947,"light","light","light","light",NA,NA,11.277,1.219,NA,4.452,NA,20,NA,0,NA,0,NA,0,NA,0,NA,NA,6,NA,NA,NA,NA,NA,"no",NA,NA,"none",NA,NA,"yes",1.524,6.096,NA,20.556,NA,5.833,NA,8.5,7.6,NA,NA,NA,NA,0,0,0,0,0,0,0,0,0,0,0,0,0,0,0,0,0,0,0,0,0,0,0,0,0,0,0,0,0,0,0,0,0,1,NA,"ONTONAGON_HEMLOCK_SUMM_0001_1.jpg","ONTONAGON_HEMLOCK_SUMM_0001_2.jpg"
58688033,"L38026","123393114","ONTONAGON","MOLLS",27,"August",1941,27,"August",1941,"light","none","verylight","none",NA,NA,12.191,2.438,NA,2.428,NA,10,NA,0,NA,0,NA,1,NA,0,NA,NA,5,11,NA,1.12,NA,NA,NA,NA,NA,NA,NA,NA,"yes",4.572,7.315,NA,18.1,NA,6.9,NA,4,NA,NA,NA,4,NA,0,0,0,0,0,0,0,0,0,0,0,0,0,0,0,0,1,0,0,0,0,0,0,0,0,0,0,0,0,0,0,0,0,1,NA,"ONTONAGON_MOLLS_SUMM_0001_1.jpg","ONTONAGON_MOLLS_SUMM_0001_2.jpg"
58688034,"L38622","123147444","ONTONAGON","PENDOCKS",13,"January",1961,NA,NA,NA,"light","none","light","none",NA,NA,7.924,NA,NA,4.047,NA,50,NA,0,NA,0,NA,0,NA,0,NA,NA,0,NA,NA,NA,NA,NA,"no",NA,NA,"none",NA,NA,"yes",2.743,5.486,NA,23.889,NA,8.333,NA,8.9,8.9,2.3,4.3,9,NA,0,0,0,0,0,0,0,0,0,0,0,0,0,0,0,0,0,0,0,0,0,0,0,0,0,1,0,0,0,0,0,1,0,1,"mud_minnow_red_bellied_dace_mudminnow","ONTONAGON_PENDOCKS_SUMM_0001_1.jpg","ONTONAGON_PENDOCKS_SUMM_0001_2.jpg"
58688035,"L35728","123390094","ONTONAGON","ROCKLANDPD",22,"August",1947,22,"August",1947,"light","none","light","none",NA,NA,3.962,3.962,NA,1.619,NA,NA,NA,0,NA,0,NA,0,NA,0,NA,NA,NA,NA,NA,NA,NA,NA,NA,NA,NA,NA,NA,NA,"yes",0.914,2.743,NA,24.167,NA,20,NA,4.6,NA,NA,NA,2.8,NA,0,0,0,0,0,0,0,0,0,1,0,0,0,0,0,0,0,0,0,0,0,0,0,0,0,0,0,0,0,0,0,0,0,0,"brook_sticklebacks","ONTONAGON_ROCKLANDPD_SUMM_0001_1.jpg","ONTONAGON_ROCKLANDPD_SUMM_0001_2.jpg"
58688036,"L38573","123392889","ONTONAGON","STEUSSER",9,"September",1946,NA,"September",NA,"light",NA,"light",NA,NA,NA,17.678,NA,NA,16.188,NA,NA,NA,0,NA,0,NA,0,NA,0,NA,NA,8,NA,NA,NA,NA,NA,NA,NA,NA,NA,NA,NA,"yes",6.096,9.144,NA,16.8,NA,7.4,NA,NA,NA,5.62,NA,NA,NA,0,0,0,0,0,0,0,0,0,0,0,0,0,0,0,0,0,0,0,0,0,0,0,0,0,0,0,0,0,0,0,0,0,1,"p_flavescens","ONTONAGON_STEUSSER_SUMM_0001_1.jpg","ONTONAGON_STEUSSER_SUMM_0001_2.jpg"
58688037,"L38573","123392889","ONTONAGON","STEUSSER",12,"August",1949,18,"August",1949,"medium",NA,"medium",NA,NA,NA,16.001,3.353,4.267,12.141,16.188,70,NA,NA,NA,NA,NA,NA,NA,NA,NA,NA,10,15,NA,NA,NA,NA,NA,NA,NA,NA,NA,NA,"yes",3.048,6.096,NA,23.333,23.889,7.2,10.6,6.6,7.1,NA,NA,0,NA,0,0,0,0,0,0,0,0,0,0,0,0,0,0,0,0,0,0,0,0,0,0,0,0,0,0,0,0,0,0,0,0,0,1,NA,"ONTONAGON_STEUSSER_SUMM_0002_1.jpg","ONTONAGON_STEUSSER_SUMM_0002_2.jpg"
58688038,"L40940","123390905","ONTONAGON","STONCO",17,"August",1948,NA,"August",NA,"light",NA,"light",NA,NA,NA,3.657,1.829,NA,1.214,NA,100,NA,3,NA,NA,NA,NA,NA,NA,NA,NA,74,NA,NA,NA,NA,NA,NA,NA,NA,NA,NA,NA,"no",NA,NA,NA,18.5,NA,16.5,NA,9.6,NA,NA,NA,NA,NA,0,0,0,0,0,0,0,0,0,1,0,0,0,0,0,1,0,0,0,0,0,0,0,0,0,0,0,0,0,0,0,0,0,0,"minnow_shiners","ONTONAGON_STONCO_SUMM_0001_1.jpg","ONTONAGON_STONCO_SUMM_0001_2.jpg"
58688039,"L40940","123390905","ONTONAGON","STONCO",17,"August",1948,NA,"August",NA,"light",NA,"light",NA,NA,NA,3.657,1.829,NA,1.214,NA,100,NA,3,NA,NA,NA,NA,NA,NA,NA,NA,74,NA,NA,NA,NA,NA,"no",NA,NA,"none",NA,NA,"no",NA,NA,NA,18.5,NA,16.5,NA,9.6,NA,NA,NA,NA,NA,0,0,0,0,0,0,0,0,0,1,0,0,0,0,0,1,0,0,0,0,0,0,0,0,0,0,0,0,0,0,0,0,0,0,NA,"ONTONAGON_STONCO_SUMM_0002_1.jpg","ONTONAGON_STONCO_SUMM_0002_2.jpg"
58688040,"L36956","123393046","ONTONAGON","TANLUND",29,"June",1955,29,"June",1955,"light","none","light","none",NA,NA,NA,NA,NA,NA,NA,NA,NA,0,NA,0,NA,0,NA,0,NA,NA,NA,NA,NA,NA,NA,NA,"no",NA,NA,"none",NA,NA,NA,NA,NA,NA,NA,NA,NA,NA,NA,NA,NA,NA,NA,NA,0,0,0,0,0,0,0,0,0,0,0,0,0,0,0,0,0,0,0,0,0,1,0,0,0,0,0,0,0,0,1,0,0,1,NA,"ONTONAGON_TANLUND_SUMM_0001_1.jpg","ONTONAGON_TANLUND_SUMM_0001_2.jpg"
58688041,"L35276","116543817","ONTONAGON","SUDDEN",11,"September",1946,11,"September",1946,"light",NA,"light",NA,NA,NA,NA,0.762,NA,8.094,NA,NA,NA,0,NA,0,NA,0,NA,0,NA,NA,9,NA,NA,NA,NA,NA,NA,NA,NA,NA,NA,NA,"no",NA,NA,NA,15.9,NA,14.6,NA,NA,NA,NA,NA,NA,NA,0,0,0,0,0,0,0,0,0,0,0,0,0,0,0,0,0,0,0,0,0,1,0,0,0,0,0,0,1,0,1,0,0,0,NA,"ONTONAGON_SUDDEN_SUMM_0001_1.jpg","ONTONAGON_SUDDEN_SUMM_0001_2.jpg"
58688042,"L35276","116543817","ONTONAGON","SUDDEN",1,"August",1949,2,"August",1949,"light","none","light","notaccessible",NA,NA,3.657,0.914,NA,14.164,NA,NA,NA,NA,NA,NA,NA,NA,NA,NA,NA,NA,1.2,NA,NA,NA,NA,NA,"no",NA,NA,"no",NA,NA,"no",NA,NA,NA,21.111,NA,19.8,NA,5.4,7.1,NA,NA,NA,NA,0,1,0,0,1,0,0,0,0,0,1,0,1,0,0,0,0,0,0,0,0,0,0,0,0,0,0,0,0,0,0,1,0,0,"finescale_dace_finescale_dace_redbelly_dace_fathead_minnow; brown_or_black_bullhead","ONTONAGON_SUDDEN_SUMM_0002_1.jpg","ONTONAGON_SUDDEN_SUMM_0002_2.jpg"
58688043,"L8387","121859500","OSCEOLA","BIG",12,"August",1954,NA,"August",NA,"medium","light","medium","light",NA,NA,25.907,NA,NA,82.558,NA,NA,NA,1,NA,3,NA,35,NA,0,NA,NA,NA,NA,NA,NA,NA,NA,"no",NA,NA,"no. one is being considered.",NA,NA,NA,NA,NA,NA,NA,NA,NA,NA,NA,NA,NA,NA,NA,NA,0,0,1,0,0,1,0,1,0,0,0,0,1,0,0,0,0,0,0,0,0,1,0,0,1,1,0,1,1,0,0,0,0,1,NA,"OSCEOLA_BIG_SUMM_0001_1.jpg","OSCEOLA_BIG_SUMM_0001_2.jpg"
58688044,"L16736","60091018","OSCEOLA","CENTER",16,"July",1942,18,"July",1942,"light","light","light","verylittle",NA,NA,10.972,4.267,5.181,16.188,NA,5,10,0,NA,0,NA,0,NA,0,NA,NA,2,NA,NA,1.3,NA,NA,"no",NA,"no","none",NA,"none","yes",4.572,9.144,NA,23.7,NA,8.3,NA,7,7.3,NA,NA,4.7,0.9,0,0,0,0,0,1,0,0,0,0,0,0,0,0,1,0,0,0,0,0,0,1,0,0,0,1,0,0,1,0,0,0,0,1,"bass_sunfish; semotilus_chub","OSCEOLA_CENTER_SUMM_0001_1.jpg","OSCEOLA_CENTER_SUMM_0001_2.jpg"
58688045,"L20565","60091248","OSCEOLA","HEWITT",11,"July",1966,13,"July",1966,"heavy","heavy","heavy","heavy",NA,NA,NA,NA,NA,NA,NA,60,NA,1,NA,0,NA,8,NA,0,NA,NA,85.5,102.6,NA,NA,NA,NA,"no",NA,NA,"no",NA,NA,"yes",3.048,5.181,NA,26.111,NA,6.944,NA,8,9,12,13,0,1,0,0,0,0,0,1,0,0,0,0,1,0,0,0,0,0,1,0,0,0,0,0,0,0,1,0,0,0,0,0,0,0,1,1,NA,"OSCEOLA_HEWITT_SUMM_0001_1.jpg","OSCEOLA_HEWITT_SUMM_0001_2.jpg"
58688046,"L17067","60091276","OSCEOLA","DIAMOND",7,"July",1966,8,"July",1966,"heavy","light","medheavy","light",NA,NA,NA,NA,NA,24.889,NA,NA,NA,0,NA,0,NA,40,NA,0,NA,NA,20.52,34.2,NA,NA,NA,NA,"no",NA,NA,"no",NA,NA,"yes",3.048,4.267,NA,25.333,NA,7.167,NA,7,NA,3,NA,3,NA,0,0,0,0,0,1,0,0,0,0,0,0,0,0,0,0,1,0,0,0,0,1,0,0,1,0,0,0,0,0,0,0,1,0,"n_pike","OSCEOLA_DIAMOND_SUMM_0001_1.jpg","OSCEOLA_DIAMOND_SUMM_0001_2.jpg"
58688047,"L21648","121858922","OSCEOLA","HALFMOONT",9,"July",1939,NA,NA,NA,"light","light","light","light",NA,NA,12.801,NA,NA,2.023,NA,NA,NA,0,NA,0,NA,0,NA,0,NA,NA,12,NA,NA,NA,NA,NA,"no",NA,NA,"none",NA,NA,"yes",0.914,3.657,NA,28,NA,4.7,NA,3,0.3,NA,NA,0,2.4,0,0,0,0,0,1,0,0,0,0,0,0,0,0,0,0,0,0,0,0,0,0,0,0,0,0,0,0,0,0,0,0,0,0,NA,"OSCEOLA_HALFMOONT18NR10WS1_SUMM_0001_1.jpg","OSCEOLA_HALFMOONT18NR10WS1_SUMM_0001_2.jpg"
58688048,"L19927","121859158","OSCEOLA","INDIAN",22,"August",1955,22,"August",1955,"medium","light","medium","light",NA,NA,15.239,2.591,NA,34.399,NA,NA,NA,0,NA,0,NA,15,NA,0,NA,NA,26,40,NA,NA,NA,NA,"no",NA,NA,"no",NA,NA,"yes",4.572,7.62,NA,26.111,NA,9.278,NA,7.8,NA,7.3,0.5,0,NA,0,0,0,0,0,1,0,0,0,0,0,0,0,0,0,0,1,0,0,0,0,1,0,0,0,1,0,0,0,0,0,1,0,1,"suckers","OSCEOLA_INDIAN_SUMM_0002_1.jpg","OSCEOLA_INDIAN_SUMM_0002_2.jpg"
58688049,"L22008","121858921","OSCEOLA","LONGLITTLE",NA,"September",1936,NA,"September",1937,"medium","light","medium","light",NA,NA,8.229,1.829,4.724,13.962,NA,70,NA,0,NA,0,NA,2,NA,0,NA,NA,6,27,NA,1.65,NA,NA,NA,NA,NA,NA,NA,NA,"yes",5.486,8.229,NA,20,NA,15.1,NA,7.5,NA,NA,NA,0.1,0,0,0,0,0,0,1,1,0,0,0,0,0,1,0,0,0,1,0,0,0,0,1,0,0,0,0,0,0,0,0,0,0,0,1,"bullhead_handwritten","OSCEOLA_LONGLITTLE_SUMM_0001_1.jpg","OSCEOLA_LONGLITTLE_SUMM_0001_2.jpg"
58688050,"L15331","121858955","OSCEOLA","MCCOY",16,"August",1967,NA,NA,NA,NA,NA,NA,NA,NA,NA,9.448,NA,NA,6.88,NA,80,NA,0,NA,0,NA,6,NA,0,NA,NA,13.68,27.36,NA,NA,NA,NA,"no",NA,NA,"none",NA,NA,"yes",3.048,6.4,NA,22.667,NA,9.278,NA,8,NA,3,NA,1,NA,0,0,0,0,0,1,0,0,0,0,0,0,0,0,0,0,1,0,0,0,0,1,0,0,0,0,0,0,0,0,0,0,1,1,"golden_shiners_yellow_bullheads","OSCEOLA_MCCOY_SUMM_0001_1.jpg","OSCEOLA_MCCOY_SUMM_0001_2.jpg"
58688051,"L18781","60091356","OSCEOLA","ROSE",31,"August",1938,31,"August",1938,"heavy","light","formerlyheavy","light",NA,NA,10.363,2.514,NA,149.818,NA,25,NA,1,NA,0,NA,12,NA,0,NA,NA,28,30,NA,1.8,NA,NA,NA,NA,NA,NA,NA,NA,"no",NA,NA,NA,22.1,NA,22,NA,8.5,NA,NA,NA,8.5,NA,0,0,0,0,0,0,0,0,0,0,0,0,0,0,0,1,0,0,0,0,0,0,0,0,1,0,0,0,0,0,0,1,0,1,"e_lucius_p_flavescens; large_ccommersonnii","OSCEOLA_ROSE_SUMM_0001_1.jpg","OSCEOLA_ROSE_SUMM_0001_2.jpg"
58688052,"L18938","121858952","OSCEOLA","LONGBIG",29,"June",1966,30,"June",1966,"light","light","light","light",NA,NA,NA,NA,NA,NA,NA,NA,NA,0,NA,0,NA,8,10,0,NA,NA,6.84,13.68,NA,NA,NA,NA,NA,NA,NA,NA,NA,NA,"yes",2.133,4.572,NA,26.111,NA,7.778,NA,7,NA,7,NA,3,NA,0,0,0,0,0,1,0,0,0,0,0,0,0,0,0,0,0,0,0,0,0,1,0,0,0,0,0,1,0,0,0,0,1,1,NA,"OSCEOLA_LONGBIG_SUMM_0001_1.jpg","OSCEOLA_LONGBIG_SUMM_0001_2.jpg"
58688053,"L16401","121858926","OSCEOLA","HICKS",20,"June",1966,23,"June",1966,"medium","medium","medium","medium",NA,NA,NA,NA,NA,62.728,NA,75,NA,0,NA,0,NA,50,NA,0,NA,NA,27.36,51.3,NA,NA,NA,NA,"no",NA,"no","no - maybe a beaver dam",NA,"none","yes",4.572,7.924,NA,24.444,NA,8.889,NA,8,NA,2,NA,0,NA,0,0,0,0,0,1,0,0,0,0,1,0,0,0,0,0,1,0,0,0,0,1,0,0,1,1,0,0,0,0,0,1,1,1,NA,"OSCEOLA_HICKS_SUMM_0001_1.jpg","OSCEOLA_HICKS_SUMM_0001_2.jpg"
58688055,"L6701","150436646","OSCEOLA","TUBS",17,"July",1960,NA,"July",NA,"light","light","light","light",NA,NA,7.924,2.133,NA,13.76,NA,80,NA,0,NA,NA,NA,3,NA,0,NA,NA,58,NA,NA,NA,NA,NA,"no",NA,NA,"none",NA,NA,NA,2.438,4.572,NA,25,NA,7.778,NA,6,NA,0,3,0,NA,0,1,1,0,0,1,0,0,0,0,0,0,0,0,0,0,0,0,1,0,0,1,0,0,0,1,0,0,0,0,0,0,1,1,NA,"OSCEOLA_TUBS_SUMM_0001_1.jpg","OSCEOLA_TUBS_SUMM_0001_2.jpg"
58688057,"L15799","121859037","OSCEOLA","WELLS",14,"June",1966,16,"June",1966,"medium","light","medium","lights",NA,NA,18.897,NA,NA,19.425,NA,25,30,0,NA,0,NA,30,NA,0,NA,NA,27.36,34.2,NA,NA,NA,NA,"no",NA,"no","no",NA,"none",NA,3.962,10.972,NA,20.278,NA,4,NA,9,NA,NA,NA,4,NA,0,1,0,0,0,1,0,0,0,0,1,0,0,0,0,0,1,0,0,0,0,1,0,0,0,0,1,0,0,0,0,0,1,1,NA,"OSCEOLA_WELLS_SUMM_0001_1.jpg","OSCEOLA_WELLS_SUMM_0001_2.jpg"
58688058,"L27716","155635864","VANBUREN","BROWNWOOD",16,"August",1955,NA,"August",NA,"medium","medium","medium","medium",NA,NA,13.411,5.486,NA,60.704,NA,45,NA,1,NA,1,NA,40,NA,0,NA,NA,NA,NA,NA,NA,NA,NA,NA,NA,NA,NA,NA,NA,NA,NA,NA,NA,26.111,NA,6.667,NA,NA,NA,NA,NA,NA,NA,0,0,1,0,0,1,0,1,0,0,0,0,0,0,0,0,0,0,0,0,0,1,0,0,1,0,0,0,0,0,0,0,0,1,"crappies","VanBuren_Brownwood_SUMM_1.jpeg","VanBuren_Brownwood_SUMM_2.jpeg"
58688064,"L17580","145333858","WASHTENAW","BIGPORTAGE",5,"September",1941,14,"September",1941,"medium","light","medium ","light",NA,NA,25.602,2.895,3.048,260.623,NA,44,NA,5,NA,1,NA,219,NA,0,NA,NA,168,225,NA,1.7,0.61,NA,"yes",NA,"yes","yes",NA,"prevents upstream movement except in high water.","yes",6.4,10.058,NA,20.9,23.1,7.2,7.7,7.9,9.8,NA,NA,0,0.6,0,0,1,0,0,1,1,1,0,0,0,0,0,1,1,1,0,0,0,0,0,1,1,1,1,1,0,1,1,1,1,1,0,1,"long_green_sunfish_longear_sunfish; bluntnose__n_volucellus__n_stramineus_n_cornutus_c; mullet; gar_pike","Washtenaw_BigPortage_81-71_1941_SUMM_002_01.jpg","Washtenaw_BigPortage_81-71_1941_SUMM_002_02.jpg"
58688066,"L23734","155635776","VANBUREN","WOLF",18,"July",1931,18,"July",1931,NA,NA,NA,NA,"not permitted.","not permitted",12.191,NA,NA,10.563,NA,NA,NA,NA,NA,NA,NA,NA,NA,NA,NA,"none except small grove on south side which can be used for picnics.",NA,NA,NA,NA,NA,NA,NA,"yes",NA,"(outlet not examined)","yes",NA,NA,NA,NA,NA,26.111,NA,9.444,NA,NA,NA,NA,NA,NA,NA,0,0,0,0,1,1,1,1,0,1,0,1,0,1,0,1,1,0,1,1,0,1,0,0,1,0,0,1,0,0,0,1,0,1,"mud_pickerel_sunfish_species_from_sunfish_grasspike_listed_herring; rainbow_darter_blacknose_dace_sticklebacks; black_sucker_found_in_other_years; dogfish","VanBuren_Wolf_SUMM_1.jpeg","VanBuren_Wolf_SUMM_2.jpeg"
58688087,"L13969","151873875","WASHTENAW","HALFMOON",5,"August",1942,9,"August",1942,"light","light","light","light",NA,NA,26.516,4.267,NA,99.15,NA,25,NA,1,NA,0,NA,36,NA,0,NA,NA,180,185,NA,2.1,3.657,NA,"yes",NA,"no","at hi-land lake",NA,"not important to half moon lake","yes",4.572,7.62,NA,24.444,NA,5.556,NA,7,8,NA,NA,3,NA,1,0,1,0,1,1,1,1,1,0,0,0,1,1,1,0,0,0,1,0,0,1,1,1,1,1,0,1,1,0,1,0,0,1,"longeared_sunfish_ear_sunfish; blackstriped_topminnow_log_perch; warmouth_bass_green_sunfish","Washtenaw_HalfMoon_47-51_1942_SUMM_001_01.jpg","Washtenaw_HalfMoon_47-51_1942_SUMM_001_02.jpg"
58688090,"L15682","145333884","WASHTENAW","LITTLEPORTAGE",5,"September",1941,14,"September",1941,"heavy","heavy","mediumtoheavy","mediumtoheavy",NA,NA,12.801,2.895,NA,40.874,NA,57,NA,1,NA,0,NA,0,NA,0,NA,NA,160,247,NA,1.7,NA,NA,"yes",NA,NA,"in big portage",NA,NA,"yes",5.486,9.144,NA,20.5,NA,9.9,NA,8.1,NA,NA,NA,0,8.1,0,0,1,0,0,1,1,1,1,0,0,0,0,0,1,1,0,0,1,0,0,1,1,0,1,1,0,1,0,1,0,0,1,1,"longear_sunfish_fingerlings_warmouth; blackbanded_banded_top_minnow_straw_strawcolored_minnow_spottail_shiner_silverside; gar_not_specified","Washtenaw_LittlePortage_81-71_1941_SUMM_001_01.jpg","Washtenaw_LittlePortage_81-71_1941_SUMM_001_02.jpg"
58688093,"L22918","145333903","WASHTENAW","WHITMORE",20,"August",1940,28,"August",1940,"heavy","heavy","veryheavy","heavy",NA,NA,19.811,4.267,NA,273.978,NA,80,NA,8,NA,2,NA,230,NA,1,NA,NA,91,142,NA,1.84,NA,NA,NA,NA,"no",NA,NA,"-","yes",7.315,13.715,NA,22.6,23.2,8.9,15.6,4.3,6.8,NA,NA,0,0,1,0,1,1,1,1,1,1,1,0,1,0,0,0,0,0,1,0,1,1,1,1,0,1,1,1,0,1,1,0,0,0,1,1,"warmouth_bass_mud_pike; straw_pike_shiner_chub_banded_top_cat_least_darter_blackbanded_minnow_creek_chub_silverside_darter; tadpole_cat","Washtenaw_Whitmore_47-153_1940_SUMM_001_01.jpg","Washtenaw_Whitmore_47-153_1940_SUMM_001_02.jpg"
58688584,"L29427","155636169","VANBUREN","HUZZY",20,"August",1952,NA,"August",NA,NA,NA,NA,NA,NA,NA,NA,NA,NA,NA,NA,NA,NA,NA,NA,NA,NA,NA,NA,NA,NA,NA,NA,NA,NA,NA,NA,NA,NA,NA,NA,NA,NA,NA,NA,NA,NA,NA,NA,NA,NA,NA,NA,NA,NA,NA,NA,NA,0,0,0,0,1,1,1,0,0,0,0,0,0,0,0,0,0,0,0,0,0,1,0,0,0,0,0,0,0,0,0,0,0,1,"minnows","VanBuren_Huzzy_SUMM_25.jpeg","VanBuren_Huzzy_SUMM_24.jpeg"
58688587,"L2151","149729780","TUSCOLA","PHELPS",14,"August",1951,NA,NA,NA,NA,NA,NA,NA,NA,NA,NA,NA,NA,NA,NA,NA,NA,NA,NA,NA,NA,NA,NA,NA,NA,NA,NA,NA,NA,NA,NA,NA,NA,NA,NA,NA,NA,NA,NA,NA,NA,NA,NA,NA,NA,NA,NA,NA,NA,NA,NA,NA,0,0,0,0,0,1,0,0,0,0,0,0,0,0,0,0,0,0,0,0,0,1,0,0,0,0,0,0,0,0,0,0,0,0,"fingerling","Tuscola_Phelps_SUMM_3.jpeg","Tuscola_Phelps_SUMM_2.jpeg"
58688592,"L16502","155637764","STJOSEPH","MINNEWAUKON",11,"July",1938,15,"July",1938,NA,NA,NA,NA,NA,NA,NA,NA,NA,NA,NA,NA,NA,NA,NA,NA,NA,NA,NA,NA,NA,NA,NA,NA,NA,NA,NA,NA,NA,NA,NA,NA,NA,NA,NA,NA,NA,NA,NA,NA,NA,NA,NA,NA,NA,NA,NA,NA,0,0,0,0,1,1,1,0,0,0,0,0,1,0,0,0,0,0,0,0,0,1,0,0,1,1,0,0,0,0,0,0,0,1,"Black-chin minnow; green sunfish ","StJoseph_Minnewaukon_SUMM_4.jpeg","StJoseph_Minnewaukon_SUMM_3.jpeg"
58688599,"L29995","155637270","STJOSEPH","COREY",22,"July",1953,30,"July",1953,NA,NA,NA,NA,NA,NA,NA,NA,NA,NA,NA,NA,NA,NA,NA,NA,NA,NA,NA,NA,NA,NA,NA,NA,NA,NA,NA,NA,NA,NA,NA,NA,NA,NA,NA,NA,NA,NA,NA,NA,NA,NA,NA,NA,NA,NA,NA,NA,1,0,0,0,0,1,1,0,1,0,1,0,0,0,0,0,1,1,1,1,1,1,0,0,0,0,1,0,1,0,0,1,1,1,"sand_shiner_brook_silversides_hornyhead_chub","StJoseph_Corey_SUMM_2.jpeg","StJoseph_Corey_SUMM_1.jpeg"
58688602,"L14589","155637313","STJOSEPH","EBERHARD",30,"June",1941,1,"July",1941,NA,NA,NA,NA,NA,NA,NA,NA,NA,NA,NA,NA,NA,NA,NA,NA,NA,NA,NA,NA,NA,NA,NA,NA,NA,NA,NA,NA,NA,NA,NA,NA,NA,NA,NA,NA,NA,NA,NA,NA,NA,NA,NA,NA,NA,NA,NA,NA,0,0,1,0,1,1,1,1,0,0,1,0,0,0,0,1,0,0,0,0,1,1,0,0,0,1,0,0,0,0,0,0,1,1,"warmouth; skipjacks; shortnose_gar","StJoseph_Eberhard_SUMM_14.jpeg","StJoseph_Eberhard_SUMM_13.jpeg"
58688604,"L23310","{75399210-3C6D-477A-A1E4-20635EE289A6}","SCHOOLCRAFT","TWIN",4,"August",1966,NA,NA,NA,NA,NA,NA,NA,NA,NA,NA,NA,NA,NA,NA,NA,NA,NA,NA,NA,NA,NA,NA,NA,NA,NA,NA,NA,NA,NA,NA,NA,NA,NA,NA,NA,NA,NA,NA,NA,NA,NA,NA,NA,NA,NA,NA,NA,NA,NA,NA,NA,0,0,0,0,0,1,0,0,0,0,0,0,0,0,0,0,1,0,0,0,0,1,0,0,0,1,0,0,0,0,0,0,0,0,NA,"Schoolcraft_Twin_SUMM_28.jpeg","Schoolcraft_Twin_SUMM_27.jpeg"
58688612,"L36123","44364946","SCHOOLCRAFT","STUEBEN",11,"July",1960,12,"July",1960,NA,NA,NA,NA,NA,NA,NA,NA,NA,NA,NA,NA,NA,NA,NA,NA,NA,NA,NA,NA,NA,NA,NA,NA,NA,NA,NA,NA,NA,NA,NA,NA,NA,NA,NA,NA,NA,NA,NA,NA,NA,NA,NA,NA,NA,NA,NA,NA,0,0,0,0,0,0,0,0,0,0,0,0,0,0,0,1,1,0,0,0,0,0,0,0,1,1,0,1,1,0,0,1,0,1,"ps_sunfish; black_nosed_dace","Schoolcraft_Stueben_SUMM_4.jpeg","Schoolcraft_Stueben_SUMM_3.jpeg"
58688614,"L31539","44361740","SCHOOLCRAFT","SECTIONSEVEN",5,"November",1957,NA,"November",NA,NA,NA,NA,NA,NA,NA,NA,NA,NA,NA,NA,NA,NA,NA,NA,NA,NA,NA,NA,NA,NA,NA,NA,NA,NA,NA,NA,NA,NA,NA,NA,NA,NA,NA,NA,NA,NA,NA,NA,NA,NA,NA,NA,NA,NA,NA,NA,NA,0,0,0,0,0,0,0,0,0,1,0,0,0,0,0,0,0,0,0,0,0,0,0,0,0,0,0,0,0,0,0,0,0,0,NA,"Schoolcraft_SectionSeven_SUMM_4.jpeg","Schoolcraft_SectionSeven_SUMM_3.jpeg"
58688616,"L31539","44361740","SCHOOLCRAFT","SECTIONSEVEN",24,"August",1950,25,"August",1950,NA,NA,NA,NA,NA,NA,NA,NA,NA,NA,NA,NA,NA,NA,NA,NA,NA,NA,NA,NA,NA,NA,NA,NA,NA,NA,NA,NA,NA,NA,NA,NA,NA,NA,NA,NA,NA,NA,NA,NA,NA,NA,NA,NA,NA,NA,NA,NA,0,0,0,0,0,0,0,0,0,1,0,0,0,0,0,0,0,0,0,0,0,0,0,0,0,0,0,0,0,0,0,0,0,0,NA,"Schoolcraft_SectionSeven_SUMM_2.jpeg","Schoolcraft_SectionSeven_SUMM_1.jpeg"
58688620,"L32136","44365608","SCHOOLCRAFT","RIM",6,"June",1972,NA,NA,NA,NA,NA,NA,NA,NA,NA,NA,NA,NA,NA,NA,NA,NA,NA,NA,NA,NA,NA,NA,NA,NA,NA,NA,NA,NA,NA,NA,NA,NA,NA,NA,NA,NA,NA,NA,NA,NA,NA,NA,NA,NA,NA,NA,NA,NA,NA,NA,NA,0,0,0,0,0,0,0,0,0,0,0,0,0,0,0,0,0,0,0,0,0,0,0,0,0,0,0,0,0,0,0,0,0,1,NA,"Schoolcraft_Rim_SUMM_26.jpeg","Schoolcraft_Rim_SUMM_25.jpeg"
58688624,"L35588","44365074","SCHOOLCRAFT","PEANUT",15,"June",1957,13,"August",1957,NA,NA,NA,NA,NA,NA,NA,NA,NA,NA,NA,NA,NA,NA,NA,NA,NA,NA,NA,NA,NA,NA,NA,NA,NA,NA,NA,NA,NA,NA,NA,NA,NA,NA,NA,NA,NA,NA,NA,NA,NA,NA,NA,NA,NA,NA,NA,NA,0,0,0,0,0,0,0,0,0,0,0,0,0,0,0,0,0,0,0,0,0,1,0,0,0,0,0,0,0,0,0,0,0,1,NA,"Schoolcraft_Peanut_SUMM_2.jpeg","Schoolcraft_Peanut_SUMM_1.jpeg"
58688633,"L23408","44361692","SCHOOLCRAFT","LOST",24,"August",1950,24,"August",1950,NA,NA,NA,NA,NA,NA,NA,NA,NA,NA,NA,NA,NA,NA,NA,NA,NA,NA,NA,NA,NA,NA,NA,NA,NA,NA,NA,NA,NA,NA,NA,NA,NA,NA,NA,NA,NA,NA,NA,NA,NA,NA,NA,NA,NA,NA,NA,NA,0,0,0,0,0,0,0,0,0,0,0,0,0,0,0,0,0,0,0,0,0,0,0,0,0,0,0,0,0,0,0,0,0,0,NA,"Schoolcraft_Lost_SUMM_2.jpeg","Schoolcraft_Lost_SUMM_1.jpeg"
58688634,"L35374","44365528","SCHOOLCRAFT","LITTLEBASS",5,"August",1957,6,"August",1957,NA,NA,NA,NA,NA,NA,NA,NA,NA,NA,NA,NA,NA,NA,NA,NA,NA,NA,NA,NA,NA,NA,NA,NA,NA,NA,NA,NA,NA,NA,NA,NA,NA,NA,NA,NA,NA,NA,NA,NA,NA,NA,NA,NA,NA,NA,NA,NA,0,0,1,0,0,1,1,0,0,0,0,0,0,0,0,0,0,0,0,1,0,1,0,0,1,1,0,0,0,0,0,0,0,1,NA,"Schoolcraft_LittleBass_SUMM_4.jpeg","Schoolcraft_LittleBass_SUMM_3.jpeg"
58688635,"L33058","44363734","SCHOOLCRAFT","LILY",28,"August",1957,29,"August",1957,NA,NA,NA,NA,NA,NA,NA,NA,NA,NA,NA,NA,NA,NA,NA,NA,NA,NA,NA,NA,NA,NA,NA,NA,NA,NA,NA,NA,NA,NA,NA,NA,NA,NA,NA,NA,NA,NA,NA,NA,NA,NA,NA,NA,NA,NA,NA,NA,0,0,0,0,0,0,0,0,0,0,0,0,0,0,0,0,1,0,0,0,0,0,0,0,0,0,0,0,0,0,0,1,0,1,"ps_s_sunfish","Schoolcraft_Lily_SUMM_9.jpeg","Schoolcraft_Lily_SUMM_10.jpeg"
58688636,"L32133","44364024","SCHOOLCRAFT","LITTLEBOOT",27,"August",1957,28,"August",1957,NA,NA,NA,NA,NA,NA,NA,NA,NA,NA,NA,NA,NA,NA,NA,NA,NA,NA,NA,NA,NA,NA,NA,NA,NA,NA,NA,NA,NA,NA,NA,NA,NA,NA,NA,NA,NA,NA,NA,NA,NA,NA,NA,NA,NA,NA,NA,NA,0,0,0,0,0,0,0,0,0,0,0,0,0,0,0,0,0,0,0,0,0,1,0,0,1,1,0,0,0,0,0,0,0,0,"ps_sunfish","Schoolcraft_LittleBoot_SUMM_2.jpeg","Schoolcraft_LittleBoot_SUMM_1.jpeg"
58688640,"L36439","44365590","SCHOOLCRAFT","HUB",13,"June",1972,13,"June",1972,NA,NA,NA,NA,NA,NA,NA,NA,NA,NA,NA,NA,NA,NA,NA,NA,NA,NA,NA,NA,NA,NA,NA,NA,NA,NA,NA,NA,NA,NA,NA,NA,NA,NA,NA,NA,NA,NA,NA,NA,NA,NA,NA,NA,NA,NA,NA,NA,0,0,0,0,0,0,0,0,0,0,0,0,0,0,0,0,0,0,0,0,0,0,0,0,0,0,0,0,0,0,0,0,0,1,NA,"Schoolcraft_Hub_SUMM_2.jpeg","Schoolcraft_Hub_SUMM_1.jpeg"
58688641,"L31148","44362742","SCHOOLCRAFT","HARCOURT",3,"September",1946,NA,NA,NA,NA,NA,NA,NA,NA,NA,NA,NA,NA,NA,NA,NA,NA,NA,NA,NA,NA,NA,NA,NA,NA,NA,NA,NA,NA,NA,NA,NA,NA,NA,NA,NA,NA,NA,NA,NA,NA,NA,NA,NA,NA,NA,NA,NA,NA,NA,NA,NA,0,0,0,0,0,0,0,0,0,0,0,0,0,0,0,0,0,0,0,0,0,0,0,0,0,0,0,0,0,0,0,0,0,0,NA,"Schoolcraft_Harcourt_SUMM_16.jpeg","Schoolcraft_Harcourt_SUMM_15.jpeg"
58688643,"L34129","44365904","SCHOOLCRAFT","ISLAND",14,"July",1942,NA,NA,NA,NA,NA,NA,NA,NA,NA,NA,NA,NA,NA,NA,NA,NA,NA,NA,NA,NA,NA,NA,NA,NA,NA,NA,NA,NA,NA,NA,NA,NA,NA,NA,NA,NA,NA,NA,NA,NA,NA,NA,NA,NA,NA,NA,NA,NA,NA,NA,NA,0,0,0,0,0,1,0,0,0,0,0,0,0,0,0,0,0,0,0,0,0,1,0,0,1,0,0,0,1,0,0,0,0,1,NA,"Schoolcraft_Island_SUMM_4.jpeg","Schoolcraft_Island_SUMM_3.jpeg"
58688646,"L28405","44361944","SCHOOLCRAFT","FOLLY",22,"August",1952,22,"August",1952,NA,NA,NA,NA,NA,NA,NA,NA,NA,NA,NA,NA,NA,NA,NA,NA,NA,NA,NA,NA,NA,NA,NA,NA,NA,NA,NA,NA,NA,NA,NA,NA,NA,NA,NA,NA,NA,NA,NA,NA,NA,NA,NA,NA,NA,NA,NA,NA,0,0,0,0,0,0,0,0,0,0,0,0,0,0,0,0,0,0,0,0,0,0,0,0,0,0,0,0,0,0,0,0,0,0,NA,"Schoolcraft_Folly_SUMM_4.jpeg","Schoolcraft_Folly_SUMM_3.jpeg"
58688647,"L36374","44365254","SCHOOLCRAFT","EAST",12,"July",1962,29,"August",1962,NA,NA,NA,NA,NA,NA,NA,NA,NA,NA,NA,NA,NA,NA,NA,NA,NA,NA,NA,NA,NA,NA,NA,NA,NA,NA,NA,NA,NA,NA,NA,NA,NA,NA,NA,NA,NA,NA,NA,NA,NA,NA,NA,NA,NA,NA,NA,NA,0,0,0,0,0,1,1,0,0,0,1,0,0,0,0,0,1,0,0,0,0,1,0,0,0,1,0,0,1,0,0,1,0,1,"f_e_sunfish","Schoolcraft_East_SUMM_2.jpeg","Schoolcraft_East_SUMM_1.jpeg"
58688652,"L36068","{4A8FD889-A2CF-44AE-9DF3-86D4630604DF}","SCHOOLCRAFT","DEEP",11,"June",1975,12,"June",1975,NA,NA,NA,NA,NA,NA,NA,NA,NA,NA,NA,NA,NA,NA,NA,NA,NA,NA,NA,NA,NA,NA,NA,NA,NA,NA,NA,NA,NA,NA,NA,NA,NA,NA,NA,NA,NA,NA,NA,NA,NA,NA,NA,NA,NA,NA,NA,NA,0,1,0,0,0,1,0,0,0,0,0,0,1,0,0,0,0,0,0,0,0,0,0,0,1,1,0,1,1,0,0,1,0,0,"white_sucker_common_minnow","Schoolcraft_Deep_SUMM_2.jpeg","Schoolcraft_Deep_SUMM_1.jpeg"
58688659,"L26756","44364544","SCHOOLCRAFT","CRESCENT",22,"August",1957,NA,NA,NA,NA,NA,NA,NA,NA,NA,NA,NA,NA,NA,NA,NA,NA,NA,NA,NA,NA,NA,NA,NA,NA,NA,NA,NA,NA,NA,NA,NA,NA,NA,NA,NA,NA,NA,NA,NA,NA,NA,NA,NA,NA,NA,NA,NA,NA,NA,NA,NA,0,0,0,0,0,0,1,0,0,0,0,0,0,0,0,0,0,0,0,0,0,0,0,0,1,0,0,0,0,0,0,0,0,1,NA,"Schoolcraft_Crescent_SUMM_16.jpeg","Schoolcraft_Crescent_SUMM_15.jpeg"
58688660,"L26756","44364544","SCHOOLCRAFT","CRESCENT",22,"August",1957,NA,NA,NA,NA,NA,NA,NA,NA,NA,NA,NA,NA,NA,NA,NA,NA,NA,NA,NA,NA,NA,NA,NA,NA,NA,NA,NA,NA,NA,NA,NA,NA,NA,NA,NA,NA,NA,NA,NA,NA,NA,NA,NA,NA,NA,NA,NA,NA,NA,NA,NA,0,0,0,0,0,0,0,0,0,0,0,0,0,0,0,0,0,0,0,0,0,0,0,0,1,0,0,0,0,0,0,0,0,1,"Minnows","Schoolcraft_Crescent_SUMM_14.jpeg","Schoolcraft_Crescent_SUMM_13.jpeg"
58688664,"L34015","44365178","SCHOOLCRAFT","COOKSON",29,"July",1957,23,"August",1957,NA,NA,NA,NA,NA,NA,NA,NA,NA,NA,NA,NA,NA,NA,NA,NA,NA,NA,NA,NA,NA,NA,NA,NA,NA,NA,NA,NA,NA,NA,NA,NA,NA,NA,NA,NA,NA,NA,NA,NA,NA,NA,NA,NA,NA,NA,NA,NA,NA,NA,NA,NA,NA,NA,NA,NA,NA,NA,NA,NA,NA,NA,NA,NA,NA,NA,NA,NA,NA,NA,NA,NA,NA,NA,NA,NA,NA,NA,NA,NA,NA,NA,NA,"Schoolcraft_Cookson_SUMM_2.jpeg","Schoolcraft_Cookson_SUMM_1.jpeg"
58688670,"L35230","44365014","SCHOOLCRAFT","BLUSH",11,"July",1962,28,"August",NA,NA,NA,NA,NA,NA,NA,NA,NA,NA,NA,NA,NA,NA,NA,NA,NA,NA,NA,NA,NA,NA,NA,NA,NA,NA,NA,NA,NA,NA,NA,NA,NA,NA,NA,NA,NA,NA,NA,NA,NA,NA,NA,NA,NA,NA,NA,NA,NA,0,0,0,0,0,0,1,0,0,0,0,0,0,0,0,0,1,0,1,0,0,0,0,0,1,1,0,0,0,0,0,1,0,1,"p_s_sunfish; n_shiners","Schoolcraft_Blush_SUMM_4.jpeg","Schoolcraft_Blush_SUMM_3.jpeg"
58688673,"L36528","44364568","SCHOOLCRAFT","BIGISLAND",16,"August",1954,21,"August",NA,NA,NA,NA,NA,NA,NA,NA,NA,NA,NA,NA,NA,NA,NA,NA,NA,NA,NA,NA,NA,NA,NA,NA,NA,NA,NA,NA,NA,NA,NA,NA,NA,NA,NA,NA,NA,NA,NA,NA,NA,NA,NA,NA,NA,NA,NA,NA,NA,0,0,0,0,0,1,0,0,0,0,0,0,0,0,0,0,0,0,0,0,0,0,0,0,1,1,0,0,1,0,1,0,0,1,NA,"Schoolcraft_BigIsland_SUMM_6.jpeg","Schoolcraft_BigIsland_SUMM_5.jpeg"
58688683,"L4873","113469979","PRESQUEISLE","SUNKEN",NA,"April",1926,NA,NA,NA,NA,NA,NA,NA,NA,NA,NA,NA,NA,NA,NA,NA,NA,NA,NA,NA,NA,NA,NA,NA,NA,NA,NA,NA,NA,NA,NA,NA,NA,NA,NA,NA,NA,NA,NA,NA,NA,NA,NA,NA,NA,NA,NA,NA,NA,NA,NA,NA,0,0,0,0,0,0,0,0,0,0,0,0,0,0,0,0,0,0,0,0,0,1,0,0,0,0,0,0,1,0,0,0,1,1,"minnows; pickerel","PresqueIsle_Sunken_SUMM_9.jpeg","PresqueIsle_Sunken_SUMM_10.jpeg"
58688689,"L11813","122383011","PRESQUEISLE","LOST",25,"June",1951,29,"June",1951,NA,NA,NA,NA,NA,NA,NA,NA,NA,NA,NA,NA,NA,NA,NA,NA,NA,NA,NA,NA,NA,NA,NA,NA,NA,NA,NA,NA,NA,NA,NA,NA,NA,NA,NA,NA,NA,NA,NA,NA,NA,NA,NA,NA,NA,NA,NA,NA,0,0,0,0,1,1,1,0,0,0,0,0,0,0,0,0,0,0,1,0,0,1,0,0,0,1,0,1,0,0,0,0,0,1,NA,"PresqueIsle_Lost_SUMM_38.jpeg","PresqueIsle_Lost_SUMM_37.jpeg"
58688691,"L13950","122382916","PRESQUEISLE","GRAND",28,"June",1950,17,"July",1950,NA,NA,NA,NA,NA,NA,NA,NA,NA,NA,NA,NA,NA,NA,NA,NA,NA,NA,NA,NA,NA,NA,NA,NA,NA,NA,NA,NA,NA,NA,NA,NA,NA,NA,NA,NA,NA,NA,NA,NA,NA,NA,NA,NA,NA,NA,NA,NA,0,0,0,0,1,0,1,1,0,0,1,0,0,1,1,1,0,0,0,1,0,0,1,1,1,1,0,1,1,0,1,1,0,1,"hornyhead_club_creek_chub_log_perch_mudminnow","PresqueIsle_Grand_SUMM_6.jpeg","PresqueIsle_Grand_SUMM_5.jpeg"
58688694,"L4117","122382883","PRESQUEISLE","ESAU",1,"August",1943,NA,NA,NA,NA,NA,NA,NA,NA,NA,NA,NA,NA,NA,NA,NA,NA,NA,NA,NA,NA,NA,NA,NA,NA,NA,NA,NA,NA,NA,NA,NA,NA,NA,NA,NA,NA,NA,NA,NA,NA,NA,NA,NA,NA,NA,NA,NA,NA,NA,NA,NA,0,0,0,0,0,0,1,0,0,0,0,0,0,0,0,0,0,0,0,0,0,0,0,0,0,0,0,1,1,0,0,0,0,1,NA,"PresqueIsle_Esau_SUMM_80.jpeg","PresqueIsle_Esau_SUMM_79.jpeg"
58688695,"L6318","122383057","PRESQUEISLE","EMMA",25,"June",1951,29,"June",1951,NA,NA,NA,NA,NA,NA,NA,NA,NA,NA,NA,NA,NA,NA,NA,NA,NA,NA,NA,NA,NA,NA,NA,NA,NA,NA,NA,NA,NA,NA,NA,NA,NA,NA,NA,NA,NA,NA,NA,NA,NA,NA,NA,NA,NA,NA,NA,NA,0,1,0,0,0,1,1,0,0,0,0,0,0,0,0,0,0,0,0,1,0,1,0,0,1,1,0,0,0,0,0,1,1,1,NA,"PresqueIsle_Emma_SUMM_8.jpeg","PresqueIsle_Emma_SUMM_7.jpeg"
58688699,"L30185","152274778","OTTAWA","PIGEON",21,"August",1956,NA,NA,NA,NA,NA,NA,NA,NA,NA,NA,NA,NA,NA,NA,NA,NA,NA,NA,NA,NA,NA,NA,NA,NA,NA,NA,NA,NA,NA,NA,NA,NA,NA,NA,NA,NA,NA,NA,NA,NA,NA,NA,NA,NA,NA,NA,NA,NA,NA,NA,NA,0,0,1,0,0,1,0,0,0,0,0,0,0,0,0,0,0,0,0,0,0,1,0,0,1,1,0,0,0,0,0,0,0,1,NA,"Ottawa_Pigeon_SUMM_8.jpeg","Ottawa_Pigeon_SUMM_7.jpeg"
58688722,"L10323","155411184","OTSEGO","FORD",1,"August",1932,NA,NA,NA,NA,NA,NA,NA,NA,NA,NA,NA,NA,NA,NA,NA,NA,NA,NA,NA,NA,NA,NA,NA,NA,NA,NA,NA,NA,NA,NA,NA,NA,NA,NA,NA,NA,NA,NA,NA,NA,NA,NA,NA,NA,NA,NA,NA,NA,NA,NA,NA,0,0,0,0,0,0,0,0,0,0,0,0,0,0,0,0,0,0,0,0,0,0,0,0,0,0,0,0,0,0,0,0,0,1,"perch","Otsego_Ford_SUMM_9.jpeg","Otsego_Ford_SUMM_8.jpeg"
58688723,"L10323","155411184","OTSEGO","FORD",1,"August",1932,NA,"August",NA,NA,NA,NA,NA,NA,NA,NA,NA,NA,NA,NA,NA,NA,NA,NA,NA,NA,NA,NA,NA,NA,NA,NA,NA,NA,NA,NA,NA,NA,NA,NA,NA,NA,NA,NA,NA,NA,NA,NA,NA,NA,NA,NA,NA,NA,NA,NA,NA,0,0,0,0,0,0,0,0,0,0,0,0,0,0,0,0,0,0,0,0,0,0,0,0,0,0,0,0,0,0,0,0,0,1,NA,"Otsego_Ford_SUMM_7.jpeg","Otsego_Ford_SUMM_6.jpeg"
58688724,"L10323","155411184","OTSEGO","FORD",1,"August",1932,1,"August",1932,NA,NA,NA,NA,NA,NA,NA,NA,NA,NA,NA,NA,NA,NA,NA,NA,NA,NA,NA,NA,NA,NA,NA,NA,NA,NA,NA,NA,NA,NA,NA,NA,NA,NA,NA,NA,NA,NA,NA,NA,NA,NA,NA,NA,NA,NA,NA,NA,0,0,0,0,0,0,0,0,0,0,0,0,0,0,0,0,0,0,0,0,0,0,0,0,0,0,0,0,0,0,0,0,0,1,NA,"Otsego_Ford_SUMM_5.jpeg","Otsego_Ford_SUMM_10.jpeg"
58750907,"L43886","123148008","GOGEBIC","SUMMIT",14,"July",1961,NA,NA,NA,NA,NA,NA,NA,NA,NA,NA,NA,NA,NA,NA,NA,NA,NA,NA,NA,NA,NA,NA,NA,NA,NA,NA,NA,NA,NA,NA,NA,NA,NA,NA,NA,NA,NA,NA,NA,NA,NA,NA,NA,NA,NA,NA,NA,NA,NA,NA,NA,NA,NA,NA,NA,NA,NA,NA,NA,NA,NA,NA,NA,NA,NA,NA,NA,NA,NA,NA,NA,NA,NA,NA,NA,NA,NA,NA,NA,NA,NA,NA,NA,NA,NA,NA,"Gogebic_Summit_FISHc_023.jpg","Gogebic_Summit_FISHc_024.jpg"
58750910,"L43886","123148008","GOGEBIC","SUMMIT",NA,"August",1960,NA,NA,NA,NA,NA,NA,NA,NA,NA,NA,NA,NA,NA,NA,NA,NA,NA,NA,NA,NA,NA,NA,NA,NA,NA,NA,NA,NA,NA,NA,NA,NA,NA,NA,NA,NA,NA,NA,NA,NA,NA,NA,NA,NA,NA,NA,NA,NA,NA,NA,NA,NA,NA,NA,NA,NA,NA,NA,NA,NA,NA,NA,NA,NA,NA,NA,NA,NA,NA,NA,NA,NA,NA,NA,NA,NA,NA,NA,NA,NA,NA,NA,NA,NA,NA,NA,"Gogebic_Summit_FISHc_007.jpg","Gogebic_Summit_FISHc_008.jpg"
58754489,"L43886","123148008","GOGEBIC","SUMMIT",5,"August",1980,NA,NA,NA,NA,NA,NA,NA,NA,NA,NA,NA,NA,NA,NA,NA,NA,NA,NA,NA,NA,NA,NA,NA,NA,NA,NA,NA,NA,NA,NA,NA,NA,NA,NA,NA,NA,NA,NA,NA,NA,NA,NA,NA,NA,NA,NA,NA,NA,NA,NA,NA,NA,NA,NA,NA,NA,NA,NA,NA,NA,NA,NA,NA,NA,NA,NA,NA,NA,NA,NA,NA,NA,NA,NA,NA,NA,NA,NA,NA,NA,NA,NA,NA,NA,NA,NA,"Gogebic_Summit_GROW_009.jpg","Gogebic_Summit_GROW_010.jpg"
59070442,"L13031","83976953","ALCONA","ALCONADAM",9,"May",1927,9,"May",1927,NA,NA,NA,NA,NA,NA,NA,NA,NA,NA,NA,NA,NA,NA,NA,NA,NA,NA,NA,NA,NA,NA,NA,NA,NA,NA,NA,NA,NA,NA,NA,NA,NA,NA,NA,NA,NA,NA,NA,NA,NA,NA,NA,NA,NA,NA,NA,NA,NA,NA,NA,NA,NA,NA,NA,NA,NA,NA,NA,NA,NA,NA,NA,NA,NA,NA,NA,NA,NA,NA,NA,NA,NA,NA,NA,NA,NA,NA,NA,NA,NA,NA,NA,"ALCONA_ALCONADAM_SUMM_0001.jpeg",NA
59070443,"L8105","113471457","ALCONA","HUBBARD",1,"April",1926,1,"April",1926,NA,NA,NA,NA,NA,NA,NA,NA,NA,NA,NA,NA,NA,NA,NA,NA,NA,NA,NA,NA,NA,NA,NA,NA,NA,NA,NA,NA,NA,NA,NA,NA,NA,NA,NA,NA,NA,NA,NA,NA,NA,NA,NA,NA,NA,NA,NA,NA,NA,NA,NA,NA,NA,NA,NA,NA,NA,NA,NA,NA,NA,NA,NA,NA,NA,NA,NA,NA,NA,NA,NA,NA,NA,NA,NA,NA,NA,NA,NA,NA,NA,NA,NA,"ALCONA_HUBBARD_SUMM_0004.jpeg",NA
59070444,"L8105","113471457","ALCONA","HUBBARD",NA,"August",1926,NA,NA,1926,NA,NA,NA,NA,NA,NA,NA,NA,NA,NA,NA,NA,NA,NA,NA,NA,NA,NA,NA,NA,NA,NA,NA,NA,NA,NA,NA,NA,NA,NA,NA,NA,NA,NA,NA,NA,NA,NA,NA,NA,NA,NA,NA,NA,NA,NA,NA,NA,NA,NA,NA,NA,NA,NA,NA,NA,NA,NA,NA,NA,NA,NA,NA,NA,NA,NA,NA,NA,NA,NA,NA,NA,NA,NA,NA,NA,NA,NA,NA,NA,NA,NA,NA,"ALCONA_HUBBARD_SUMM_0003.jpeg",NA
59070446,"L12830","83977399","IOSCO","FIVECHANNELS",9,"May",1927,9,"May",1927,NA,NA,NA,NA,NA,NA,NA,NA,NA,NA,NA,NA,NA,NA,NA,NA,NA,NA,NA,NA,NA,NA,NA,NA,NA,NA,NA,NA,NA,NA,NA,NA,NA,NA,NA,NA,NA,NA,NA,NA,NA,NA,NA,NA,NA,NA,NA,NA,NA,NA,NA,NA,NA,NA,NA,NA,NA,NA,NA,NA,NA,NA,NA,NA,NA,NA,NA,NA,NA,NA,NA,NA,NA,NA,NA,NA,NA,NA,NA,NA,NA,NA,NA,"Iosco_FiveChannels_Pond_SUMM_002.jpg",NA
59070447,"L11167","83977349","IOSCO","FOOTEDAMPOND",9,"May",1927,9,"May",1927,NA,NA,NA,NA,NA,NA,NA,NA,NA,NA,NA,NA,NA,NA,NA,NA,NA,NA,NA,NA,NA,NA,NA,NA,NA,NA,NA,NA,NA,NA,NA,NA,NA,NA,NA,NA,NA,NA,NA,NA,NA,NA,NA,NA,NA,NA,NA,NA,NA,NA,NA,NA,NA,NA,NA,NA,NA,NA,NA,NA,NA,NA,NA,NA,NA,NA,NA,NA,NA,NA,NA,NA,NA,NA,NA,NA,NA,NA,NA,NA,NA,NA,NA,"Iosco_FooteDamPond_SUMM_006.jpg",NA
59070449,"L12593","83977123","IOSCO","VANETTEN",9,"May",1927,NA,"May",NA,NA,NA,NA,NA,NA,NA,NA,NA,NA,NA,NA,NA,NA,NA,NA,NA,NA,NA,NA,NA,NA,NA,NA,NA,NA,NA,NA,NA,NA,NA,NA,NA,NA,NA,NA,NA,NA,NA,NA,NA,NA,NA,NA,NA,NA,NA,NA,NA,NA,NA,NA,NA,NA,NA,NA,NA,NA,NA,NA,NA,NA,NA,NA,NA,NA,NA,NA,NA,NA,NA,NA,NA,NA,NA,NA,NA,NA,NA,NA,NA,NA,NA,NA,"Iosco_VanEtten_SUMM_024.jpg",NA
59070450,"L6850","83977435","ISOCO","COOKE",9,"May",1927,9,"May",1927,NA,NA,NA,NA,NA,NA,NA,NA,NA,NA,NA,NA,NA,NA,NA,NA,NA,NA,NA,NA,NA,NA,NA,NA,NA,NA,NA,NA,NA,NA,NA,NA,NA,NA,NA,NA,NA,NA,NA,NA,NA,NA,NA,NA,NA,NA,NA,NA,NA,NA,NA,NA,NA,NA,NA,NA,NA,NA,NA,NA,NA,NA,NA,NA,NA,NA,NA,NA,NA,NA,NA,NA,NA,NA,NA,NA,NA,NA,NA,NA,NA,NA,NA,"Isoco_Cooke_Impoundment_SUMM_006.jpg",NA
59070503,"L540","155408606","MONTMORENCY","VALENTINE",NA,"April",1926,NA,"April",1926,NA,NA,NA,NA,NA,NA,NA,NA,NA,NA,NA,NA,NA,NA,NA,NA,NA,NA,NA,NA,NA,NA,NA,NA,NA,NA,NA,NA,NA,NA,NA,NA,NA,NA,NA,NA,NA,NA,NA,NA,NA,NA,NA,NA,NA,NA,NA,NA,NA,NA,NA,NA,NA,NA,NA,NA,NA,NA,NA,NA,NA,NA,NA,NA,NA,NA,NA,NA,NA,NA,NA,NA,NA,NA,NA,NA,NA,NA,NA,NA,NA,NA,NA,"MONTMORENCY_VALENTINE_SUMM_0001.jpeg",NA
59070505,"L16026","121860988","NEWAYGO","BAPTIST",NA,NA,1926,NA,NA,1926,NA,NA,NA,NA,NA,NA,NA,NA,NA,NA,NA,NA,NA,NA,NA,NA,NA,NA,NA,NA,NA,NA,NA,NA,NA,NA,NA,NA,NA,NA,NA,NA,NA,NA,NA,NA,NA,NA,NA,NA,NA,NA,NA,NA,NA,NA,NA,NA,NA,NA,NA,NA,NA,NA,NA,NA,NA,NA,NA,NA,NA,NA,NA,NA,NA,NA,NA,NA,NA,NA,NA,NA,NA,NA,NA,NA,NA,NA,NA,NA,NA,NA,NA,"NEWAYGO_BAPTIST_SUMM_0003.jpeg",NA
59070506,"L15607","121861006","NEWAYGO","BLANCHE",NA,NA,1926,NA,NA,NA,NA,NA,NA,NA,NA,NA,NA,NA,NA,NA,NA,NA,NA,NA,NA,NA,NA,NA,NA,NA,NA,NA,NA,NA,NA,NA,NA,NA,NA,NA,NA,NA,NA,NA,NA,NA,NA,NA,NA,NA,NA,NA,NA,NA,NA,NA,NA,NA,NA,NA,NA,NA,NA,NA,NA,NA,NA,NA,NA,NA,NA,NA,NA,NA,NA,NA,NA,NA,NA,NA,NA,NA,NA,NA,NA,NA,NA,NA,NA,NA,NA,NA,NA,"NEWAYGO_BLANCHE_SUMM_0005.jpeg",NA
59070507,"L17220","121860858","NEWAYGO","BROOKS",NA,NA,1926,NA,NA,NA,NA,NA,NA,NA,NA,NA,NA,NA,NA,NA,NA,NA,NA,NA,NA,NA,NA,NA,NA,NA,NA,NA,NA,NA,NA,NA,NA,NA,NA,NA,NA,NA,NA,NA,NA,NA,NA,NA,NA,NA,NA,NA,NA,NA,NA,NA,NA,NA,NA,NA,NA,NA,NA,NA,NA,NA,NA,NA,NA,NA,NA,NA,NA,NA,NA,NA,NA,NA,NA,NA,NA,NA,NA,NA,NA,NA,NA,NA,NA,NA,NA,NA,NA,"NEWAYGO_BROOKS_SUMM_0001.jpeg",NA
59070508,"L27368","82819684","NEWAYGO","CLARKS",NA,NA,1926,NA,NA,1926,NA,NA,NA,NA,NA,NA,NA,NA,NA,NA,NA,NA,NA,NA,NA,NA,NA,NA,NA,NA,NA,NA,NA,NA,NA,NA,NA,NA,NA,NA,NA,NA,NA,NA,NA,NA,NA,NA,NA,NA,NA,NA,NA,NA,NA,NA,NA,NA,NA,NA,NA,NA,NA,NA,NA,NA,NA,NA,NA,NA,NA,NA,NA,NA,NA,NA,NA,NA,NA,NA,NA,NA,NA,NA,NA,NA,NA,NA,NA,NA,NA,NA,NA,"NEWAYGO_CLARKS_SUMM_0001.jpeg",NA
59070510,"L25423","121860736","NEWAYGO","FREMONT",NA,NA,1926,NA,NA,1926,NA,NA,NA,NA,NA,NA,NA,NA,NA,NA,NA,NA,NA,NA,NA,NA,NA,NA,NA,NA,NA,NA,NA,NA,NA,NA,NA,NA,NA,NA,NA,NA,NA,NA,NA,NA,NA,NA,NA,NA,NA,NA,NA,NA,NA,NA,NA,NA,NA,NA,NA,NA,NA,NA,NA,NA,NA,NA,NA,NA,NA,NA,NA,NA,NA,NA,NA,NA,NA,NA,NA,NA,NA,NA,NA,NA,NA,NA,NA,NA,NA,NA,NA,"NEWAYGO_FREMONT_SUMM_0021.jpeg",NA
59070513,"L25998","121860611","NEWAYGO","FORD",NA,NA,1926,NA,NA,1926,NA,NA,NA,NA,NA,NA,NA,NA,NA,NA,NA,NA,NA,NA,NA,NA,NA,NA,NA,NA,NA,NA,NA,NA,NA,NA,NA,NA,NA,NA,NA,NA,NA,NA,NA,NA,NA,NA,NA,NA,NA,NA,NA,NA,NA,NA,NA,NA,NA,NA,NA,NA,NA,NA,NA,NA,NA,NA,NA,NA,NA,NA,NA,NA,NA,NA,NA,NA,NA,NA,NA,NA,NA,NA,NA,NA,NA,NA,NA,NA,NA,NA,NA,"NEWAYGO_FORD_SUMM_0001.jpeg",NA
59070514,"L19496","82817902","NEWAYGO","GREENING",NA,"January",1926,NA,NA,NA,NA,NA,NA,NA,NA,NA,NA,NA,NA,NA,NA,NA,NA,NA,NA,NA,NA,NA,NA,NA,NA,NA,NA,NA,NA,NA,NA,NA,NA,NA,NA,NA,NA,NA,NA,NA,NA,NA,NA,NA,NA,NA,NA,NA,NA,NA,NA,NA,NA,NA,NA,NA,NA,NA,NA,NA,NA,NA,NA,NA,NA,NA,NA,NA,NA,NA,NA,NA,NA,NA,NA,NA,NA,NA,NA,NA,NA,NA,NA,NA,NA,NA,NA,"NEWAYGO_GREENING_SUMM_0001.jpeg",NA
59070515,"L22675","121860894","NEWAYGO","HESS",NA,NA,1926,NA,NA,1926,NA,NA,NA,NA,NA,NA,NA,NA,NA,NA,NA,NA,NA,NA,NA,NA,NA,NA,NA,NA,NA,NA,NA,NA,NA,NA,NA,NA,NA,NA,NA,NA,NA,NA,NA,NA,NA,NA,NA,NA,NA,NA,NA,NA,NA,NA,NA,NA,NA,NA,NA,NA,NA,NA,NA,NA,NA,NA,NA,NA,NA,NA,NA,NA,NA,NA,NA,NA,NA,NA,NA,NA,NA,NA,NA,NA,NA,NA,NA,NA,NA,NA,NA,"NEWAYGO_HESS_SUMM_0008.jpeg",NA
59070516,"L15665","121860696","NEWAYGO","JOHNFORD",NA,NA,1926,NA,NA,NA,NA,NA,NA,NA,NA,NA,NA,NA,NA,NA,NA,NA,NA,NA,NA,NA,NA,NA,NA,NA,NA,NA,NA,NA,NA,NA,NA,NA,NA,NA,NA,NA,NA,NA,NA,NA,NA,NA,NA,NA,NA,NA,NA,NA,NA,NA,NA,NA,NA,NA,NA,NA,NA,NA,NA,NA,NA,NA,NA,NA,NA,NA,NA,NA,NA,NA,NA,NA,NA,NA,NA,NA,NA,NA,NA,NA,NA,NA,NA,NA,NA,NA,NA,"NEWAYGO_JOHNFORD_SUMM_0001.jpeg",NA
59070517,"L20476","82818272","NEWAYGO","ISLAND",NA,NA,1926,NA,NA,NA,NA,NA,NA,NA,NA,NA,NA,NA,NA,NA,NA,NA,NA,NA,NA,NA,NA,NA,NA,NA,NA,NA,NA,NA,NA,NA,NA,NA,NA,NA,NA,NA,NA,NA,NA,NA,NA,NA,NA,NA,NA,NA,NA,NA,NA,NA,NA,NA,NA,NA,NA,NA,NA,NA,NA,NA,NA,NA,NA,NA,NA,NA,NA,NA,NA,NA,NA,NA,NA,NA,NA,NA,NA,NA,NA,NA,NA,NA,NA,NA,NA,NA,NA,"NEWAYGO_ISLAND_SUMM_0001.jpeg",NA
59070518,"L22619","82817724","NEWAYGO","HIGHBANKS",NA,NA,1926,NA,NA,NA,NA,NA,NA,NA,NA,NA,NA,NA,NA,NA,NA,NA,NA,NA,NA,NA,NA,NA,NA,NA,NA,NA,NA,NA,NA,NA,NA,NA,NA,NA,NA,NA,NA,NA,NA,NA,NA,NA,NA,NA,NA,NA,NA,NA,NA,NA,NA,NA,NA,NA,NA,NA,NA,NA,NA,NA,NA,NA,NA,NA,NA,NA,NA,NA,NA,NA,NA,NA,NA,NA,NA,NA,NA,NA,NA,NA,NA,NA,NA,NA,NA,NA,NA,"NEWAYGO_HIGHBANKS_SUMM_0002.jpeg",NA
59070519,"L20550","82818834","NEWAYGO","KIMES",NA,NA,1926,NA,NA,NA,NA,NA,NA,NA,NA,NA,NA,NA,NA,NA,NA,NA,NA,NA,NA,NA,NA,NA,NA,NA,NA,NA,NA,NA,NA,NA,NA,NA,NA,NA,NA,NA,NA,NA,NA,NA,NA,NA,NA,NA,NA,NA,NA,NA,NA,NA,NA,NA,NA,NA,NA,NA,NA,NA,NA,NA,NA,NA,NA,NA,NA,NA,NA,NA,NA,NA,NA,NA,NA,NA,NA,NA,NA,NA,NA,NA,NA,NA,NA,NA,NA,NA,NA,"NEWAYGO_KIMES_SUMM_0002.jpeg",NA
59070520,"L17992","121860685","NEWAYGO","KIMBALL",NA,NA,1926,NA,NA,NA,NA,NA,NA,NA,NA,NA,NA,NA,NA,NA,NA,NA,NA,NA,NA,NA,NA,NA,NA,NA,NA,NA,NA,NA,NA,NA,NA,NA,NA,NA,NA,NA,NA,NA,NA,NA,NA,NA,NA,NA,NA,NA,NA,NA,NA,NA,NA,NA,NA,NA,NA,NA,NA,NA,NA,NA,NA,NA,NA,NA,NA,NA,NA,NA,NA,NA,NA,NA,NA,NA,NA,NA,NA,NA,NA,NA,NA,NA,NA,NA,NA,NA,NA,"NEWAYGO_KIMBALL_SUMM_0001.jpeg",NA
59070521,"L20382","82817824","NEWAYGO","MAWBY",NA,NA,1926,NA,NA,1926,NA,NA,NA,NA,NA,NA,NA,NA,NA,NA,NA,NA,NA,NA,NA,NA,NA,NA,NA,NA,NA,NA,NA,NA,NA,NA,NA,NA,NA,NA,NA,NA,NA,NA,NA,NA,NA,NA,NA,NA,NA,NA,NA,NA,NA,NA,NA,NA,NA,NA,NA,NA,NA,NA,NA,NA,NA,NA,NA,NA,NA,NA,NA,NA,NA,NA,NA,NA,NA,NA,NA,NA,NA,NA,NA,NA,NA,NA,NA,NA,NA,NA,NA,"NEWAYGO_MAWBY_SUMM_0001.jpeg",NA
59070522,"L22347","82817572","NEWAYGO","LILLEY",NA,NA,1926,NA,NA,NA,NA,NA,NA,NA,NA,NA,NA,NA,NA,NA,NA,NA,NA,NA,NA,NA,NA,NA,NA,NA,NA,NA,NA,NA,NA,NA,NA,NA,NA,NA,NA,NA,NA,NA,NA,NA,NA,NA,NA,NA,NA,NA,NA,NA,NA,NA,NA,NA,NA,NA,NA,NA,NA,NA,NA,NA,NA,NA,NA,NA,NA,NA,NA,NA,NA,NA,NA,NA,NA,NA,NA,NA,NA,NA,NA,NA,NA,NA,NA,NA,NA,NA,NA,"NEWAYGO_LILLEY_SUMM_0001.jpeg",NA
59070523,"L20346","82818010","NEWAYGO","NICHOLS",NA,NA,1926,NA,NA,NA,NA,NA,NA,NA,NA,NA,NA,NA,NA,NA,NA,NA,NA,NA,NA,NA,NA,NA,NA,NA,NA,NA,NA,NA,NA,NA,NA,NA,NA,NA,NA,NA,NA,NA,NA,NA,NA,NA,NA,NA,NA,NA,NA,NA,NA,NA,NA,NA,NA,NA,NA,NA,NA,NA,NA,NA,NA,NA,NA,NA,NA,NA,NA,NA,NA,NA,NA,NA,NA,NA,NA,NA,NA,NA,NA,NA,NA,NA,NA,NA,NA,NA,NA,"NEWAYGO_NICHOLS_SUMM_0004.jpeg",NA
59070524,"L20953","82817672","NEWAYGO","PETTIBONE",NA,"January",1926,NA,"January",1926,NA,NA,NA,NA,NA,NA,NA,NA,NA,NA,NA,NA,NA,NA,NA,NA,NA,NA,NA,NA,NA,NA,NA,NA,NA,NA,NA,NA,NA,NA,NA,NA,NA,NA,NA,NA,NA,NA,NA,NA,NA,NA,NA,NA,NA,NA,NA,NA,NA,NA,NA,NA,NA,NA,NA,NA,NA,NA,NA,NA,NA,NA,NA,NA,NA,NA,NA,NA,NA,NA,NA,NA,NA,NA,NA,NA,NA,NA,NA,NA,NA,NA,NA,"NEWAYGO_PETTIBONE_SUMM_0001.jpeg",NA
59070525,"L31762","121860570","NEWAYGO","PECKS",NA,NA,1926,NA,NA,1926,NA,NA,NA,NA,NA,NA,NA,NA,NA,NA,NA,NA,NA,NA,NA,NA,NA,NA,NA,NA,NA,NA,NA,NA,NA,NA,NA,NA,NA,NA,NA,NA,NA,NA,NA,NA,NA,NA,NA,NA,NA,NA,NA,NA,NA,NA,NA,NA,NA,NA,NA,NA,NA,NA,NA,NA,NA,NA,NA,NA,NA,NA,NA,NA,NA,NA,NA,NA,NA,NA,NA,NA,NA,NA,NA,NA,NA,NA,NA,NA,NA,NA,NA,"NEWAYGO_PECKS_SUMM_0001.jpeg",NA
59070526,"L19452","8bf5056e-8135-46ba-8e3a-1ada931fe391","NEWAYGO","PETTIT",NA,NA,1926,NA,NA,1926,NA,NA,NA,NA,NA,NA,NA,NA,NA,NA,NA,NA,NA,NA,NA,NA,NA,NA,NA,NA,NA,NA,NA,NA,NA,NA,NA,NA,NA,NA,NA,NA,NA,NA,NA,NA,NA,NA,NA,NA,NA,NA,NA,NA,NA,NA,NA,NA,NA,NA,NA,NA,NA,NA,NA,NA,NA,NA,NA,NA,NA,NA,NA,NA,NA,NA,NA,NA,NA,NA,NA,NA,NA,NA,NA,NA,NA,NA,NA,NA,NA,NA,NA,"NEWAYGO_PETTIT_SUMM_0001.jpeg",NA
59070527,"L19230","82817616","NEWAYGO","PICKERELT",NA,NA,1926,NA,NA,NA,NA,NA,NA,NA,NA,NA,NA,NA,NA,NA,NA,NA,NA,NA,NA,NA,NA,NA,NA,NA,NA,NA,NA,NA,NA,NA,NA,NA,NA,NA,NA,NA,NA,NA,NA,NA,NA,NA,NA,NA,NA,NA,NA,NA,NA,NA,NA,NA,NA,NA,NA,NA,NA,NA,NA,NA,NA,NA,NA,NA,NA,NA,NA,NA,NA,NA,NA,NA,NA,NA,NA,NA,NA,NA,NA,NA,NA,NA,NA,NA,NA,NA,NA,"NEWAYGO_PICKERELT16NR13WS10111415_SUMM_0001.jpeg",NA
59070528,"L19230","82817616","NEWAYGO","PICKERELT",NA,NA,1926,NA,NA,1926,NA,NA,NA,NA,NA,NA,NA,NA,NA,NA,NA,NA,NA,NA,NA,NA,NA,NA,NA,NA,NA,NA,NA,NA,NA,NA,NA,NA,NA,NA,NA,NA,NA,NA,NA,NA,NA,NA,NA,NA,NA,NA,NA,NA,NA,NA,NA,NA,NA,NA,NA,NA,NA,NA,NA,NA,NA,NA,NA,NA,NA,NA,NA,NA,NA,NA,NA,NA,NA,NA,NA,NA,NA,NA,NA,NA,NA,NA,NA,NA,NA,NA,NA,"NEWAYGO_PICKERELT16NR13WS19_SUMM_0001.jpeg",NA
59070530,"L14567","82819488","NEWAYGO","ROBINSON",NA,NA,1926,NA,NA,1926,NA,NA,NA,NA,NA,NA,NA,NA,NA,NA,NA,NA,NA,NA,NA,NA,NA,NA,NA,NA,NA,NA,NA,NA,NA,NA,NA,NA,NA,NA,NA,NA,NA,NA,NA,NA,NA,NA,NA,NA,NA,NA,NA,NA,NA,NA,NA,NA,NA,NA,NA,NA,NA,NA,NA,NA,NA,NA,NA,NA,NA,NA,NA,NA,NA,NA,NA,NA,NA,NA,NA,NA,NA,NA,NA,NA,NA,NA,NA,NA,NA,NA,NA,"NEWAYGO_ROBINSON_SUMM_0001.jpeg",NA
59070531,"L21279","121860619","NEWAYGO","RYERSON",NA,NA,1926,NA,NA,1926,NA,NA,NA,NA,NA,NA,NA,NA,NA,NA,NA,NA,NA,NA,NA,NA,NA,NA,NA,NA,NA,NA,NA,NA,NA,NA,NA,NA,NA,NA,NA,NA,NA,NA,NA,NA,NA,NA,NA,NA,NA,NA,NA,NA,NA,NA,NA,NA,NA,NA,NA,NA,NA,NA,NA,NA,NA,NA,NA,NA,NA,NA,NA,NA,NA,NA,NA,NA,NA,NA,NA,NA,NA,NA,NA,NA,NA,NA,NA,NA,NA,NA,NA,"NEWAYGO_RYERSON_SUMM_0001.jpeg",NA
59070532,"L17764","121860605","NEWAYGO","TWINWOOD",NA,NA,1926,NA,NA,NA,NA,NA,NA,NA,NA,NA,NA,NA,NA,NA,NA,NA,NA,NA,NA,NA,NA,NA,NA,NA,NA,NA,NA,NA,NA,NA,NA,NA,NA,NA,NA,NA,NA,NA,NA,NA,NA,NA,NA,NA,NA,NA,NA,NA,NA,NA,NA,NA,NA,NA,NA,NA,NA,NA,NA,NA,NA,NA,NA,NA,NA,NA,NA,NA,NA,NA,NA,NA,NA,NA,NA,NA,NA,NA,NA,NA,NA,NA,NA,NA,NA,NA,NA,"NEWAYGO_TWINWOOD_SUMM_0001.jpeg",NA
59070533,"L16662","121860608","NEWAYGO","UTLEY",NA,NA,1926,NA,NA,NA,NA,NA,NA,NA,NA,NA,NA,NA,NA,NA,NA,NA,NA,NA,NA,NA,NA,NA,NA,NA,NA,NA,NA,NA,NA,NA,NA,NA,NA,NA,NA,NA,NA,NA,NA,NA,NA,NA,NA,NA,NA,NA,NA,NA,NA,NA,NA,NA,NA,NA,NA,NA,NA,NA,NA,NA,NA,NA,NA,NA,NA,NA,NA,NA,NA,NA,NA,NA,NA,NA,NA,NA,NA,NA,NA,NA,NA,NA,NA,NA,NA,NA,NA,"NEWAYGO_UTLEY_SUMM_0001.jpeg",NA
59070534,"L15239","82818428","NEWAYGO","WEBINGUAW",NA,"January",1926,NA,"January",NA,NA,NA,NA,NA,NA,NA,NA,NA,NA,NA,NA,NA,NA,NA,NA,NA,NA,NA,NA,NA,NA,NA,NA,NA,NA,NA,NA,NA,NA,NA,NA,NA,NA,NA,NA,NA,NA,NA,NA,NA,NA,NA,NA,NA,NA,NA,NA,NA,NA,NA,NA,NA,NA,NA,NA,NA,NA,NA,NA,NA,NA,NA,NA,NA,NA,NA,NA,NA,NA,NA,NA,NA,NA,NA,NA,NA,NA,NA,NA,NA,NA,NA,NA,"NEWAYGO_WEBINGUAW_SUMM_0001.jpeg",NA
59070536,"L16129","82817956","NEWAYGO","WALKUP",NA,NA,1926,NA,NA,NA,NA,NA,NA,NA,NA,NA,NA,NA,NA,NA,NA,NA,NA,NA,NA,NA,NA,NA,NA,NA,NA,NA,NA,NA,NA,NA,NA,NA,NA,NA,NA,NA,NA,NA,NA,NA,NA,NA,NA,NA,NA,NA,NA,NA,NA,NA,NA,NA,NA,NA,NA,NA,NA,NA,NA,NA,NA,NA,NA,NA,NA,NA,NA,NA,NA,NA,NA,NA,NA,NA,NA,NA,NA,NA,NA,NA,NA,NA,NA,NA,NA,NA,NA,"NEWAYGO_WALKUP_SUMM_0001.jpeg",NA
59070540,"L354","149729764","TUSCOLA","SHAY",22,"August",1966,22,"August",1966,NA,NA,NA,NA,NA,NA,NA,NA,NA,NA,NA,NA,NA,NA,NA,NA,NA,NA,NA,NA,NA,NA,NA,NA,NA,NA,NA,NA,NA,NA,NA,NA,NA,NA,NA,NA,NA,NA,NA,NA,NA,NA,NA,NA,NA,NA,NA,NA,NA,NA,NA,NA,NA,NA,NA,NA,NA,NA,NA,NA,NA,NA,NA,NA,NA,NA,NA,NA,NA,NA,NA,NA,NA,NA,NA,NA,NA,NA,NA,NA,NA,NA,NA,"Tuscola_Shay_SUMM_8.jpeg",NA
59070544,"L571","83975749","OTSEGO","BEAR",NA,"August",1940,NA,"August",NA,"medium","light","medium","almostnone",NA,NA,9.144,3.81,NA,146.499,NA,20,25,2,NA,2,NA,25,30,1,NA,NA,45,97,NA,1.51,NA,NA,"no",NA,NA,"none",NA,NA,"no",NA,NA,NA,19.7,19.8,NA,NA,8.7,8.1,NA,NA,NA,NA,1,0,0,0,0,1,1,0,0,0,0,0,1,0,0,0,0,0,0,0,0,1,0,0,0,1,0,1,1,0,1,1,0,1,"muddler_bairdii","Otsego_Bear_SUMM_136.jpeg","Otsego_Bear_SUMM_135.jpeg"
59070545,"L1282","155411274","OTSEGO","BIG",24,"July",1945,26,"July",1945,"medium","medium","medium","medium",NA,NA,24.688,3.962,NA,50.992,NA,NA,NA,0,NA,1,NA,25,NA,0,NA,NA,10,19,NA,NA,NA,NA,"no",NA,NA,"none",NA,NA,"yes",3.657,10.058,NA,24.5,NA,7.9,NA,7.53,NA,NA,NA,5.82,1.03,1,1,0,0,0,1,1,0,0,0,0,0,0,0,0,0,1,0,0,0,0,1,0,0,1,1,0,1,1,0,0,1,0,1,NA,"Otsego_Big_SUMM_18.jpeg","Otsego_Big_SUMM_17.jpeg"
59070561,"L7786","83975841","OTSEGO","OPAL",25,"August",1952,NA,NA,NA,"light","light","light","light",NA,NA,12.801,3.048,NA,80.939,NA,40,NA,0,NA,0,NA,22,NA,0,NA,NA,117,138,NA,NA,NA,NA,"no",NA,NA,"none",NA,NA,NA,7.62,9.144,NA,21.667,NA,13.333,NA,8.1,NA,7.1,3.4,0,NA,0,0,0,0,0,0,1,0,0,0,0,0,0,0,0,1,0,0,0,0,0,1,0,0,1,1,0,0,1,0,0,1,0,1,"pumpkinseed_sunfish; suckers","Otsego_Opal_SUMM_166.jpeg","Otsego_Opal_SUMM_165.jpeg"
59070562,"L7786","83975841","OTSEGO","OPAL",6,"August",1956,8,"August",1956,"medium","light","lighttomedium","light",NA,NA,12.496,3.048,NA,49.373,NA,50,NA,0,NA,0,NA,35,NA,0,NA,NA,117,138,NA,NA,NA,NA,NA,NA,NA,NA,NA,NA,NA,7.62,9.144,NA,21.667,NA,13.333,NA,8.1,NA,7.1,3.4,0,NA,0,0,0,0,0,0,1,0,0,0,0,0,0,0,0,1,0,0,0,1,0,0,0,0,1,1,1,1,1,0,0,1,0,1,NA,"Otsego_Opal_SUMM_168.jpeg","Otsego_Opal_SUMM_167.jpeg"
59070563,"L6888","83975759","OTSEGO","OTSEGO",17,"June",1949,16,"July",1949,"heavy","heavy","heavy","heavy",NA,NA,7.01,2.743,3.657,798.057,NA,85,NA,25,NA,45,NA,600,NA,3,NA,NA,70,NA,NA,NA,NA,NA,NA,NA,NA,NA,NA,NA,"no",NA,NA,NA,21.667,23.333,21.667,NA,8.7,7.8,NA,NA,NA,NA,1,1,0,1,1,1,1,0,0,0,0,0,0,0,0,1,0,0,1,0,0,1,0,0,1,1,0,1,1,0,0,1,1,1,"mud_mudminnow_horny_hornyhead_chub_river_chub","Otsego_Otsego_SUMM_400.jpeg","Otsego_Otsego_SUMM_399.jpeg"
59070574,"L8352","83976591","ALCONA","BYRON",16,"July",1937,NA,"July",NA,NA,NA,NA,NA,"yes","permitted",NA,2.743,NA,5.565,NA,NA,NA,NA,NA,NA,NA,NA,NA,NA,NA,"none",122,126,NA,NA,NA,NA,"no",NA,NA,"no inlet or outlet",NA,NA,NA,NA,NA,NA,22.778,NA,26.6,26.6,7.1,NA,NA,NA,6.9,NA,0,0,0,0,0,0,1,0,0,0,0,0,0,0,0,0,0,0,0,0,0,1,0,0,0,1,0,0,0,0,0,0,0,1,"centravchid_fry","ALCONA_BYRON_SUMM_0003_1.jpeg","ALCONA_BYRON_SUMM_0003_2.jpeg"
59070575,"L11570","113471343","ALCONA","BADGER",25,"September",1936,27,"September",1936,NA,NA,NA,NA,"none","none",14.02,2.895,NA,33.59,NA,NA,NA,NA,NA,NA,NA,NA,NA,NA,NA,"adjacent to clubhouse, used mostly for boating, swimming and fishing.",143,174,NA,NA,NA,NA,"no",NA,NA,"none",NA,NA,NA,NA,NA,NA,18.333,NA,8.611,NA,NA,NA,5.2,NA,0.4,NA,0,0,0,0,0,1,0,0,0,1,0,0,0,0,0,0,0,0,0,0,0,1,0,0,1,1,0,1,0,0,0,1,0,1,"common_suckers","ALCONA_BADGER_SUMM_0001_1.jpeg","ALCONA_BADGER_SUMM_0001_2.jpeg"
59070576,"L1308","113471335","ALCONA","BEAR",27,"September",1936,NA,NA,NA,NA,NA,NA,NA,"none","none",2.438,1.067,NA,6.354,NA,NA,NA,NA,NA,NA,NA,NA,NA,NA,NA,"none",107,109,NA,NA,NA,NA,"no",NA,NA,"no",NA,NA,NA,NA,NA,NA,15,NA,14,NA,9,NA,NA,NA,8.3,NA,0,0,0,0,1,0,0,0,1,0,0,0,1,0,0,0,0,0,1,0,0,0,0,0,0,0,0,0,0,0,0,0,0,0,"bullheads; fathead_minnow_red_minnows_bellied_dace","ALCONA_BEAR_SUMM_0001_1.jpeg","ALCONA_BEAR_SUMM_0001_2.jpeg"
59070577,"L851","122383358","ALCONA","CEDAR",27,"June",1956,11,"July",1956,"heavy","light","heavy","light",NA,NA,3.353,2.438,NA,435.047,NA,100,NA,3,NA,0,NA,196,NA,0,NA,NA,126,127,NA,NA,0.762,NA,"yes",NA,"yes","yes",NA,"yes, fish could not move back & forth except during flood stages.",NA,NA,NA,NA,22.5,NA,21.667,NA,7.6,8.1,NA,NA,NA,NA,1,1,0,0,0,1,1,0,0,0,1,0,0,0,0,1,1,0,1,1,0,1,0,1,1,1,0,1,1,0,0,0,1,1,"emerald_shiner_mudminnow_sand_shiner_tadpole_madtom","ALCONA_CEDAR_SUMM_0001_1.jpeg","ALCONA_CEDAR_SUMM_0001_2.jpeg"
59070578,"L2661","83976127","ALCONA","CRYSTAL",13,"September",1941,14,"September",1941,"light","none","verylight","none",NA,NA,16.763,6.096,NA,27.115,NA,41.2,NA,NA,NA,NA,NA,2,NA,NA,NA,NA,10,16,NA,1.06,NA,NA,"no",NA,"no","-",NA,"-","yes",10.667,12.191,NA,17.778,NA,10.222,NA,9.2,8.7,NA,NA,1.1,NA,0,0,0,0,0,0,0,0,0,0,0,0,0,0,0,0,0,0,1,0,0,0,0,0,0,1,0,0,0,0,0,0,0,1,"sunfish","ALCONA_CRYSTAL_SUMM_0001_1.jpeg","ALCONA_CRYSTAL_SUMM_0001_2.jpeg"
59070579,"L13311","83976843","ALCONA","CURTIS",9,"September",1949,9,"September",1949,"medium","light","medium","light",NA,NA,20.116,4.572,NA,11.736,NA,30,NA,0,NA,0,NA,0,NA,0,NA,NA,92,111,NA,NA,0.914,NA,"yes",NA,"yes","beaver dam - not active",NA,"barrier",NA,4.572,9.144,NA,18.9,19.3,5,NA,9,8.8,8.7,0.2,0,NA,0,0,0,0,0,1,0,0,0,0,1,0,0,0,0,0,0,0,0,0,0,1,0,0,1,1,0,1,0,0,0,0,0,1,"green_sunfish","ALCONA_CURTIS_SUMM_0001_1.jpeg","ALCONA_CURTIS_SUMM_0001_2.jpeg"
59070580,"L11058","83976995","ALCONA","HUNTER",8,"September",1949,NA,"September",NA,"light","light","light","light",NA,NA,26.212,4.572,5.181,16.997,NA,35,NA,0,NA,0,NA,0,NA,0,NA,NA,112,139,NA,NA,NA,NA,"no",NA,NA,"none",NA,NA,"yes",4.572,9.144,NA,18.9,19.6,4.8,NA,8.6,7.9,7.9,0,0,NA,0,0,0,0,0,1,0,0,0,0,0,0,1,0,0,0,1,0,0,0,0,1,0,0,1,1,0,0,0,0,0,1,0,1,"green_sunfish","ALCONA_HUNTER_SUMM_0001_1.jpeg","ALCONA_HUNTER_SUMM_0001_2.jpeg"
59070581,"L3993","113471353","ALCONA","DEER",24,"September",1936,24,"September",1936,NA,NA,NA,NA,NA,NA,4.877,2.895,NA,20.639,NA,NA,NA,NA,NA,NA,NA,NA,NA,NA,NA,"none",119.5,NA,NA,NA,NA,NA,NA,NA,NA,NA,NA,NA,NA,NA,NA,NA,21.111,NA,20.25,NA,8.7,NA,NA,NA,NA,NA,0,0,0,0,1,1,0,0,0,0,0,0,0,0,0,0,1,0,1,0,0,0,0,0,0,1,0,0,0,0,1,0,0,1,"walleye_pike; fathead_minnow_sand_shiner_northern_golden_shiner_","ALCONA_DEER_SUMM_0003_1.jpeg","ALCONA_DEER_SUMM_0003_2.jpeg"
59070582,"L838","83976781","ALCONA","HORSESHOE",20,"May",1954,21,"May",1954,"light",NA,"light",NA,NA,NA,9.753,4.724,NA,6.313,NA,79,NA,0,NA,0,NA,0,NA,0,NA,NA,82,85,NA,NA,NA,NA,"no",NA,NA,"none",NA,NA,"yes",6.096,8.229,NA,20.389,NA,11.611,NA,8.2,NA,0.1,5.4,NA,NA,0,0,0,0,0,1,0,0,0,0,0,0,0,0,0,1,0,0,0,0,0,1,0,0,1,1,0,0,0,0,0,0,0,1,"mudminnow_minnows","ALCONA_HORSESHOE_SUMM_0001_1.jpeg","ALCONA_HORSESHOE_SUMM_0001_2.jpeg"
59070583,"L5010","113471281","ALCONA","LOST",21,"September",1936,22,"September",1936,NA,NA,NA,NA,NA,NA,4.572,2.743,NA,6.88,NA,NA,NA,NA,NA,NA,NA,NA,NA,NA,NA,"none",125,NA,NA,NA,NA,NA,"no",NA,NA,"no",NA,NA,NA,NA,NA,NA,15,NA,14.278,NA,8,NA,NA,NA,NA,NA,0,0,0,0,0,1,0,1,0,0,0,0,0,0,0,0,0,0,0,0,0,1,0,0,1,1,0,1,0,0,0,1,0,1,NA,"ALCONA_LOST_SUMM_0001_1.jpeg","ALCONA_LOST_SUMM_0001_2.jpeg"
59070584,"L11161","113471507","ALCONA","MCCOLLUM",13,"September",1949,14,"September",1949,"medium","light","medium","light",NA,NA,18.287,2.743,3.048,90.652,NA,45,NA,2,NA,2,NA,25,NA,0,NA,NA,103,157,NA,NA,NA,NA,NA,NA,NA,NA,NA,NA,NA,9.144,NA,NA,16.9,NA,8.6,8.2,8,7,0.4,0,NA,NA,0,0,1,0,0,1,1,0,0,0,1,0,0,0,0,0,0,0,1,1,0,1,0,0,1,1,0,1,0,0,1,1,0,1,"green_sunfish; minnow","ALCONA_MCCOLLUM_SUMM_0001_1.jpeg","ALCONA_MCCOLLUM_SUMM_0001_2.jpeg"
59070585,"L12104","83976903","ALCONA","MIDDLEINDIAN",25,"August",1949,25,"August",1949,"light","light","light","light",NA,NA,7.924,3.048,NA,4.006,NA,65,NA,0,NA,0,NA,0,NA,0,NA,NA,111,167,NA,NA,NA,NA,"no",NA,NA,"none",NA,NA,NA,1.524,6.096,"yes",23.889,NA,9.6,NA,9.3,NA,9.1,0.4,NA,NA,0,0,0,0,0,1,0,0,0,0,0,0,1,0,0,0,0,0,0,0,0,1,0,0,1,0,0,1,0,0,0,0,0,1,NA,"ALCONA_MIDDLEINDIAN_SUMM_0001_1.jpeg","ALCONA_MIDDLEINDIAN_SUMM_0001_2.jpeg"
59070586,"L4693","83976883","ALCONA","NORTHINDIAN",28,"August",1949,28,"August",1949,"light","light","light","light",NA,NA,16.763,3.962,NA,6.88,NA,30,NA,0,NA,0,NA,0,NA,0,NA,NA,136,167,NA,NA,NA,NA,"no",NA,NA,"none",NA,NA,NA,1.524,7.62,NA,24.2,NA,24,NA,7.8,NA,7.5,0.5,0,NA,0,0,0,0,0,1,0,0,0,0,0,0,1,0,0,0,0,0,0,0,0,1,0,0,1,1,0,1,0,0,0,0,0,1,NA,"ALCONA_NORTHINDIAN_SUMM_0001_1.jpeg","ALCONA_NORTHINDIAN_SUMM_0001_2.jpeg"
59070587,"L5847","83976631","ALCONA","OBRIEN",16,"July",1937,NA,"July",NA,"medium","medium","medium","medium",NA,NA,9.144,7.924,NA,4.168,NA,50,NA,NA,NA,NA,NA,NA,NA,NA,NA,NA,162,172,NA,NA,NA,NA,"yes",NA,NA,"beaver dam 20 feet from lake",NA,"questionable whether passable for fish","yes",3.657,6.4,NA,21.667,NA,14.2,NA,8.3,NA,NA,NA,4.2,4.2,0,0,1,1,1,0,1,0,0,0,0,1,0,0,0,0,0,0,1,0,0,0,0,0,1,1,0,1,1,0,0,1,0,1,"pike; blackchinned_minnow_least_darter_minytrema; black_sucker","ALCONA_OBRIEN_SUMM_0001_1.jpeg","ALCONA_OBRIEN_SUMM_0001_2.jpeg"
59070588,"L7554","83976529","ALCONA","REID",24,"August",1963,25,"August",1963,"light","none","light","none",NA,NA,NA,3.2,3.505,5.261,NA,60,NA,0,NA,0,NA,NA,NA,0,NA,NA,46,55,NA,NA,2.133,NA,"yes",NA,"yes","yes",NA,"prevents any",NA,3.657,9.448,NA,21.556,NA,7,NA,NA,NA,4.1,0,NA,NA,0,0,0,0,0,0,0,0,0,0,0,0,0,0,0,0,0,0,0,0,0,0,0,0,0,1,0,0,0,0,0,0,0,0,NA,"ALCONA_REID_SUMM_0003_1.jpeg","ALCONA_REID_SUMM_0003_2.jpeg"
59070589,"L8352","83976591","ALCONA","SUNNY",9,"September",1953,NA,NA,NA,"medium","none","medium","noneatpresent",NA,NA,NA,NA,NA,4.047,NA,NA,NA,0,NA,NA,NA,6,NA,0,NA,NA,71,80,NA,NA,NA,NA,"no",NA,"no","none",NA,"none",NA,3.048,7.62,NA,21.667,NA,10,NA,7.4,NA,7.7,0.7,0.3,NA,0,0,0,0,0,0,0,0,0,0,0,0,0,0,0,0,0,0,0,0,0,1,0,0,0,1,0,0,0,0,0,0,0,0,NA,"ALCONA_SUNNY_SUMM_0001_1.jpeg","ALCONA_SUNNY_SUMM_0001_2.jpeg"
59070590,"L12202","83976911","ALCONA","SOUTHINDIAN",28,"August",1949,28,"August",1949,"light","light","light","light",NA,NA,10.972,3.81,NA,4.168,NA,45,NA,0,NA,0,NA,0,NA,0,NA,NA,123,180,NA,NA,NA,NA,"no",NA,NA,"none",NA,NA,NA,1.524,7.62,NA,25.556,NA,5.7,NA,8.9,NA,8.8,0.1,0,NA,0,0,0,0,0,1,0,0,0,0,1,0,0,0,0,0,0,0,0,0,0,1,0,0,1,1,0,0,0,0,0,0,0,0,NA,"ALCONA_SOUTHINDIAN_SUMM_0001_1.jpeg","ALCONA_SOUTHINDIAN_SUMM_0001_2.jpeg"
59070591,"L33151","109946424","ALGER","ACKERMAN",5,"August",1941,7,"August",1941,"light","light","light","lightifany",NA,NA,12.496,4.572,NA,5.666,NA,10,NA,0,NA,0,NA,2,NA,0,NA,NA,11,17,NA,1.06,NA,NA,NA,NA,NA,NA,NA,NA,"yes",3.048,7.62,NA,23.333,NA,6.222,NA,11.9,3.9,11.9,3.9,0.25,NA,0,0,0,0,0,1,0,0,0,0,0,0,0,0,0,0,1,0,0,0,0,1,0,0,0,0,0,0,1,0,0,1,0,1,NA,"ALGER_ACKERMAN_SUMM_0001_1.jpeg","ALGER_ACKERMAN_SUMM_0001_2.jpeg"
59070592,"L33151","109946424","ALGER","ACKERMAN",15,"July",1966,15,"July",1966,"light","light","light","light",NA,NA,15.239,3.048,NA,5.666,NA,40,NA,0,NA,0,NA,1,NA,0,NA,NA,17.1,NA,NA,NA,NA,NA,NA,NA,NA,NA,NA,NA,NA,6.096,NA,NA,26.111,NA,15,NA,5,NA,8,NA,6,NA,0,0,0,0,0,1,0,0,0,0,0,0,0,0,0,0,1,0,0,0,0,1,0,0,0,0,0,0,0,0,0,1,0,1,"minnow","ALGER_ACKERMAN_SUMM_0002_1.jpeg","ALGER_ACKERMAN_SUMM_0002_2.jpeg"
59070593,"L34671","109946172","ALGER","AUTRAIN",4,"August",1953,11,"August",1953,"medium",NA,"medium",NA,NA,NA,9.144,2.438,NA,335.896,NA,60,NA,NA,NA,9,NA,100,NA,0,NA,NA,111,120,NA,NA,NA,NA,"no",NA,NA,"no - but lamprey-electro-mechanical mechanical weir",NA,"not known","no",NA,NA,NA,21.111,21.667,19.444,20,8.4,9.2,NA,NA,3.3,5.3,0,0,0,0,0,0,1,0,0,0,0,0,0,1,1,0,0,0,0,1,0,1,0,0,1,0,0,1,1,0,1,1,0,1,"sand_shiner_logperch_darter; carp","ALGER_AUTRAINBASIN_SUMM_0001_1.jpeg","ALGER_AUTRAINBASIN_SUMM_0001_2.jpeg"
59070594,"L33163","44364882","ALGER","BALDY",12,"August",1976,NA,NA,NA,"medium","none","medium","none",NA,NA,7.62,NA,NA,25.9,NA,NA,NA,0,NA,NA,NA,NA,NA,NA,NA,NA,NA,NA,NA,NA,NA,NA,"no",NA,"no","none",NA,"none",NA,NA,NA,NA,23.333,NA,NA,NA,NA,NA,NA,NA,NA,NA,0,0,1,0,0,1,1,0,0,0,0,0,0,0,0,0,0,0,0,0,0,1,0,0,1,1,0,1,0,0,0,0,0,1,NA,"ALGER_BALDY_SUMM_0001_1.jpeg","ALGER_BALDY_SUMM_0001_2.jpeg"
59070595,"L32257","113235883","ALGER","ALECK",18,"June",1963,19,"June",1963,"light","none","light","none",NA,NA,NA,NA,NA,9.308,NA,100,NA,NA,NA,NA,NA,0,NA,NA,NA,NA,NA,NA,NA,NA,NA,NA,NA,NA,NA,NA,NA,NA,NA,NA,NA,NA,NA,NA,NA,NA,NA,NA,NA,NA,NA,NA,0,0,0,0,0,0,0,0,0,0,1,0,0,0,0,0,0,0,0,0,0,0,0,0,0,0,0,0,0,0,0,0,0,1,"brown_bullhead_sunfish","ALGER_ALECK_SUMM_0001_1.jpeg","ALGER_ALECK_SUMM_0001_2.jpeg"
59070596,"L32337","44365426","ALGER","CAMPK",29,"August",1968,30,"August",1968,"light","none","light","none",NA,NA,8.229,NA,NA,2.023,NA,10,NA,0,NA,0,NA,0,NA,0,NA,NA,6.8,NA,NA,NA,NA,NA,NA,NA,NA,NA,NA,NA,"yes",1.829,5.486,NA,21.111,NA,5.556,NA,8,1,1,8,0,1,0,0,0,0,0,0,0,0,0,0,0,0,0,0,0,0,0,0,0,0,0,0,0,0,0,0,0,0,0,0,0,0,0,1,NA,"ALGER_CAMPK_SUMM_0002_1.jpeg","ALGER_CAMPK_SUMM_0002_2.jpeg"
59070597,"L35784","113235971","ALGER","BASS",4,"August",1937,5,"August",1937,NA,NA,NA,NA,NA,NA,4.572,2.743,NA,14.164,NA,NA,NA,NA,NA,NA,NA,3,NA,NA,NA,NA,26,28,NA,1.4,NA,NA,NA,NA,NA,NA,NA,NA,"no",NA,NA,NA,23.889,NA,18.6,NA,10.1,9.8,NA,NA,NA,NA,0,0,0,0,1,1,1,0,0,0,1,0,0,0,0,1,1,0,1,0,0,0,0,0,1,0,0,0,0,0,0,0,0,1,"sunfish_c_bass","ALGER_BASS_SUMM_0001_1.jpeg","ALGER_BASS_SUMM_0001_2.jpeg"
59070598,"L27214","109945538","ALGER","CHAPEL",29,"August",1951,29,"August",1951,"light",NA,"light",NA,NA,NA,38.403,NA,NA,20.235,NA,33,NA,NA,NA,NA,NA,NA,NA,NA,NA,NA,82,98,NA,NA,NA,NA,"yes",NA,"no","remains of logging dam",NA,"none","yes",1.524,6.096,NA,22,NA,11.7,NA,4.6,8.6,NA,NA,4.2,2.8,0,0,0,0,0,0,0,0,0,1,0,0,0,0,0,1,0,0,0,0,0,0,0,0,0,1,0,0,0,0,0,0,0,1,"shiners_stickle_backs_5_spine_minnow","ALGER_CHAPEL_SUMM_0001_1.jpeg","ALGER_CHAPEL_SUMM_0001_2.jpeg"
59070599,"L35012","44364792","ALGER","CARP",4,"March",1954,NA,NA,NA,"light","none","light","none",NA,NA,15.239,NA,NA,6.718,NA,20,NA,0,NA,0,NA,0,NA,0,NA,NA,NA,NA,NA,NA,NA,NA,NA,NA,NA,NA,NA,NA,NA,NA,NA,NA,NA,NA,NA,NA,NA,NA,NA,NA,NA,NA,0,0,0,0,0,0,0,0,0,0,0,0,0,0,0,0,0,0,0,0,0,1,0,0,1,0,0,0,0,0,0,0,0,1,NA,"ALGER_CARP_SUMM_0001_1.jpeg","ALGER_CARP_SUMM_0001_2.jpeg"
59070600,"L34975","44364300","ALGER","CHERRY",11,"July",1963,29,"July",1963,"light","none","light","none",NA,NA,9.144,2.743,NA,5.099,NA,60,NA,0,NA,0,NA,0,NA,0,NA,NA,15,25,NA,NA,NA,NA,NA,NA,NA,NA,NA,NA,NA,3.048,7.62,NA,22.222,NA,8.333,NA,6,7.2,7,0.6,6,NA,0,0,0,0,0,0,0,0,0,0,0,0,0,0,0,0,0,0,0,0,0,0,0,0,0,0,0,0,0,0,0,0,0,1,"minnows","ALGER_CHERRY_SUMM_0002_1.jpeg","ALGER_CHERRY_SUMM_0002_2.jpeg"
59070601,"L34975","44364300","ALGER","CHERRY",23,"June",1964,24,"June",1964,NA,NA,NA,NA,NA,NA,9.448,2.743,NA,5.099,NA,NA,NA,0,NA,0,NA,0,NA,0,NA,NA,NA,NA,NA,NA,NA,NA,NA,NA,NA,NA,NA,NA,NA,NA,NA,NA,NA,NA,NA,NA,NA,NA,NA,NA,NA,NA,0,0,0,0,0,0,0,0,0,0,0,0,0,0,0,0,0,0,0,0,0,0,0,0,0,0,0,0,0,0,0,0,0,0,NA,"ALGER_CHERRY_SUMM_0001_1.jpeg","ALGER_CHERRY_SUMM_0001_2.jpeg"
59070602,"L29615","{A3C1A102-7573-46AC-99C1-BFFA121273A6}","ALGER","CLOVERLEAF",1,"August",1966,1,"August",1966,"light","light","light","light",NA,NA,NA,NA,NA,NA,NA,75,NA,NA,NA,NA,NA,1,NA,NA,NA,NA,13.6,NA,NA,NA,NA,NA,NA,NA,NA,NA,NA,NA,NA,1.829,5.486,NA,22.222,NA,14.444,NA,9,NA,8,NA,6,NA,0,0,0,0,0,1,0,0,0,0,0,0,0,0,0,0,0,0,0,0,0,0,0,0,0,1,0,0,0,0,0,0,0,1,"green_sunfish","ALGER_CLOVERLEAF_SUMM_0001_1.jpeg","ALGER_CLOVERLEAF_SUMM_0001_2.jpeg"
59070603,"L35706","113235931","ALGER","CLUSTER",15,"July",1968,19,"July",1968,"light","light","light","light",NA,NA,2.438,0.914,NA,NA,NA,100,NA,0,NA,0,NA,2,NA,0,NA,NA,41.04,20.5,NA,NA,0.61,NA,"yes",NA,"no","yes - but it is deteriorating.",NA,"none","no",NA,NA,NA,27.778,NA,21.667,NA,1,NA,NA,NA,NA,NA,0,0,0,0,0,0,0,0,0,0,0,0,0,0,0,0,0,0,0,0,0,0,0,0,0,0,0,0,0,0,0,0,0,1,"unidentified_minnows_common","ALGER_CLUSTER_SUMM_0001_1.jpeg","ALGER_CLUSTER_SUMM_0001_2.jpeg"
59070604,"L24098","44361104","ALGER","CLYDES",30,"July",1969,30,"July",1969,NA,NA,NA,NA,NA,NA,3.048,NA,NA,4.856,NA,100,NA,0,NA,0,NA,0,NA,0,NA,NA,34,51,NA,1.4,NA,NA,NA,NA,NA,NA,NA,NA,NA,NA,NA,NA,23.333,NA,20.556,NA,9,10,NA,NA,NA,NA,0,0,0,0,0,0,0,0,0,0,0,0,0,0,0,0,0,0,0,0,0,0,0,0,0,0,0,0,0,0,0,0,0,0,"minnows","ALGER_CLYDES_SUMM_0001_1.jpeg","ALGER_CLYDES_SUMM_0001_2.jpeg"
59070605,"L48332","44364436","ALGER","COUNCIL",6,"July",1978,21,"July",1978,"medium","light","medium","light",NA,NA,NA,3.505,NA,5.666,NA,NA,NA,0,NA,0,NA,0,NA,0,NA,NA,88,NA,NA,NA,NA,NA,"yes",NA,"no","6' feet x 2"" inches",NA,"none",NA,NA,NA,NA,21.2,NA,20.7,NA,9.8,9.6,NA,NA,NA,NA,0,0,1,1,1,1,0,0,0,0,1,0,0,0,0,0,1,0,0,0,0,1,0,0,1,1,0,1,1,0,0,1,0,1,NA,"ALGER_COUNCIL_SUMM_0001_1.jpeg","ALGER_COUNCIL_SUMM_0001_2.jpeg"
59070606,"L29891","{94B8EA44-50B8-4B21-915F-3DF8F42BEA32}","ALGER","DEAD",5,"September",1945,5,"September",1945,"light","none","light","none",NA,NA,4.419,1.981,NA,1.214,1.619,90,NA,0,NA,0,NA,0,NA,0,NA,NA,7,NA,NA,NA,NA,NA,NA,NA,NA,NA,NA,NA,"yes",2.743,4.419,"yes",22.222,NA,16.889,NA,NA,NA,NA,NA,NA,NA,0,0,0,0,0,1,0,0,0,0,0,0,0,0,0,0,0,0,0,0,0,0,0,0,0,0,0,0,0,0,0,0,0,0,"sunfish","ALGER_DEAD_SUMM_0001_1.jpeg","ALGER_DEAD_SUMM_0001_2.jpeg"
59070607,"L34943","92131058","ALGER","DAVIES",5,"July",1963,5,"July",1963,"none","none","none","none",NA,NA,0.914,NA,NA,16.188,NA,NA,NA,NA,NA,NA,NA,0,NA,NA,NA,NA,NA,NA,NA,NA,NA,NA,"no",NA,NA,"none",NA,NA,NA,NA,NA,NA,NA,NA,NA,NA,NA,NA,NA,NA,NA,NA,0,0,0,0,0,0,0,0,0,0,0,0,0,0,0,0,0,0,0,0,0,0,0,0,0,0,0,0,1,0,0,0,0,0,"no_fish_known_to_be_present","ALGER_DAVIES_SUMM_0001_1.jpeg","ALGER_DAVIES_SUMM_0001_2.jpeg"
59070608,"L29891","{94B8EA44-50B8-4B21-915F-3DF8F42BEA32}","ALGER","DEAD",24,"July",1953,24,"July",1953,"none","none","none","none",NA,NA,4.267,2.591,NA,2.226,NA,NA,NA,NA,NA,NA,NA,0,NA,NA,NA,NA,NA,NA,NA,NA,NA,NA,NA,NA,NA,NA,NA,NA,"no",NA,NA,NA,23.333,NA,21.667,NA,4,7.5,NA,NA,NA,NA,0,0,0,0,0,0,0,0,0,0,0,0,0,0,0,0,0,0,0,0,0,0,0,0,0,1,0,0,0,0,0,0,0,0,NA,"ALGER_DEAD_SUMM_0002_1.jpeg","ALGER_DEAD_SUMM_0002_2.jpeg"
59070609,"L29891","{94B8EA44-50B8-4B21-915F-3DF8F42BEA32}","ALGER","DEADMANS",13,"July",1960,13,"July",1960,"none","none","none","none",NA,NA,2.438,NA,NA,18.211,NA,NA,NA,NA,NA,NA,NA,1,NA,NA,NA,NA,4,NA,NA,1,NA,NA,NA,NA,NA,NA,NA,NA,NA,NA,NA,NA,21.111,NA,20.556,NA,7.5,NA,NA,NA,NA,NA,0,0,0,0,0,0,0,0,0,0,0,0,0,0,0,0,0,0,1,0,0,0,0,0,0,0,0,0,0,0,0,0,0,0,"large_school_of_minnows_observed_red_bellied_dace_abundant_black_nosed_dace_common_brassy_minnows_common","ALGER_DEADMANS_SUMM_0001_1.jpeg","ALGER_DEADMANS_SUMM_0001_2.jpeg"
59070610,"L35030","44364338","ALGER","DOE",27,"June",1963,28,"June",1963,"light","light","light","lighttonone",NA,NA,3.048,2.743,NA,14.164,NA,100,NA,NA,NA,NA,NA,1,NA,NA,NA,NA,50,NA,NA,NA,NA,NA,"no",NA,NA,"no",NA,NA,NA,NA,NA,NA,23.333,NA,NA,NA,NA,NA,NA,NA,NA,NA,0,0,0,0,0,0,0,0,0,0,1,0,0,0,0,0,0,0,0,0,0,0,0,0,1,0,0,0,0,0,0,1,0,1,"brown_bullheads_sunfish","ALGER_DOE_SUMM_0001_1.jpeg","ALGER_DOE_SUMM_0001_2.jpeg"
59070611,"L32835","109946528","ALGER","DUNKLEYS",17,"June",1963,18,"June",1963,"light","none","lighttonone","none",NA,NA,NA,NA,NA,0.809,NA,100,NA,0,NA,0,NA,0,NA,0,NA,NA,NA,NA,NA,NA,0.61,NA,"yes",NA,"yes","old beaver dam",NA,"effective barrier",NA,NA,NA,NA,NA,NA,NA,NA,NA,NA,NA,NA,NA,NA,0,0,0,0,0,1,1,0,0,0,1,0,0,0,0,0,0,0,0,0,0,1,0,0,0,0,0,0,0,0,0,0,0,1,"brown_bullhead_sunfish; minnows_unidentified","ALGER_DUNKLEYS_SUMM_0001_1.jpeg","ALGER_DUNKLEYS_SUMM_0001_2.jpeg"
59070612,"L34544","120020544","ALGER","DUCK",1,"September",1945,2,"September",1945,"none","none","none","none",NA,NA,1.829,1.676,NA,7.851,NA,NA,NA,0,NA,NA,NA,NA,NA,NA,NA,NA,30,NA,NA,1.5,NA,NA,"no",NA,NA,"none - but level fluctuates about 1' ft",NA,NA,"no",NA,NA,NA,19.444,NA,18.889,NA,7,NA,NA,NA,NA,NA,0,0,0,0,0,1,0,0,0,0,0,0,0,0,0,0,0,0,0,0,0,0,0,0,0,0,0,0,0,0,0,0,0,0,NA,"ALGER_DUCK_SUMM_0001_1.jpeg","ALGER_DUCK_SUMM_0001_2.jpeg"
59070613,"L32395","120020548","ALGER","ECHO",18,"August",1945,19,"August",1945,"medium","none","medium","none",NA,NA,4.115,3.353,NA,84.986,NA,100,NA,NA,NA,NA,NA,NA,NA,NA,NA,NA,43,NA,NA,1.15,NA,NA,"no",NA,NA,"none - remains of old fish screen",NA,NA,"no",NA,NA,NA,22.778,NA,22.222,NA,7.5,NA,NA,NA,NA,NA,0,0,0,0,0,1,0,0,0,0,0,0,0,0,0,0,0,0,1,0,0,0,0,0,1,0,0,0,1,0,0,0,0,1,"darters_not_specified","ALGER_ECHO_SUMM_0001_1.jpeg","ALGER_ECHO_SUMM_0001_2.jpeg"
59070614,"L35980","44364812","ALGER","FISH",24,"August",1977,2,"September",1977,NA,NA,NA,NA,NA,NA,12.191,NA,NA,60.704,NA,60,NA,1,NA,NA,NA,2,NA,NA,NA,NA,NA,NA,NA,NA,NA,NA,"no",NA,"no","no",NA,"none",NA,NA,NA,NA,NA,NA,NA,NA,NA,NA,NA,NA,NA,NA,0,1,1,0,0,0,0,0,0,1,0,1,0,0,0,1,1,0,0,0,0,1,0,0,1,0,0,1,0,0,1,1,0,1,"crappied; minnows","ALGER_FISH_SUMM_0001_1.jpeg","ALGER_FISH_SUMM_0001_2.jpeg"
59070615,"L30874","44361388","ALGER","FORWELL",26,"August",1959,NA,"August",NA,"none",NA,"none",NA,NA,NA,2.438,NA,NA,10.117,NA,NA,NA,NA,NA,NA,NA,0,NA,NA,NA,NA,25,NA,NA,NA,NA,NA,NA,NA,NA,NA,NA,NA,NA,NA,NA,NA,23.333,NA,22.222,NA,7.4,NA,NA,NA,NA,NA,0,0,0,0,0,0,0,0,0,0,0,0,0,0,0,0,0,0,0,0,0,0,0,0,0,0,0,0,0,0,0,0,0,0,NA,"ALGER_FORWELL_SUMM_0001_1.jpeg","ALGER_FORWELL_SUMM_0001_2.jpeg"
59070616,"L32306","109946176","ALGER","GINPOLE",13,"July",1954,13,"July",1954,"light","light","light","light",NA,NA,NA,NA,NA,6.07,NA,NA,NA,NA,NA,NA,NA,0,NA,NA,NA,NA,NA,NA,NA,NA,NA,NA,"yes",NA,"no","old log dam washed out",NA,"none",NA,NA,NA,NA,NA,NA,NA,NA,NA,NA,NA,NA,NA,NA,0,0,0,0,0,0,0,0,0,0,0,0,0,0,0,1,0,0,0,0,0,0,0,0,1,0,0,0,0,0,0,1,0,0,"shiners","ALGER_GINPOLE_SUMM_0001_1.jpeg","ALGER_GINPOLE_SUMM_0001_2.jpeg"
59070617,"L23608","109943990","ALGER","GRANDMARAIS",31,"August",1972,NA,"August",NA,"light","none","light","none",NA,NA,1.524,NA,NA,2.226,NA,100,NA,NA,NA,NA,NA,1,NA,NA,NA,NA,102,85,NA,NA,NA,NA,"no",NA,NA,"none",NA,NA,NA,NA,NA,NA,11.667,NA,11.667,NA,8,NA,NA,NA,NA,NA,0,0,0,0,0,0,0,0,0,1,0,0,0,0,0,0,0,0,0,0,0,0,0,0,0,0,0,0,0,0,0,0,0,0,"minnow_sp","ALGER_GRANDMARAIS_SUMM_0001_1.jpeg","ALGER_GRANDMARAIS_SUMM_0001_2.jpeg"
59070618,"L28268","44361224","ALGER","GOPHER",30,"July",1952,NA,"July",NA,"light","none","light","none",NA,NA,9.144,NA,NA,12.141,NA,30,NA,NA,NA,NA,NA,3,NA,NA,NA,NA,NA,NA,NA,NA,NA,NA,"no",NA,NA,"no",NA,NA,NA,NA,NA,NA,17.222,NA,NA,NA,NA,NA,NA,NA,NA,NA,0,0,0,0,0,1,0,0,0,0,0,0,0,0,0,0,0,0,0,0,0,1,0,0,0,0,0,0,0,0,0,0,0,1,"some_minnows_stocked","ALGER_GOPHER_SUMM_0001_1.jpeg","ALGER_GOPHER_SUMM_0001_2.jpeg"
59070619,"L31849","44361142","ALGER","GRASS",7,"August",1969,NA,"August",NA,"light","light","light","lighttonone",NA,NA,3.657,1.524,NA,20.235,NA,100,NA,2,NA,0,NA,2,NA,0,NA,NA,51.3,NA,NA,1.5,0.305,NA,"yes",NA,"no","old beaver dam",NA,"none","no",NA,NA,NA,23.333,NA,15.556,NA,NA,NA,NA,NA,NA,NA,0,0,0,0,0,0,0,0,0,0,0,0,1,0,0,0,0,0,0,0,0,0,0,0,1,1,0,0,0,0,0,1,0,1,"suckers_not_specified_bullheads_not_specified","ALGER_GRASS_SUMM_0001_1.jpeg","ALGER_GRASS_SUMM_0001_2.jpeg"
59070620,"L32547","44364108","ALGER","GRIMES",21,"June",1977,23,"June",1977,"light","light","light","light",NA,NA,NA,NA,NA,28.329,NA,100,NA,0,NA,0,NA,5,NA,NA,NA,NA,NA,NA,NA,NA,3.657,4.572,"yes",NA,"yes","yes - man made",NA,"barrier to upstream movement",NA,NA,NA,NA,NA,NA,NA,NA,NA,NA,NA,NA,NA,NA,0,1,0,1,0,0,0,0,0,0,1,0,0,0,0,0,0,0,0,0,0,1,0,0,1,1,0,1,0,0,0,1,0,1,NA,"ALGER_GRIMES_SUMM_0001_1.jpeg","ALGER_GRIMES_SUMM_0001_2.jpeg"
59070621,"L36205","44364366","ALGER","HALFMOON",10,"July",1963,12,"July",1963,"medium","none","medium","none",NA,NA,6.705,2.133,NA,12.829,NA,NA,NA,NA,NA,NA,NA,0,NA,NA,NA,NA,NA,NA,NA,NA,0.305,NA,"yes",NA,"no","beaver dam.",NA,"insignificant.",NA,NA,NA,NA,22.222,NA,14.9,NA,NA,NA,NA,NA,NA,NA,0,0,0,0,0,1,0,0,0,0,1,0,1,0,0,0,0,0,0,0,0,1,0,0,1,0,0,1,0,0,0,1,0,1,NA,"ALGER_HALFMOON_SUMM_0001_1.jpeg","ALGER_HALFMOON_SUMM_0001_2.jpeg"
59070622,"L36205","44364366","ALGER","HALFMOON",5,"July",1978,7,"July",1978,"medium","light","medium","light",NA,NA,6.705,3.657,NA,12.829,NA,56,NA,0,NA,0,NA,0,NA,0,NA,NA,86,NA,NA,NA,NA,NA,"yes",NA,"no","reminant beaver dam",NA,"none",NA,NA,NA,NA,18.5,NA,NA,NA,NA,NA,NA,NA,NA,NA,0,0,0,1,1,1,0,0,0,0,1,0,0,0,0,0,1,0,1,1,0,1,0,0,1,1,0,1,0,0,0,1,0,1,"creek_chub","ALGER_HALFMOON_SUMM_0002_1.jpeg","ALGER_HALFMOON_SUMM_0002_2.jpeg"
59070623,"L34195","44365302","ALGER","HAMMOND",29,"August",1968,30,"August",1968,"light","none","verylight","none",NA,NA,5.486,NA,NA,6.07,NA,70,NA,0,NA,0,NA,0,NA,0,NA,NA,6.8,NA,NA,NA,NA,NA,NA,NA,NA,NA,NA,NA,"no",NA,NA,NA,19.444,NA,16.111,NA,8,NA,NA,NA,NA,NA,0,0,0,0,0,0,0,0,0,0,0,0,0,0,0,0,0,0,0,0,0,0,0,0,0,0,0,0,0,0,0,1,0,1,NA,"ALGER_HAMMOND_SUMM_0001_1.jpeg","ALGER_HAMMOND_SUMM_0001_2.jpeg"
59070624,"L35242","44364236","ALGER","HARTNEY",10,"July",1963,10,"July",1963,"light","none","light","none",NA,NA,2.438,1.829,NA,12.141,NA,100,NA,NA,NA,NA,NA,0,NA,NA,NA,NA,57,NA,NA,NA,NA,NA,"no",NA,NA,"none",NA,NA,NA,NA,NA,NA,15.556,NA,NA,NA,NA,NA,NA,NA,NA,NA,0,0,0,0,0,0,0,0,0,0,1,0,0,0,0,0,0,0,0,0,0,0,0,0,1,0,0,0,0,0,0,1,0,1,"brown_bullheads","ALGER_HARTNEY_SUMM_0001_1.jpeg","ALGER_HARTNEY_SUMM_0001_2.jpeg"
59070625,"L32964","44364506","ALGER","HIKE",10,"August",1951,NA,"August",NA,"light","none","light","none",NA,NA,11.582,NA,NA,6.07,NA,15,NA,0,NA,0,NA,0,NA,0,NA,NA,9,NA,NA,NA,NA,NA,NA,NA,NA,NA,NA,NA,NA,3.657,6.4,NA,NA,NA,6.6,NA,6.2,6.8,6.8,7.4,1.2,0,0,0,0,0,0,1,0,0,0,0,0,0,0,0,0,0,0,0,0,0,0,0,0,0,0,0,0,0,0,0,0,0,0,1,NA,"ALGER_HIKE_SUMM_0001_1.jpeg","ALGER_HIKE_SUMM_0001_2.jpeg"
59070626,"L32964","44364506","ALGER","HIKE",24,"June",1952,14,"July",1952,"light","none","light","none",NA,NA,11.582,NA,NA,4.411,NA,25,NA,0,NA,0,NA,0,NA,0,NA,NA,NA,NA,NA,NA,NA,NA,"no",NA,NA,"none",NA,NA,NA,NA,NA,NA,NA,NA,NA,NA,NA,NA,NA,NA,NA,NA,0,0,0,0,0,1,0,0,0,0,0,0,0,0,0,0,0,0,0,0,0,0,0,0,0,0,0,0,0,0,0,0,0,1,NA,"ALGER_HIKE_SUMM_0002_1.jpeg","ALGER_HIKE_SUMM_0002_2.jpeg"
59070627,"L33884","44365536","ALGER","HUGHIES",16,"July",1953,NA,"July",NA,"light",NA,"light",NA,NA,NA,5.486,3.353,NA,0.405,NA,NA,NA,NA,NA,NA,NA,NA,NA,NA,NA,NA,NA,NA,NA,NA,NA,NA,NA,NA,NA,NA,NA,NA,NA,NA,NA,NA,28.889,NA,13.889,NA,4.5,6,NA,NA,NA,NA,0,0,0,0,0,0,0,0,0,0,0,0,0,0,0,0,0,0,0,0,0,0,0,0,0,0,0,0,0,0,0,0,0,0,NA,"ALGER_HUGHIES_SUMM_0001_1.jpeg","ALGER_HUGHIES_SUMM_0001_2.jpeg"
59070628,"L34952","44363708","ALGER","HOVEY",7,"September",1961,8,"September",1961,"light","light","light","light",NA,NA,2.438,NA,NA,40.065,NA,NA,NA,0,NA,0,NA,2,NA,0,NA,NA,NA,NA,NA,2.22,NA,NA,"yes",NA,"yes","old beaver dam",NA,"slight. dam is old and no longer maintained.",NA,NA,NA,NA,NA,NA,NA,NA,NA,NA,NA,NA,NA,NA,0,0,0,0,0,0,0,0,0,0,1,0,0,0,0,1,0,0,0,0,0,1,0,0,1,0,0,0,0,0,0,1,0,1,"sunfish_brown_bullheads_sunfish; white_suckers; painted_turtles_common_snappers_present","ALGER_HOVEY_SUMM_0002_1.jpeg","ALGER_HOVEY_SUMM_0002_2.jpeg"
59070629,"L48170","120020542","ALGER","HORSESHOE",4,"August",1967,4,"August",1967,"light","light","light","light",NA,NA,7.62,NA,NA,4.047,NA,70,NA,NA,NA,NA,NA,0,NA,NA,NA,NA,6.84,NA,NA,NA,NA,NA,"no",NA,"no","none",NA,"none",NA,1.829,5.486,NA,20,NA,5,NA,7,NA,2,5,0,NA,0,1,0,0,0,0,0,0,0,0,0,0,0,0,0,0,0,0,0,0,0,0,0,0,0,0,0,0,0,0,0,0,0,1,NA,"ALGER_HORSESHOE_SUMM_0001_1.jpeg","ALGER_HORSESHOE_SUMM_0001_2.jpeg"
59070630,"L33952","44364158","ALGER","ISLAND",19,"June",1967,20,"June",1967,"medium","light","medium","light",NA,NA,6.096,NA,NA,13.153,NA,85,NA,0,NA,0,NA,4,NA,0,NA,NA,NA,NA,NA,NA,NA,NA,NA,NA,NA,NA,NA,NA,NA,NA,NA,NA,21.111,NA,13.889,NA,NA,NA,NA,NA,NA,NA,0,0,0,0,0,0,0,0,0,0,1,0,0,0,0,0,0,0,0,0,0,0,0,0,0,0,0,0,0,0,0,0,0,0,NA,"ALGER_ISLAND_SUMM_0003_1.jpeg","ALGER_ISLAND_SUMM_0003_2.jpeg"
59070631,"L32645","113235853","ALGER","IRON",25,"June",1963,26,"June",1963,"none","none","none","none",NA,NA,NA,1.219,NA,2.266,NA,100,NA,NA,NA,NA,NA,0,NA,NA,NA,NA,NA,NA,NA,NA,NA,NA,"no",NA,NA,"none",NA,NA,NA,NA,NA,NA,23.889,NA,NA,NA,NA,NA,NA,NA,NA,NA,0,0,0,0,0,0,0,0,0,0,0,0,0,0,0,0,0,0,0,0,0,0,0,0,0,0,0,0,0,0,0,0,0,0,NA,"ALGER_IRON_SUMM_0001_1.jpeg","ALGER_IRON_SUMM_0001_2.jpeg"
59070632,"L31586","{C8CBC34F-5AB5-4B28-8FEE-54BE1B8B9FC6}","ALGER","JOHNSEAST",8,"July",1966,8,"July",1966,NA,NA,NA,NA,NA,NA,12.039,NA,NA,NA,NA,NA,NA,0,NA,0,NA,0,NA,0,NA,NA,6.8,NA,NA,NA,0.914,NA,"yes",NA,"no","one inactive beaver dam",NA,"none",NA,1.524,3.962,NA,21.667,NA,3.333,NA,8,9,10,11,7,8,0,0,0,0,0,0,0,0,0,0,0,0,0,0,0,0,0,0,0,0,0,0,0,0,0,0,0,0,0,0,0,0,0,0,NA,"ALGER_JOHNSEAST_SUMM_0001_1.jpeg","ALGER_JOHNSEAST_SUMM_0001_2.jpeg"
59070633,"L33406","44365312","ALGER","JUANITA",22,"July",1953,22,"July",1953,"light",NA,"light",NA,NA,NA,10.667,1.829,NA,0.607,NA,NA,NA,NA,NA,NA,NA,0,NA,NA,NA,NA,NA,NA,NA,NA,NA,NA,NA,NA,NA,NA,NA,NA,NA,4.572,NA,NA,27.778,NA,7.778,NA,5,NA,5,NA,0,NA,0,0,0,0,0,0,0,0,0,0,0,0,0,0,0,0,0,0,0,0,0,0,0,0,0,0,0,0,0,0,0,0,0,0,NA,"ALGER_JUANITA_SUMM_0001_1.jpeg","ALGER_JUANITA_SUMM_0001_2.jpeg"
59070634,"L28540","120020542","ALGER","KENNEDY",4,"August",1967,4,"August",1967,"light","light","light","light",NA,NA,7.62,NA,NA,8.094,NA,80,NA,NA,NA,NA,NA,1,NA,NA,NA,NA,6.84,13.7,NA,NA,NA,NA,"no",NA,NA,"none",NA,NA,NA,1.524,5.486,NA,22.222,NA,13.333,NA,8,NA,NA,NA,0,1,0,1,0,0,0,0,0,0,0,0,0,0,0,0,0,0,0,0,0,0,0,0,0,0,0,1,0,0,0,0,0,0,0,1,"yellow_perch_pumpkinseed","ALGER_KENNEDY_SUMM_0001_1.jpeg","ALGER_KENNEDY_SUMM_0001_2.jpeg"
59070635,"L32835","109946528","ALGER","JOES",11,"July",1950,12,"July",1950,"medium","none","medium","none",NA,NA,NA,NA,NA,32.376,NA,NA,NA,NA,NA,NA,NA,12,NA,0,NA,NA,74,NA,NA,NA,NA,NA,"no",NA,NA,"no",NA,NA,NA,2.438,4.572,NA,21.8,NA,9.2,NA,7,8.6,8.6,5,5,2,0,0,0,0,0,0,0,0,0,0,0,0,0,0,0,0,0,0,0,0,0,1,0,0,0,0,0,1,0,0,0,1,0,1,"minnows_not_identified","ALGER_JOES_SUMM_0001_1.jpeg","ALGER_JOES_SUMM_0001_2.jpeg"
59070636,"L31237","{86F13328-7398-4380-885C-0CC4CB6CF919}","ALGER","JOHNSWEST",11,"July",1966,11,"July",1966,"none","none","none","none",NA,NA,12.191,NA,NA,NA,NA,NA,NA,0,NA,0,NA,0,NA,0,NA,NA,17.1,NA,NA,NA,NA,NA,NA,NA,NA,NA,NA,NA,NA,2.133,4.572,NA,21.667,NA,3.889,NA,9,NA,9,NA,8.5,NA,0,0,0,0,0,0,0,0,0,0,0,0,0,0,0,0,0,0,0,0,0,0,0,0,0,0,0,0,0,0,0,0,0,1,"mud_minnow","ALGER_JOHNSWEST_SUMM_0001_1.jpeg","ALGER_JOHNSWEST_SUMM_0001_2.jpeg"
59070637,"L32473","113235959","ALGER","LAKEDAM",17,"June",1952,NA,"June",NA,"light","light","light","light",NA,NA,4.572,NA,NA,NA,NA,NA,NA,0,NA,0,NA,0,NA,0,NA,NA,NA,NA,NA,NA,NA,NA,"no",NA,NA,"no",NA,NA,NA,NA,NA,NA,NA,NA,NA,NA,NA,NA,NA,NA,NA,NA,0,0,0,0,0,0,0,0,0,0,0,0,0,0,0,0,0,0,0,0,0,0,0,0,0,0,0,0,0,0,0,0,0,0,NA,"ALGER_LAKEDAM_SUMM_0001_1.jpeg","ALGER_LAKEDAM_SUMM_0001_2.jpeg"
59070638,"L29236","109944938","ALGER","KINGSTONPOND",17,"September",1952,17,"September",1952,"medium","none","medium","none",NA,NA,3.048,NA,NA,0.809,1.214,NA,NA,NA,NA,NA,NA,NA,NA,NA,NA,NA,NA,NA,NA,NA,0.61,NA,"yes",NA,"no","Yes",NA,"none (culvert under road would restrict most warm water fish at present.",NA,NA,NA,NA,15.556,NA,NA,NA,NA,NA,NA,NA,NA,NA,0,0,0,0,0,0,0,0,0,1,0,0,0,0,0,0,0,0,0,0,0,0,0,0,0,0,0,0,0,0,0,0,0,1,"stickle_backs","ALGER_KINGSTONPOND_SUMM_0001_1.jpeg","ALGER_KINGSTONPOND_SUMM_0001_2.jpeg"
59070639,"L28806","44361360","ALGER","LAMBERT",6,"July",1967,6,"July",1967,"light","light","light","light",NA,NA,9.144,NA,NA,6.07,NA,5,NA,NA,NA,NA,NA,1,NA,NA,NA,NA,6.84,NA,NA,NA,NA,NA,NA,NA,NA,NA,NA,NA,NA,5.181,6.096,NA,17.222,NA,7.222,NA,10,NA,5,NA,0,1,0,0,0,0,0,0,0,0,0,0,0,0,0,0,0,0,0,0,0,0,0,0,0,0,0,0,0,0,0,0,0,0,0,0,"brook_stickle_back","ALGER_LAMBERT_SUMM_0002_1.jpeg","ALGER_LAMBERT_SUMM_0002_2.jpeg"
59070640,"L32913","109946356","ALGER","LINE",6,"July",1978,8,"July",1978,"medium","light","medium","light",NA,NA,NA,NA,NA,63.132,NA,32,NA,0,NA,0,NA,0,NA,0,NA,NA,84,NA,NA,NA,NA,NA,"no",NA,NA,"none",NA,NA,NA,2.743,7.01,NA,23.8,NA,10,NA,9.4,NA,7,NA,3.8,1.5,0,0,1,1,1,1,0,0,0,0,1,0,0,0,0,0,0,0,1,0,0,1,0,0,1,1,0,1,0,0,0,1,0,1,NA,"ALGER_LINE_SUMM_0001_1.jpeg","ALGER_LINE_SUMM_0001_2.jpeg"
59070641,"L30567","{39BF15B2-1B59-424F-9697-FDFB1B407931}","ALGER","LEGIONPINE",5,"August",1966,5,"August",1966,"light","light","light","light",NA,NA,9.448,NA,NA,12.546,NA,50,NA,NA,NA,NA,NA,1,NA,NA,NA,NA,6.84,NA,NA,NA,NA,NA,"no",NA,NA,"none",NA,NA,NA,6.096,8.534,NA,21.667,NA,13.889,NA,9,NA,11,NA,13,NA,0,0,0,0,0,1,0,0,0,0,0,0,0,0,0,0,0,0,0,0,0,0,0,0,1,0,0,0,0,0,0,0,0,0,NA,"ALGER_LEGIONPINE_SUMM_0001_1.jpeg","ALGER_LEGIONPINE_SUMM_0001_2.jpeg"
59070642,"L31758","44361552","ALGER","LONG",29,"September",1957,30,"September",1957,"light","none","light","none",NA,NA,4.572,4.572,NA,47.349,NA,98,NA,NA,NA,NA,NA,0,NA,NA,NA,NA,NA,NA,NA,NA,NA,NA,"no",NA,NA,"none",NA,NA,NA,NA,NA,NA,NA,NA,NA,NA,NA,NA,NA,NA,NA,NA,0,0,0,0,0,0,0,0,0,0,0,0,0,0,0,0,0,0,0,0,0,0,0,0,1,0,0,0,0,0,0,0,0,1,NA,"ALGER_LONG48NR16SEC33_SUMM_0001_1.jpeg","ALGER_LONG48NR16SEC33_SUMM_0001_2.jpeg"
59070643,"L27408","44361068","ALGER","LOON",24,"August",1946,24,"August",1946,"light","none","light","none",NA,NA,6.4,3.657,NA,8.499,NA,NA,NA,NA,NA,NA,NA,2,NA,NA,NA,NA,3,NA,NA,NA,NA,NA,NA,NA,NA,NA,NA,NA,"yes",5.791,6.096,NA,19.444,NA,17.778,NA,7.8,NA,NA,NA,NA,NA,0,0,0,0,0,0,0,0,0,0,0,0,0,0,0,0,0,0,0,0,0,1,0,0,1,0,0,0,0,0,0,0,0,1,NA,"ALGER_LOON_SUMM_0001_1.jpeg","ALGER_LOON_SUMM_0001_2.jpeg"
59070644,"L35512","44365310","ALGER","MAN",27,"July",1939,6,"August",1939,"medium","none","medium","none",NA,NA,12.191,3.2,NA,8.337,NA,5,NA,0,NA,0,NA,0,NA,0,NA,NA,11,5,NA,1.2,NA,NA,"no",NA,NA,"none",NA,NA,"yes",2.743,7.315,NA,25,NA,6.6,NA,6.9,1.9,NA,NA,0,0,0,0,0,0,0,1,0,0,0,0,0,0,0,0,0,0,0,0,0,0,0,1,0,0,0,0,0,0,0,0,0,0,0,0,NA,"ALGER_MAN_SUMM_0001_1.jpeg","ALGER_MAN_SUMM_0001_2.jpeg"
59070645,"L32861","44363656","ALGER","LOST",31,"July",1951,NA,"July",NA,"heavy","light","heavy","light",NA,NA,4.572,NA,NA,42.979,NA,NA,NA,1,NA,1,NA,30,NA,0,NA,NA,NA,NA,NA,NA,NA,NA,NA,NA,NA,NA,NA,NA,NA,NA,NA,NA,NA,NA,NA,NA,NA,NA,NA,NA,NA,NA,0,0,1,0,0,1,0,0,0,0,0,0,0,0,0,0,1,0,0,0,0,1,0,0,1,0,0,0,1,0,0,0,0,1,NA,"ALGER_LOST_SUMM_0001_1.jpeg","ALGER_LOST_SUMM_0001_2.jpeg"
59070646,"L32415","109945626","ALGER","MINERS",22,"September",1966,22,"September",1966,"medium","light","lighttomedium","light",NA,NA,NA,NA,NA,12.141,NA,NA,NA,NA,NA,NA,NA,0,NA,NA,NA,NA,NA,NA,NA,NA,NA,NA,"no",NA,NA,"no",NA,NA,NA,NA,NA,NA,11.111,NA,NA,NA,NA,NA,NA,NA,NA,NA,0,0,0,0,0,0,0,0,0,0,0,0,0,0,0,0,0,0,0,0,0,0,0,0,1,0,0,0,0,0,0,1,0,1,"cottus_sp","ALGER_MINERS_SUMM_0001_1.jpeg","ALGER_MINERS_SUMM_0001_2.jpeg"
59070647,"L35545","44365348","ALGER","MCCOMB",27,"July",1939,6,"August",1939,"medium","none","medium","none",NA,NA,6.096,1.524,NA,25.091,NA,10,NA,1,NA,1,NA,10,NA,0,NA,NA,21,22,NA,1.4,NA,NA,"no",NA,NA,"none",NA,NA,"yes",2.743,3.657,NA,25.556,NA,17.2,NA,8.5,7.1,NA,NA,1.6,NA,0,0,0,0,0,1,1,0,0,0,0,0,0,0,0,0,0,0,0,0,0,1,0,0,1,0,0,1,1,0,1,1,0,1,"black_bass; semotilus; suckers","ALGER_McCOMB_SUMM_0001_1.jpeg","ALGER_McCOMB_SUMM_0001_2.jpeg"
59070648,"L33437","44364070","ALGER","MIRROR",16,"July",1963,17,"July",1963,"light","none","light","none",NA,NA,12.191,5.181,NA,14.569,NA,10,15,NA,NA,NA,NA,10,NA,NA,NA,NA,15,23,NA,NA,NA,NA,"no",NA,NA,"none",NA,NA,NA,4.572,9.144,NA,24.444,NA,15,NA,5.2,5.8,5.8,0.5,5,NA,0,0,0,0,0,0,0,0,0,0,0,0,0,0,0,0,0,0,0,0,0,0,0,0,1,0,0,0,1,0,0,0,0,1,"sunfish","ALGER_MIRROR_SUMM_0001_1.jpeg","ALGER_MIRROR_SUMM_0001_2.jpeg"
59070649,"L25961","{3D520F08-0D48-4B66-85D5-696564D6E9D4}","ALGER","MITCHELL",22,"August",1950,24,"August",1950,"light",NA,"light",NA,NA,NA,7.62,5.181,NA,48.563,NA,80,NA,NA,NA,NA,NA,NA,NA,NA,NA,NA,NA,NA,NA,NA,NA,NA,NA,NA,NA,NA,NA,NA,NA,NA,NA,NA,NA,NA,NA,NA,NA,NA,NA,NA,NA,NA,0,0,0,0,0,0,0,0,0,0,0,0,0,0,0,0,0,0,0,0,0,0,0,0,0,0,0,0,0,0,0,0,0,1,NA,"ALGER_MITCHELL_SUMM_0001_1.jpeg","ALGER_MITCHELL_SUMM_0001_2.jpeg"
59070650,"L25961","{3D520F08-0D48-4B66-85D5-696564D6E9D4}","ALGER","MITCHELL",15,"August",1947,NA,"August",NA,"none","none","none","none",NA,NA,10.058,3.962,NA,48.159,NA,96,NA,0,NA,0,NA,NA,NA,0,NA,NA,140,190,NA,NA,NA,NA,NA,NA,NA,NA,NA,NA,"yes",4.572,7.62,NA,26.111,NA,8.333,NA,7.3,13,NA,NA,NA,NA,0,0,0,0,0,0,0,0,0,0,0,0,0,0,0,0,0,0,0,0,0,0,0,0,0,0,0,0,0,0,0,0,0,0,NA,"ALGER_MITCHELL_SUMM_0002_1.jpeg","ALGER_MITCHELL_SUMM_0002_2.jpeg"
59070651,"L34253","{966F0898-A9E8-4419-A2F8-ACF9E23CE3C9}","ALGER","MUDDY",21,"June",1977,23,"June",1977,NA,"none",NA,"nonexistent",NA,NA,3.048,NA,NA,20.235,NA,100,NA,NA,NA,NA,NA,NA,NA,NA,NA,NA,NA,NA,NA,NA,NA,NA,"no",NA,NA,"no",NA,NA,NA,NA,NA,NA,NA,NA,NA,NA,NA,NA,NA,NA,NA,NA,0,1,0,1,0,0,0,0,0,0,1,0,0,0,0,0,0,0,0,0,0,1,0,0,1,1,0,1,0,0,0,1,0,1,NA,"ALGER_MUDDY_SUMM_0001_1.jpeg","ALGER_MUDDY_SUMM_0001_2.jpeg"
59070652,"L28940","44361380","ALGER","NEVINS",14,"August",1958,NA,"August",NA,NA,NA,NA,NA,NA,NA,5.486,NA,NA,116.147,NA,NA,NA,0,NA,0,NA,0,NA,0,NA,NA,NA,NA,NA,NA,NA,NA,"no",NA,NA,"no",NA,NA,NA,NA,NA,NA,NA,NA,NA,NA,NA,NA,NA,NA,NA,NA,0,0,0,0,0,1,0,0,0,0,0,0,0,0,0,0,0,0,0,0,0,0,0,0,1,0,0,0,1,0,0,0,0,1,NA,"ALGER_NEVINS_SUMM_0001_1.jpeg","ALGER_NEVINS_SUMM_0001_2.jpeg"
59070653,"L26528","109945346","ALGER","NAWAKWA",30,"August",1966,30,"August",1966,"medium","light","medium","light",NA,NA,11.277,NA,NA,161.473,NA,60,70,NA,NA,NA,NA,5,NA,NA,NA,NA,44,NA,NA,NA,NA,NA,NA,NA,NA,NA,NA,NA,NA,2.743,6.096,NA,21.111,NA,10,NA,7,8,1,7,0,NA,0,1,0,0,0,1,1,0,0,0,0,0,0,0,0,0,0,0,0,0,0,0,0,0,1,1,0,1,1,0,1,1,0,1,NA,"ALGER_NAWAKWA_SUMM_0007_1.jpeg","ALGER_NAWAKWA_SUMM_0007_2.jpeg"
59070654,"L24452","{B29C4028-B335-4603-99B5-031D78A85598}","ALGER","NITA",3,"August",1960,3,"August",1960,"none","none","none","none",NA,NA,5.181,NA,NA,5.221,NA,NA,NA,NA,NA,NA,NA,1,NA,NA,NA,NA,NA,NA,NA,NA,0,NA,"yes",NA,"no","old beaver dam (75 years?)",NA,"none",NA,NA,NA,NA,23.889,NA,NA,NA,NA,NA,NA,NA,NA,NA,0,0,0,0,0,0,0,0,0,0,0,0,0,0,0,0,0,0,0,0,0,0,0,0,0,0,0,0,0,0,0,0,0,0,"mud_minnow","ALGER_NITA_SUMM_0001_1.jpeg","ALGER_NITA_SUMM_0001_2.jpeg"
59070655,"L34979","113235933","ALGER","NONAMES",13,"September",1943,8,"September",1944,"light",NA,"lightatpresent",NA,NA,NA,9.144,NA,NA,1.619,NA,NA,NA,0,NA,0,NA,0,NA,0,NA,NA,17,NA,NA,NA,NA,NA,NA,NA,NA,NA,NA,NA,"yes",3.048,4.572,NA,15.556,NA,5,NA,NA,NA,5.2,NA,0,0,0,0,0,0,0,0,0,0,0,1,0,0,0,0,0,0,0,0,0,0,0,0,0,0,0,0,0,0,0,0,0,0,0,0,NA,"ALGER_NONAMES_SUMM_0001_1.jpeg","ALGER_NONAMES_SUMM_0001_2.jpeg"
59070656,"L24098","44361104","ALGER","NONAMES",3,"September",1946,3,"September",1946,"none","none","probablynone","none",NA,NA,3.048,1.372,NA,4.856,NA,100,NA,NA,NA,NA,NA,0,NA,NA,NA,NA,9,NA,NA,NA,NA,NA,NA,NA,NA,NA,NA,NA,"no",NA,NA,NA,14.2,NA,14.2,NA,NA,NA,NA,NA,NA,NA,0,0,0,0,0,0,0,0,0,0,0,0,0,0,0,0,0,0,0,0,0,0,0,0,0,0,0,0,0,0,0,0,0,0,"minnows","ALGER_NONAMES_SUMM_0002_1.jpeg","ALGER_NONAMES_SUMM_0002_2.jpeg"
59070657,"L34213","44363478","ALGER","OTTER",1,"July",1963,NA,NA,NA,"medium","light","medium","lighttonone",NA,NA,4.572,2.286,NA,26.305,NA,95,NA,NA,NA,NA,NA,2,NA,NA,NA,NA,NA,NA,NA,NA,NA,NA,NA,NA,NA,NA,NA,NA,NA,NA,NA,NA,22.222,NA,20,NA,NA,NA,NA,NA,NA,NA,0,0,0,0,0,0,0,0,0,0,0,0,0,0,0,0,0,0,0,0,0,0,0,0,1,0,0,0,1,0,0,1,0,1,NA,"ALGER_OTTER_SUMM_0002_1.jpeg","ALGER_OTTER_SUMM_0002_2.jpeg"
59070658,NA,NA,"ALGER","NONAMES",17,"June",1952,24,"June",1952,"none","none","none","none",NA,NA,8.229,NA,NA,1.214,NA,50,NA,0,NA,0,NA,0,NA,0,NA,NA,NA,NA,NA,NA,NA,NA,"no",NA,"no","---",NA,"---",NA,NA,NA,NA,23.333,NA,NA,NA,NA,NA,NA,NA,NA,NA,0,0,0,0,0,0,0,0,0,0,0,0,0,0,0,0,0,0,0,0,0,0,0,0,0,0,0,0,0,0,0,0,0,0,NA,"ALGER_NONAMES_SUMM_0003_1.jpeg","ALGER_NONAMES_SUMM_0003_2.jpeg"
59070659,"L28531","109945308","ALGER","NORTH",7,"August",1958,8,"August",1958,NA,NA,NA,NA,NA,NA,9.753,NA,NA,64.751,NA,60,NA,NA,NA,NA,NA,1,NA,NA,NA,NA,3,4,NA,NA,NA,NA,NA,NA,NA,NA,NA,NA,NA,NA,NA,NA,18.889,NA,16.667,NA,NA,NA,NA,NA,NA,NA,0,0,0,0,0,0,0,0,0,0,0,0,0,0,0,0,0,0,0,0,0,0,0,0,0,0,0,0,0,0,0,0,0,0,NA,"ALGER_NORTH_SUMM_0001_1.jpeg","ALGER_NORTH_SUMM_0001_2.jpeg"
59070660,"L35882","44365368","ALGER","PAN",29,"August",1968,30,"August",1968,"none","none","none","none",NA,NA,7.01,NA,NA,4.856,NA,5,NA,0,NA,0,NA,0,NA,0,NA,NA,6.8,20.5,NA,NA,NA,NA,"no",NA,"no","none",NA,"none","yes",2.743,5.486,NA,19.444,NA,7.778,NA,8,NA,8,1,0,1,0,0,0,0,0,0,0,0,0,0,0,0,0,0,0,0,0,0,0,0,0,0,0,0,0,0,0,0,0,0,0,0,0,1,NA,"ALGER_PAN_SUMM_0001_1.jpeg","ALGER_PAN_SUMM_0001_2.jpeg"
59070661,"L35258","109946050","ALGER","PERCH",5,"September",1944,5,"September",1944,"light","none","light","probablynone",NA,NA,NA,0.914,NA,48.968,NA,59,NA,0,NA,0,NA,0,NA,0,NA,NA,19,NA,NA,NA,NA,NA,NA,NA,NA,NA,NA,NA,"yes",5.486,6.705,NA,19.444,NA,7.722,NA,10,NA,NA,NA,0.48,NA,0,0,0,0,0,0,0,0,0,0,0,0,0,0,0,0,0,0,0,0,0,1,0,0,0,0,0,0,1,0,0,0,0,1,NA,"ALGER_PERCH_SUMM_0001_1.jpeg","ALGER_PERCH_SUMM_0001_2.jpeg"
59070662,"L36151","44365352","ALGER","PEARLIES",21,"July",1953,NA,"July",NA,"light",NA,"light",NA,NA,NA,8.229,2.286,NA,1.214,NA,NA,NA,NA,NA,NA,NA,0,NA,NA,NA,NA,NA,NA,NA,NA,NA,NA,NA,NA,NA,NA,NA,NA,NA,3.048,NA,NA,26.667,NA,11.667,NA,7,NA,2,NA,1.1,NA,0,0,0,0,0,0,0,0,0,0,0,0,0,0,0,0,0,0,0,0,0,0,0,0,0,0,0,0,0,0,0,0,0,0,NA,"ALGER_PEARLIES_SUMM_0001_1.jpeg","ALGER_PEARLIES_SUMM_0001_2.jpeg"
59070663,"L48330","44364436","ALGER","REDJACK",6,"June",1978,3,"August",1978,"medium","light","medium","light",NA,NA,NA,4.755,NA,4.856,NA,66,NA,0,NA,0,NA,0,NA,0,NA,NA,86,NA,NA,NA,NA,NA,"no",NA,NA,"none",NA,NA,NA,1.524,NA,NA,23.8,NA,NA,NA,8.8,NA,7.8,NA,3.2,NA,0,0,1,0,0,1,0,0,0,0,1,0,0,0,0,1,0,0,0,1,0,1,0,0,1,1,0,1,0,0,0,1,0,1,"creek_chub; creek_chub_creek_chub","ALGER_REDJACK_SUMM_0001_1.jpeg","ALGER_REDJACK_SUMM_0001_2.jpeg"
59070664,"L42959","113235993","ALGER","ROUND",30,"July",1937,30,"July",1937,"light",NA,"private",NA,NA,NA,16.763,2.133,NA,184.136,NA,NA,NA,0,NA,NA,NA,6,8,NA,NA,NA,47,52,NA,1.3,NA,NA,"yes ",NA,"yes","yes",NA,"not passable for fish","no",NA,NA,NA,19.444,21.111,11.5,NA,8,NA,NA,NA,0.1,NA,1,0,0,1,1,1,1,0,0,0,1,0,0,0,0,0,1,0,1,1,0,0,0,0,1,0,0,1,1,0,0,1,0,1,"sunfish; mud_minnow_brook_stickleback","ALGER_ROUND_SUMM_0001_1.jpeg","ALGER_ROUND_SUMM_0001_2.jpeg"
59070665,"L23113","44361058","ALGER","SAND",18,"August",1969,18,"August",1969,"light","light","light","light",NA,NA,6.096,2.743,NA,20.599,NA,60,NA,NA,NA,NA,NA,NA,NA,NA,NA,NA,17.1,NA,NA,1.4,NA,NA,NA,NA,NA,NA,NA,NA,NA,3.353,6.096,NA,23.333,NA,13.333,NA,8,NA,0,8,NA,NA,0,0,0,0,0,0,0,0,0,0,1,0,0,0,0,0,0,0,0,0,0,0,0,0,0,1,0,0,0,0,0,0,0,1,"minnow_sure_which_type","ALGER_SAND48NR14W20_SUMM_0002_1.jpeg","ALGER_SAND48NR14W20_SUMM_0002_2.jpeg"
59070666,"L34895","92131068","ALGER","RIELLY",5,"July",1963,5,"July",1963,"none","none","none","none",NA,NA,0.61,NA,NA,3.238,NA,100,NA,0,NA,0,NA,0,NA,0,NA,NA,NA,NA,NA,NA,NA,NA,NA,NA,NA,NA,NA,NA,NA,NA,NA,NA,NA,NA,NA,NA,NA,NA,NA,NA,NA,NA,0,0,0,0,0,0,0,0,0,0,0,0,0,0,0,0,0,0,0,0,0,0,0,0,0,0,0,0,0,0,0,0,0,0,"minnows_observed_but_not_identified","ALGER_RIELLY_SUMM_0001_1.jpeg","ALGER_RIELLY_SUMM_0001_2.jpeg"
59070667,"L34487","44364448","ALGER","ROCK",27,"August",1951,27,"August",1951,"light","none","verylight","none",NA,NA,7.62,NA,NA,4.047,NA,NA,NA,0,NA,0,NA,0,NA,0,NA,NA,5,NA,NA,NA,NA,NA,NA,NA,NA,NA,NA,NA,NA,3.657,6.4,NA,20.2,NA,8.6,NA,6.4,7.2,6.4,0,0,NA,0,0,0,0,0,0,0,0,0,0,0,0,0,0,0,0,0,0,0,0,0,0,0,0,0,0,0,0,0,0,0,0,0,1,NA,"ALGER_ROCK_SUMM_0001_1.jpeg","ALGER_ROCK_SUMM_0001_2.jpeg"
59070668,"L32836","113235873","ALGER","ROUNDLITTLE",20,"June",1963,20,"June",1963,"light","none","light","none",NA,NA,NA,2.133,NA,9.713,NA,NA,NA,0,NA,0,NA,0,NA,0,NA,NA,NA,NA,NA,NA,NA,NA,"no",NA,NA,"none",NA,NA,NA,NA,NA,NA,NA,NA,NA,NA,NA,NA,NA,NA,NA,NA,0,0,0,0,0,0,0,0,0,0,0,0,1,0,0,0,1,0,0,0,0,0,0,0,1,0,0,0,0,0,0,1,0,1,"bullheads_sunfish; suckers","ALGER_ROUNDLITTLE_SUMM_0001_1.jpeg","ALGER_ROUNDLITTLE_SUMM_0001_2.jpeg"
59070669,"L33625","92131060","ALGER","SAUL",5,"July",1963,NA,"July",NA,"none","none","none","none",NA,NA,1.524,NA,NA,20.235,NA,100,NA,0,NA,0,NA,0,NA,0,NA,NA,NA,NA,NA,NA,NA,NA,"yes",NA,"no","old beaver dam",NA,"none",NA,NA,NA,NA,NA,NA,NA,NA,NA,NA,NA,NA,NA,NA,0,0,0,0,0,0,0,0,0,0,0,0,0,0,0,0,0,0,0,0,0,0,0,0,0,0,0,0,0,0,0,0,0,0,"minnows (not specified)","ALGER_SAUL_SUMM_0001_1.jpeg","ALGER_SAUL_SUMM_0001_2.jpeg"
59070670,"L29755","44361600","ALGER","SECTIONTHIRTYSIX",18,"August",1954,18,"August",1954,"light","none","light","none",NA,NA,3.657,NA,NA,NA,NA,100,NA,NA,NA,NA,NA,2,NA,NA,NA,NA,NA,NA,NA,NA,NA,NA,NA,NA,NA,NA,NA,NA,NA,NA,NA,NA,20,NA,19.444,20,NA,NA,NA,NA,NA,NA,0,0,0,0,0,1,0,0,0,0,0,0,0,0,0,0,0,0,0,0,0,0,0,0,0,0,0,0,0,0,0,0,0,0,NA,"ALGER_SECTIONTHIRTYSIX_SUMM_0001_1.jpeg","ALGER_SECTIONTHIRTYSIX_SUMM_0001_2.jpeg"
59070671,"L31539","44361740","ALGER","SECTIONSEVEN",24,"August",1950,25,"August",1950,"light","none","light","none",NA,NA,3.657,NA,NA,3.238,NA,NA,NA,NA,NA,NA,NA,0,NA,NA,NA,NA,NA,NA,NA,1,NA,NA,NA,NA,NA,NA,NA,NA,NA,NA,NA,NA,16.111,17.778,NA,NA,NA,NA,NA,NA,NA,NA,0,0,0,0,0,0,0,0,0,1,0,0,0,0,0,0,0,0,0,0,0,0,0,0,0,0,0,0,0,0,0,0,0,0,NA,"ALGER_SECTIONSEVEN_SUMM_0001_1.jpeg","ALGER_SECTIONSEVEN_SUMM_0001_2.jpeg"
59070672,"L35284","44364362","ALGER","SHADY",5,"September",1945,NA,NA,NA,"none","none","none","none",NA,NA,3.353,3.353,NA,2.428,4.047,100,NA,NA,NA,NA,NA,0,NA,NA,NA,NA,1,3,NA,NA,NA,NA,NA,NA,NA,NA,NA,NA,"no",NA,NA,NA,20.556,NA,20,NA,NA,NA,NA,NA,NA,NA,0,0,0,0,0,0,0,0,0,0,0,0,0,0,0,0,0,0,0,0,0,0,0,0,0,0,0,0,0,0,0,0,0,0,NA,"ALGER_SHADY_SUMM_0001_1.jpeg","ALGER_SHADY_SUMM_0001_2.jpeg"
59070673,"L23559","44361646","ALGER","SHOENORTH",18,"August",1954,18,"August",1954,"medium","none","medinspringlightinsummer","none",NA,NA,11.277,NA,NA,13.557,NA,NA,NA,NA,NA,NA,NA,1,NA,NA,NA,NA,NA,NA,NA,1,NA,NA,NA,NA,NA,NA,NA,NA,NA,NA,NA,NA,20,NA,NA,NA,NA,NA,NA,NA,NA,NA,0,0,0,0,0,0,0,0,0,1,0,0,0,0,0,0,0,0,0,0,0,0,0,0,0,0,0,0,0,0,0,0,0,0,NA,"ALGER_SHOENORTH_SUMM_0001_1.jpeg","ALGER_SHOENORTH_SUMM_0001_2.jpeg"
59070674,"L25914","44361754","ALGER","SHOENORTH",25,"August",1959,NA,NA,NA,"light",NA,"light",NA,NA,NA,10.667,NA,NA,13.76,NA,NA,NA,NA,NA,NA,NA,1,NA,NA,NA,NA,NA,NA,NA,NA,NA,NA,NA,NA,NA,NA,NA,NA,NA,6.096,9.144,NA,23.333,NA,NA,NA,7.8,8.6,0.5,1.3,NA,NA,0,0,0,0,0,0,0,0,0,1,0,0,0,0,0,0,0,0,0,0,0,0,0,0,0,0,0,0,0,0,0,0,0,0,NA,"ALGER_SHOENORTH_SUMM_0002_1.jpeg","ALGER_SHOENORTH_SUMM_0002_2.jpeg"
59070675,"L25914","44361754","ALGER","SHOESOUTH",24,"August",1959,25,"August",1959,"light",NA,"light",NA,NA,NA,10.667,0.305,NA,8.499,NA,80,NA,NA,NA,NA,NA,NA,NA,NA,NA,NA,NA,NA,NA,NA,NA,NA,NA,NA,NA,NA,NA,NA,NA,NA,NA,NA,24.444,NA,NA,NA,NA,NA,NA,NA,NA,NA,0,0,0,0,0,1,0,0,0,0,0,0,1,0,0,0,0,0,0,0,0,0,0,0,0,0,0,0,0,0,0,0,0,0,"fingerlings","ALGER_SHOESOUTH_SUMM_0001_1.jpeg","ALGER_SHOESOUTH_SUMM_0001_2.jpeg"
59070676,"L29893","109944864","ALGER","SITKA",23,"August",1950,NA,"August",NA,"light",NA,"light",NA,NA,NA,NA,NA,NA,14.164,NA,NA,NA,NA,NA,NA,NA,1,NA,NA,NA,NA,NA,NA,NA,NA,NA,NA,NA,NA,NA,NA,NA,NA,NA,NA,NA,NA,NA,NA,NA,NA,NA,NA,NA,NA,NA,NA,0,0,0,0,0,0,0,0,0,0,0,0,0,0,0,0,0,0,0,0,0,1,0,0,0,0,0,0,0,0,0,0,0,0,NA,"ALGER_SITKA_SUMM_0001_1.jpeg","ALGER_SITKA_SUMM_0001_2.jpeg"
59070677,"L32582","44364602","ALGER","SNIPE",6,"July",1978,6,"July",1978,"light","none","lightnone","none",NA,NA,NA,NA,NA,3.076,NA,NA,NA,0,NA,0,NA,0,NA,0,NA,NA,NA,NA,NA,NA,NA,NA,"no",NA,NA,"none",NA,NA,"no",NA,NA,NA,26,NA,25,NA,NA,NA,NA,NA,NA,NA,0,0,0,0,0,1,0,0,0,0,0,0,0,0,0,0,0,0,0,0,0,0,0,0,0,1,0,0,0,0,0,0,0,0,NA,"ALGER_SNIPE_SUMM_0001_1.jpeg","ALGER_SNIPE_SUMM_0001_2.jpeg"
59070678,"L34556","113235787","ALGER","SIXTEENMILE",12,"September",1961,15,"September",1961,"light","medium","light","medium",NA,NA,4.572,NA,NA,179.077,NA,100,NA,0,NA,0,NA,30,NA,0,NA,NA,NA,NA,NA,2.63,NA,NA,"no",NA,NA,"no",NA,NA,NA,NA,NA,NA,NA,NA,NA,NA,NA,NA,NA,NA,NA,NA,0,0,0,0,0,0,0,0,0,0,0,0,0,0,0,0,0,0,0,0,0,0,0,0,1,0,0,0,0,0,0,0,0,1,"sunfish_suckers","ALGER_SIXTEENMILE_SUMM_0001_1.jpeg","ALGER_SIXTEENMILE_SUMM_0001_2.jpeg"
59070679,"L34961","44364684","ALGER","STARVATION",28,"July",1953,28,"July",1953,"light","light","light","light",NA,NA,12.801,2.133,NA,0.648,NA,NA,NA,NA,NA,NA,NA,0,NA,NA,NA,NA,NA,NA,NA,NA,NA,NA,NA,NA,NA,NA,NA,NA,"yes",3.048,NA,NA,21.667,NA,7.778,NA,7.5,NA,0.2,NA,0,NA,0,0,0,0,0,0,0,0,0,0,0,0,0,0,0,0,0,0,0,0,0,0,0,0,0,0,0,0,0,0,0,0,0,0,NA,"ALGER_STARVATION_SUMM_0001_1.jpeg","ALGER_STARVATION_SUMM_0001_2.jpeg"
59070680,"L34570","113235967","ALGER","STELLA",2,"August",1937,2,"August",1937,NA,NA,NA,NA,"yes","permitted",4.572,2.438,NA,127.276,NA,NA,NA,NA,NA,NA,NA,NA,NA,NA,NA,"one private cottage on lake",55,57,NA,NA,NA,NA,"no",NA,NA,"no",NA,NA,NA,NA,NA,NA,20.3,NA,17.5,NA,7.9,NA,NA,NA,6.7,NA,0,0,0,0,0,1,1,0,0,0,1,0,0,0,0,1,1,0,1,1,0,1,0,0,1,0,0,1,0,0,0,1,0,1,"sunfish; mud_minnow_notropis_sp","ALGER_STELLA_SUMM_0001_1.jpeg","ALGER_STELLA_SUMM_0001_2.jpeg"
59070681,"L24101","{A3C927D7-9CFA-48F9-B1A5-6DD6CF37C95E}","ALGER","TEAL",2,"August",1966,2,"August",1966,"light","light","light","light",NA,NA,5.791,NA,NA,22.663,NA,75,NA,NA,NA,NA,NA,0,NA,NA,NA,NA,6.8,NA,NA,NA,NA,NA,NA,NA,NA,NA,NA,NA,NA,NA,NA,NA,22.222,NA,20,NA,8,NA,NA,NA,NA,NA,0,0,0,0,0,0,0,0,0,0,0,0,0,0,0,0,0,0,0,0,0,0,0,0,0,0,0,0,0,0,0,1,0,1,NA,"ALGER_TEAL_SUMM_0001_1.jpeg","ALGER_TEAL_SUMM_0001_2.jpeg"
59070682,"L35493","44364468","ALGER","THORNTON",NA,"July",1963,NA,"July",1963,"medium","none","medium","none",NA,NA,5.181,3.353,NA,11.736,NA,95,NA,NA,NA,NA,NA,0,NA,NA,NA,NA,41,NA,NA,NA,NA,NA,NA,NA,NA,NA,NA,NA,NA,NA,NA,NA,24.444,NA,21.111,NA,NA,NA,NA,NA,NA,NA,0,0,0,0,0,1,0,0,0,0,0,0,0,0,0,0,0,0,0,0,0,1,0,0,1,0,0,0,0,0,0,1,0,0,"suckers","ALGER_THORNTON_SUMM_0001_1.jpeg","ALGER_THORNTON_SUMM_0001_2.jpeg"
59070683,"L38877","113235979","ALGER","STONER",28,"July",1937,NA,NA,NA,NA,NA,NA,NA,"yes","permitted",6.096,1.676,NA,29.138,NA,NA,NA,NA,NA,NA,NA,NA,NA,NA,NA,"none (stoner lake guard station on lake) one house, garage",6,7,NA,NA,NA,NA,NA,NA,NA,NA,NA,NA,NA,NA,NA,NA,20.5,NA,17.3,NA,9.3,NA,NA,NA,7.6,NA,0,0,0,0,0,1,0,0,0,0,0,0,0,0,0,0,0,0,0,0,0,0,0,0,1,0,0,0,0,0,0,1,0,1,"bullhead; mud_minnows_a","ALGER_STONER_SUMM_0001_1.jpeg","ALGER_STONER_SUMM_0001_2.jpeg"
59070684,"L35872","44365154","ALGER","TEMPLE",27,"July",1939,6,"August",1939,"light","none","light","none",NA,NA,6.096,3.962,NA,6.475,NA,4,NA,0,NA,0,NA,0,NA,0,NA,NA,5,4,NA,1.13,NA,NA,"yes",NA,"yes","yes; gully dug by chaffee",NA,"fish can go from tie to temple in the spring","yes",3.657,4.572,NA,23.9,NA,19.1,NA,7.4,7.2,NA,NA,7.1,NA,0,0,0,0,0,1,0,0,0,0,0,0,0,0,0,0,0,0,0,0,0,1,0,0,0,0,0,0,0,0,0,1,0,1,"suckers","ALGER_TEMPLE_SUMM_0001_1.jpeg","ALGER_TEMPLE_SUMM_0001_2.jpeg"
59070685,"L34744","44365212","ALGER","TIE",27,"July",1939,6,"August",1939,"medium","none","medium","none",NA,NA,7.62,3.048,NA,23.553,NA,5,8,1,NA,1,NA,10,NA,0,NA,NA,30,22,NA,1.55,NA,NA,"no",NA,NA,"none",NA,NA,"yes",3.657,4.572,NA,24.2,NA,17.8,NA,7.5,7.4,NA,NA,3.1,NA,0,0,0,0,0,1,1,0,0,0,0,0,0,0,0,0,0,0,0,0,0,1,0,0,0,0,0,1,0,0,0,1,0,1,"suckers","ALGER_TIE_SUMM_0001_1.jpeg","ALGER_TIE_SUMM_0001_2.jpeg"
59070686,"L31175","44361146","ALGER","TRIANGLE",5,"August",1969,5,"August",1969,"none",NA,"none",NA,NA,NA,10.972,6.096,NA,26.305,NA,70,NA,0,NA,0,NA,0,NA,0,NA,NA,17.1,34.2,NA,2,NA,NA,"no",NA,"no","none",NA,"none",NA,4.572,7.315,NA,23.333,NA,4.444,NA,7,8,5,8,1,5,0,0,0,0,0,0,0,0,0,0,0,0,1,0,0,0,0,0,0,0,0,0,0,0,0,0,0,0,0,0,0,0,0,1,NA,"ALGER_TRIANGLE_SUMM_0002_1.jpeg","ALGER_TRIANGLE_SUMM_0002_2.jpeg"
59070687,"L34212","44364776","ALGER","TOWNLINE",14,"October",1949,14,"October",1949,"heavy","none","heavy","none",NA,NA,9.144,4.572,NA,18.211,NA,NA,NA,3,NA,2,NA,25,NA,NA,NA,NA,NA,NA,NA,NA,NA,NA,NA,NA,NA,NA,NA,NA,NA,NA,NA,NA,NA,NA,NA,NA,NA,NA,NA,NA,NA,NA,0,0,0,0,0,1,0,0,0,0,0,0,0,0,0,0,0,0,0,0,0,1,0,0,0,0,0,0,0,0,0,0,0,1,NA,"ALGER_TOWNLINE_SUMM_0001_1.jpeg","ALGER_TOWNLINE_SUMM_0001_2.jpeg"
59070688,"L34494","44363524","ALGER","TRUMAN",24,"July",1953,24,"July",1953,"medium",NA,"medium",NA,NA,NA,12.191,4.267,NA,2.631,NA,NA,NA,NA,NA,NA,NA,0,NA,NA,NA,NA,NA,NA,NA,NA,NA,NA,NA,NA,NA,NA,NA,NA,NA,6.096,NA,NA,23.333,NA,11.111,NA,7.5,10,10,NA,2.1,0.5,0,0,0,0,0,0,0,0,0,1,0,0,0,0,0,0,0,0,0,0,0,0,0,0,0,0,0,0,0,0,0,0,0,0,"minnows_observed","ALGER_TRUMAN_SUMM_0002_1.jpeg","ALGER_TRUMAN_SUMM_0002_2.jpeg"
59070689,"L34494","44363524","ALGER","TRUMAN",5,"September",1945,5,"September",1945,NA,NA,NA,NA,NA,NA,11.887,3.657,NA,3.238,NA,NA,NA,NA,NA,NA,NA,NA,NA,NA,NA,NA,27,NA,NA,NA,NA,NA,NA,NA,NA,NA,NA,NA,"yes",4.572,9.144,NA,21.111,25.556,53,NA,NA,NA,NA,NA,0,0,0,0,0,0,0,1,0,0,0,0,0,0,0,0,0,0,0,0,0,0,0,0,0,0,0,0,0,0,0,0,0,0,0,0,NA,"ALGER_TRUMAN_SUMM_0001_1.jpeg","ALGER_TRUMAN_SUMM_0001_2.jpeg"
59070690,"L23911","109945392","ALGER","UNNAMEDBEAVER",30,"July",1953,30,"July",1953,"light",NA,"light",NA,NA,NA,7.62,3.657,NA,1.214,NA,NA,NA,NA,NA,NA,NA,0,NA,NA,NA,NA,NA,NA,NA,NA,NA,NA,NA,NA,NA,NA,NA,NA,NA,4.572,NA,NA,24.444,NA,13.333,NA,7.5,NA,4,NA,0,NA,0,0,0,0,0,0,0,0,0,0,0,0,0,0,0,0,0,0,0,0,0,0,0,0,0,0,0,0,0,0,0,0,0,0,NA,"ALGER_UNNAMEDBEAVER_SUMM_0001_1.jpeg","ALGER_UNNAMEDBEAVER_SUMM_0001_2.jpeg"
59070691,"L23911","109945392","ALGER","UNNAMEDBEAVER",25,"July",1953,25,"July",1953,NA,NA,NA,NA,NA,NA,10.667,1.067,NA,1.214,NA,NA,NA,1,NA,NA,NA,0,NA,NA,NA,NA,NA,NA,NA,NA,NA,NA,NA,NA,NA,NA,NA,NA,NA,4.572,NA,NA,21.111,NA,8.333,NA,9,NA,NA,NA,0,NA,0,0,0,0,0,0,0,0,0,0,0,0,0,0,0,0,0,0,0,0,0,0,0,0,0,0,0,0,0,0,0,0,0,0,NA,"ALGER_UNNAMEDBEAVER_SUMM_0002_1.jpeg","ALGER_UNNAMEDBEAVER_SUMM_0002_2.jpeg"
59070692,"L23911","109945392","ALGER","UNNAMEDBEAVER",3,"November",1982,3,"November",1982,"medium","none","moderate","none",NA,NA,2.438,NA,NA,3.238,NA,100,NA,0,NA,0,NA,0,NA,0,NA,NA,NA,NA,NA,NA,0.457,NA,"yes",NA,"yes","yes",NA,"blocks trout year round except during spring run-off",NA,NA,NA,NA,NA,NA,NA,NA,NA,NA,NA,NA,NA,NA,0,0,0,0,0,0,0,0,0,1,0,0,0,0,0,0,0,0,0,0,0,0,0,0,0,0,0,0,0,0,0,0,0,0,NA,"ALGER_UNNAMEDBEAVER_SUMM_0003_1.jpeg","ALGER_UNNAMEDBEAVER_SUMM_0003_2.jpeg"
59070693,"L48331","44364436","ALGER","VIOLET",29,"July",1951,29,"July",1951,"none","none","none","none",NA,NA,NA,NA,NA,5.261,NA,NA,NA,0,NA,0,NA,0,NA,0,NA,NA,5,NA,NA,NA,NA,NA,NA,NA,NA,NA,NA,NA,NA,3.657,5.486,NA,25,NA,13.2,NA,NA,NA,7,8.7,NA,NA,0,0,0,0,0,0,0,0,0,0,0,0,0,0,0,0,0,0,0,0,0,0,0,0,0,0,0,0,0,0,0,0,0,0,NA,"ALGER_VIOLET_SUMM_0001_1.jpeg","ALGER_VIOLET_SUMM_0001_2.jpeg"
59070694,"L27869","109944970","ALGER","WEBER",7,"August",1958,26,"August",1958,"light","none","light","none",NA,NA,10.667,NA,NA,40.469,NA,75,NA,NA,NA,NA,NA,NA,NA,NA,NA,NA,0,5,"purple",NA,NA,NA,NA,NA,NA,NA,NA,NA,NA,7.62,10.667,NA,23.333,18.889,10.556,11.111,7.6,7.7,1.7,NA,NA,NA,0,0,0,0,0,0,0,0,0,0,0,0,0,0,0,0,0,0,0,0,0,0,0,0,0,0,0,0,0,0,0,0,0,1,NA,"ALGER_WEBER_SUMM_0001_1.jpeg","ALGER_WEBER_SUMM_0001_2.jpeg"
59070695,"L34301","113235865","ALGER","WHEEELBARROW",24,"June",1963,25,"June",1963,"light","none","light","none",NA,NA,4.572,NA,NA,21.246,NA,90,NA,NA,NA,NA,NA,2,NA,NA,NA,NA,NA,NA,NA,NA,NA,NA,"no",NA,NA,"none",NA,NA,NA,NA,NA,NA,17.778,NA,NA,NA,NA,NA,NA,NA,NA,NA,0,0,0,0,0,0,0,0,0,0,0,0,0,0,0,0,0,0,0,0,0,0,0,0,1,0,0,0,0,0,0,1,0,1,"bullheads_sunfish; white_suckers_unidentified_minnows; minnows","ALGER_WHEEELBARROW_SUMM_0001_1.jpeg","ALGER_WHEEELBARROW_SUMM_0001_2.jpeg"
59070696,"L27154","152517931","ALLEGAN","EAGLE",17,"August",1954,NA,"August",NA,"medium","medium","medium","medium",NA,NA,18.592,3.048,NA,80.939,NA,25,NA,2,NA,2,NA,35,NA,NA,NA,NA,123,NA,NA,NA,NA,NA,NA,NA,NA,NA,NA,NA,"yes",5.334,9.144,NA,24.444,NA,6.778,NA,7.4,NA,6.9,0,0,NA,0,0,1,0,0,1,0,1,0,0,0,0,0,0,0,0,0,0,0,0,0,1,0,0,1,0,0,0,0,0,0,0,0,1,"crappies","ALLEGAN_EAGLE_SUMM_0001_1.jpeg","ALLEGAN_EAGLE_SUMM_0001_2.jpeg"
59070697,"L25002","152274838","ALLEGAN","ELY",24,"July",1937,24,"July",1937,"light","light","light","light",NA,NA,4.877,2.438,NA,7.285,NA,NA,NA,NA,NA,NA,NA,NA,NA,NA,NA,NA,10,60,NA,1.4,NA,NA,"no",NA,NA,"no outlet",NA,NA,NA,NA,NA,NA,25.2,NA,20.3,NA,7.2,NA,NA,NA,6,NA,0,1,0,0,0,1,0,0,0,0,0,0,0,0,0,0,0,0,0,0,1,0,0,0,0,0,0,0,0,0,0,0,0,0,"mud_pickerel; mud_minnow","ALLEGAN_ELY_SUMM_0001_1.jpeg","ALLEGAN_ELY_SUMM_0001_2.jpeg"
59070698,"L17356","152517451","ALLEGAN","GREEN",18,"August",1952,22,"August",1952,"medium","medium","medium","medium",NA,NA,21.03,2.133,2.438,125.051,NA,20,NA,2,NA,2,NA,150,NA,0,NA,NA,149,200,NA,NA,NA,NA,"no",NA,NA,"no",NA,NA,"yes",5.334,11.429,NA,25.556,NA,5.556,7.778,7.8,8.2,9.6,4.4,1,0,0,0,1,1,0,1,1,0,0,0,0,0,0,1,0,1,1,0,1,1,0,1,0,0,1,1,1,1,1,0,0,1,1,1,"warmouth_bass_green_sunfish; sand_shiner_golden_shiner_spotfin_shiner_common_shiner_hornyhead_chub_creek_chub_spotfin_shiner_bigmouth_shiner","ALLEGAN_GREEN_SUMM_0002_1.jpeg","ALLEGAN_GREEN_SUMM_0002_2.jpeg"
59070699,"L26889","152517718","ALLEGAN","JOHNLITTLE",27,"August",1953,27,"August",1953,"light","heavy","light","heavy",NA,NA,11.429,NA,NA,14.164,NA,NA,NA,0,NA,0,NA,8,NA,0,NA,NA,NA,NA,NA,NA,NA,NA,"no",NA,NA,"no",NA,NA,"yes",3.048,9.144,NA,25,NA,7.778,NA,6.6,4.9,NA,NA,NA,NA,0,0,0,0,0,1,0,0,0,0,0,0,0,0,0,0,0,0,0,0,0,1,0,0,0,1,0,0,0,0,0,0,0,1,NA,"ALLEGAN_JOHNLITTLE_SUMM_0002_1.jpeg","ALLEGAN_JOHNLITTLE_SUMM_0002_2.jpeg"
59070700,"L28748","152274849","ALLEGAN","LOWERSCOTT",7,"July",1952,10,"July",1952,"light","light","light","light",NA,NA,2.438,1.524,NA,52.61,NA,100,NA,1,NA,0,NA,75,NA,0,NA,NA,52,56,NA,NA,1.524,NA,"yes",NA,"yes","yes",NA,"blocks migration of fish into and out of lake","no",NA,NA,NA,26.111,NA,23.889,NA,7.7,8.5,NA,NA,NA,NA,0,0,1,1,0,1,0,0,0,0,1,0,0,0,0,0,1,0,0,1,1,1,0,0,1,1,0,0,0,0,0,0,1,1,"warmouth","ALLEGAN_LOWERSCOTT_SUMM_0001_1.jpeg","ALLEGAN_LOWERSCOTT_SUMM_0001_2.jpeg"
59070701,"L17356","152517451","ALLEGAN","GREEN",30,"July",1946,31,"July",1946,NA,NA,NA,NA,NA,NA,NA,NA,NA,121.408,NA,NA,NA,3,NA,NA,NA,NA,NA,NA,NA,NA,164,184,NA,NA,NA,NA,"no",NA,NA,"?",NA,NA,"yes",3.962,10.667,NA,25.667,NA,9.167,NA,9.6,NA,NA,NA,4.5,1.2,0,0,0,0,0,1,0,0,0,0,0,0,1,1,0,0,0,0,0,0,0,1,0,0,1,1,0,1,1,0,0,1,0,1,"bullheads_suckers; cisco","ALLEGAN_GREEN_SUMM_0001_1.jpeg","ALLEGAN_GREEN_SUMM_0001_2.jpeg"
59070702,"L26889","152517718","ALLEGAN","JOHNLITTLE",27,"August",1953,NA,"August",NA,"light","heavy","light","heavy",NA,NA,11.429,NA,NA,14.164,NA,NA,NA,0,NA,0,NA,8,NA,0,NA,NA,NA,NA,NA,NA,NA,NA,"no",NA,NA,"no",NA,NA,"yes",3.048,9.144,NA,25.444,NA,7.778,NA,6.6,4.9,NA,NA,NA,NA,0,0,0,0,0,1,0,0,0,0,0,0,0,0,0,0,0,0,0,0,0,1,0,0,0,1,0,0,0,0,0,0,0,1,NA,"ALLEGAN_JOHNLITTLE_SUMM_0001_1.jpeg","ALLEGAN_JOHNLITTLE_SUMM_0001_2.jpeg"
59070703,"L26289","152274853","ALLEGAN","SCOTTUPPER",9,"July",1952,15,"July",1952,"medium","medium","moderate","moderate",NA,NA,2.438,1.829,2.133,38.851,NA,100,NA,0,NA,1,NA,10,NA,0,NA,NA,55,56,NA,NA,0.61,NA,"yes",NA,"no","yes",NA,"none","no",NA,NA,NA,27.222,NA,26.667,NA,8.8,NA,NA,NA,NA,NA,0,0,1,1,0,1,0,0,0,0,1,0,0,0,0,0,0,0,0,1,1,1,0,0,1,1,0,0,0,0,0,1,1,1,"warmouth_bass","ALLEGAN_SCOTTUPPER_SUMM_0001_1.jpeg","ALLEGAN_SCOTTUPPER_SUMM_0001_2.jpeg"
59070704,"L27284","152517759","ALLEGAN","PIKE",14,"August",1950,NA,"August",NA,"light","light","light","light",NA,NA,15.849,NA,NA,30.352,NA,10,15,1,NA,0,NA,2,NA,0,NA,NA,NA,NA,NA,NA,NA,NA,NA,NA,NA,NA,NA,NA,"yes",4.572,7.62,NA,24.444,NA,7.222,NA,NA,NA,NA,NA,NA,NA,0,0,0,0,0,1,0,0,0,0,0,0,0,0,0,0,0,0,0,0,0,1,0,0,0,0,0,1,0,0,0,0,0,1,NA,"ALLEGAN_PIKE_SUMM_0001_1.jpeg","ALLEGAN_PIKE_SUMM_0001_2.jpeg"
59070705,"L23875","152517653","ALLEGAN","ROUND",28,"July",1937,NA,NA,NA,"light","light","light","light",NA,NA,1.524,1.524,NA,18.454,NA,NA,NA,NA,NA,NA,NA,NA,NA,NA,NA,NA,19,24,NA,1,NA,NA,NA,NA,NA,NA,NA,NA,NA,NA,NA,NA,22.2,NA,21.8,NA,NA,NA,NA,NA,NA,NA,0,0,1,1,1,1,1,0,0,0,0,0,0,0,0,0,0,0,0,0,0,1,0,0,1,1,0,1,0,0,0,0,0,1,NA,"ALLEGAN_ROUND_SUMM_0001_1.jpeg","ALLEGAN_ROUND_SUMM_0001_2.jpeg"
59070706,"L26289","152274853","ALLEGAN","SCOTTUPPER",13,"August",1953,13,"August",1953,"medium","light","medium","light",NA,NA,25.297,NA,NA,24.282,NA,10,NA,1,NA,0,NA,0,NA,0,NA,NA,148,NA,NA,NA,NA,NA,NA,NA,NA,NA,NA,NA,NA,4.572,9.753,NA,25.556,NA,7.222,NA,NA,NA,7.6,7.4,5.1,NA,0,0,0,0,0,1,0,0,0,0,0,0,0,0,0,0,0,0,0,0,0,1,0,0,0,0,0,0,0,0,0,0,0,1,NA,"ALLEGAN_SCOTTUPPER_SUMM_0002_1.jpeg","ALLEGAN_SCOTTUPPER_SUMM_0002_2.jpeg"
59070707,"L15160","152517621","ALLEGAN","SHAG",30,"August",1956,30,"August",1956,"light","light","light","light",NA,NA,7.924,NA,NA,16.188,NA,20,NA,1,NA,0,NA,0,NA,0,NA,NA,NA,NA,NA,NA,NA,NA,NA,NA,NA,NA,NA,NA,NA,3.81,6.096,NA,24.611,NA,9.667,NA,8.8,NA,8.8,NA,NA,NA,0,0,1,0,0,1,0,0,0,0,0,0,0,0,0,0,0,0,0,0,0,1,0,0,1,0,0,0,0,0,0,0,0,1,"crappie_and_largemouth_base","ALLEGAN_SHAG_SUMM_0001_1.jpeg","ALLEGAN_SHAG_SUMM_0001_2.jpeg"
59070708,"L27067","152517656","ALLEGAN","SWANCREEK",30,"June",1947,9,"July",1947,"heavy","none","heavy","none",NA,NA,3.353,NA,NA,NA,NA,100,NA,0,NA,0,NA,0,NA,0,NA,NA,131,132,NA,NA,3.657,NA,"yes",NA,"yes","at m89",NA,"stops fish from going upstream",NA,NA,NA,NA,20,24.444,18.611,18.889,7.2,8.4,NA,NA,NA,NA,0,0,0,0,0,1,0,0,0,0,0,0,1,0,0,0,1,0,0,0,1,1,0,0,1,1,0,0,0,0,0,1,0,0,"bullhead_warmouth_bass","ALLEGAN_SWANCREEK_SUMM_0001_1.jpeg","ALLEGAN_SWANCREEK_SUMM_0001_2.jpeg"
59070709,"L11374","122383153","ALPENA","NINTHSTREETDAM",26,"July",1950,11,"August",1950,"light","light","light","light",NA,NA,5.486,2.438,3.048,158.64,NA,98,NA,2,NA,2,NA,NA,NA,NA,NA,NA,139,141,NA,NA,5.044,NA,"yes",NA,"yes","9th street dam",NA,"prevents fish moving upstream","no",NA,NA,NA,21.111,NA,22.2,NA,7.2,NA,NA,NA,NA,NA,1,0,1,1,1,1,1,0,0,0,1,0,0,0,0,0,1,0,1,1,0,1,0,0,1,1,0,1,1,0,0,1,1,1,"iowa_darter_bluntnose_minnow_brown_bullhead_redhorse_yellow_bullhead_golden_shiner_johnny_darter_white_sucker_and_banded_killfish; redhorse","ALPENA_9THSTREETDAM_SUMM_0001_1.jpeg","ALPENA_9THSTREETDAM_SUMM_0001_2.jpeg"
59070710,"L27114","152274840","ALLEGAN","TOMLITTLE",26,"July",1937,NA,"July",NA,NA,NA,NA,NA,"yes","permitted",3.657,NA,NA,7.042,NA,NA,NA,NA,NA,NA,NA,NA,NA,NA,NA,NA,14,NA,NA,NA,NA,NA,"no",NA,NA,"no outlet",NA,NA,NA,NA,NA,NA,27.6,NA,22.2,NA,7.8,NA,NA,NA,0,NA,0,0,0,0,0,1,0,0,0,0,0,0,0,0,0,0,0,0,0,0,0,1,0,0,0,1,0,0,0,0,0,0,1,0,"mud_pickerel_warmouth_bass; mud_minnow","ALLEGAN_TOMLITTLE_SUMM_0001_1.jpeg","ALLEGAN_TOMLITTLE_SUMM_0001_2.jpeg"
59070711,"L10484","122383070","ALPENA","LONG",10,"June",1939,30,"June",1939,"heavy","medium","heavy","medium",NA,NA,7.62,5.486,NA,2287.333,NA,20,NA,25,NA,25,NA,228,NA,2,NA,NA,110,205,NA,2.4,0.457,NA,"yes",NA,"yes","yes",NA,"reduces downward migration; prevents movement of fish back to lake.","no",NA,NA,NA,16.667,23.889,17.8,18.3,5.4,6.6,NA,NA,8,8.1,0,0,0,1,1,1,1,0,0,0,0,0,0,1,1,1,0,0,1,1,0,1,0,0,1,1,0,1,1,0,1,1,0,1,"calico_bass_sunfish_esox_lucius_whitefish; straw_strawcolored_minnow_steel_steelcolored_shiner_lake_emerald_shiner","ALPENA_LONG_SUMM_0001_1.jpeg","ALPENA_LONG_SUMM_0001_2.jpeg"
59070712,"L27067","152517656","ALLEGAN","SWANCREEK",12,"July",1947,17,"July",1947,"heavy",NA,"heavy",NA,NA,NA,8.534,1.524,1.829,80.939,NA,85,NA,2,NA,0,NA,10,NA,0,NA,NA,123,127,NA,NA,3.048,NA,"yes",NA,"yes","at swan creek pond",NA,"stops fish from coming upstream from kalamazoo river.","yes",3.048,4.572,NA,25.556,27.778,13.6,NA,9,1.8,0,1.8,0,NA,0,0,1,0,0,1,0,1,0,0,0,0,0,0,0,0,1,0,0,0,0,1,0,0,1,0,0,0,0,0,0,1,0,1,NA,"ALLEGAN_SWANCREEK_SUMM_0002_1.jpeg","ALLEGAN_SWANCREEK_SUMM_0002_2.jpeg"
59070713,"L8769","113470293","ALPENA","SEVENMILE",3,"August",1950,10,"August",1950,"medium","light","medium","light",NA,NA,9.753,2.438,3.048,619.183,NA,98,NA,5,NA,5,NA,50,NA,0,NA,NA,153,154,NA,NA,11.277,NA,"yes",NA,"yes","7-mile mile dam",NA,"prevents fish moving upstream","no",NA,NA,NA,20,NA,19.7,NA,6.9,NA,NA,NA,6.9,NA,0,0,0,0,0,1,1,0,0,0,1,0,0,0,0,0,0,0,1,1,0,1,0,0,1,1,0,1,1,0,0,1,1,1,"logperch_spottail_shiner_blackside_darter_hornyhead_chub","ALPENA_SEVENMILE_SUMM_0001_1.jpeg","ALPENA_SEVENMILE_SUMM_0001_2.jpeg"
59070714,"L12376","155417455","ANTRIM","BASS",28,"January",1932,28,"January",1932,NA,NA,NA,NA,"permitted","permitted",8.382,NA,NA,50.182,NA,NA,NA,NA,NA,NA,NA,NA,NA,NA,NA,"none",NA,NA,NA,NA,NA,NA,NA,NA,NA,NA,NA,NA,NA,NA,NA,NA,NA,NA,NA,NA,NA,NA,NA,NA,NA,NA,0,0,0,0,0,1,1,0,0,0,0,0,0,0,0,0,0,0,1,1,0,0,0,0,1,0,0,1,1,0,0,0,0,1,NA,"ANTRIM_BASS_SUMM_0001_1.jpeg","ANTRIM_BASS_SUMM_0001_2.jpeg"
59070715,"L10263","155417444","ANTRIM","BIRCH",28,"January",1932,NA,"January",NA,NA,NA,NA,NA,"permitted","permitted",16.154,NA,NA,178.47,NA,NA,NA,NA,NA,NA,NA,NA,NA,NA,NA,"little. a few cottages on east shore.",NA,NA,NA,NA,NA,NA,NA,NA,NA,"--","--",NA,NA,NA,NA,NA,NA,NA,NA,NA,NA,NA,NA,NA,NA,NA,1,1,0,0,0,1,1,0,0,0,1,0,0,0,0,1,0,0,0,1,0,1,0,0,1,1,0,1,1,0,0,0,0,1,"sunfish; strawcolored_shiner_strawcoloured_shiners","ANTRIM_BIRCH_SUMM_0001_1.jpeg","ANTRIM_BIRCH_SUMM_0001_2.jpeg"
59070716,NA,NA,"ANTRIM","CENTRAL",23,"January",1932,NA,"January",NA,NA,NA,NA,NA,"permitted","permitted",24.078,NA,NA,613.112,NA,NA,NA,NA,NA,NA,NA,NA,NA,NA,NA,"moderate. between 35 and 50 summer homes, several hotels and the town of central lake * along the shore.",NA,NA,NA,NA,3.657,NA,"yes",NA,NA,"yes","not examined",NA,NA,NA,NA,NA,21.111,NA,11.111,11.111,NA,NA,NA,NA,NA,NA,0,0,0,0,0,1,1,0,0,0,0,0,0,1,0,0,0,0,1,1,0,1,0,0,1,1,0,1,1,0,1,1,0,1,"grass_pike_smallmouth_bass_sunfish; log_perch_muddlers; gar_pike","ANTRIM_CENTRAL_SUMM_0001_1.jpeg","ANTRIM_CENTRAL_SUMM_0001_2.jpeg"
59070717,"L4175","155417449","ANTRIM","CLAM",28,"July",1958,7,"August",1958,"medium","medium","medium","medium",NA,NA,8.839,2.438,3.048,169.972,NA,90,NA,0,NA,0,NA,100,NA,0,NA,NA,134,146,NA,NA,3.048,NA,"yes",NA,"yes","dam at elk rapids",NA,"prevents movement of fish & lampreys from lake michigan","no",NA,NA,NA,21.111,22.222,20.556,22.222,5.9,7.8,NA,NA,5.9,3.9,1,0,0,1,1,1,1,0,0,0,1,0,0,0,0,1,0,0,1,1,0,1,1,0,1,1,0,1,1,0,0,1,1,1,"sand_shiner_midminnow_minnow_log_logperch","ANTRIM_CLAM_SUMM_0001_1.jpeg","ANTRIM_CLAM_SUMM_0001_2.jpeg"
59070718,"L3190","155417427","ANTRIM","BELLAIRE",24,"July",1957,5,"August",1957,"light","light","light","light",NA,NA,29.564,3.353,4.267,0.405,NA,25,NA,3,NA,5,NA,150,NA,2,NA,NA,144,136,NA,NA,3.048,NA,"yes",NA,"yes","at elk rapids",NA,"stops fish movements.",NA,7.62,10.667,NA,23.333,21.389,5,5,9.6,8.4,8.2,7.3,8.8,5.3,1,0,0,0,1,1,1,0,0,0,0,0,0,1,0,1,0,0,1,1,0,1,1,0,1,1,0,1,1,0,1,1,0,1,"lake_trout_smelt_longear_sunfish; sand_shiner_logperch_perch","ANTRIM_BELLAIRE_SUMM_0001_1.jpeg","ANTRIM_BELLAIRE_SUMM_0001_2.jpeg"
59070719,"L12689","155417373","ANTRIM","BENWAY",1,"July",1957,18,"July",1957,"medium","light","medium","light",NA,NA,12.801,3.962,4.572,53.015,NA,35,NA,2,NA,2,NA,50,NA,0,NA,NA,162,200,NA,NA,4.877,NA,"yes",NA,"yes","at bellaire",NA,"stops fish movement from bellaire lake.",NA,4.572,6.096,NA,25.556,NA,7.778,NA,8.6,NA,8,1.7,0.2,0,0,1,1,0,1,1,1,0,0,0,0,0,0,0,0,1,0,0,1,1,0,1,1,0,1,1,0,1,1,0,1,0,1,1,"crappie_longear_sunfish","ANTRIM_BENWAY_SUMM_0001_1.jpeg","ANTRIM_BENWAY_SUMM_0001_2.jpeg"
59070720,"L7499","155417358","ANTRIM","ELLSWORTH",8,"July",1957,19,"July",1957,"medium","light","medium","light",NA,NA,12.801,3.657,4.572,48.563,NA,35,NA,1,NA,0,NA,16,NA,0,NA,NA,165,182,NA,NA,4.877,NA,"yes",NA,"yes","at bellaire",NA,"stops fish movements upstream.",NA,4.572,7.62,NA,24.444,NA,11.389,7.222,8.2,NA,5,0,0,NA,0,0,1,0,0,1,1,0,0,0,1,0,0,0,0,0,0,0,0,1,0,1,1,0,1,1,0,1,0,0,0,1,1,1,"longear_sunfish; creek_chub","ANTRIM_ELLSWORTH_SUMM_0001_1.jpeg","ANTRIM_ELLSWORTH_SUMM_0001_2.jpeg"
59070721,"L13358","155417475","ANTRIM","GREEN",30,"August",1942,NA,"August",NA,"light","none","light","none",NA,NA,16.763,6.705,NA,12.141,NA,NA,NA,0,NA,0,NA,0,NA,0,NA,NA,163,NA,NA,NA,NA,NA,"no",NA,"no","none",NA,"connecting rivulet passable to fish","yes",7.315,11.887,NA,21.9,NA,8.7,NA,9.12,9.6,NA,NA,NA,NA,0,0,0,0,0,1,1,0,0,0,0,0,0,0,0,0,0,0,0,0,0,0,0,0,0,0,0,1,1,0,0,0,0,0,NA,"ANTRIM_GREEN_SUMM_0001_1.jpeg","ANTRIM_GREEN_SUMM_0001_2.jpeg"
59070722,"L4175","155417449","ANTRIM","CLAM",13,"January",1932,NA,"January",NA,NA,NA,NA,NA,"permitted","permitted",8.839,NA,NA,172.805,NA,NA,NA,NA,NA,NA,NA,NA,NA,NA,NA,"fairly extensive. a dozen or more summer homes and a boat repair shop are found here. a*",NA,NA,NA,NA,NA,NA,"no",NA,NA,"none above elk rapids","--",NA,NA,NA,NA,NA,22.222,NA,NA,NA,NA,NA,NA,NA,NA,NA,1,0,0,0,1,1,1,0,0,0,1,0,0,0,0,1,0,0,1,1,0,1,1,0,1,1,0,1,1,0,0,1,0,1,"sunfish_sunfish_eared_sunfish; strawcolored_minnows_log_perch_muddlers_spottailed_minnows","ANTRIM_CLAM_SUMM_0007_1.jpeg","ANTRIM_CLAM_SUMM_0007_2.jpeg"
59070723,"L179","155417384","ANTRIM","HANLEY",1,"July",1957,17,"July",1957,"medium","light","medium","light",NA,NA,8.229,3.048,3.657,37.637,NA,80,NA,1,NA,1,NA,15,NA,0,NA,NA,185,190,NA,NA,4.877,NA,"yes",NA,"yes","at bellaire",NA,"stops fish movement upstream.",NA,3.657,7.01,NA,22.222,NA,10,NA,8.4,NA,7.7,1.6,NA,NA,0,1,1,1,0,1,1,0,0,0,1,0,0,0,0,1,0,0,0,1,0,1,1,0,1,1,0,1,0,0,1,1,1,1,"longear_sunfish","ANTRIM_HANLEY_SUMM_0001_1.jpeg","ANTRIM_HANLEY_SUMM_0001_2.jpeg"
59070724,"L9145","155417412","ANTRIM","INTERMEDIATE",24,"June",1957,22,"July",1957,"medium","light","medium","light",NA,NA,24.992,2.438,3.962,613.112,NA,35,NA,1,NA,25,NA,225,NA,1,NA,NA,157,174,NA,NA,4.877,NA,"yes",NA,"yes","at bellaire, michigan",NA,"stops fish movements upstream",NA,7.62,10.667,NA,20,25,7.778,10,7.5,9.6,5.5,5.9,4.1,1.2,0,0,1,0,0,1,1,0,0,0,0,0,0,1,0,1,0,0,1,1,0,0,1,0,1,0,0,1,1,0,1,1,0,1,"longear_sunfish; sand_shiner_logperch_perch","ANTRIM_INTERMEDIATE_SUMM_0001_1.jpeg","ANTRIM_INTERMEDIATE_SUMM_0001_2.jpeg"
59070725,"L10062","155417452","ANTRIM","LAKEOFTHEWOODS",2,"February",1932,2,"February",1932,NA,NA,NA,NA,"permitted","permitted",4.115,NA,NA,74.868,NA,NA,NA,NA,NA,NA,NA,NA,NA,NA,NA,"none",NA,NA,NA,NA,NA,NA,NA,NA,NA,NA,NA,NA,NA,NA,NA,NA,NA,NA,NA,NA,NA,NA,NA,NA,NA,NA,0,0,0,0,0,0,1,0,0,0,0,1,0,0,0,1,0,0,0,0,0,0,0,0,0,1,0,1,1,0,0,1,0,1,"rock_sunfish; strawcolored_colored_shiners; common_suckers","ANTRIM_LAKEOFTHEWOODS_SUMM_0001_1.jpeg","ANTRIM_LAKEOFTHEWOODS_SUMM_0001_2.jpeg"
59070726,"L6664","155417439","ANTRIM","MAPLEHURST",27,"January",1932,NA,"January",NA,NA,NA,NA,NA,"permitted","permitted",4.572,NA,NA,25.9,NA,NA,NA,NA,NA,NA,NA,NA,NA,NA,NA,"on summer estate bordering torch lake",NA,NA,NA,NA,NA,NA,NA,NA,NA,"-","-",NA,NA,NA,NA,NA,NA,NA,NA,NA,NA,NA,NA,NA,NA,NA,0,0,0,0,0,0,0,0,0,0,0,0,0,0,0,0,0,0,0,0,0,1,0,0,0,0,0,0,0,0,0,0,0,1,NA,"ANTRIM_MAPLEHURST_SUMM_0001_1.jpeg","ANTRIM_MAPLEHURST_SUMM_0001_2.jpeg"
59070727,"L4525","155417417","ANTRIM","MUD",26,"January",1932,26,"January",1932,NA,NA,NA,NA,"-",NA,NA,NA,NA,26.71,NA,NA,NA,NA,NA,NA,NA,NA,NA,NA,NA,"none",NA,NA,NA,NA,NA,NA,"no",NA,NA,"no","-",NA,NA,NA,NA,NA,NA,NA,NA,NA,NA,NA,NA,NA,NA,NA,0,0,0,0,0,0,0,0,0,0,0,0,0,0,0,0,0,0,0,0,0,0,0,0,0,0,0,0,0,0,0,0,0,0,"sunfish","ANTRIM_MUD30N9WS24-25_SUMM_0001_1.jpeg","ANTRIM_MUD30N9WS24-25_SUMM_0001_2.jpeg"
59070728,"L5784","155417513","ANTRIM","SKEGEMOG",NA,"August",1956,NA,"August",NA,"heavy","heavy","heavy","heavy",NA,NA,8.839,3.657,4.267,1036.423,NA,75,NA,1,NA,3,NA,35,NA,0,NA,NA,130,142,NA,NA,3.048,NA,"yes",NA,"yes","at elk rapids - 2 dams",NA,"stops fish movements","no",NA,NA,NA,20.889,23.833,19.111,21.389,8.3,9.8,NA,NA,8.1,9.1,0,1,0,1,1,1,1,0,0,0,0,0,0,0,0,1,1,0,1,1,0,1,1,0,1,1,0,1,1,0,0,1,0,1,"muskellunge; rosyface_shiner_logperch","ANTRIM_SKEGEMOG_SUMM_0001_1.jpeg","ANTRIM_SKEGEMOG_SUMM_0001_2.jpeg"
59070729,"L9804","155417371","ANTRIM","SIXMILE",19,"June",1951,23,"June",1951,"medium",NA,"medium",NA,NA,NA,9.448,3.048,NA,164.711,NA,90,NA,2,NA,NA,NA,20,NA,0,NA,NA,155,150,NA,NA,NA,NA,"no",NA,NA,"no",NA,NA,NA,5.334,6.096,NA,21.667,NA,16.111,NA,7.6,6.9,NA,NA,2.3,0.4,0,1,1,0,0,1,1,0,0,0,0,0,0,0,0,1,0,0,0,1,0,1,0,0,1,1,0,0,0,0,0,1,0,1,"crappie_muskellunge_longear_sunfish","ANTRIM_SIXMILE_SUMM_0001_1.jpeg","ANTRIM_SIXMILE_SUMM_0001_2.jpeg"
59070730,"L5784","155417513","ANTRIM","SKEGEMOG",12,"January",1932,NA,NA,NA,NA,NA,NA,NA,"permitted","permitted",8.8,NA,NA,1036.423,NA,NA,NA,NA,NA,NA,NA,NA,NA,NA,NA,"a few cottages. not nearly so extensive as on adjoining lakes.",NA,NA,NA,NA,NA,NA,"see elk lake report",NA,NA,"see elk lake report","--",NA,NA,NA,NA,NA,22.222,NA,NA,NA,NA,NA,NA,NA,NA,NA,0,0,0,0,0,1,1,0,0,0,0,0,0,0,0,1,0,0,0,1,0,1,1,0,1,1,0,1,1,0,0,1,0,1,"grass_pike_sunfish; rosyfronted_minnows_strawcolored_shiners_logperch_perch","ANTRIM_SKEGEMOG_SUMM_0013_1.jpeg","ANTRIM_SKEGEMOG_SUMM_0013_2.jpeg"
59070731,"L10591","155417348","ANTRIM","STCLAIR",12,"July",1957,19,"July",1957,"medium","light","medium","light",NA,NA,9.753,NA,NA,25.9,NA,60,NA,2,NA,2,NA,22,NA,1,NA,NA,160,157,NA,NA,4.877,NA,"yes",NA,"yes","at bellaire",NA,"stops fish movement upstream",NA,4.572,6.096,NA,25.556,NA,8.889,NA,9.2,NA,7.9,3.4,3.6,0.3,0,1,1,1,0,1,1,0,0,0,0,0,0,0,0,0,0,0,1,1,0,1,1,1,1,1,0,1,0,0,0,1,1,1,"longear_sunfish_green_sunfish; logperch_creek_chub","ANTRIM_STCLAIR_SUMM_0001_1.jpeg","ANTRIM_STCLAIR_SUMM_0001_2.jpeg"
59070732,"L5313","155417446","ANTRIM","THAYER",2,"February",1932,2,"February",1932,NA,NA,NA,NA,"permitted","permitted",5.486,NA,NA,39.255,NA,NA,NA,NA,NA,NA,NA,NA,NA,NA,NA,"none on lake. considerable on torch lake nearby.",NA,NA,NA,NA,NA,NA,NA,NA,NA,NA,NA,NA,NA,NA,NA,NA,NA,NA,NA,NA,NA,NA,NA,NA,NA,NA,0,0,0,0,0,1,1,0,0,0,0,0,0,0,0,1,0,0,1,0,0,0,0,0,0,0,0,0,1,0,1,1,0,1,"rosyfronted_fronted_minnow","ANTRIM_THAYER_SUMM_0001_1.jpeg","ANTRIM_THAYER_SUMM_0001_2.jpeg"
59070733,"L41461","110734081","BARAGA","ALICE",23,"July",1952,24,"July",1952,"light","none","light","none",NA,NA,NA,5.12,5.334,NA,NA,NA,NA,0,NA,0,NA,0,NA,0,NA,NA,18,NA,NA,NA,NA,NA,"no",NA,NA,"no",NA,NA,NA,3.657,9.144,NA,21.2,NA,5.3,NA,5.6,5.8,2,5.5,2,NA,0,0,0,0,0,0,0,0,0,0,0,0,0,0,0,0,0,0,0,0,0,0,0,0,0,0,0,0,0,0,0,0,0,1,NA,"BARAGA_ALICE_SUMM_0001_1.jpeg","BARAGA_ALICE_SUMM_0001_2.jpeg"
59070734,"L9685","155417478","ANTRIM","TORCH",NA,"July",1958,NA,"August",1958,"light","light","light","light",NA,NA,86.864,6.705,7.01,7596.115,NA,10,NA,4,NA,4,NA,700,NA,2,NA,NA,133,142,NA,NA,3.048,NA,"yes",NA,"yes","at elk rapids",NA,"prevents fish and lamprey movement from lake michigan.",NA,7.62,15.239,NA,18.333,21.667,5,NA,7.4,7.6,7.6,9.2,9.7,8.4,0,0,0,0,0,0,1,0,1,0,0,1,0,1,0,1,0,0,0,1,0,1,1,0,1,0,1,1,1,0,0,1,0,1,"lake_trout_whitefish; sand_shiner_rosyface_shiner_logperch_perch_mottled_sculpin_longnose_dace_redbelly_dace_brook_stickleback","ANTRIM_TORCH_SUMM_0001_1.jpeg","ANTRIM_TORCH_SUMM_0001_2.jpeg"
59070735,"L40130","105233579","BARAGA","ALBERTA",NA,"July",1957,NA,"July",1957,"heavy","none","heavy","none",NA,NA,NA,NA,NA,6.07,NA,NA,NA,0,NA,0,NA,0,NA,0,NA,NA,NA,NA,NA,NA,NA,NA,"yes",NA,"no","earth fill approx 300' x 5' 5 feet",NA,"no passage possible",NA,NA,NA,NA,NA,NA,NA,NA,NA,NA,NA,NA,NA,NA,0,0,0,0,0,0,0,0,0,1,0,0,0,0,0,0,0,0,0,0,0,0,0,0,0,0,1,0,0,0,0,1,0,0,NA,"BARAGA_ALBERTA_SUMM_0001_1.jpeg","BARAGA_ALBERTA_SUMM_0001_2.jpeg"
59070736,"L1295","155417369","ANTRIM","WILSON",8,"July",1957,18,"July",1957,"medium","light","medium","light",NA,NA,14.325,4.267,4.877,42.898,NA,35,NA,1,NA,0,NA,20,NA,0,NA,NA,165,190,NA,NA,4.877,NA,"yes",NA,"yes","at bellaire",NA,"stops fish movements upstream.",NA,5.181,10.667,NA,25.556,NA,6.111,NA,9.4,NA,6.3,0,0,NA,0,0,1,0,0,1,1,0,0,0,1,0,0,0,0,0,0,0,1,1,0,1,1,0,1,1,0,1,0,0,1,1,1,1,"muskelunge_green_sunfish_longear_sunfish; creek_chub","ANTRIM_WILSON_SUMM_0001_1.jpeg","ANTRIM_WILSON_SUMM_0001_2.jpeg"
59070737,"L33843","110734727","BARAGA","BASS",18,"August",1953,23,"August",1953,"light",NA,"light",NA,NA,NA,8.839,2.591,NA,7.285,NA,60,NA,0,NA,0,NA,0,NA,0,NA,NA,13,28,NA,NA,NA,NA,"no",NA,NA,"no",NA,NA,NA,NA,NA,NA,19.444,20.556,NA,NA,NA,NA,NA,NA,NA,NA,0,0,0,0,0,1,0,0,0,0,0,0,0,0,0,0,0,0,0,0,0,1,0,0,0,0,0,0,0,0,0,1,0,1,NA,"BARAGA_BASS_SUMM_0001_1.jpeg","BARAGA_BASS_SUMM_0001_2.jpeg"
59070738,"L38128","110734709","BARAGA","BEAUFORT",12,"August",1953,24,"August",1953,"medium","none","medium","none",NA,NA,10.667,3.048,NA,171.995,NA,50,NA,0,NA,0,NA,9,NA,0,NA,NA,11,20,NA,NA,NA,NA,"no",NA,"no","none, but road culvert",NA,"none",NA,7.315,9.144,NA,22.778,23.333,17.778,16.111,7.9,6.3,4.8,0.2,NA,NA,0,0,0,0,0,0,0,0,0,0,0,0,0,0,0,0,1,0,0,0,0,1,0,0,1,0,0,1,1,0,1,1,0,1,"sculpin","BARAGA_BEAUFORT_SUMM_0001_1.jpeg","BARAGA_BEAUFORT_SUMM_0001_2.jpeg"
59070739,"L42381","105232125","BARAGA","BELLA",6,"September",1952,6,"September",1952,"medium","none","medium","none",NA,NA,3.962,1.981,2.286,26.305,NA,NA,NA,0,NA,0,NA,3,NA,0,NA,NA,22,NA,NA,NA,0.914,NA,"yes",NA,"yes","beaver dam, recently repaired.",NA,"probably impassible.","no",NA,NA,NA,17.778,NA,18.889,NA,5.8,6.2,NA,NA,NA,NA,0,0,1,0,0,1,0,0,0,0,0,0,0,0,0,0,0,0,0,0,0,1,0,0,0,1,0,0,0,0,0,0,0,1,"mudminnow","BARAGA_BELLA_SUMM_0001_1.jpeg","BARAGA_BELLA_SUMM_0001_2.jpeg"
59070740,NA,NA,"BARAGA","BOULDER",18,"July",1952,18,"July",1952,"light","none","light","none",NA,NA,6.705,NA,NA,36.423,NA,NA,NA,0,NA,0,NA,0,NA,0,NA,NA,9,NA,NA,NA,0.305,NA,"yes",NA,"no","beaver",NA,"none",NA,3.353,6.096,NA,22,NA,9,NA,5.6,NA,4.18,0,NA,NA,0,0,0,0,0,0,0,0,0,0,0,0,0,0,0,0,1,0,0,0,0,0,0,0,0,0,0,0,0,0,0,0,0,1,NA,"BARAGA_BOULDER_SUMM_0001_1.jpeg","BARAGA_BOULDER_SUMM_0001_2.jpeg"
59070741,"L38811","117626885","BARAGA","BIG",6,"July",1953,NA,"July",NA,"medium","none","medium","none",NA,NA,NA,NA,NA,60.704,NA,100,NA,NA,NA,NA,NA,6,NA,NA,NA,NA,NA,NA,NA,NA,NA,NA,"no",NA,NA,"none",NA,NA,NA,NA,NA,NA,19.6,NA,19.8,NA,NA,NA,NA,NA,NA,NA,0,0,0,0,0,0,0,0,0,0,0,0,0,0,0,0,0,0,0,0,0,1,0,0,0,0,0,0,0,0,1,0,0,1,NA,"BARAGA_BIG_SUMM_0001_1.jpeg","BARAGA_BIG_SUMM_0001_2.jpeg"
59070742,"L37178","110734397","BARAGA","CLAIRE",16,"August",1952,17,"August",1952,"none","none","none","none",NA,NA,11.582,2.743,NA,32.376,NA,30,NA,0,NA,0,NA,0,NA,0,NA,NA,7,NA,NA,NA,NA,NA,"no",NA,NA,"no",NA,NA,"yes",2.286,7.315,NA,22,NA,6.1,NA,6,NA,NA,NA,0,NA,0,0,0,0,0,0,0,0,0,0,0,0,0,0,0,0,0,0,0,0,0,0,0,1,0,0,0,0,0,0,0,1,0,1,NA,"BARAGA_CLAIRE_SUMM_0001_1.jpeg","BARAGA_CLAIRE_SUMM_0001_2.jpeg"
59070743,"L41019","105233591","BARAGA","BURNS",5,"July",1954,NA,"July",NA,"light","light","light","light",NA,NA,NA,NA,NA,4.047,NA,NA,NA,0,NA,0,NA,0,NA,0,NA,NA,NA,NA,NA,NA,NA,NA,"no",NA,NA,"none",NA,NA,NA,NA,NA,NA,NA,NA,NA,NA,NA,NA,NA,NA,NA,NA,0,0,0,0,0,1,0,0,0,0,0,0,0,0,0,0,0,0,0,0,0,1,0,0,0,0,0,0,0,0,0,0,0,0,NA,"BARAGA_BURNS_SUMM_0001_1.jpeg","BARAGA_BURNS_SUMM_0001_2.jpeg"
59070744,"L41252","110734101","BARAGA","CHARLES",24,"July",1952,24,"July",1952,"light",NA,"light",NA,NA,NA,NA,NA,NA,NA,NA,NA,NA,0,NA,0,NA,0,NA,0,NA,NA,NA,NA,NA,NA,NA,NA,"no",NA,NA,"no",NA,NA,NA,NA,NA,NA,NA,NA,NA,NA,NA,NA,NA,NA,NA,NA,0,0,0,0,0,0,0,0,0,1,0,0,0,0,0,0,0,0,0,0,0,0,0,0,0,0,0,0,0,0,0,1,0,1,NA,"BARAGA_CHARLES_SUMM_0001_1.jpeg","BARAGA_CHARLES_SUMM_0001_2.jpeg"
59070745,"L33378","110734679","BARAGA","COON",21,"August",1953,25,"August",1953,"light","none","light","none",NA,NA,13.715,3.505,NA,50.992,NA,60,NA,0,NA,0,NA,0,NA,0,NA,NA,10,25,NA,NA,NA,NA,"no",NA,NA,"none",NA,NA,"yes",3.048,7.62,NA,22.5,NA,8.611,NA,7.6,NA,NA,NA,0,NA,0,0,0,0,0,1,1,0,0,0,0,0,0,0,0,0,0,0,0,1,0,1,0,0,1,0,0,0,1,0,0,1,0,1,NA,"BARAGA_COON_SUMM_0001_1.jpeg","BARAGA_COON_SUMM_0001_2.jpeg"
59070746,"L39575","110734465","BARAGA","CRAIG",27,"July",1950,28,"July",1950,"light",NA,"light",NA,NA,NA,7.924,1.219,NA,129.502,NA,NA,NA,NA,NA,NA,NA,1,NA,NA,NA,NA,10,NA,NA,NA,NA,NA,NA,NA,NA,NA,NA,NA,NA,2.286,3.81,NA,24.4,NA,13.4,NA,8.1,8.1,7.5,5.5,5.3,0,0,0,0,0,0,0,0,0,0,0,0,0,0,0,0,1,0,0,1,0,0,0,0,0,0,1,0,0,0,0,0,1,0,1,"sand_shiner","BARAGA_CRAIG_SUMM_0001_1.jpeg","BARAGA_CRAIG_SUMM_0001_2.jpeg"
59070747,"L39575","110734465","BARAGA","CRAIG",29,"July",1937,29,"July",1937,NA,NA,NA,NA,"yes","permitted",8.229,0.914,NA,129.502,NA,NA,NA,NA,NA,NA,NA,NA,NA,NA,NA,NA,12,30,NA,NA,NA,NA,"no","yes",NA,"broken logging dam","yes",NA,NA,NA,NA,NA,19.5,NA,12.6,NA,NA,NA,4.1,NA,NA,NA,0,0,0,0,0,0,1,0,0,0,0,0,0,0,0,0,1,0,1,0,0,0,0,0,0,0,0,0,0,0,0,1,0,1,"common_sunfish_bluntnosedgolden_shiner_senotilus_atromaculatus_shiner_iowa_darter_stickleback_fine_scaled_dace_chosomus_eos_rhinichthys_c_cataractae; semotilus_atromaculatus_shiner_n_ncornutus_stickleback_fine_scaled_dace_chrosomus_eos_rhinichtys_c_ccataractae; a_anebulosus","BARAGA_CRAIG_SUMM_0002_1.jpeg","BARAGA_CRAIG_SUMM_0002_2.jpeg"
59070748,"L37423","110734475","BARAGA","CROOKED",28,"July",1950,29,"July",1950,"light",NA,"light",NA,NA,NA,9.144,1.219,NA,64.751,NA,NA,NA,0,NA,0,NA,0,NA,0,NA,NA,8,NA,NA,NA,NA,NA,NA,NA,NA,NA,NA,NA,NA,3.048,6.096,NA,24.5,NA,7.9,NA,7.9,NA,7.4,0,0,NA,0,0,0,0,0,0,0,0,0,0,0,0,0,0,0,0,0,0,0,0,0,0,0,0,0,1,0,0,0,0,0,1,0,1,NA,"BARAGA_CROOKED_SUMM_0001_1.jpeg","BARAGA_CROOKED_SUMM_0001_2.jpeg"
59070749,"L42356","110734931","BARAGA","FENCE",20,"July",1937,20,"July",1937,NA,NA,NA,NA,"yes","permitted",18.897,5.486,NA,125.455,NA,NA,NA,NA,NA,NA,NA,NA,NA,NA,NA,"no",43,53,NA,NA,NA,NA,"no",NA,NA,"no (old beaver dam)",NA,NA,NA,NA,NA,NA,22.3,NA,7.8,NA,NA,NA,NA,NA,3.4,NA,0,0,0,0,0,1,1,0,0,0,0,0,0,0,0,0,0,0,0,0,0,1,0,0,0,0,0,0,1,0,0,1,0,1,"sunfish_g_sunfish; darters_blunt_nosed","BARAGA_FENCE_SUMM_0002_1.jpeg","BARAGA_FENCE_SUMM_0002_2.jpeg"
59070750,"L37423","110734475","BARAGA","CROOKED",15,"June",1970,19,"June",1970,"light","none","light","none",NA,NA,9.144,2.438,NA,66.775,NA,NA,NA,0,NA,0,NA,0,NA,0,NA,NA,17.1,NA,NA,3.28,NA,NA,"no",NA,NA,"no",NA,NA,"yes",1.829,6.4,NA,22.222,NA,4.444,NA,9,NA,7,5,4,2,0,0,0,0,0,0,0,0,0,0,0,0,0,0,0,1,0,0,0,0,0,1,0,0,0,1,0,0,1,0,0,1,0,1,"green_sunfish_p_seed_x_green_sunfish; creek_chubs","BARAGA_CROOKED_SUMM_0002_1.jpeg","BARAGA_CROOKED_SUMM_0002_2.jpeg"
59070751,"L40568","110734509","BARAGA","EDNA",29,"August",1942,30,"August",1942,"light","none","verylight","none",NA,NA,6.096,0.762,NA,1.781,NA,78,NA,0,NA,0,NA,3,NA,0,NA,NA,15,NA,NA,1.2,NA,NA,"no",NA,"yes","none except screen",NA,"screen in culvert blocks movement","yes",1.524,3.048,NA,20.556,NA,6.389,NA,4.8,NA,NA,NA,0,NA,0,0,0,0,0,0,0,0,0,0,0,0,0,0,0,0,0,0,0,0,0,0,0,0,1,0,0,0,0,0,0,0,0,0,"minnow","BARAGA_EDNA_SUMM_0001_1.jpeg","BARAGA_EDNA_SUMM_0001_2.jpeg"
59070752,"L42356","110734931","BARAGA","FENCE",25,"May",1970,28,"May",1970,"light",NA,"light",NA,NA,NA,18.897,NA,NA,125.455,NA,NA,NA,0,NA,0,NA,0,NA,0,NA,NA,NA,NA,NA,NA,3.048,NA,"yes",NA,"yes","rock filter dam",NA,"restricts fish movement in or out of fence lake",NA,NA,NA,NA,10,NA,NA,NA,NA,NA,NA,NA,NA,NA,0,0,0,0,0,0,0,0,0,0,0,0,0,0,0,1,0,0,0,0,0,0,0,0,0,0,1,0,1,0,0,1,0,1,"creek_chub_darters","BARAGA_FENCE_SUMM_0001_1.jpeg","BARAGA_FENCE_SUMM_0001_2.jpeg"
59070753,NA,NA,"BARAGA","ENGMANS",13,"August",1962,14,"August",1962,"none","none","none","none",NA,NA,3.353,1.219,1.524,2.023,NA,100,NA,0,NA,0,NA,0,NA,0,NA,NA,NA,NA,NA,NA,NA,NA,NA,NA,NA,NA,NA,NA,NA,NA,NA,NA,NA,NA,NA,NA,NA,NA,NA,NA,NA,NA,0,0,0,0,0,0,0,0,0,0,0,1,0,0,0,0,0,0,0,0,0,0,0,0,0,0,0,0,0,0,0,0,0,0,NA,"BARAGA_ENGMANS_SUMM_0001_1.jpeg","BARAGA_ENGMANS_SUMM_0001_2.jpeg"
59070754,"L41898","110734367","BARAGA","JIMS",15,"August",1952,16,"August",1952,"none","none","none","none",NA,NA,6.4,2.438,NA,12.141,NA,70,NA,0,NA,0,NA,0,NA,0,NA,NA,5,NA,NA,NA,0.61,NA,"yes",NA,"yes","beaver dam",NA,"probably prevents migration except in high water","yes",0.914,6.4,NA,22,NA,9.2,NA,4.6,NA,NA,NA,0,NA,0,0,0,0,0,0,0,0,0,0,0,0,0,0,0,1,0,0,0,0,0,0,0,0,0,0,0,0,0,0,0,1,0,0,"green_sunfish; creek_chub","BARAGA_JIMS_SUMM_0001_1.jpeg","BARAGA_JIMS_SUMM_0001_2.jpeg"
59070755,"L36665","110734683","BARAGA","GEORGE",2,"July",1956,11,"July",1956,"medium",NA,"medium",NA,NA,NA,12.191,2.438,NA,64.751,NA,60,NA,0,NA,0,NA,40,NA,0,NA,NA,10,27,NA,NA,NA,NA,"no",NA,NA,"none",NA,NA,NA,3.657,5.486,NA,17.222,21.111,13.167,NA,7.1,NA,5.2,6.7,4.7,NA,0,0,0,0,0,0,0,0,0,0,0,0,0,0,0,0,0,0,0,0,0,0,0,0,1,0,0,1,1,0,1,1,0,1,"burbot","BARAGA_GEORGE_SUMM_0001_1.jpeg","BARAGA_GEORGE_SUMM_0001_2.jpeg"
59070756,"L37113","110734399","BARAGA","HIGHLIFE",13,"August",1952,15,"August",1952,"none","none","none","none",NA,NA,6.096,1.676,NA,20.235,NA,80,85,0,NA,0,NA,0,NA,0,NA,NA,6,NA,NA,2.5,0.457,NA,"yes",NA,"yes","beaver dam",NA,"probably prevents migration except during high water",NA,2.743,6.096,"yes",20,NA,NA,NA,4.8,4,4,0,NA,NA,0,0,0,0,0,0,0,0,0,0,0,0,0,0,0,0,0,0,0,0,0,0,0,0,0,0,0,0,0,0,0,0,0,0,NA,"BARAGA_HIGHLIFE_SUMM_0001_1.jpeg","BARAGA_HIGHLIFE_SUMM_0001_2.jpeg"
59070757,"L42724","110734477","BARAGA","KEEWAYDIN",12,"August",1937,NA,"August",NA,NA,NA,NA,NA,"yes","permitted",7.315,2.743,NA,61.109,NA,NA,NA,NA,NA,NA,NA,NA,NA,NA,NA,NA,9,17,NA,NA,NA,NA,"yes",NA,NA,"yes",NA,NA,NA,NA,NA,NA,23.9,NA,13.3,13.3,6.9,NA,NA,NA,0.8,NA,0,0,0,0,1,0,0,0,0,0,0,0,0,0,0,1,1,0,1,0,0,0,0,0,0,0,0,0,0,0,0,1,0,1,"common_sunfish; bluntnosed_dace_semotilus","BARAGA_KEEWAYDIN_SUMM_0001_1.jpeg","BARAGA_KEEWAYDIN_SUMM_0001_2.jpeg"
59070758,"L42724","110734477","BARAGA","KEEWAYDIN",3,"June",1970,5,"June",1970,"light","light","light","light",NA,NA,7.315,NA,NA,61.109,NA,NA,NA,0,NA,0,NA,0,NA,0,NA,NA,NA,NA,NA,NA,NA,NA,"no",NA,NA,"no",NA,NA,NA,NA,NA,NA,17.778,NA,NA,NA,NA,NA,NA,NA,NA,NA,0,0,0,0,0,0,0,0,0,0,0,0,0,0,0,1,0,0,0,0,0,0,0,0,0,1,0,0,1,0,0,1,0,1,"creek_chubs","BARAGA_KEEWAYDIN_SUMM_0002_1.jpeg","BARAGA_KEEWAYDIN_SUMM_0002_2.jpeg"
59070759,"L32453","105233127","BARAGA","KELLY",29,"August",1950,30,"August",1950,"light",NA,"light",NA,NA,NA,7.62,NA,NA,NA,NA,NA,NA,NA,NA,NA,NA,2,NA,NA,NA,NA,6,NA,NA,NA,NA,NA,NA,NA,NA,NA,NA,NA,NA,1.524,4.572,NA,20.556,NA,5,NA,7.2,NA,6.8,0.7,NA,NA,0,0,0,0,0,0,0,0,0,1,0,0,0,0,0,0,0,0,0,0,0,0,0,0,0,0,0,0,0,0,0,0,0,1,NA,"BARAGA_KELLY_SUMM_0002_1.jpeg","BARAGA_KELLY_SUMM_0002_2.jpeg"
59070760,"L32453","105233127","BARAGA","KELLY",25,"July",1949,NA,"July",NA,"light","none","light","none",NA,NA,NA,2.286,NA,3.238,NA,25,NA,NA,NA,NA,NA,2,NA,NA,NA,NA,41,46,NA,NA,NA,NA,"no",NA,NA,"no",NA,NA,NA,3.657,7.62,NA,28.889,NA,NA,NA,7.2,6.8,NA,NA,2.8,NA,0,0,0,0,0,0,0,0,0,0,0,0,0,0,0,0,0,0,0,0,0,0,0,0,0,0,0,0,0,0,0,0,0,1,NA,"BARAGA_KELLY_SUMM_0001_1.jpeg","BARAGA_KELLY_SUMM_0001_2.jpeg"
59070761,"L39609","117627513","BARAGA","KINGBIG",5,"July",1978,7,"July",1978,"medium","light","medium","light",NA,NA,6.096,1.219,NA,205.585,NA,10,NA,NA,NA,NA,NA,2,NA,NA,NA,NA,4,6,NA,NA,NA,NA,"no",NA,NA,"none",NA,NA,NA,3.657,4.267,NA,21.667,NA,18.889,NA,7.5,6.8,6.6,NA,6.6,5,0,0,1,0,0,0,0,0,0,0,1,0,0,0,0,0,0,0,0,0,0,0,0,0,1,1,0,1,1,0,0,1,0,1,"w_wsucker","BARAGA_KINGBIG_SUMM_0001_1.jpeg","BARAGA_KINGBIG_SUMM_0001_2.jpeg"
59070762,"L40082","110734521","BARAGA","KNIGHT",3,"August",1949,4,"August",1949,"light","none","light","none",NA,NA,3.657,NA,NA,12.141,16.188,NA,NA,NA,NA,NA,NA,NA,NA,NA,NA,NA,10,NA,NA,NA,NA,NA,NA,NA,NA,NA,NA,NA,NA,1.524,3.048,"yes",21.111,23.889,12.6,NA,6.6,5.8,2.7,NA,NA,NA,0,0,0,0,0,0,0,0,0,0,0,0,0,0,0,0,0,0,0,0,0,0,0,0,0,0,0,0,0,0,0,1,0,0,"n_creek_chub","BARAGA_KNIGHT_SUMM_0001_1.jpeg","BARAGA_KNIGHT_SUMM_0001_2.jpeg"
59070763,"L35178","117626713","BARAGA","LITTLE",13,"August",1962,14,"August",1962,"light","none","light","none",NA,NA,1.829,NA,NA,3.238,NA,100,NA,0,NA,0,NA,0,NA,0,NA,NA,NA,NA,NA,NA,NA,NA,NA,NA,NA,NA,NA,NA,NA,NA,NA,NA,NA,NA,NA,NA,NA,NA,NA,NA,NA,NA,0,0,0,0,0,0,0,0,0,0,0,0,0,0,0,0,0,0,0,0,0,0,0,0,0,0,0,0,0,0,0,0,0,0,NA,"BARAGA_LITTLE_SUMM_0003_1.jpeg","BARAGA_LITTLE_SUMM_0003_2.jpeg"
59070764,"L40673","110734443","BARAGA","LUICKS",11,"August",1952,12,"August",1952,"none","none","none","none",NA,NA,4.572,NA,NA,2.023,NA,100,NA,0,NA,0,NA,0,NA,0,NA,NA,0,NA,NA,NA,0.305,NA,"yes",NA,"yes","beaver dam",NA,"prevents migration","yes",NA,NA,NA,20.7,NA,8.2,NA,NA,NA,3.8,0,NA,NA,0,0,0,0,0,0,0,0,0,0,0,0,0,0,0,0,0,0,0,0,0,0,0,0,0,0,0,0,0,0,0,0,0,0,NA,"BARAGA_LUICKS_SUMM_0001_1.jpeg","BARAGA_LUICKS_SUMM_0001_2.jpeg"
59070765,"L34555","110734859","BARAGA","MICHIGAMME",17,"August",1950,18,"August",1950,"medium",NA,"medium",NA,NA,NA,NA,NA,NA,1618.778,NA,NA,NA,3,NA,10,NA,50,NA,0,NA,NA,NA,NA,NA,NA,NA,NA,"yes",NA,"yes","yes",NA,"natives believe that there is a large effect - actual effect not known",NA,NA,NA,NA,NA,NA,NA,NA,NA,NA,NA,NA,NA,NA,0,0,1,0,0,0,0,0,0,0,0,0,0,1,0,0,0,0,0,0,0,0,0,0,1,0,0,0,0,0,1,1,0,1,"sturgeon_sucker","BARAGA_MICHIGAMME_SUMM_0001_1.jpeg","BARAGA_MICHIGAMME_SUMM_0001_2.jpeg"
59070766,"L37764","117627173","BARAGA","PARENT",21,"April",1952,21,"April",1952,"light","light","light","light",NA,NA,NA,NA,NA,NA,NA,NA,NA,0,NA,0,NA,0,NA,0,NA,NA,NA,NA,NA,NA,NA,NA,"no",NA,NA,"no",NA,NA,NA,NA,NA,NA,NA,NA,NA,NA,NA,NA,NA,NA,NA,NA,0,0,0,0,0,0,0,0,0,0,0,0,0,0,0,0,0,0,0,0,0,0,0,0,1,0,0,0,0,0,0,1,0,1,"common_white_sucker_fathead_minnow","BARAGA_PARENT_SUMM_0001_1.jpeg","BARAGA_PARENT_SUMM_0001_2.jpeg"
59070767,"L33505","117626559","BARAGA","PRICKETT",19,"July",1954,19,"July",1954,"medium","light","medium","light",NA,NA,NA,NA,NA,384.46,NA,NA,NA,0,NA,0,NA,3,NA,0,NA,NA,NA,NA,NA,NA,17.373,NA,"yes",NA,"yes","2 dams 1 1-1/4 miles apart westernmost dam earth fill with concrete spillway. easternmost dam earth fill with penstocks to power house.",NA,"obstructs migration",NA,NA,NA,NA,NA,NA,NA,NA,NA,NA,NA,NA,NA,NA,0,0,1,0,0,1,0,0,0,0,0,0,0,0,0,0,0,0,0,0,0,1,0,0,0,0,0,0,0,0,0,0,0,0,"crappie","BARAGA_PRICKETT_SUMM_0001_1.jpeg","BARAGA_PRICKETT_SUMM_0001_2.jpeg"
59070768,"L42128","110734749","BARAGA","PITTICOAT",16,"July",1937,NA,"July",NA,NA,NA,NA,NA,"yes","permitted",8.229,1.676,NA,29.745,NA,NA,NA,NA,NA,NA,NA,NA,NA,NA,NA,NA,13,33,NA,NA,NA,NA,"no",NA,NA,"none",NA,NA,NA,NA,NA,NA,26,NA,12.7,NA,5.8,NA,4,NA,NA,NA,0,0,0,0,0,1,1,0,0,0,0,0,0,0,0,0,1,0,0,0,0,1,0,0,1,0,0,0,1,0,0,1,0,1,"sunfish_bluegillsabsent; bluntnosed_darter","BARAGA_PITTICOAT_SUMM_0001_1.jpeg","BARAGA_PITTICOAT_SUMM_0001_2.jpeg"
59070769,"L33052","110734609","BARAGA","NELLIGAN",2,"July",1970,2,"July",1970,"light",NA,"light",NA,NA,NA,1.524,0.914,NA,NA,NA,100,NA,0,NA,0,NA,0,NA,0,NA,NA,17.1,NA,NA,NA,NA,NA,"no",NA,"yes","none",NA,"waterfalls 1 mile south of lake on east branch of nelligan creek restricts fish movement.",NA,0.914,1.219,NA,26.667,NA,21.111,NA,6,NA,6,NA,NA,NA,0,0,0,0,0,0,0,0,1,0,0,0,0,0,0,1,0,0,0,0,0,1,0,0,0,0,0,0,0,0,0,1,0,1,NA,"BARAGA_NELLIGAN_SUMM_0001_1.jpeg","BARAGA_NELLIGAN_SUMM_0001_2.jpeg"
59070770,"L34555","110734859","BARAGA","MICHIGAMME",16,"August",1938,2,"September",1938,"medium","light","moderate","littleatpresent",NA,NA,21.945,2.133,2.438,1764.468,NA,30,NA,2,NA,2,NA,55,NA,1,NA,NA,13,16,NA,4,NA,NA,"yes",NA,"yes","yes",NA,"fish cannot move up except at high water","yes",7.315,10.667,NA,20,24,11,13,5.5,6.8,NA,NA,0,3.3,0,0,1,0,0,1,1,0,0,0,0,0,0,0,0,1,1,0,1,1,0,1,0,0,1,0,0,0,1,0,1,1,0,1,"walleyed_pike; muddler; finescaled_scaled_sucker_mullet_","BARAGA_MICHIGAMME_SUMM_0002_1.jpeg","BARAGA_MICHIGAMME_SUMM_0002_2.jpeg"
59070771,"L38504","117626705","BARAGA","SUMMIT",18,"July",1952,18,"July",1952,"light",NA,"light",NA,NA,NA,NA,NA,NA,32.376,NA,NA,NA,0,NA,0,NA,0,NA,0,NA,NA,18,NA,NA,NA,NA,NA,"no",NA,NA,"none",NA,NA,NA,NA,NA,NA,20.9,NA,15.4,NA,5.57,0.41,NA,NA,NA,NA,0,0,0,0,0,0,0,0,0,0,0,0,0,0,0,0,0,0,0,0,0,1,0,0,0,0,0,0,1,0,0,1,0,1,NA,"BARAGA_SUMMIT_SUMM_0001_1.jpeg","BARAGA_SUMMIT_SUMM_0001_2.jpeg"
59070772,"L37784","110734485","BARAGA","TEDDY",20,"July",1970,22,"July",1970,"light","none","verylight","none",NA,NA,3.048,NA,NA,NA,NA,100,NA,0,NA,0,NA,0,NA,0,NA,NA,34.2,NA,NA,NA,NA,NA,"no",NA,NA,"no",NA,NA,NA,1.219,1.524,NA,22.222,NA,18.889,NA,8,NA,8,NA,NA,NA,0,1,0,0,0,0,0,0,0,0,0,0,0,0,0,1,0,0,0,0,0,0,0,0,1,1,0,0,0,0,0,1,0,1,"p_seed; creek_chub","BARAGA_TEDDY_SUMM_0001_1.jpeg","BARAGA_TEDDY_SUMM_0001_2.jpeg"
59070773,"L42200","110734671","BARAGA","RUTH",20,"June",1956,3,"July",1956,"heavy",NA,"mediumtoheavy",NA,NA,NA,10.972,2.133,NA,77.701,NA,60,NA,0,NA,0,NA,32,NA,0,NA,NA,10,25,NA,NA,NA,NA,"no",NA,NA,"none",NA,NA,NA,4.572,7.01,NA,16.667,23.333,10.556,NA,1.2,6.8,NA,NA,0,0.3,0,0,0,0,0,0,0,0,0,0,0,0,0,0,0,0,0,0,0,0,0,0,0,0,1,0,0,1,1,0,1,1,0,1,"burbot","BARAGA_RUTH_SUMM_0001_1.jpeg","BARAGA_RUTH_SUMM_0001_2.jpeg"
59070774,"L39762","105231895","BARAGA","ROLAND",28,"August",1950,30,"August",1950,"medium",NA,"medium",NA,NA,NA,6.705,1.219,NA,16.39,NA,85,NA,NA,NA,NA,NA,4,NA,NA,NA,NA,11,NA,NA,NA,0.61,NA,"yes",NA,"yes","beaver dam",NA,"effective block at times of normal or low water.","yes",3.048,4.572,NA,19.444,NA,12.222,NA,8.6,8.3,NA,NA,NA,NA,0,0,0,0,0,0,0,0,0,1,0,0,0,0,0,0,0,0,0,0,0,0,0,0,0,0,0,0,1,0,0,1,0,0,NA,"BARAGA_ROLAND_SUMM_0001_1.jpeg","BARAGA_ROLAND_SUMM_0001_2.jpeg"
59070775,"L41520","105232351","BARAGA","THIRD",7,"July",1954,7,"July",1954,"light","none","light","none",NA,NA,4.572,NA,NA,16.188,NA,NA,NA,0,NA,0,NA,0,NA,0,NA,NA,NA,NA,NA,NA,NA,NA,"no",NA,NA,"none",NA,NA,NA,NA,NA,NA,NA,NA,NA,NA,NA,NA,NA,NA,NA,NA,0,0,0,0,0,1,0,0,0,0,0,0,0,0,0,0,0,0,0,0,0,1,0,0,0,0,0,0,0,0,0,0,0,1,"sunfish","BARAGA_THIRD_SUMM_0001_1.jpeg","BARAGA_THIRD_SUMM_0001_2.jpeg"
59070776,"L41005","110734563","BARAGA","THOMAS",1,"June",1970,3,"June",1970,"light","light","verylight","verylight",NA,NA,4.572,NA,NA,NA,NA,100,NA,0,NA,0,NA,1,NA,0,NA,NA,NA,NA,NA,NA,0.762,NA,"yes",NA,"no","old beaver dam where creek leaves the lake.",NA,"none",NA,NA,NA,NA,NA,NA,NA,NA,NA,NA,NA,NA,NA,NA,0,0,0,0,0,0,0,0,0,0,0,0,0,0,0,1,1,0,0,0,0,1,0,0,0,0,0,0,0,0,0,1,0,1,"green_sunfish; creek_chubs","BARAGA_THOMAS_SUMM_0001_1.jpeg","BARAGA_THOMAS_SUMM_0001_2.jpeg"
59070777,"L40911","110734409","BARAGA","UNNAMEDBOG",12,"August",1952,13,"August",1952,"none","none","none","none",NA,NA,3.657,1.372,NA,2.023,NA,NA,NA,0,NA,0,NA,0,NA,0,NA,NA,5,NA,NA,NA,0.61,NA,"yes",NA,"yes","beaver dam",NA,"prevents migration","yes",0.914,3.657,"yes",16.6,19.3,12,NA,4,NA,NA,NA,0,NA,0,0,0,0,0,0,0,0,0,0,0,0,0,0,0,0,0,0,0,0,0,0,0,0,0,0,0,0,0,0,0,0,0,0,NA,"BARAGA_UNNAMEDBOG_SUMM_0001_1.jpeg","BARAGA_UNNAMEDBOG_SUMM_0001_2.jpeg"
59070778,"L16945","152517518","BARRY","BAKER",29,"July",1936,31,"July",1936,"medium","light","medium","light",NA,NA,9.144,2.743,NA,23.796,NA,35,NA,1,NA,0,NA,3,NA,0,NA,NA,143,181,NA,1.45,NA,NA,NA,NA,"no",NA,NA,"none","yes",2.743,6.4,NA,23.9,24.4,6.9,NA,7,8,NA,NA,0,0.1,0,0,1,0,0,1,0,0,0,0,1,0,0,0,0,0,0,0,0,0,0,1,0,0,0,1,0,0,0,0,0,1,1,1,"warmouth_bass_mud_pickerel; shortnose_gar","BARRY_BAKER_SUMM_0001_1.jpeg","BARRY_BAKER_SUMM_0001_2.jpeg"
59070779,"L39878","117627403","BARAGA","VERMILAC",1,"August",1956,6,"August",1956,"light",NA,"light",NA,NA,NA,2.133,1.524,NA,251.72,NA,100,NA,0,NA,0,NA,0,NA,0,NA,NA,0,4,NA,NA,NA,NA,"no",NA,NA,"none",NA,NA,NA,NA,NA,NA,19.444,23.333,19.667,NA,7.3,7.6,NA,NA,NA,NA,0,0,0,0,1,0,0,0,0,0,1,0,0,0,0,1,0,0,1,0,0,0,0,0,1,1,0,1,0,0,0,1,0,1,"fathead_minnow_creek_chub","BARAGA_VERMILAC_SUMM_0001_1.jpeg","BARAGA_VERMILAC_SUMM_0001_2.jpeg"
59070780,"L15825","157068043","BARRY","ALGONQUIN",14,"September",1954,16,"September",1954,"medium","medium","medium","medium",NA,NA,13.715,2.438,NA,97.127,NA,85,NA,2,NA,5,NA,80,NA,0,NA,NA,105,NA,NA,NA,NA,NA,"yes",NA,"yes","yes",NA,"allows no entry into lake.",NA,NA,NA,NA,19.444,NA,6.111,NA,67.3,66.8,NA,NA,NA,NA,0,0,1,1,0,1,1,1,0,0,0,0,0,0,0,0,1,0,0,1,0,1,0,0,1,1,0,0,0,0,0,1,1,1,"warmouth","BARRY_ALGONQUIN_SUMM_0001_1.jpeg","BARRY_ALGONQUIN_SUMM_0001_2.jpeg"
59070781,"L20779","157068045","BARRY","BASSETT",4,"August",1948,NA,"August",NA,"light","medium","light","medium",NA,NA,NA,NA,NA,NA,NA,NA,NA,1,NA,0,NA,0,NA,0,NA,NA,NA,NA,NA,NA,NA,NA,"no",NA,NA,"no",NA,NA,NA,NA,NA,NA,NA,NA,NA,NA,NA,NA,NA,NA,NA,NA,0,0,1,0,0,1,0,0,0,0,1,1,0,0,0,0,0,0,0,0,0,1,0,0,1,0,0,0,0,0,0,1,0,1,"warmouth_bass","BARRY_BASSETT_SUMM_0001_1.jpeg","BARRY_BASSETT_SUMM_0001_2.jpeg"
59070782,"L15124","152517478","BARRY","BARLOW",23,"July",1951,27,"July",1951,"heavy",NA,"heavy",NA,NA,NA,19.201,2.438,NA,75.678,NA,50,NA,1,NA,0,NA,150,NA,0,NA,NA,127,158,NA,NA,NA,NA,"yes",NA,"yes","yes",NA,"a barrier to fish coming up from payne lake","yes",5.334,10.667,NA,25,26.111,11.389,6.667,8.2,NA,8.4,8.4,10.8,0.4,1,0,1,0,0,1,1,0,0,0,0,0,0,0,0,0,0,0,1,1,0,1,1,0,1,1,0,1,0,0,0,1,1,1,"logperch_bigmouth_shiner_logperch","BARRY_BARLOW_SUMM_0001_1.jpeg","BARRY_BARLOW_SUMM_0001_2.jpeg"
59070783,"L20779","157068045","BARRY","BASSETT",9,"September",1949,14,"September",1949,"medium","light","medium","light",NA,NA,11.582,7.62,NA,17.807,NA,NA,NA,0,NA,0,NA,3,NA,0,NA,NA,158,213,NA,NA,NA,NA,"no",NA,NA,"no",NA,NA,NA,5.486,7.62,NA,17.222,19.444,10,NA,6.2,6.9,5.6,0.7,0,NA,0,0,1,1,0,1,1,0,0,0,1,0,0,0,0,0,0,0,1,0,0,1,0,0,1,1,0,0,0,0,0,1,1,1,"crappie_warmouth_bass","BARRY_BASSETT_SUMM_0002_1.jpeg","BARRY_BASSETT_SUMM_0002_2.jpeg"
59070784,"L14396","157068641","BARRY","BRISTOL",NA,"August",1950,NA,"August",1950,"medium","medium","medium","medium",NA,NA,NA,NA,NA,40.469,NA,10,NA,1,NA,1,NA,25,NA,0,NA,NA,NA,NA,NA,NA,NA,NA,NA,NA,NA,NA,NA,NA,NA,NA,NA,NA,NA,NA,NA,NA,NA,NA,NA,NA,NA,NA,0,0,0,0,0,1,0,0,0,0,0,0,1,1,0,0,0,0,0,0,0,1,0,0,1,0,0,0,0,0,0,0,0,1,"sunfish_bullhead_cisco; garpike","BARRY_BRISTOL_SUMM_0001_1.jpeg","BARRY_BRISTOL_SUMM_0001_2.jpeg"
59070785,"L23251","152517699","BARRY","BUCK",6,"September",1946,7,"September",1946,"light","light","light","light",NA,NA,8.229,NA,NA,2.185,NA,NA,NA,0,NA,0,NA,0,NA,0,NA,NA,121,150,NA,1.04,NA,NA,NA,NA,NA,NA,NA,NA,"yes",3.048,6.096,NA,22.778,20,9.2,NA,7.3,NA,NA,NA,0,NA,0,0,0,0,0,1,0,0,0,0,0,0,0,0,0,0,0,0,0,0,1,1,0,0,0,1,0,0,0,0,0,0,1,1,"mud_pickerel_g_sunfish","BARRY_BUCK_SUMM_0001_1.jpeg","BARRY_BUCK_SUMM_0001_2.jpeg"
59070786,"L20779","157068045","BARRY","BASSETT",9,"September",1949,14,"September",1949,"medium","light","medium","light",NA,NA,11.582,7.62,NA,17.807,NA,NA,NA,0,NA,0,NA,3,NA,0,NA,NA,158,213,NA,NA,NA,NA,"no",NA,NA,"no",NA,NA,"yes",5.486,7.62,NA,17.222,19.444,10,NA,6.2,6.9,5.6,0.7,0,NA,0,0,1,1,0,1,1,0,0,0,1,0,0,0,0,0,0,0,1,0,0,1,0,0,1,1,0,0,0,0,0,1,1,1,"crappie_warmouth_bass","BARRY_BASSETT_SUMM_0003_1.jpeg","BARRY_BASSETT_SUMM_0003_2.jpeg"
59070787,"L16316","157067915","BARRY","CARR",NA,"August",1950,NA,"August",NA,"heavy","light","heavy","light",NA,NA,NA,NA,NA,16.188,NA,NA,NA,1,NA,0,NA,0,NA,0,NA,NA,NA,NA,NA,NA,NA,NA,NA,NA,NA,NA,NA,NA,NA,NA,NA,NA,NA,NA,NA,NA,NA,NA,NA,NA,NA,NA,0,0,0,0,0,1,0,0,0,0,0,0,1,1,0,0,0,0,0,0,0,1,0,0,1,0,0,0,0,0,0,0,0,1,"sunfish_bullhead","BARRY_CARR_SUMM_0001_1.jpeg","BARRY_CARR_SUMM_0001_2.jpeg"
59070788,"L28029","152517730","BARRY","CROOKED",9,"September",1963,13,"September",1963,"heavy",NA,"heavy",NA,NA,NA,14.63,0.762,1.219,297.45,NA,75,NA,4,NA,4,NA,240,NA,0,NA,NA,87,145,NA,NA,NA,NA,"no",NA,NA,"no",NA,NA,NA,5.486,7.315,NA,20.556,21.667,10.556,NA,3.5,2.2,1.4,0.1,NA,NA,0,1,1,0,0,1,0,1,0,0,0,0,0,0,0,0,1,0,0,0,1,1,0,0,0,1,0,0,0,0,0,0,1,1,"warmouth_green_sunfish; minnows_not_specified","BARRY_CROOKED_SUMM_0001_1.jpeg","BARRY_CROOKED_SUMM_0001_2.jpeg"
59070789,"L14222","157068036","BARRY","CARTER",15,"September",1954,17,"September",1954,"medium","medium","medium","medium",NA,NA,7.62,2.591,NA,28.329,NA,80,NA,1,NA,0,NA,3,NA,0,NA,NA,150,NA,NA,NA,NA,NA,"no",NA,NA,"no",NA,NA,NA,5.486,6.705,NA,18.333,NA,12.222,NA,5.1,7,1.9,0.3,NA,NA,0,0,1,1,0,1,1,0,0,0,0,0,0,0,0,0,1,0,0,1,0,1,0,0,1,1,0,0,0,0,0,0,0,1,"warmouth; starhead_topminnow","BARRY_CARTER_SUMM_0001_1.jpeg","BARRY_CARTER_SUMM_0001_2.jpeg"
59070790,"L20367","157068613","BARRY","BIGCEDAR",NA,"August",1950,NA,"August",NA,"medium","light","medium","light",NA,NA,NA,NA,NA,28.329,NA,NA,NA,1,NA,0,NA,10,NA,0,NA,NA,NA,NA,NA,NA,NA,NA,NA,NA,NA,NA,NA,NA,NA,NA,NA,NA,NA,NA,NA,NA,NA,NA,NA,NA,NA,NA,0,0,0,0,0,1,0,0,0,0,0,0,1,1,0,0,0,0,0,0,0,1,0,0,1,0,0,0,0,0,0,0,0,1,"sunfish_bullheads; garpike","BARRY_BIGCEDAR_SUMM_0001_1.jpeg","BARRY_BIGCEDAR_SUMM_0001_2.jpeg"
59070791,"L14457","157068663","BARRY","CULVER",NA,"August",1950,NA,"August",1950,"light","light","light","light",NA,NA,NA,NA,NA,10.117,NA,NA,NA,NA,NA,NA,NA,NA,NA,NA,NA,NA,NA,NA,NA,NA,NA,NA,NA,NA,NA,NA,NA,NA,NA,NA,NA,NA,NA,NA,NA,NA,NA,NA,NA,NA,NA,NA,0,0,0,0,0,1,0,0,0,0,0,0,0,0,0,0,0,0,0,0,0,1,0,0,1,0,0,0,0,0,0,0,0,1,NA,"BARRY_CULVER_SUMM_0001_1.jpeg","BARRY_CULVER_SUMM_0001_2.jpeg"
59070792,"L17708","157068669","BARRY","FINE",13,"August",1940,17,"August",1940,"heavy","heavy","veryheavy","heavy",NA,NA,14.325,3.048,NA,129.502,NA,65,NA,3,NA,1,NA,130,NA,0,NA,NA,70,120,NA,1.73,0.305,NA,"no",NA,"yes","to be built in the fall of 1940",NA,"slight","yes",4.572,10.972,NA,26.2,27.6,15.1,18.2,5,8.8,NA,NA,0,0,1,0,1,1,1,1,1,0,0,0,1,0,1,0,0,1,1,0,1,0,0,1,0,0,1,1,0,0,0,0,0,1,1,1,"warmouth_bass; least_darter","BARRY_FINE_SUMM_0001_1.jpeg","BARRY_FINE_SUMM_0001_2.jpeg"
59070793,"L20523","{E03670DE-23B8-4D53-B696-1AFAFEC6A037}","BARRY","CHIEFNOONDAY",31,"July",1936,4,"August",1936,"light",NA,"light",NA,NA,NA,1.524,NA,NA,20.518,NA,100,NA,NA,NA,NA,NA,8,NA,NA,NA,NA,131,134,NA,1.2,NA,NA,"no",NA,NA,"no",NA,NA,"no",NA,NA,NA,27,NA,24.8,NA,10,NA,NA,NA,NA,NA,0,0,0,1,0,1,0,0,0,0,1,0,0,0,0,0,0,0,1,0,0,1,1,0,1,1,0,0,0,0,0,0,1,1,"warmouth_bass_hybrid_pumpkinseed_x_bluegill_warmouth_bass; shortnose_gar","BARRY_CHIEFNOONDAY_SUMM_0001_1.jpeg","BARRY_CHIEFNOONDAY_SUMM_0001_2.jpeg"
59070794,"L22019","152517740","BARRY","FAIR",25,"June",1957,30,"June",1957,"heavy",NA,"moderatelyheavy",NA,NA,NA,11.887,3.962,NA,96.317,NA,80,NA,1,NA,1,NA,58,NA,0,NA,NA,NA,NA,NA,NA,NA,NA,"no",NA,NA,"no",NA,NA,NA,4.572,7.62,NA,21.111,24.444,10.556,NA,8.3,7.6,7.4,2.6,0.8,0,0,0,1,0,1,1,1,1,0,0,0,0,0,0,0,0,1,0,1,1,1,1,0,0,0,1,0,0,0,0,0,0,1,1,"grass_pickerel_warmouth_bass","BARRY_FAIR_SUMM_0001_1.jpeg","BARRY_FAIR_SUMM_0001_2.jpeg"
59070795,"L26882","152517666","BARRY","FISH",29,"August",1946,6,"September",1946,"medium","medium","medium","cisconettingseason",NA,NA,17.068,2.133,NA,66.775,NA,NA,NA,1,NA,0,NA,0,NA,0,NA,NA,165,210,NA,1.76,NA,NA,"yes",NA,"yes","yes",NA,"probably would prevent migration of fish up from gun river","yes",5.181,9.144,NA,18.889,22.778,9.7,12.4,7.6,5.2,NA,NA,1.7,0.5,1,0,1,1,1,1,1,0,1,0,0,0,0,1,0,1,0,0,1,1,0,1,0,0,1,0,0,1,0,1,0,0,1,1,"longear_sunfish_green_sunfish; blackstripe_topminnow_minnow_log_perch_least_darter_hornyhead_chub_creek_chub","BARRY_FISH_SUMM_0001_1.jpeg","BARRY_FISH_SUMM_0001_2.jpeg"
59070796,"L16773","152517995","BARRY","GULL",20,"August",1941,30,"August",1941,"light","medium","light","medium",NA,NA,33.526,4.267,4.877,821.692,NA,29,NA,3,NA,2,NA,654,NA,1,NA,NA,118,160,NA,1.7,6.4,NA,"yes",NA,"yes","Yes",NA,"prevents upstream movement","yes",9.144,12.801,NA,22.4,22.4,8.7,8.7,6.7,9.3,NA,NA,0.15,1.9,0,0,0,0,0,1,1,1,0,0,0,0,0,1,0,0,0,0,0,0,0,1,0,0,1,0,0,1,1,0,1,1,0,1,"labidesthes_bluntnose_n_cornutus; suckers_mullet; gars","BARRY_GULL_SUMM_0001_1.jpeg","BARRY_GULL_SUMM_0001_2.jpeg"
59070797,"L19268","152517598","BARRY","GUN",19,"June",1950,10,"July",1950,"heavy","medium","heavy","medium",NA,NA,20.725,2.743,3.657,1084.581,NA,80,NA,15,NA,15,NA,625,NA,0,NA,NA,116,144,NA,NA,1.524,NA,"yes",NA,"yes","yes",NA,"a barrier to upstream migration except at high water stages.",NA,7.01,12.191,NA,21.111,25,22.7,10.2,9.2,7.6,6.3,3.1,4,0.7,1,0,1,0,1,1,1,1,1,0,0,0,1,0,1,0,1,0,0,1,0,1,0,1,1,1,0,1,1,0,1,1,1,1,"muskellunge; sand_shiner_spottail_shiner_spotfin_shiner_logperch_creek_chub_spottail_shiner; gars_not_specified","BARRY_GUN_SUMM_0001_1.jpeg","BARRY_GUN_SUMM_0001_2.jpeg"
59070798,"L23362","152517664","BARRY","HORSESHOE",3,"September",1946,5,"September",1946,"medium",NA,"medium",NA,NA,NA,7.315,5.791,NA,5.666,NA,NA,NA,0,NA,0,NA,0,NA,0,NA,NA,211,220,NA,2.04,NA,NA,"no",NA,NA,"no",NA,NA,"no",NA,NA,NA,18.333,20,12.3,NA,8.5,6.6,NA,NA,NA,NA,0,0,0,0,0,1,0,0,0,0,0,1,0,1,0,0,0,0,0,0,0,0,0,0,1,1,0,1,0,0,0,0,1,1,"pumpkinseed_x_bg","BARRY_HORSESHOE_SUMM_0001_1.jpeg","BARRY_HORSESHOE_SUMM_0001_2.jpeg"
59070799,"L20501","157067815","BARRY","JORDAN",26,"July",1957,2,"August",1957,"heavy","heavy","veryheavy","veryheavy",NA,NA,17.678,0.61,NA,174.019,NA,25,NA,5,NA,2,NA,203,NA,0,NA,NA,123,186,NA,NA,NA,NA,NA,NA,NA,NA,NA,NA,NA,5.334,9.144,NA,25,NA,10,NA,12.4,3.1,2.9,0,0,NA,1,0,1,0,0,1,0,1,1,0,1,0,0,0,0,1,0,0,0,0,0,1,1,0,1,1,0,1,0,0,0,1,1,1,"sand_shiner_spotfin_shiner_bluntnose_chub_mudminnow_hornyhead_chub_tadpole_madtom","BARRY_JORDAN_SUMM_0001_1.jpeg","BARRY_JORDAN_SUMM_0001_2.jpeg"
59070800,"L14995","157068506","BARRY","LARABEE",13,"August",1953,13,"August",1953,"medium","light","medium","light",NA,NA,6.705,NA,NA,14.164,NA,NA,NA,1,NA,0,NA,1,NA,0,NA,NA,NA,NA,NA,NA,NA,NA,"no",NA,NA,"none",NA,NA,NA,NA,NA,NA,NA,NA,NA,NA,NA,NA,NA,NA,NA,NA,0,0,1,0,0,1,0,1,0,0,0,0,0,0,0,0,0,0,0,0,0,1,0,0,0,0,0,0,0,0,0,1,0,1,"crappies","BARRY_LARABEE_SUMM_0001_1.jpeg","BARRY_LARABEE_SUMM_0001_2.jpeg"
59070801,"L17664","157067929","BARRY","KILPATRICK",25,"August",1950,25,"August",1950,"light","light","light","light",NA,NA,11.582,NA,NA,10.117,NA,10,NA,0,NA,0,NA,0,NA,0,NA,NA,NA,NA,NA,NA,NA,NA,NA,NA,NA,NA,NA,NA,"yes",4.572,6.705,NA,23.333,NA,7.222,NA,NA,NA,NA,NA,0,NA,0,0,0,0,0,1,0,0,0,0,0,0,0,1,0,0,0,0,0,0,0,1,0,0,0,0,0,0,0,0,0,0,0,1,"sunfish","BARRY_KILPATRICK_SUMM_0001_1.jpeg","BARRY_KILPATRICK_SUMM_0001_2.jpeg"
59070802,"L19782","157068666","BARRY","LEAPLITTLE",17,"August",1955,17,"August",1955,"medium","light","medium","light",NA,NA,10.667,3.657,NA,2.023,NA,5,NA,1,NA,0,NA,3,NA,0,NA,NA,NA,NA,NA,NA,NA,NA,"no",NA,NA,"none",NA,NA,NA,4.572,9.144,NA,27.722,NA,8.444,NA,NA,NA,13.2,1.7,NA,NA,0,0,1,0,0,1,0,0,0,0,0,0,0,0,0,0,0,0,0,0,0,1,0,0,0,0,0,0,0,0,0,0,0,1,"crappies","BARRY_LEAPLITTLE_SUMM_0002_1.jpeg","BARRY_LEAPLITTLE_SUMM_0002_2.jpeg"
59070803,"L19782","157068666","BARRY","LEAPLITTLE",17,"August",1955,19,"August",1955,"medium","light","medium","light",NA,NA,10.667,3.657,NA,2.023,NA,5,NA,1,NA,0,NA,3,NA,0,NA,NA,NA,NA,NA,NA,NA,NA,"no",NA,NA,"no",NA,NA,NA,4.572,9.144,NA,27.722,NA,8.444,NA,NA,NA,13.2,1.7,NA,NA,0,0,1,0,0,1,0,0,0,0,0,0,0,0,0,0,0,0,0,0,0,1,0,0,0,0,0,0,0,0,0,0,0,1,"crappies","BARRY_LEAPLITTLE_SUMM_0001_1.jpeg","BARRY_LEAPLITTLE_SUMM_0001_2.jpeg"
59070804,"L20387","152517634","BARRY","LIME",30,"August",1946,5,"September",1946,"medium","medium","medium","cisconettingseason",NA,NA,13.411,4.572,NA,8.215,NA,NA,NA,0,NA,0,NA,1,NA,0,NA,NA,146,185,NA,1.19,NA,NA,"no",NA,NA,"no",NA,NA,"yes",4.572,9.144,NA,18.889,21.667,5.5,NA,9.3,NA,NA,NA,7.7,0.1,1,0,0,1,1,1,1,0,1,0,0,0,0,1,0,0,0,0,1,0,0,1,0,0,0,0,0,0,0,0,0,0,1,1,"longear_sunfish_mudpickerel_g_mud_pickerel; blackstripe_topminnow_banded_killifish_blackchin_shiner_brook_silverside_mudminnow","BARRY_LIME_SUMM_0001_1.jpeg","BARRY_LIME_SUMM_0001_2.jpeg"
59070805,"L15625","157068575","BARRY","LITTLECEDAR",NA,"August",1950,NA,"August",1950,"light","light","light","light",NA,NA,NA,NA,NA,12.141,NA,NA,NA,0,NA,0,NA,6,NA,0,NA,NA,NA,NA,NA,NA,NA,NA,NA,NA,NA,NA,NA,NA,NA,NA,NA,NA,NA,NA,NA,NA,NA,NA,NA,NA,NA,NA,0,0,0,0,0,1,0,0,0,0,0,0,1,1,0,0,0,0,0,0,0,1,0,0,1,0,0,0,0,0,0,0,0,1,"sunfish_bullheads","BARRY_LITTLECEDAR_SUMM_0001_1.jpeg","BARRY_LITTLECEDAR_SUMM_0001_2.jpeg"
59070806,"L22258","157068649","BARRY","LONG",NA,"August",1950,NA,"August",1950,"medium","light","medium","light",NA,NA,NA,NA,NA,34.399,NA,NA,NA,1,NA,0,NA,30,NA,0,NA,NA,NA,NA,NA,NA,NA,NA,NA,NA,NA,NA,NA,NA,NA,NA,NA,NA,NA,NA,NA,NA,NA,NA,NA,NA,NA,NA,0,0,0,0,0,1,0,0,0,0,0,0,0,0,0,0,0,0,0,0,0,1,0,0,1,0,0,0,0,0,0,0,0,1,"sunfish","BARRY_LONG1N8W1015_SUMM_0001_1.jpeg","BARRY_LONG1N8W1015_SUMM_0001_2.jpeg"
59070807,"L26955","152517913","BARRY","LONGLITTLE",25,"August",1954,25,"August",1954,"medium","light","medium","light",NA,NA,9.144,2.438,NA,60.704,NA,20,NA,1,NA,1,NA,25,NA,0,NA,NA,143,161,NA,NA,NA,NA,"no",NA,NA,"no",NA,"---",NA,6.096,9.144,NA,25.278,NA,15.833,NA,7.4,7.2,7,NA,NA,NA,0,0,0,0,0,1,0,0,0,0,0,0,0,0,0,0,0,0,0,0,0,1,0,0,1,0,0,0,0,0,0,0,0,1,NA,"BARRY_LONG1NR103536_SUMM_0001_1.jpeg","BARRY_LONG1NR103536_SUMM_0001_2.jpeg"
59070808,"L15057","157068390","BARRY","LONG",23,"August",1949,29,"August",1949,"medium","heavy","medium","mediumtoheavy",NA,NA,14.63,4.419,NA,116.957,NA,50,NA,3,NA,1,NA,60,NA,1,NA,NA,135,187,NA,NA,NA,NA,"no",NA,"no","no",NA,"none",NA,6.4,9.144,NA,21.111,21.111,17.1,12.4,7.5,5.2,6.8,0.7,0.7,0,1,0,1,1,1,1,1,1,1,0,0,0,0,0,0,0,0,0,0,0,0,1,1,0,1,0,0,1,0,0,0,1,1,1,"warmouth_bass_crappie","BARRY_LONG2N9WSEC15162021_SUMM_0001_1.jpeg","BARRY_LONG2N9WSEC15162021_SUMM_0001_2.jpeg"
59070809,"L26955","152517913","BARRY","LONGLITTLE",25,"August",1954,NA,"August",NA,"medium","light","medium","light",NA,NA,9.144,2.438,NA,60.704,NA,20,NA,1,NA,1,NA,25,NA,0,NA,NA,143,161,NA,NA,NA,NA,"no",NA,NA,"no",NA,NA,NA,6.096,9.144,NA,25.278,NA,15.833,NA,7.4,7.2,7,NA,NA,NA,0,0,0,0,0,1,0,0,0,0,0,0,0,0,0,0,0,0,0,0,0,1,0,0,1,0,0,0,0,0,0,0,0,1,NA,"BARRY_LONG1NR103536_SUMM_0002_1.jpeg","BARRY_LONG1NR103536_SUMM_0002_2.jpeg"
59070810,"L16077","152517543","BARRY","LONG",12,"August",1936,15,"August",1936,"light",NA,"light",NA,NA,NA,0.914,NA,NA,59.085,NA,100,NA,0,NA,0,NA,0,NA,0,NA,NA,105,NA,NA,1.8,NA,NA,NA,NA,NA,NA,NA,NA,"no",NA,NA,NA,25,NA,24.8,NA,6.5,NA,NA,NA,NA,NA,1,0,1,1,1,1,1,1,1,0,1,0,0,0,0,1,0,0,1,0,0,1,1,0,0,1,0,1,0,0,0,0,1,1,"fathead_minnow_menona_killifish; shortnose_gar","BARRY_LONG3N10WSEC2128_SUMM_0001_1.jpeg","BARRY_LONG3N10WSEC2128_SUMM_0001_2.jpeg"
59070811,"L17093","152517881","BARRY","LOON",1,"August",1938,NA,"August",NA,"medium","none","medium","none",NA,NA,6.705,4.267,NA,14.002,NA,95,NA,1,NA,1,NA,4,NA,0,NA,NA,71,98,NA,1.16,NA,NA,NA,NA,NA,NA,NA,NA,"yes",2.743,5.486,NA,26.1,NA,21.2,NA,2.1,7.1,NA,NA,NA,NA,0,0,0,0,0,1,0,0,0,0,0,0,0,0,0,0,0,0,0,0,0,0,0,0,0,0,0,0,1,0,0,0,0,0,"small_bass; blackchin_minnow","BARRY_LOON_SUMM_0001_1.jpeg","BARRY_LOON_SUMM_0001_2.jpeg"
59070812,"L15122","157067969","BARRY","MIDDLE",22,"July",1957,25,"July",1957,"heavy","heavy","heavy","moderatetoheavy",NA,NA,12.191,1.829,NA,53.015,NA,20,NA,1,NA,1,NA,62,NA,0,NA,NA,136,174,NA,NA,NA,NA,NA,NA,NA,NA,NA,NA,NA,3.048,6.096,NA,25.556,NA,6.667,NA,7.9,7.6,2.6,0.2,0.1,0,1,1,1,1,0,1,1,0,1,0,1,0,0,0,0,0,1,0,0,0,1,1,1,0,1,1,0,0,0,0,0,1,1,1,"warmouth_green_sunfish_longear_sunfish; blackstripe_topminnow_minnow","BARRY_MIDDLE4N8WSECS_SUMM_0001_1.jpeg","BARRY_MIDDLE4N8WSECS_SUMM_0001_2.jpeg"
59070813,"L21079","157068317","BARRY","MEYERS",13,"August",1957,13,"August",1957,"medium","light","medium","light",NA,NA,10.972,NA,NA,9.47,NA,10,NA,NA,NA,NA,NA,0,NA,NA,NA,NA,NA,NA,NA,NA,NA,NA,"no",NA,NA,"no",NA,NA,NA,3.048,7.62,NA,24.889,NA,6.389,NA,7.5,7.8,7.5,2.8,NA,NA,0,0,1,0,0,1,0,0,0,0,0,0,1,0,0,0,0,0,0,0,0,1,0,0,0,1,0,0,0,0,0,1,0,1,"crappies","BARRY_MEYERS_SUMM_0001_1.jpeg","BARRY_MEYERS_SUMM_0001_2.jpeg"
59070814,"L29461","152517659","BARRY","ORANGEVILLE",13,"August",1946,13,"August",1946,NA,NA,NA,NA,NA,NA,1.829,NA,NA,5.625,NA,NA,NA,NA,NA,NA,NA,NA,NA,NA,NA,NA,NA,NA,NA,NA,NA,NA,NA,NA,NA,NA,NA,NA,"no",NA,NA,NA,NA,NA,NA,NA,NA,NA,NA,NA,NA,NA,0,0,0,0,0,0,0,0,0,0,0,0,0,0,0,0,0,0,0,0,0,0,0,0,0,0,0,0,0,0,0,0,0,0,NA,"BARRY_ORANGEVILLE_SUMM_0001_1.jpeg","BARRY_ORANGEVILLE_SUMM_0001_2.jpeg"
59070815,"L30394","152517725","BARRY","PINE",10,"July",1957,11,"July",1957,"heavy","heavy","veryheavy","heavy",NA,NA,10.363,2.438,NA,267.098,NA,70,NA,3,NA,5,NA,339,NA,NA,NA,NA,133,180,NA,NA,NA,NA,NA,NA,NA,NA,NA,NA,NA,6.096,9.144,NA,25,26.111,12.778,9.444,8.9,6.2,7.3,0.5,0.2,0.3,1,0,1,1,1,1,1,0,1,0,0,0,0,0,0,0,0,0,0,0,0,1,0,0,1,1,0,1,0,0,0,1,1,1,"green_sunfish; sand_shiner","BARRY_PINE1N10W5678_SUMM_0001_1.jpeg","BARRY_PINE1N10W5678_SUMM_0001_2.jpeg"
59070816,"L15970","157068343","BARRY","PINE",30,"August",1949,3,"September",1949,"medium","medium","medium","medium",NA,NA,9.753,3.353,NA,26.71,NA,50,NA,3,NA,NA,NA,12,NA,0,NA,NA,148,200,NA,NA,NA,NA,"no",NA,"no","no, but partially plugged road",NA,"none",NA,6.096,8.534,NA,21.111,25,14.3,NA,7.9,7,6.3,1.5,NA,NA,0,0,1,1,0,1,1,0,1,0,0,0,0,0,0,0,1,0,1,0,1,1,0,0,1,1,0,1,0,0,0,1,1,0,"warmouth_bass; chibsuckers","BARRY_PINE2N9WSEC8_SUMM_0001_1.jpeg","BARRY_PINE2N9WSEC8_SUMM_0001_2.jpeg"
59070817,"L18978","157068028","BARRY","SHAW",8,"August",1956,NA,"August",NA,"light","light","light","light",NA,NA,5.334,NA,NA,0.809,NA,20,NA,0,NA,0,NA,0,NA,0,NA,NA,NA,NA,NA,NA,NA,NA,"no",NA,NA,"no",NA,NA,"no",NA,NA,NA,24.889,NA,23.333,NA,NA,NA,NA,NA,NA,NA,0,0,1,0,0,1,0,0,0,0,0,0,0,0,0,0,0,0,0,0,0,1,0,0,1,0,0,0,0,0,0,0,0,0,NA,"BARRY_SHAW_SUMM_0001_1.jpeg","BARRY_SHAW_SUMM_0001_2.jpeg"
59070818,"L18401","157067890","BARRY","SADDLEBAG",NA,"August",1950,NA,"August",NA,"light","light","light","light",NA,NA,NA,NA,NA,16.188,NA,NA,NA,1,NA,0,NA,8,NA,0,NA,NA,NA,NA,NA,NA,NA,NA,NA,NA,NA,NA,NA,NA,NA,NA,NA,NA,NA,NA,NA,NA,NA,NA,NA,NA,NA,NA,0,0,0,0,0,1,0,0,0,0,0,0,1,1,0,0,0,0,0,0,0,1,0,0,1,0,0,0,0,0,0,0,0,1,"sunfish_bullheads_cisco","BARRY_SADDLEBAG_SUMM_0001_1.jpeg","BARRY_SADDLEBAG_SUMM_0001_2.jpeg"
59070819,"L16945","152517518","BARRY","ROUND",30,"July",1936,6,"August",1936,"heavy","none","mediumtoheavy","none",NA,NA,7.62,3.505,NA,2.711,NA,60,NA,NA,NA,0,NA,0,NA,0,NA,NA,153,200,NA,1.05,NA,NA,"no",NA,NA,"no",NA,NA,"yes",1.829,5.486,NA,24.4,NA,7.5,NA,7.9,NA,NA,NA,0,0.3,0,0,1,0,0,1,0,0,0,0,0,0,0,0,0,0,0,0,0,0,0,0,0,0,0,1,0,0,1,0,0,0,0,1,"see_as_baker_lake_and_note_below","BARRY_ROUND_SUMM_0001_1.jpeg","BARRY_ROUND_SUMM_0001_2.jpeg"
59070820,"L15970","157068343","BARRY","PINE",NA,"August",1950,NA,"August",NA,"light","light","light","verylight",NA,NA,9.753,NA,NA,24.282,NA,NA,NA,0,NA,0,NA,10,NA,0,NA,NA,NA,NA,NA,NA,NA,NA,NA,NA,NA,NA,NA,NA,NA,NA,NA,NA,NA,NA,NA,NA,NA,NA,NA,NA,NA,NA,0,0,0,0,0,0,0,0,0,0,0,0,0,0,0,0,0,0,0,0,0,0,0,0,0,0,0,0,0,0,0,0,0,0,NA,"BARRY_PINE2N9WSEC8_SUMM_0002_1.jpeg","BARRY_PINE2N9WSEC8_SUMM_0002_2.jpeg"
59070821,"L14324","157068513","BARRY","RYAN",8,"September",1949,NA,NA,NA,"light",NA,"light",NA,NA,NA,4.572,2.743,NA,0.809,NA,90,NA,NA,NA,NA,NA,0,NA,0,NA,NA,225,227,NA,NA,NA,NA,"no",NA,NA,"no",NA,NA,"no",NA,NA,NA,19.444,NA,18.9,NA,67,NA,NA,NA,NA,NA,0,0,0,0,0,1,0,0,0,0,0,0,1,0,0,0,0,0,0,0,0,1,0,0,0,1,0,0,0,0,0,0,0,0,NA,"BARRY_RYAN_SUMM_0001_1.jpeg","BARRY_RYAN_SUMM_0001_2.jpeg"
59070822,"L30610","152517721","BARRY","SHELP",24,"August",1956,NA,"August",NA,"medium","medium","medium","medium",NA,NA,15.849,NA,NA,40.469,NA,10,NA,1,NA,1,NA,15,NA,0,NA,NA,94,98,NA,NA,NA,NA,NA,NA,NA,NA,NA,NA,NA,3.81,7.62,NA,21.222,NA,7.167,NA,8,4.8,4.8,0,0,NA,0,0,0,0,0,1,0,0,0,0,0,0,0,0,0,0,0,0,0,0,0,1,0,0,0,1,0,0,0,0,0,0,0,1,NA,"BARRY_SHELP_SUMM_0001_1.jpeg","BARRY_SHELP_SUMM_0001_2.jpeg"
59070823,"L15228","157067850","BARRY","SUGARBUSH",25,"August",1950,25,"August",1950,"medium","medium","medium","medium",NA,NA,28.04,NA,NA,10.117,NA,10,NA,0,NA,0,NA,2,NA,0,NA,NA,NA,NA,NA,NA,NA,NA,"no",NA,NA,"no",NA,NA,"yes",4.572,8.229,NA,23.333,NA,6.111,NA,NA,NA,NA,NA,NA,NA,0,0,0,0,0,1,0,0,0,0,0,0,0,1,0,0,0,0,0,0,0,1,0,0,0,0,0,0,0,0,0,0,0,1,"sunfish","BARRY_SUGARBUSH_SUMM_0001_1.jpeg","BARRY_SUGARBUSH_SUMM_0001_2.jpeg"
59070825,"L20150","157068568","BARRY","WALL",4,"August",1950,NA,"August",1950,"heavy","heavy","heavy","heavy",NA,NA,10.972,NA,NA,202.347,NA,40,NA,4,NA,10,NA,200,NA,1,NA,NA,NA,NA,NA,NA,NA,NA,"yes",NA,NA,"yes",NA,NA,NA,NA,NA,NA,NA,NA,NA,NA,NA,NA,NA,NA,NA,NA,0,0,0,0,0,1,0,0,0,0,0,0,1,0,1,0,0,0,0,0,0,1,0,0,1,0,0,0,1,0,1,0,0,1,"sunfish_bullheads","BARRY_WALL_SUMM_0001_1.jpeg","BARRY_WALL_SUMM_0001_2.jpeg"
59070826,"L24210","152517682","BARRY","TAMARACK",3,"September",1946,5,"September",1946,"light",NA,"light",NA,NA,NA,4.572,4.267,NA,1.983,NA,NA,NA,0,NA,0,NA,0,NA,0,NA,NA,212,215,NA,1.5,NA,NA,"no",NA,NA,"none",NA,NA,"no",NA,NA,NA,18.333,17.222,17,NA,7.6,7.5,NA,NA,NA,NA,0,0,0,0,0,1,0,0,0,0,0,1,0,1,0,0,0,0,0,0,0,0,0,0,0,0,0,0,0,0,0,1,0,1,"cisco","BARRY_TAMARACK2N10WSEC21_SUMM_0001_1.jpeg","BARRY_TAMARACK2N10WSEC21_SUMM_0001_2.jpeg"
59070827,"L20150","157068568","BARRY","WALL",30,"June",1957,12,"July",1957,"heavy",NA,"heavy",NA,NA,NA,10.972,5.181,NA,214.488,NA,40,NA,3,NA,2,NA,180,NA,0,NA,NA,NA,NA,NA,NA,NA,NA,NA,NA,NA,NA,NA,NA,NA,7.62,9.144,NA,23.333,NA,15.556,NA,7.8,7.3,5.6,1.6,0.6,NA,0,0,1,1,1,1,1,1,0,0,0,0,0,0,0,0,1,0,1,0,1,1,1,1,0,1,0,0,1,0,1,0,1,1,"warmouth_green_sunfish_grass_pickerel; gar","BARRY_WALL_SUMM_0002_1.jpeg","BARRY_WALL_SUMM_0002_2.jpeg"
59070828,"L36879","129225129","BENZIE","ANN",5,"September",1950,9,"September",1950,"heavy","none","mediumtoheavy","none",NA,NA,22.859,3.81,NA,213.274,NA,25,NA,0,NA,4,NA,25,NA,0,NA,NA,117,164,NA,NA,NA,NA,"no",NA,NA,"none",NA,NA,NA,9.144,11.429,NA,18.333,NA,7.056,NA,8.9,NA,7,NA,2.5,0,0,0,0,0,0,1,1,0,0,0,0,0,0,1,0,0,0,0,0,0,0,1,0,0,1,0,1,1,1,0,0,1,0,1,"smelt; rosyface_shiner_sand_shiner_hornyhead_chub_creek_chub","BENZIE_ANN_SUMM_0001_1.jpeg","BENZIE_ANN_SUMM_0001_2.jpeg"
59070829,"L40101","129226206","BENZIE","CRYSTAL",5,"June",1940,25,"June",1940,"light","heavy","light","heavy",NA,NA,49.375,5.791,NA,3929.988,NA,23,NA,10,NA,10,NA,330,NA,6,NA,NA,106,120,NA,1.6,0.61,NA,"yes",NA,"yes","concrete, 73 ft. wide",NA,"stops migration of minnows and others upstream. smelt go down.","no",NA,NA,NA,14.6,16.5,5.9,NA,10.2,10.35,NA,NA,10.7,12.2,0,0,0,0,0,1,1,0,0,0,0,0,0,1,0,0,0,0,1,1,0,0,0,0,1,0,0,1,1,0,0,1,0,1,"smelt_whitefish_and_lake_trout; straw_colored_shiner_log_perch_lake_emerald_shiner_and_spottail_tail_shiner; lawyer","BENZIE_CRYSTAL_SUMM_0001_1.jpeg","BENZIE_CRYSTAL_SUMM_0001_2.jpeg"
59070830,"L36827","129224103","BENZIE","GERRY",28,"August",1957,NA,"August",NA,"light","light","light","light",NA,NA,10.058,NA,NA,11.331,NA,60,NA,0,NA,0,NA,0,NA,0,NA,NA,0,NA,NA,NA,NA,NA,NA,NA,NA,NA,NA,NA,NA,3.657,10.058,"yes",20.556,NA,8.778,NA,8.6,NA,7.2,6.6,2.2,NA,0,0,0,0,0,0,0,0,0,0,0,0,0,0,0,0,0,0,0,0,0,0,0,0,0,0,0,0,0,0,0,0,0,0,NA,"BENZIE_GERRY_SUMM_0001_1.jpeg","BENZIE_GERRY_SUMM_0001_2.jpeg"
59070831,"L38301","129224200","BENZIE","HERRINGLOWER",22,"August",1955,27,"August",1955,"heavy","heavy","heavy","heavy",NA,NA,20.421,2.286,NA,182.113,NA,20,NA,2,NA,1,NA,48,NA,1,NA,NA,145,193,NA,NA,1.524,NA,"yes",NA,"yes","yes",NA,"would stop fish movements in summer, rainbow trout and walleye are said to enter in the spring. there is a fish ladder over dam. see further reports on ""notes"" card.",NA,9.144,NA,NA,22.222,23.889,12.222,NA,7.5,7.3,5.5,1.2,0.3,0,1,0,1,0,0,1,1,0,0,0,1,0,0,1,0,1,0,0,1,1,0,0,0,1,1,1,0,1,1,1,1,1,1,1,"white_bass_longear_sunfish; mimie_sand_sportail_emerald_shiner_emerald_shiner_logperch_creeks_chub_troutperch; redhorse","BENZIE_HERRINGLOWER_SUMM_0001_1.jpeg","BENZIE_HERRINGLOWER_SUMM_0001_2.jpeg"
59070832,"L39065","129224547","BENZIE","LONG",15,"July",1952,NA,NA,NA,"medium","light","medium","light",NA,NA,6.096,NA,NA,20.235,NA,80,NA,1,NA,4,NA,25,NA,0,NA,NA,NA,NA,NA,NA,NA,NA,NA,NA,NA,NA,NA,NA,"no",NA,NA,NA,NA,NA,NA,NA,NA,NA,NA,NA,NA,NA,0,0,0,0,0,1,1,0,0,0,0,0,0,0,0,0,0,0,0,0,0,1,0,0,1,0,0,0,0,0,0,0,0,1,NA,"BENZIE_LONG_SUMM_0001_1.jpeg","BENZIE_LONG_SUMM_0001_2.jpeg"
59070833,"L42175","129224203","BENZIE","HERRINGUPPER",26,"August",1955,1,"September",1955,"heavy","medium","mediumtoheavy","medium",NA,NA,7.924,1.219,NA,218.535,NA,35,NA,2,NA,0,NA,20,NA,0,NA,NA,157,159,NA,NA,NA,NA,"no",NA,NA,"no",NA,NA,NA,NA,NA,NA,24.444,NA,23.333,NA,7.8,NA,NA,NA,7.3,NA,1,0,0,0,0,1,1,0,0,0,0,0,1,0,0,0,0,0,0,1,0,0,1,1,1,1,0,1,1,0,1,1,0,1,"longear_sunfish; sand_and_spottail_shiner","BENZIE_HERRINGUPPER_SUMM_0001_1.jpeg","BENZIE_HERRINGUPPER_SUMM_0001_2.jpeg"
59070834,"L14833","129223633","BENZIE","RICES",15,"August",1953,15,"August",1953,"medium","none","medium","none",NA,NA,4.572,NA,NA,4.047,NA,100,NA,1,NA,1,NA,0,NA,0,NA,NA,NA,NA,NA,NA,4.572,NA,"yes",NA,"yes","yes",NA,"complete barrier","yes",NA,NA,NA,18.889,NA,NA,NA,NA,NA,NA,NA,NA,NA,0,0,0,0,0,0,0,0,0,1,0,0,0,0,0,0,0,0,0,0,0,0,0,0,0,0,1,0,0,0,0,1,0,0,"muddlers_and_sticklebacks; suckers","BENZIE_RICES_SUMM_0001_1.jpeg","BENZIE_RICES_SUMM_0001_2.jpeg"
59070835,"L39774","129225363","BENZIE","SHORTER",5,"May",1957,NA,"May",NA,"medium","light","medium","light",NA,NA,6.096,NA,NA,4.047,NA,NA,NA,0,NA,0,NA,0,NA,0,NA,NA,NA,NA,NA,NA,NA,NA,"no",NA,NA,"none",NA,NA,NA,NA,NA,NA,NA,NA,NA,NA,NA,NA,NA,NA,NA,NA,0,0,1,0,0,1,0,0,0,0,0,0,0,0,0,0,0,0,0,0,0,1,0,0,0,0,0,0,0,0,0,0,0,1,NA,"BENZIE_SHORTER_SUMM_0001_1.jpeg","BENZIE_SHORTER_SUMM_0001_2.jpeg"
59070836,"L40255","129224548","BENZIE","ROUND",8,"July",1940,11,"July",1940,"heavy","light","heavy","light",NA,NA,19.811,4.267,NA,38.284,NA,20,NA,1,NA,0,NA,0,NA,0,NA,NA,139,150,NA,1.48,NA,NA,"no",NA,NA,"none",NA,"----------","yes",7.315,9.144,NA,22,23.5,8.3,NA,9.1,9.6,NA,NA,6.1,0.4,1,0,0,0,1,1,1,1,0,0,1,0,0,0,0,0,0,0,0,1,0,1,0,0,1,0,0,1,1,0,0,1,0,1,"longeared_sunfish_smelt; minnow_strawcolour_shiner_log_perch_creek_chub_log_perch_rosyface_shiner; silver_mullet","BENZIE_ROUND_SUMM_0001_1.jpeg","BENZIE_ROUND_SUMM_0001_2.jpeg"
59070837,"L42266","129224113","BENZIE","PEARL",16,"December",1957,18,"December",1957,"medium","light","medium","light",NA,NA,NA,NA,NA,202.347,NA,100,NA,0,NA,0,NA,5,NA,0,NA,NA,NA,NA,NA,NA,NA,NA,"no",NA,NA,"none",NA,NA,NA,NA,NA,NA,NA,NA,NA,NA,NA,NA,NA,NA,NA,NA,0,0,0,0,0,1,0,0,0,0,0,0,0,0,0,0,0,0,0,0,0,1,0,0,1,0,0,0,0,0,0,0,0,1,"no_observations","BENZIE_PEARL_SUMM_0001_1.jpeg","BENZIE_PEARL_SUMM_0001_2.jpeg"
59070838,"L38395","129223861","BENZIE","PLATTEBIG",26,"June",1940,5,"July",1940,"heavy","light","heavy","light",NA,NA,27.431,3.048,3.353,1018.292,NA,35,NA,6,NA,6,NA,165,NA,0,NA,NA,129,156,NA,1.3,NA,NA,"no",NA,NA,"none",NA,NA,"yes",9.144,12.801,NA,19.8,11.1,11.6,10.2,8.3,8.3,NA,NA,6.6,3.1,0,0,0,0,1,0,1,1,0,1,1,1,0,1,0,1,0,0,1,1,0,0,1,1,1,0,1,1,1,0,0,1,0,1,"trout; straw_color_shiner_log__nose_shiner_spottail_shiner_log_perch_rosy_face_shiner_blacknose_minnow_spottail_shiner_trout_perch","BENZIE_PLATTEBIG_SUMM_0001_1.jpeg","BENZIE_PLATTEBIG_SUMM_0001_2.jpeg"
59070839,"L36825","129225367","BENZIE","STEVENS",19,"August",1958,NA,"August",NA,"light","light","light","light",NA,NA,16.458,4.572,NA,18.211,NA,10,NA,0,NA,0,NA,3,NA,0,NA,NA,18,14,NA,NA,NA,NA,"no",NA,NA,"none",NA,NA,NA,6.096,9.906,NA,22.1,NA,8.5,NA,8.5,NA,0.6,NA,0.6,NA,0,0,0,0,0,1,0,0,0,0,0,0,0,0,0,0,0,0,0,0,0,1,0,0,0,0,0,0,0,0,0,0,0,1,NA,"BENZIE_STEVENS_SUMM_0001_1.jpeg","BENZIE_STEVENS_SUMM_0001_2.jpeg"
59070840,"L31406","155636626","BERRIEN","BLACK",7,"August",1956,7,"August",1956,"light","light","light","light",NA,NA,7.01,NA,NA,4.047,NA,20,NA,1,NA,0,NA,0,NA,0,NA,NA,NA,NA,NA,NA,NA,NA,"no",NA,NA,"no",NA,NA,NA,3.048,6.096,NA,25.556,NA,10.444,NA,9.6,NA,5.4,0.8,0,NA,0,0,1,0,0,1,0,0,0,0,0,0,0,0,1,0,0,0,0,0,0,1,0,0,1,1,0,0,0,0,0,0,0,0,NA,"BERRIEN_BLACK_SUMM_0001_1.jpeg","BERRIEN_BLACK_SUMM_0001_2.jpeg"
59070841,"L28891","121206513","BERRIEN","DAYTON",NA,"September",1952,NA,"September",1952,"medium","heavy","medium","heavy",NA,NA,NA,NA,NA,32.376,NA,NA,NA,1,NA,0,NA,NA,NA,0,NA,NA,NA,NA,NA,NA,NA,NA,NA,NA,NA,NA,NA,NA,NA,NA,NA,NA,NA,NA,NA,NA,NA,NA,NA,NA,NA,NA,0,0,1,0,0,0,0,0,0,0,0,0,0,0,0,0,0,0,0,0,0,0,0,0,1,0,0,0,0,0,0,0,0,1,"crappies","BERRIEN_DAYTON_SUMM_0001_1.jpeg","BERRIEN_DAYTON_SUMM_0001_2.jpeg"
59070842,"L25052","155638505","BERRIEN","CLEAR",13,"June",1955,14,"June",1955,"light","light","lightbecauseofpoorfishing","light",NA,NA,3.048,0.762,NA,10.117,NA,100,NA,0,NA,0,NA,4,NA,0,NA,NA,12,NA,NA,NA,NA,NA,NA,NA,NA,NA,NA,NA,NA,NA,NA,NA,NA,NA,NA,NA,4.6,NA,NA,NA,NA,NA,0,1,0,0,0,0,0,0,0,0,0,0,0,0,0,0,1,0,0,0,0,0,0,0,0,0,0,0,0,0,0,0,0,0,NA,"BERRIEN_CLEAR_SUMM_0001_1.jpeg","BERRIEN_CLEAR_SUMM_0001_2.jpeg"
59070843,"L25896","155637211","BERRIEN","CURTIS",11,"August",1950,NA,"August",NA,"light","light","light","light",NA,NA,NA,NA,NA,10.117,NA,50,NA,1,NA,0,NA,0,NA,0,NA,NA,38,39,NA,NA,NA,NA,NA,NA,NA,NA,NA,NA,"yes",3.048,6.096,NA,22.778,NA,10.556,NA,9.3,7.7,NA,NA,1.5,0,0,0,0,0,0,1,0,0,0,0,0,0,1,0,0,0,0,0,0,0,0,1,0,0,0,0,0,0,0,0,0,0,0,1,"sunfish_bullheads","BERRIEN_CURTIS_SUMM_0001_1.jpeg","BERRIEN_CURTIS_SUMM_0001_2.jpeg"
59070844,"L48250",NA,"BERRIEN","NILES",10,"August",1939,10,"August",1939,"light","light","light","light",NA,NA,3.962,1.676,NA,NA,NA,100,NA,1,4,0,NA,0,NA,0,NA,NA,170,NA,NA,NA,6.4,NA,"yes",NA,"yes","yes",NA,"acts as a barrier - no fishway","no",NA,NA,NA,20.6,NA,18.6,NA,5.6,NA,NA,NA,NA,NA,0,0,0,0,0,0,0,0,0,0,0,0,0,0,0,0,0,0,0,0,0,0,0,0,0,0,0,0,0,0,0,0,0,0,NA,"BERRIEN_NILES_SUMM_0001_1.jpeg","BERRIEN_NILES_SUMM_0001_2.jpeg"
59070845,"L26207","155636047","BERRIEN","PAWPAWBIG",18,"August",1954,18,"August",1954,"light","medium","light","medium",NA,NA,27.431,2.286,NA,346.823,NA,10,NA,10,NA,25,NA,200,NA,15,NA,NA,153,NA,NA,NA,NA,NA,"no",NA,"no","none",NA,"none",NA,5.334,9.144,NA,23.889,NA,8.444,NA,7.6,7.4,5.2,0,0,NA,0,0,1,0,0,1,0,1,0,0,0,0,0,0,1,0,0,0,0,0,1,1,0,0,1,1,0,0,0,1,1,1,0,1,"crappies; chub_suckers","BERRIEN_PAWPAWBIG_SUMM_0001_1.jpeg","BERRIEN_PAWPAWBIG_SUMM_0001_2.jpeg"
59070846,"L17977","{5D546699-849F-4A65-A69E-173675EA878F}","BRANCH","ARCHER",16,"July",1948,19,"July",1948,"medium","light","medium","light",NA,NA,10.972,3.353,NA,25.9,NA,25,NA,0,NA,0,NA,3,NA,0,NA,NA,176,213,NA,1.9,NA,NA,"no",NA,"no","none",NA,"none","yes",3.048,6.096,NA,26.111,NA,10.556,NA,7.4,5.6,5.6,1.1,1.1,0,0,0,1,0,0,1,1,1,0,0,1,0,0,0,0,0,0,0,0,1,0,1,0,0,1,0,0,0,0,0,0,0,1,1,"warmouth_bass_green_sunfish; skipjack","BRANCH_ARCHER_SUMM_0001_1.jpeg","BRANCH_ARCHER_SUMM_0001_2.jpeg"
59070847,"L23034","155636516","BERRIEN","PIPESTONE",18,"May",1955,18,"May",1955,"medium","heavy","medium","heavy",NA,NA,8.534,NA,NA,50.587,NA,NA,NA,2,NA,1,NA,50,NA,0,NA,NA,NA,NA,NA,NA,0.152,NA,"yes",NA,"no","driven sheet pile",NA,"none",NA,NA,NA,NA,19.444,NA,NA,NA,NA,NA,NA,NA,NA,NA,0,0,1,0,0,1,0,1,0,0,0,0,0,0,1,0,1,0,0,0,0,1,0,0,1,0,0,0,0,0,0,1,0,1,"crappies_sunfish","BERRIEN_PIPESTONE_SUMM_0001_1.jpeg","BERRIEN_PIPESTONE_SUMM_0001_2.jpeg"
59070848,"L26634","155637457","BERRIEN","SINGER",12,"August",1953,NA,NA,NA,"medium","light","medium","light",NA,NA,10.667,NA,NA,24.282,NA,NA,NA,0,NA,0,NA,3,NA,0,NA,NA,NA,NA,NA,NA,NA,NA,"no",NA,NA,"no",NA,NA,"yes",3.048,8.229,NA,26.111,NA,8.889,NA,6.8,NA,NA,NA,NA,NA,0,0,0,0,0,1,0,1,0,0,0,0,0,0,1,0,0,0,0,0,0,1,1,0,0,1,0,0,0,1,0,0,0,1,"gar_carp_specified","BERRIEN_SINGER_SUMM_0001_1.jpeg","BERRIEN_SINGER_SUMM_0001_2.jpeg"
59070849,"L18655","155637174","BRANCH","BARTHOLOMEW",30,"July",1948,30,"July",1948,"medium","light","medium","light",NA,NA,17.068,3.353,NA,30.352,NA,30,NA,1,NA,1,NA,10,NA,0,NA,NA,174,185,NA,1.5,NA,NA,"no",NA,NA,"none",NA,NA,NA,3.048,6.096,NA,22.778,23.333,9.444,13.333,8.1,2,4.4,2,1.3,1.7,0,0,1,0,1,1,0,1,0,0,0,0,0,1,0,0,0,0,0,0,0,1,0,0,1,1,0,1,0,1,0,1,1,1,"cisco","BRANCH_BARTHOLOMEW_SUMM_0001_1.jpeg","BRANCH_BARTHOLOMEW_SUMM_0001_2.jpeg"
59070850,"L48271","155636544","BRANCH","CRAIG",20,"June",1938,28,"June",1938,"medium","medium","medium","medium",NA,NA,7.62,1.524,NA,60.138,NA,15,NA,2,NA,1,NA,5,NA,0,NA,NA,162,222,NA,2.9,NA,NA,"no",NA,NA,"none",NA,NA,"yes",0.61,NA,NA,21.9,23.7,11.8,21.2,1.9,9.5,NA,NA,0,1.9,0,0,1,1,1,1,0,1,0,0,1,0,0,0,0,1,1,0,1,0,1,1,0,0,1,1,0,1,0,0,0,1,1,1,"warmouth_bass_le_sunfish_sunfish; pug_nose_shiner_mud_minnow_log_perch_two_spot_top_minnow_log_perch; chub_sucker; shortnose_nose_gar_shortnosed","BRANCH_CRAIG_SUMM_0001_1.jpeg","BRANCH_CRAIG_SUMM_0001_2.jpeg"
59070851,"L20383","155636995","BRANCH","MARBLE",NA,"July",1948,NA,NA,NA,"heavy","medium","heavy","medium",NA,NA,18.287,0.914,3.048,315.662,NA,40,NA,1,NA,1,NA,NA,NA,0,NA,NA,148,231,NA,4,0.406,NA,"yes",NA,"no","yes",NA,"none. has sluceway, permits fish to travel upstream.",NA,6.096,9.144,NA,22.778,26.111,10.556,11.111,8.6,7.8,7.8,0.9,0.9,0,0,0,1,0,0,1,1,1,0,0,1,0,0,0,0,0,0,0,0,0,0,1,0,0,1,1,0,1,0,0,0,0,1,1,"skip_jacks; garpike","BRANCH_MARBLE_SUMM_0001_1.jpeg","BRANCH_MARBLE_SUMM_0001_2.jpeg"
59070852,"L15905","155636571","BRANCH","GOODRICH",23,"June",1941,24,"June",1941,"medium","medium","medium","medium",NA,NA,11.277,2.286,2.743,36.503,NA,40,NA,0,NA,0,NA,20,NA,0,NA,NA,134,192,NA,1.72,NA,NA,"no",NA,NA,"none",NA,NA,"yes",NA,NA,NA,25,29.4,10.3,12.7,8.4,9.4,NA,NA,0,2.5,0,0,1,0,0,1,1,1,1,0,1,0,0,0,1,0,0,0,0,0,0,1,1,0,1,1,0,0,0,0,0,1,1,1,"warmouth_bass_green_sunfish; mullet_carp; shortnose_nose_gar","BRANCH_GOODRICH_SUMM_0001_1.jpeg","BRANCH_GOODRICH_SUMM_0001_2.jpeg"
59070853,"L18295","155637293","BRANCH","LOON",4,"August",1948,5,"August",1948,"medium","light","medium","light",NA,NA,4.877,2.438,NA,2.023,NA,95,NA,0,NA,0,NA,NA,NA,0,NA,NA,184,189,NA,1,NA,NA,"no",NA,"no","none",NA,"none",NA,NA,NA,NA,23.889,NA,19.278,NA,6.7,4.8,NA,NA,NA,NA,1,0,1,0,0,1,0,1,0,0,0,0,0,0,0,0,0,0,0,0,1,1,0,0,1,1,0,0,0,1,0,0,1,1,"warmouth","BRANCH_LOON_SUMM_0001_1.jpeg","BRANCH_LOON_SUMM_0001_2.jpeg"
59070854,"L18295","155637293","BRANCH","MUDT",4,"August",1948,5,"August",1948,"heavy","light","heavy","light",NA,NA,7.01,2.743,NA,10.927,NA,50,NA,1,NA,NA,NA,0,NA,0,NA,NA,182,239,NA,1.8,NA,NA,"no",NA,NA,"none",NA,NA,NA,3.048,6.096,NA,21.667,NA,10.556,13.889,7.3,NA,7.3,1.1,0,NA,1,0,1,0,0,1,0,0,0,0,0,0,0,0,0,0,0,0,0,0,0,1,0,0,1,1,0,0,0,0,0,0,0,1,"warmouth_bass_green_sunfish_mud_pickerel","BRANCH_MUDT7SR6WS13_SUMM_0001_1.jpeg","BRANCH_MUDT7SR6WS13_SUMM_0001_2.jpeg"
59070856,"L22380","155636696","BRANCH","LONGT",18,"June",1941,19,"June",1941,"heavy","medium","heavy","medium",NA,NA,13.715,2.133,NA,49.777,NA,40,NA,1,NA,0,NA,2,NA,0,NA,NA,162,234,NA,2.21,NA,NA,"no",NA,NA,"none",NA,NA,"yes",3.048,6.858,NA,22.5,24.7,7.1,8,8.4,11.7,NA,NA,0,0.7,0,0,1,0,0,1,0,1,0,0,1,0,0,1,0,0,1,0,0,0,0,1,0,0,1,1,0,0,0,0,0,0,1,1,"perch_warmouth_green_sunfish; skipjack_top_minnow_mud_minnow; garpike","BRANCH_LONGT7SR6W_SUMM_0001_1.jpeg","BRANCH_LONGT7SR6W_SUMM_0001_2.jpeg"
59070857,"L48323","155636699","BRANCH","RANDALL",1,"July",1938,11,"July",1938,"heavy","heavy","heavy","heavy",NA,NA,11.887,1.778,1.88,207.73,NA,15,NA,2,NA,1,NA,24,NA,1,NA,NA,160,231,NA,2.7,NA,NA,"no",NA,NA,"no",NA,NA,"yes",2.438,9.144,NA,22.4,26.8,14.5,20.1,0,9.5,NA,NA,0,NA,0,0,1,0,0,1,1,1,1,0,1,0,1,0,0,1,1,0,1,1,1,1,0,0,1,1,0,1,0,0,0,0,1,1,"sunfish_hybrids_pserd; log_perch_pugnosed_nosed_shiner_spot_tail; warmouth; gar_mud_pickerel","BRANCH_RANDALL_SUMM_0001_1.jpeg","BRANCH_RANDALL_SUMM_0001_2.jpeg"
59070858,"L21443","155636544","BRANCH","MORRISON",16,"June",1941,17,"June",1941,"heavy","light","heavy","light",NA,NA,14.02,3.048,NA,116.714,NA,30,NA,2,NA,1,NA,90,NA,0,NA,NA,158,206,NA,1.93,NA,NA,"no",NA,NA,"none",NA,NA,"yes",3.048,9.906,NA,19.5,20.3,8.7,NA,7.7,8.8,NA,NA,0,0.2,1,0,1,1,0,1,1,1,0,0,1,0,0,0,0,0,1,0,1,1,1,1,1,0,1,1,0,1,0,0,0,0,1,1,"green_sunfish_warmouth_bass_mud_pickerel_sunfish_hybrids; skipjacks_log_perchm_stickleback_longnosed_shiners; shortnosed_nosed_gar","BRANCH_MORRISON_SUMM_0001_1.jpeg","BRANCH_MORRISON_SUMM_0001_2.jpeg"
59070859,"L48322","155636795","BRANCH","MESSENGER",13,"June",1941,14,"June",1941,"heavy","heavy","heavy","heavy",NA,NA,4.572,2.438,NA,21.773,NA,75,NA,1,NA,1,NA,3,NA,0,NA,NA,155,156,NA,1.52,NA,NA,"no",NA,"no","none",NA,"none","no",NA,NA,NA,19.5,NA,17.1,NA,9.2,9.9,NA,NA,NA,NA,0,0,1,0,0,1,0,1,0,0,1,0,0,0,0,1,1,0,1,0,1,1,0,0,1,1,0,1,0,0,0,1,1,1,"warmouth_bass_mud_pike_green_sunfish_pumpkinseedbluegill__bluegill_hybrid; lake_chub_chubsuckers_skipjacks; moxostoma_sp; gar_pike_mud_pickerel","BRANCH_MESSENGER_SUMM_0001_1.jpeg","BRANCH_MESSENGER_SUMM_0001_2.jpeg"
59070860,"L22830","155636795","BRANCH","SOUTH",10,"June",1941,13,"June",1941,"heavy","heavy","heavy","heavy",NA,NA,5.486,1.676,NA,47.673,NA,75,NA,0,NA,0,NA,0,NA,0,NA,NA,113,224.8,NA,2.58,NA,NA,"no",NA,"no","none (navigable channel).",NA,"none","no",NA,NA,NA,17.9,19.8,17.3,17.9,3,11.3,NA,NA,NA,NA,0,0,1,0,0,1,0,1,0,0,1,0,0,0,0,1,1,0,0,0,1,1,0,0,1,1,0,0,0,0,0,1,1,1,"warmouth_bass_hybrids; lake_chubsuckers; moxostoma_spelling_queried; gar_handwritten","BRANCH_SOUTH_SUMM_0001_1.jpeg","BRANCH_SOUTH_SUMM_0001_2.jpeg"
59070867,"L15586","152517999","KALAMAZOO","GOSLINS",3,"September",1939,6,"September",1939,"light","none","light","none",NA,NA,3.657,1.219,1.524,2.064,NA,100,NA,0,NA,0,NA,1,NA,0,NA,NA,198,205,NA,1.3,NA,NA,"no",NA,NA,"no",NA,NA,"yes",2.133,2.743,NA,21.4,NA,18.8,NA,4.7,5,NA,NA,0,NA,0,0,1,0,0,1,0,1,0,0,0,0,0,0,0,1,1,0,0,0,0,1,0,0,1,1,0,0,0,0,0,1,0,0,NA,"Kalamazoo_Goslins_SUMM_003.jpg","Kalamazoo_Goslins_SUMM_004.jpg"
59070948,"L17484","82817208","LAKE","LS BIGANDLITTLE",8,"August",1956,NA,NA,NA,"medium","medium","medium","medium",NA,NA,12.801,4.267,NA,28.126,NA,NA,NA,NA,NA,NA,NA,56,NA,NA,NA,NA,72,82.5,NA,NA,NA,NA,NA,NA,NA,NA,NA,NA,NA,4.572,6.858,NA,24.278,NA,9,NA,9,NA,8.3,6.8,2,0.53,0,0,1,0,0,1,0,0,0,0,0,0,0,0,0,0,1,0,0,0,0,1,0,0,0,1,0,0,0,0,0,0,0,1,"crappies","Lake_Ls BigandLittle_SUMM_005.jpg","Lake_Ls BigandLittle_SUMM_006.jpg"
59070974,"L41346","129224096","LEELANAU","ARMSTRONG",9,"June",1965,9,"June",1965,"medium","light","medium","light",NA,NA,NA,NA,NA,NA,NA,NA,NA,0,NA,0,NA,3,NA,0,NA,NA,NA,NA,NA,NA,NA,NA,NA,NA,NA,NA,NA,NA,NA,NA,NA,NA,NA,NA,NA,NA,NA,NA,NA,NA,NA,NA,0,0,0,0,0,1,0,0,0,0,0,0,0,0,0,0,0,0,0,0,0,1,0,0,0,0,0,0,0,0,0,1,0,1,"suckers","Leelanau_Armstrong_SUMM_005.jpg","Leelanau_Armstrong_SUMM_006.jpg"
59070975,"L41631","129224761","LEELANAU","BASS",23,"June",1958,23,"June",1958,"medium","light","medium","light",NA,NA,NA,NA,NA,40.469,NA,100,NA,0,NA,0,NA,10,NA,0,NA,NA,NA,NA,NA,NA,NA,NA,"no",NA,NA,"no",NA,NA,NA,NA,NA,NA,NA,NA,NA,NA,NA,NA,NA,NA,NA,NA,0,0,0,0,0,1,0,0,0,0,0,0,0,0,0,0,0,0,0,0,0,1,0,0,0,1,0,0,0,0,0,1,0,1,NA,"Leelanau_Bass_SUMM_003.jpg","Leelanau_Bass_SUMM_004.jpg"
59070976,"L42559","{879A31EB-582B-4C64-B70A-9EDAC0D6C359}","LEELANAU","BAR",19,"August",1958,19,"August",1958,"light","light","light","light",NA,NA,9.144,2.133,NA,6.07,NA,NA,NA,0,NA,0,NA,0,NA,0,NA,NA,NA,NA,NA,NA,NA,NA,"no",NA,NA,"none",NA,NA,"yes",7.62,9.144,"yes",NA,NA,16.667,NA,NA,NA,NA,NA,NA,NA,0,0,0,0,0,0,0,0,0,0,0,0,0,0,0,0,0,0,0,0,0,0,0,0,0,0,0,0,0,0,0,0,0,0,NA,"Leelanau_Bar_SUMM_002.jpg","Leelanau_Bar_SUMM_003.jpg"
59070977,"L42268","155417392","LEELANAU","BASS",28,"August",1958,NA,"August",NA,"medium","light","medium","light",NA,NA,NA,1.524,NA,16.188,NA,NA,NA,0,NA,0,NA,0,NA,0,NA,NA,NA,NA,NA,NA,NA,NA,"no",NA,NA,"none",NA,NA,NA,NA,NA,NA,NA,NA,NA,NA,NA,NA,NA,NA,NA,NA,0,0,0,0,0,1,0,0,0,0,0,0,0,0,0,0,0,0,0,0,0,1,0,0,0,0,0,0,1,0,0,0,0,1,NA,"Leelanau_Bass31N_11W_S27-28_SUMM_002.jpg","Leelanau_Bass31N_11W_S27-28_SUMM_003.jpg"
59070979,"L15592","155417509","LEELANAU","CEDAR",19,"August",1954,19,"August",1954,"medium","light","medium","light",NA,NA,14.02,NA,NA,101.983,NA,NA,NA,2,NA,2,NA,30,NA,0,NA,NA,150,160,NA,NA,6.096,NA,"yes",NA,"yes","yes",NA,"complete barrier","yes",7.62,9.144,NA,21.111,NA,13,NA,NA,NA,NA,NA,NA,NA,0,0,0,0,0,1,0,0,0,0,0,0,0,1,0,0,0,0,0,0,0,1,0,0,1,0,0,0,1,0,0,1,0,1,"muskies_muskies_and_smelt; large_minnow_population_reported; suckers","Leelanau_Cedar_SUMM_018.jpg","Leelanau_Cedar_SUMM_019.jpg"
59070980,"L15592","155417509","LEELANAU","CEDAR",16,"June",1965,16,"June",1965,"heavy","heavy","heavy","heavy",NA,NA,13.715,NA,NA,101.983,NA,NA,NA,1,NA,0,NA,30,NA,0,NA,NA,NA,NA,NA,NA,3.657,NA,"yes",NA,"yes","yes",NA,"heavier",NA,NA,NA,NA,NA,NA,NA,NA,NA,NA,NA,NA,NA,NA,0,0,0,0,0,1,0,0,0,0,0,0,0,0,0,0,0,0,0,0,0,1,0,0,0,1,0,0,1,0,0,0,0,1,NA,"Leelanau_Cedar_SUMM_020.jpg","Leelanau_Cedar_SUMM_021.jpg"
59070981,"L37933","129225360","LEELANAU","DAVIS",16,"August",1958,16,"August",1958,"light","light","light","light",NA,NA,12.191,1.829,NA,6.07,NA,50,NA,0,NA,0,NA,0,NA,0,NA,NA,30,40,NA,NA,NA,NA,"no",NA,"no","none",NA,"none","yes",6.096,10.667,NA,24.1,NA,12.3,NA,8.2,NA,0.4,NA,NA,NA,0,0,0,0,0,1,0,0,0,0,0,0,0,0,0,0,0,0,0,0,0,1,0,0,1,0,0,0,0,0,0,0,0,1,"unidentified_shiney","Leelanau_Davis_SUMM_005.jpg","Leelanau_Davis_SUMM_006.jpg"
59070982,"L37933","129225360","LEELANAU","DAVIS",8,"June",1965,NA,"June",NA,"medium","light","medium","light",NA,NA,NA,NA,NA,NA,NA,NA,NA,0,NA,0,NA,1,NA,0,NA,NA,NA,NA,NA,NA,NA,NA,"no",NA,NA,"0",NA,NA,NA,NA,NA,NA,NA,NA,NA,NA,NA,NA,NA,NA,NA,NA,0,0,0,0,0,0,0,0,0,0,0,0,0,0,0,0,0,0,0,0,0,0,0,0,0,0,1,0,0,0,0,0,0,0,NA,"Leelanau_Davis_SUMM_007.jpg","Leelanau_Davis_SUMM_008.jpg"
59070983,"L39812","129224091","LEELANAU","GILBERT",19,"July",1961,19,"July",1961,"light","light","light","light",NA,NA,8.229,NA,NA,1.619,NA,40,NA,0,NA,0,NA,0,NA,0,NA,NA,NA,NA,NA,NA,NA,NA,"no",NA,NA,"none",NA,NA,NA,NA,NA,NA,23.889,NA,20,NA,NA,NA,NA,NA,NA,NA,0,0,0,0,0,0,0,0,0,0,0,0,0,0,0,0,0,0,0,0,0,1,0,0,0,1,0,1,0,0,0,0,0,1,"green_sunfish","Leelanau_Gilbert_SUMM_003.jpg","Leelanau_Gilbert_SUMM_004.jpg"
59070984,"L42876","129226201","LEELANAU","GLENBIG)",NA,"August",1949,NA,"August",1949,"light","light","light","light",NA,NA,39.622,6.096,NA,1968.839,NA,18,NA,5,NA,10,NA,200,NA,3,NA,NA,135,155,NA,1.8,1.524,NA,"no",NA,"no","near seeburgs sec. 23. glen arbor",NA,"no effect except for the few which might go over it or up it.","yes",12.191,13.715,NA,24.444,NA,6.111,NA,7.6,NA,8,NA,11.3,2.6,0,0,0,0,0,0,1,1,0,0,0,0,0,1,1,1,0,0,0,1,0,1,0,0,1,0,0,1,1,0,0,1,0,1,"lake_trout; logperch_perch_spottail_tail_shiner; gars","Leelanau_GlenBig)_SUMM_019.jpg","Leelanau_GlenBig)_SUMM_020.jpg"
59070985,"L42876","129226201","LEELANAU","GLENLITTLE)",30,"June",1965,30,"June",1965,"heavy","heavy","heavy","heavy",NA,NA,6.096,NA,NA,52.61,NA,NA,NA,NA,NA,NA,NA,150,NA,0,NA,NA,NA,NA,NA,NA,NA,NA,NA,NA,NA,NA,NA,NA,NA,NA,NA,NA,NA,NA,NA,NA,NA,NA,NA,NA,NA,NA,0,0,0,0,0,1,0,0,0,0,0,0,0,0,0,0,0,0,0,0,0,1,0,0,0,0,0,0,1,0,0,1,0,1,"suckers","Leelanau_GlenLittle)_SUMM_007.jpg","Leelanau_GlenLittle)_SUMM_008.jpg"
59070986,"L42876","129226201","LEELANAU","GLENLITTLE)",NA,"August",1949,NA,NA,NA,"light","light","light","light",NA,NA,3.962,3.353,NA,566.572,NA,100,NA,1,NA,4,NA,100,NA,1,NA,NA,109,NA,NA,2.1,1.524,NA,"yes",NA,"no","near seeburgs landing. sec. 23 glen arbor",NA,"no effect except for the few which might go over it or up it.",NA,NA,NA,NA,24.444,NA,24.444,NA,7.3,8.3,NA,NA,NA,NA,0,1,0,0,1,0,1,1,0,0,0,0,0,0,0,1,0,0,0,1,0,1,0,0,1,0,0,1,1,0,0,1,1,1,"sand_shiner_spottail_shiner_mudminnow","Leelanau_GlenLittle)_SUMM_009.jpg","Leelanau_GlenLittle)_SUMM_010.jpg"
59070987,"L39328","129226232","LEELANAU","LEELANAUSOUTH)",NA,"July",1949,NA,NA,NA,"medium","light","medium","light",NA,NA,18.897,2.743,NA,2173.209,NA,44,NA,2,NA,12,NA,200,NA,NA,NA,NA,151,149,NA,4.4,3.353,NA,"yes",NA,"yes","at leland",NA,"stops fish movement up from lake michigan","yes",8.229,12.191,NA,24.444,28.333,14.444,NA,8.4,NA,6.4,5.9,3.9,3.4,0,1,0,1,0,1,1,1,0,0,1,0,0,0,0,0,1,0,1,1,0,1,1,1,1,1,0,1,1,0,0,1,0,1,"sand_shiner; sand_shiner_log_perch","Leelanau_LeelanauSouth)_SUMM_076.jpg","Leelanau_LeelanauSouth)_SUMM_077.jpg"
59070988,"L48444","129226232","LEELANAU","LEELANAULAKE)",25,"July",1949,15,"August",1949,"light","light","light","light",NA,NA,36.879,3.353,NA,1193.849,NA,35,NA,1,NA,3,NA,300,NA,NA,NA,NA,145,159,NA,6.1,3.353,NA,"yes",NA,"yes","at leland",NA,"stops fish movement from lake michigan in canal.","yes",9.144,10.667,NA,23.333,28.333,10.389,NA,8.1,8.5,8.5,NA,3.5,9,0,0,0,0,0,1,1,1,0,0,0,0,0,1,0,1,0,0,1,1,0,1,1,0,1,1,1,1,1,0,0,0,0,1,"lake_trout_suckers; sand_shiner_spottail_shiner_log_perch; suckers_lake_trout; lawyer","Leelanau_LeelanauLake)_SUMM_047.jpg","Leelanau_LeelanauLake)_SUMM_048.jpg"
59070989,"L6989","129225477","LEELANAU","LEG",29,"June",1965,29,"June",1965,"none","none","none","none",NA,NA,6.096,NA,NA,4.047,NA,NA,NA,1,NA,0,NA,0,NA,0,NA,NA,NA,NA,NA,NA,NA,NA,"no",NA,NA,"0",NA,NA,NA,NA,NA,NA,NA,NA,NA,NA,NA,NA,NA,NA,NA,NA,0,0,0,0,0,1,0,0,0,0,0,0,0,0,0,0,0,0,0,0,0,1,0,0,0,1,0,0,0,0,0,0,0,0,NA,"Leelanau_Leg_SUMM_003.jpg","Leelanau_Leg_SUMM_004.jpg"
59070990,"L39273","129224852","LEELANAU","LIME",7,"August",1947,12,"July",1948,"medium","light","medium","light",NA,NA,20.421,NA,NA,271.145,NA,NA,NA,2,NA,1,NA,6,NA,0,NA,NA,136,150,NA,NA,NA,NA,"no",NA,NA,"none",NA,NA,"yes",10.058,13.715,NA,23.889,NA,13.333,NA,7.74,NA,5.63,NA,3.6,2.55,0,0,0,0,0,1,0,0,0,0,0,0,0,0,0,1,0,0,0,0,0,1,0,0,1,0,0,1,1,0,1,1,0,1,NA,"Leelanau_Lime_SUMM_063.jpg","Leelanau_Lime_SUMM_064.jpg"
59070991,"L39273","129224852","LEELANAU","LIME",17,"June",1965,NA,"June",NA,"heavy","heavy","heavy","heavy",NA,NA,7.62,NA,NA,32.376,NA,NA,NA,1,NA,1,NA,35,NA,0,NA,NA,NA,NA,NA,NA,NA,NA,NA,NA,NA,NA,NA,NA,NA,NA,NA,NA,NA,NA,NA,NA,NA,NA,NA,NA,NA,NA,0,0,0,0,0,0,0,0,0,0,0,0,0,0,0,0,0,0,0,0,0,0,0,0,0,0,0,0,1,0,0,1,0,1,"sb_trout; alwines","Leelanau_Lime_SUMM_020.jpg","Leelanau_Lime_SUMM_021.jpg"
59070992,"L12145","155417345","LEELANAU","MUD",29,"June",1966,NA,"June",NA,"light","light","light","light",NA,NA,1.219,NA,NA,24.282,NA,0,NA,0,NA,0,NA,1,NA,0,NA,NA,NA,NA,NA,NA,NA,NA,NA,NA,NA,NA,NA,NA,NA,NA,NA,NA,NA,NA,NA,NA,NA,NA,NA,NA,NA,NA,0,0,0,0,0,0,0,0,0,0,0,0,1,0,0,0,0,0,0,0,0,0,0,0,0,0,0,0,0,0,0,0,0,0,"bull_heads","Leelanau_Mud_SUMM_003.jpg","Leelanau_Mud_SUMM_004.jpg"
59070993,"L37713","155417396","LEELANAU","OMENA",13,"October",1953,14,"October",1953,"light","light","light","light",NA,NA,4.572,NA,NA,8.094,NA,NA,NA,0,NA,1,NA,0,NA,0,NA,NA,NA,NA,NA,NA,NA,NA,NA,NA,NA,NA,NA,NA,NA,NA,NA,NA,NA,NA,NA,NA,NA,NA,NA,NA,NA,NA,0,1,0,0,0,0,0,0,0,0,0,0,0,0,0,0,0,0,0,0,0,0,0,0,0,0,0,0,0,0,0,1,0,1,"bass_black_bullhead","Leelanau_Omena_SUMM_003.jpg","Leelanau_Omena_SUMM_004.jpg"
59070994,"L41059","129224762","LEELANAU","SCHOOL",10,"June",1965,NA,"June",NA,"medium","light","medium","light",NA,NA,5.486,NA,NA,36.423,NA,NA,NA,0,NA,0,NA,5,NA,0,NA,NA,NA,NA,NA,NA,0.457,NA,NA,NA,"no",NA,NA,"none",NA,NA,NA,NA,NA,NA,NA,NA,NA,NA,NA,NA,NA,NA,0,0,0,0,0,1,0,0,0,0,0,0,1,0,0,0,0,0,0,0,0,1,0,0,1,0,0,0,0,0,0,1,0,0,"sun_fish; bullheads_heads; suckers","Leelanau_School_SUMM_008.jpg","Leelanau_School_SUMM_009.jpg"
59070995,"L38963","129224756","LEELANAU","SHELL",22,"August",1967,22,"August",1967,"medium","light","mediumpoor","lightpoor",NA,NA,6.096,NA,NA,NA,NA,60,NA,1,NA,1,NA,3,NA,NA,NA,NA,NA,NA,NA,NA,NA,NA,"no",NA,NA,"no",NA,NA,NA,NA,NA,NA,18.889,NA,NA,NA,NA,NA,NA,NA,NA,NA,0,0,0,0,0,1,0,0,0,0,0,0,0,0,0,0,0,0,0,0,0,1,0,0,0,0,0,0,0,0,0,0,0,1,"central_mudminnow","Leelanau_Shell_SUMM_004.jpg","Leelanau_Shell_SUMM_005.jpg"
59070996,"L42679","129225358","LEELANAU","SHISLER",10,"August",1953,NA,"August",NA,"light","light","light","light",NA,NA,6.705,NA,NA,6.07,NA,50,NA,0,NA,0,NA,0,NA,0,NA,NA,NA,NA,NA,NA,NA,NA,"no",NA,NA,"none",NA,NA,"no",NA,NA,NA,22.778,NA,16.667,NA,NA,NA,NA,NA,NA,NA,0,0,0,0,0,0,0,0,0,0,1,0,0,0,0,0,0,0,0,0,0,0,0,0,0,0,0,0,0,0,0,1,0,1,"sucker","Leelanau_Shisler_SUMM_007.jpg","Leelanau_Shisler_SUMM_008.jpg"
59070997,"L39510","129224769","LEELANAU","TUCKER",24,"June",1965,NA,"June",NA,"light",NA,"light",NA,NA,NA,4.572,NA,NA,3.238,NA,NA,NA,0,NA,0,NA,0,NA,0,NA,NA,NA,NA,NA,NA,NA,NA,NA,NA,NA,NA,NA,NA,NA,NA,NA,NA,NA,NA,NA,NA,NA,NA,NA,NA,NA,NA,0,0,0,0,0,1,0,0,0,0,0,0,0,0,0,0,0,0,0,0,0,1,0,0,1,0,0,0,0,0,0,1,0,0,"suckers","Leelanau_Tucker_SUMM_002.jpg","Leelanau_Tucker_SUMM_003.jpg"
59070998,"L16759","151874086","LENAWEE","ADRIAN",17,"September",1957,19,"September",1957,"medium","light","mediummostlyfromshore","light",NA,NA,6.705,0.914,NA,34.601,NA,95,NA,0,NA,0,NA,40,NA,0,NA,NA,200,267,NA,NA,7.62,NA,"yes",NA,"yes","yes",NA,"prevents upstream movement",NA,3.657,6.705,NA,20.444,21.667,11.444,NA,9.1,9.9,6.6,9.9,NA,NA,0,1,0,0,0,1,1,0,0,0,0,0,0,0,1,1,1,0,0,1,0,1,0,1,1,1,0,1,1,0,0,1,0,1,"warmouth_green_sunfish_longear_sunfish; redfin_shiner_rosyface_shiner_fathead_minnow_creek_chub_blackside_darter; redhorse_hog_sucker","Lenawee_Adrian_SUMM_006.jpg","Lenawee_Adrian_SUMM_007.jpg"
59070999,"L1250","151873960","LENAWEE","EVANS",26,"August",1948,31,"August",1948,"heavy","medium","heavy","medium",NA,NA,13.106,5.486,NA,81.344,NA,20,NA,1,NA,2,NA,125,NA,0,NA,NA,124,159,NA,1.8,0.61,NA,"yes",NA,"yes","yes",NA,"constructed to stop carp",NA,4.572,7.62,NA,27.222,28.333,11.111,12.222,8.8,6.8,6.6,0.3,0.3,3,0,0,1,0,0,1,0,0,0,0,0,0,0,0,1,0,1,0,0,0,1,1,0,0,0,1,0,1,0,0,0,0,0,1,"warmouth_bass; see_fish; carp","Lenawee_Evans_SUMM_007.jpg","Lenawee_Evans_SUMM_008.jpg"
59071000,"L6569","152335370","LENAWEE","DEVILS",12,"July",1950,21,"July",1950,"heavy","medium","heavy","medium",NA,NA,19.201,3.81,NA,538.244,NA,60,NA,8,NA,6,NA,700,NA,1,NA,NA,111,149,NA,NA,0.914,NA,"yes",NA,"yes","yes",NA,"prevents passage of fish into lake except during high high-water stages.",NA,9.144,10.667,NA,22.778,NA,12,13.2,7.2,6.3,3.7,0.3,0,NA,1,0,0,1,1,1,1,1,1,0,1,0,0,0,1,0,1,0,1,1,1,1,1,0,1,1,0,1,1,0,0,1,1,1,"warmouth_grass_pickerel_white_bass_longear_sunfish; spottail_shiner_spotfin_shiner_creek_chub_brook_stickleback_madtom_johnny_darters_least_darters; redhorse_and_hog_sucker","Lenawee_Devils_SUMM_023.jpg","Lenawee_Devils_SUMM_024.jpg"
59071001,"L16759","151874086","LENAWEE","ADRIAN",17,"June",1953,9,"September",1953,"medium","light","medium","light",NA,NA,6.705,1.143,NA,34.601,NA,95,NA,0,NA,0,NA,10,NA,0,NA,NA,NA,NA,NA,NA,7.62,NA,"yes",NA,"yes","yes",NA,"stops upstream movement.",NA,NA,NA,NA,23.333,NA,NA,NA,NA,NA,NA,NA,NA,NA,0,0,0,0,0,1,1,0,0,0,0,0,1,0,1,1,1,0,0,1,0,1,0,1,0,1,0,1,1,0,0,1,0,1,"warmouth_green_sunfish_longear_sunfish; mimic_shiner_redfin_shiners_fathead_minnow_creek_chub_blackside_darters","Lenawee_Adrian_SUMM_008.jpg","Lenawee_Adrian_SUMM_009.jpg"
59071002,"L11396","151874026","LENAWEE","KEENEYPOND",18,"September",1944,25,"September",1944,"light","light","light","light",NA,NA,3.048,NA,NA,6.07,NA,NA,NA,0,NA,NA,NA,0,NA,NA,NA,NA,NA,NA,NA,NA,NA,NA,"yes",NA,"no","yes",NA,"none at present","no",NA,NA,NA,NA,NA,NA,NA,NA,NA,NA,NA,NA,NA,0,0,0,0,0,1,0,0,0,0,0,0,0,0,0,0,0,0,0,0,0,0,0,0,0,1,0,0,0,0,0,0,0,0,"goldfish","Lenawee_KeeneyPond_SUMM_008.jpg","Lenawee_KeeneyPond_SUMM_009.jpg"
59071003,"L13799","152335372","LENAWEE","ROUND",22,"July",1950,27,"July",1950,"heavy","medium","heavy","medium",NA,NA,20.421,5.029,NA,208.418,NA,60,NA,5,NA,5,NA,325,NA,0,NA,NA,112,137,NA,NA,0.914,NA,"no",NA,"yes","no, but present at devils lake outlet",NA,"prevents passage of fish upward except during high high-water stages.",NA,7.62,10.667,NA,23.889,NA,10.6,NA,8.2,5.7,4.9,0.4,0.2,0,1,0,0,1,1,1,0,1,1,0,0,0,1,0,1,0,1,0,1,1,1,1,1,0,1,1,0,1,1,0,0,1,1,1,"white_bass_longear_sunfish; spotfin_shiner_spottail_shiner_madtom; common_bullhead; common_gar","Lenawee_Round6S_1E_S2-11_SUMM_009.jpg","Lenawee_Round6S_1E_S2-11_SUMM_010.jpg"
59071004,"L11222","151873969","LENAWEE","SAND",31,"August",1941,5,"September",1941,"heavy","medium","mediumtoheavy","medium",NA,NA,16.154,3.962,NA,178.066,NA,75,NA,2,NA,1,NA,154,NA,0,NA,NA,97,129,NA,1.6,NA,NA,NA,NA,NA,NA,NA,NA,"yes",8.229,10.972,NA,23.5,NA,11.1,NA,8.3,NA,NA,NA,0,0.7,0,0,0,0,1,1,1,0,1,0,0,0,0,0,1,0,0,0,1,0,1,1,0,1,1,1,0,0,1,0,0,0,1,1,"warmouth; top_minnow_least_darter_silversides; mud_pickerel; gar","Lenawee_Sand_SUMM_015.jpg","Lenawee_Sand_SUMM_016.jpg"
59071005,"L17720","145333525","LIVINGSTON","BUCK",NA,"June",1982,NA,NA,NA,"medium",NA,"medium",NA,NA,NA,7.315,NA,NA,17.402,NA,NA,NA,NA,NA,NA,NA,0,NA,50,NA,NA,0,104,"phth=4, total=104ppm",1,NA,NA,"no",NA,NA,"no",NA,NA,NA,NA,NA,NA,NA,NA,NA,NA,NA,NA,NA,NA,NA,NA,0,0,0,0,0,1,0,0,0,0,0,0,0,0,0,0,0,0,0,0,0,1,0,0,1,1,0,0,0,0,0,0,0,1,NA,"Livingston_Buck_SUMM_002.jpg","Livingston_Buck_SUMM_003.jpg"
59071006,"L10877","145332908","LIVINGSTON","APPLETON",14,"August",1956,NA,"August",NA,"medium","light","medium","light",NA,NA,18.287,3.048,NA,48.563,NA,NA,NA,NA,NA,0,NA,12,NA,0,NA,NA,122,169,NA,NA,NA,NA,"no",NA,NA,"no",NA,NA,NA,NA,NA,NA,24.444,NA,10,NA,NA,NA,NA,NA,NA,NA,0,0,0,0,0,1,1,1,0,0,0,0,1,1,0,0,0,0,0,0,0,1,0,0,0,1,0,0,1,0,0,1,0,1,"sunfish_bullheads; minnows; suckers; dog_fish_gar_pike","Livingston_Appleton_SUMM_011.jpg","Livingston_Appleton_SUMM_012.jpg"
59071007,"L6273","151873944","LENAWEE","WAMPLERS",18,"August",1948,25,"August",1948,"light","light","light","light",NA,NA,11.887,3.048,NA,315.662,NA,85,NA,2,NA,2,NA,200,NA,1,NA,NA,124,133,NA,1.4,NA,NA,"yes",NA,"yes","yes",NA,"has no fishway - could go either way in high spring floods. s.","no",NA,NA,NA,26.667,NA,21.111,NA,4.5,0.8,NA,NA,1.9,0.8,0,0,1,0,1,1,1,1,1,0,0,0,0,0,1,1,0,0,0,0,1,1,1,0,1,1,0,1,1,1,0,0,1,1,"spottail_shiner_bluntnose_shiner_minnows; carp","Lenawee_Wamplers_SUMM_002.jpg","Lenawee_Wamplers_SUMM_003.jpg"
59071008,"L7679","145333656","LIVINGSTON","CORDLEY",17,"August",1957,17,"August",1957,"medium","light","medium","light",NA,NA,9.448,3.657,NA,19.425,NA,50,NA,0,NA,1,NA,55,NA,NA,NA,NA,105,159,NA,NA,NA,NA,"no",NA,NA,"none",NA,NA,NA,4.267,7.315,NA,24.722,NA,10.556,NA,8.2,NA,6.7,8.1,1,NA,0,0,0,0,0,1,1,0,1,0,0,0,0,0,0,0,0,0,0,0,0,1,0,0,0,1,0,1,0,0,0,0,0,1,"top_minnow","Livingston_Cordley_SUMM_004.jpg","Livingston_Cordley_SUMM_005.jpg"
59071009,"L10026","145333141","LIVINGSTON","DUCKIMPOUNDMENT",5,"July",1973,NA,"July",NA,"light","light","light","light",NA,NA,1.219,0.914,NA,8.094,NA,100,NA,NA,NA,NA,NA,NA,NA,NA,NA,NA,153.9,188.1,NA,NA,NA,NA,NA,NA,NA,NA,NA,NA,"no",NA,NA,NA,26.667,NA,NA,NA,5,9,NA,NA,NA,NA,0,0,0,0,0,0,0,0,0,0,0,0,0,0,0,0,0,0,0,0,0,1,0,0,1,1,0,0,0,0,0,0,0,0,NA,"Livingston_DuckImpoundment_SUMM_003.jpg","Livingston_DuckImpoundment_SUMM_004.jpg"
59071010,"L7549","145333507","LIVINGSTON","CROOKED",30,"August",NA,2,"September",NA,NA,NA,NA,NA,NA,NA,NA,NA,NA,NA,NA,NA,NA,NA,NA,NA,NA,NA,NA,NA,NA,NA,NA,NA,NA,NA,NA,NA,NA,NA,NA,NA,NA,NA,NA,NA,NA,NA,NA,NA,NA,NA,NA,NA,NA,NA,NA,NA,0,0,1,0,0,1,0,0,0,0,0,0,0,0,1,0,0,0,0,0,0,1,0,0,1,0,0,0,0,0,0,0,1,1,"sunfish_crappies; notropis_skipjack_minnows; carp","Livingston_Crooked_SUMM_011.jpg","Livingston_Crooked_SUMM_012.jpg"
59071011,"L15551","145333845","LIVINGSTON","HALFMOON",5,"August",1942,9,"August",1942,"light","light","light","light",NA,NA,26.516,4.267,NA,99.15,NA,25,NA,1,NA,0,NA,36,NA,0,NA,NA,180,185,NA,2.1,3.657,NA,"yes",NA,"no","At Hi-Land Lake",NA,"not important to half moon lake","yes",4.572,7.62,NA,24.444,NA,5.556,NA,7,8,NA,NA,3,NA,1,0,1,0,1,1,1,1,1,0,1,0,1,1,1,0,0,0,1,0,0,1,1,1,1,1,0,1,1,0,1,0,0,1,"cisco_longeared_sunfish; blackstriped_topminnow_log_perch; warmouth_bass_green_sunfish; carp","Livingston_HalfMoon_SUMM_001.jpg","Livingston_HalfMoon_SUMM_002.jpg"
59071012,"L4761","145332773","LIVINGSTON","FONDA",20,"August",1951,24,"August",1951,"medium",NA,"medium",NA,NA,NA,11.887,3.048,NA,33.792,NA,NA,NA,0,NA,0,NA,90,NA,0,NA,NA,102,155,NA,NA,NA,NA,"no",NA,NA,"no",NA,NA,"yes",5.334,9.144,NA,23.889,NA,9.444,NA,8.6,NA,5.7,0,0.2,NA,0,0,1,1,0,1,1,0,0,0,0,0,0,0,0,0,1,0,0,0,0,1,0,0,0,1,0,1,0,0,0,1,1,1,"warmouth_green_sunfish","Livingston_Fonda_SUMM_012.jpg","Livingston_Fonda_SUMM_013.jpg"
59071013,"L7304","145332409","LIVINGSTON","CROOKEDEASTWEST",27,"August",1973,27,"August",1973,"light","light","light","light",NA,NA,10.058,2.286,NA,101.983,NA,40,NA,0,NA,0,NA,50,NA,0,NA,NA,205.1,153.9,NA,NA,NA,NA,"no",NA,"no","no",NA,"none",NA,5.486,8.229,NA,26.111,NA,12.222,NA,5,9,5,0.3,0.3,NA,0,0,0,0,0,0,0,0,0,0,0,0,0,0,0,0,0,0,0,0,0,0,0,0,0,0,0,0,0,0,0,0,0,0,"minnow_sp","Livingston_CrookedEastWest_SUMM_014.jpg","Livingston_CrookedEastWest_SUMM_015.jpg"
59071014,"L15562","145333721","LIVINGSTON","HAMBURG",12,"April",1971,16,"April",1971,"medium","medium","medium","mediumlight",NA,NA,13.715,NA,NA,36.423,NA,25,NA,1,NA,NA,NA,40,NA,NA,NA,NA,126,NA,NA,NA,NA,NA,NA,NA,NA,NA,NA,NA,NA,NA,NA,NA,NA,NA,NA,NA,NA,NA,NA,NA,NA,NA,0,0,1,0,0,1,0,0,0,0,1,0,0,0,0,0,0,0,0,0,1,1,0,0,1,1,0,1,0,0,0,1,1,1,"white_sucker_lake_chib_sucker_minnows; mud_pickerel","Livingston_Hamburg_SUMM_007.jpg","Livingston_Hamburg_SUMM_008.jpg"
59071015,"L6652","145332796","LIVINGSTON","ISLAND",15,"September",1973,NA,"September",NA,"light","light","light","light",NA,NA,10.667,3.353,NA,NA,NA,NA,NA,2,NA,NA,NA,70,NA,2,NA,NA,119.7,153.9,NA,NA,NA,NA,"no",NA,NA,"none",NA,NA,NA,6.096,8.534,NA,22.222,NA,15,NA,6,8,1,NA,1,NA,0,0,1,0,0,1,0,0,0,0,0,0,0,0,0,0,0,0,0,0,0,1,0,0,1,0,0,0,0,0,0,1,0,1,"bass_crappie; minnow_sp; sucker","Livingston_Island1N_6E_S4_SUMM_026.jpg","Livingston_Island1N_6E_S4_SUMM_027.jpg"
59071016,"L21525","145332627","LIVINGSTON","KENT",9,"September",1957,27,"September",1957,"medium","heavy","medium","mediumtoheavy",NA,NA,11.582,0.71,0.686,404.694,NA,95,NA,1,NA,0,NA,6,NA,0,NA,NA,162,238,NA,NA,3.048,NA,"yes",NA,"yes","yes",NA,"prevents entry",NA,6.096,9.144,NA,20.111,NA,6.889,NA,8.5,8.6,6.8,0.2,NA,NA,0,0,1,0,0,1,1,0,1,0,1,0,0,0,1,0,1,0,1,1,1,1,1,0,1,1,0,0,1,0,0,1,1,1,"warmouth_green_sunfish_longear_sunfish; sand_shiner_logperch; chubsucker; carp","Livingston_Kent_SUMM_002.jpg","Livingston_Kent_SUMM_003.jpg"
59071017,"L15829","145333091","LIVINGSTON","ORE",21,"July",1953,21,"July",1953,"medium",NA,"medium",NA,NA,NA,NA,NA,NA,NA,NA,NA,NA,0,NA,0,NA,100,NA,0,NA,NA,NA,NA,NA,NA,NA,NA,NA,NA,NA,NA,NA,NA,NA,NA,NA,NA,31.111,NA,NA,NA,NA,NA,NA,NA,NA,NA,0,0,0,0,0,1,0,0,0,0,0,0,0,1,0,0,0,0,0,0,0,0,0,0,1,0,0,0,0,0,1,0,0,0,"black_bass","Livingston_Ore_SUMM_009.jpg","Livingston_Ore_SUMM_010.jpg"
59071018,"L22903","145333746","LIVINGSTON","PORTAGEBIG",5,"September",1941,14,"September",1941,"medium","heavy","lighttomedium","lightheavyonmudbay",NA,NA,25.602,2.895,3.048,260.623,NA,44,NA,5,NA,1,NA,219,NA,0,NA,NA,168,225,NA,1.7,0.61,NA,"yes",NA,"yes","yes",NA,"prevents upstream movement except in high water.","yes",6.4,10.058,NA,20.9,23.1,7.2,7.7,7.9,9.8,NA,NA,0,0.6,0,0,1,0,0,1,1,1,0,0,0,0,0,1,1,1,0,0,0,0,0,1,0,1,1,1,0,1,1,0,1,1,0,1,"longear_sunfish_green_sunfish; n_nstramineus_n_stramineus_n_cornutus_c; mullet; gar_pike","Livingston_PortageBig_SUMM_067.jpg","Livingston_PortageBig_SUMM_068.jpg"
59071019,"L8242","145331046","LIVINGSTON","SILVER",20,"August",1940,28,"August",1940,"heavy","heavy","veryheavy","heavy",NA,NA,19.811,4.267,NA,273.978,NA,80,NA,8,NA,2,NA,230,NA,1,NA,NA,91,142,NA,1.84,NA,NA,NA,NA,NA,NA,NA,NA,"yes",7.315,13.715,NA,22.6,23.2,8.9,15.6,4.3,6.8,NA,NA,0,0,1,0,1,1,1,1,1,1,1,0,1,0,0,0,0,0,1,0,1,1,1,1,0,1,1,1,0,1,1,0,0,0,1,1,"warmouth_bass_mud_pike; strawcolored_colored_shiner_creek_chub_blackbanded_top_minnow_creek_chub; tadpole_cat_mud_pike","Livingston_Silver_SUMM_022.jpg","Livingston_Silver_SUMM_023.jpg"
59071020,"L8242","145331046","LIVINGSTON","SILVER",20,"August",1962,23,"August",1962,"medium","medium","medium","medium",NA,NA,12.801,2.895,NA,61.514,NA,50,NA,1,NA,0,NA,175,NA,0,NA,NA,124,187,NA,NA,0.61,NA,"yes",NA,"yes","yes",NA,"obstructs movement into lake.",NA,6.4,9.753,NA,23.722,NA,11.389,NA,8.4,NA,4.2,0.7,NA,NA,0,0,1,1,1,1,1,1,0,0,0,0,0,0,1,0,1,0,1,0,1,1,0,0,1,1,0,0,0,0,0,1,1,1,"green_sunfish_warmouth_longear_sunfish_grass_pickerel; sand_shiner_spottail_shiner_fathead_minnow_mudminnow_least_darter_mud_minnow; carp_bowfin","Livingston_Silver_SUMM_024.jpg","Livingston_Silver_SUMM_025.jpg"
59071021,"L16361","145332598","LIVINGSTON","WILDWING",9,"August",1957,24,"September",1957,"medium","medium","medium","medium",NA,NA,4.267,NA,NA,26.305,NA,100,NA,0,NA,0,NA,0,NA,0,NA,NA,112,NA,NA,NA,NA,NA,"yes",NA,"no","culvert has some effect as a dam",NA,"fish can move between wildwing & kent lakes when there is a flow.",NA,NA,NA,NA,18.333,NA,NA,NA,NA,NA,NA,NA,NA,NA,0,0,1,0,0,1,0,1,0,0,1,0,0,0,1,0,1,0,0,0,1,1,0,0,1,1,0,0,0,0,0,0,1,1,"warmouth; carp_sunfish","Livingston_Wildwing_SUMM_005.jpg","Livingston_Wildwing_SUMM_006.jpg"
59071022,"L48306","145333772","LIVINGSTON","WHITEWOOD",28,"September",1939,28,"September",1939,"medium",NA,"medium",NA,NA,NA,16.763,2.133,NA,26.285,NA,5,NA,0,NA,0,NA,4,NA,0,NA,NA,107,205,NA,2.1,NA,NA,"no",NA,NA,"no",NA,NA,"yes",6.4,10.058,NA,23,23.8,8.6,18.5,7.5,7.2,NA,NA,0,0,0,0,0,0,0,1,1,0,0,0,0,0,0,0,0,0,0,0,0,0,0,1,0,0,0,1,0,0,1,0,0,0,0,0,"longear_sunfish; black_banded_topminnow_log_perch","Livingston_Whitewood_SUMM_007.jpg","Livingston_Whitewood_SUMM_008.jpg"
59071023,"L48306","145333772","LIVINGSTON","WHITEWOOD",7,"September",1973,7,"September",1973,"light","light","light","light",NA,NA,15.239,1.524,NA,26.305,NA,30,NA,0,NA,NA,NA,NA,NA,NA,NA,NA,188.1,256.5,NA,NA,NA,NA,"no",NA,"no","no",NA,"none",NA,4.267,9.753,NA,26.111,NA,12.222,NA,5,8,0,3,0,NA,0,0,1,0,0,1,0,0,0,0,0,0,1,0,1,0,0,0,0,0,1,1,0,0,0,0,0,0,0,0,1,1,0,0,"minnow_sp; suckers","Livingston_Whitewood_SUMM_009.jpg","Livingston_Whitewood_SUMM_010.jpg"
59071024,"L10970","148710463","LIVINGSTON","TYRONELAKE",24,"July",1953,NA,NA,NA,"heavy","heavy","heavy","heavy",NA,NA,7.62,0.457,0.61,39.539,NA,90,NA,0,NA,0,NA,95,NA,0,NA,NA,125,130,NA,1.96,1.829,NA,"yes",NA,"yes","yes",NA,"blocks movement","yes",3.048,7.315,NA,26.667,NA,11.667,NA,6.2,NA,4.9,NA,0,NA,0,0,1,0,0,0,0,0,0,0,0,0,0,0,0,0,0,0,0,0,1,1,0,0,1,0,0,0,0,0,0,0,1,1,"common_sunfish; chub_suckers","Livingston_TyroneLake_SUMM_007.jpg","Livingston_TyroneLake_SUMM_008.jpg"
59071025,"L7391","145332304","LIVINGSTON","WOODLAND",27,"August",1973,NA,"August",NA,"light","light","light","light",NA,NA,10.667,2.286,NA,117.361,NA,40,NA,1,NA,NA,NA,200,NA,NA,NA,NA,239.4,256.5,NA,NA,NA,NA,"yes",NA,"no","present",NA,"no effect",NA,4.572,7.62,NA,25,NA,11.111,NA,5.6,7.3,0.3,5.2,0,NA,0,0,1,0,0,1,0,0,0,0,0,0,1,0,0,0,0,0,0,0,1,1,0,0,0,0,0,0,0,0,0,1,0,1,"tiger_muskies; minnow_sp","Livingston_Woodland_SUMM_023.jpg","Livingston_Woodland_SUMM_024.jpg"
59071026,"L17858","145333723","LIVINGSTON","ZUKEY",7,"September",1973,NA,"September",NA,"light","light","light","light",NA,NA,10.667,1.524,NA,62.728,NA,50,NA,1,NA,NA,NA,NA,NA,0,NA,NA,222.3,NA,NA,NA,NA,NA,"no",NA,NA,"no",NA,NA,NA,3.048,7.62,NA,22.778,NA,11.111,NA,7,NA,0,6,0,NA,0,0,0,0,0,0,0,0,0,0,0,0,1,0,0,0,0,0,0,0,0,1,0,0,1,0,0,0,1,0,0,1,0,1,"minnow_sp","Livingston_Zukey_SUMM_010.jpg","Livingston_Zukey_SUMM_011.jpg"
59071027,"L30790","109943596","LUCE","BARCLAY",27,"August",1948,NA,"August",NA,NA,NA,NA,NA,NA,NA,4.877,NA,NA,4.047,NA,NA,NA,0,NA,0,NA,0,NA,0,NA,NA,5,NA,NA,NA,NA,NA,NA,NA,NA,NA,NA,NA,"yes",1.524,4.877,"yes",24.5,24.3,18.9,NA,6.6,7.8,NA,NA,NA,NA,0,0,0,0,0,0,0,0,0,0,0,0,0,0,0,0,0,0,0,0,0,0,0,0,0,0,0,0,0,0,0,0,0,0,NA,"Luce_Barclay_SUMM_011.jpg","Luce_Barclay_SUMM_012.jpg"
59071028,"L29944","86671053","LUCE","BELLEI",21,"August",1957,23,"August",1957,"light",NA,"light",NA,NA,NA,23.773,6.553,NA,43.302,NA,30,NA,0,NA,0,NA,2,NA,0,NA,NA,71,86,NA,NA,0.305,NA,"yes",NA,"yes","small beaver dam",NA,"barrier",NA,5.181,10.058,NA,17.222,22.222,5.556,NA,9.7,NA,4,9.7,1.6,4,0,0,0,0,0,0,1,0,0,0,0,0,0,0,0,0,0,0,1,0,0,0,0,0,0,1,0,1,1,0,0,1,0,1,NA,"Luce_BelleI_SUMM_023.jpg","Luce_BelleI_SUMM_024.jpg"
59071029,"L29944","86671053","LUCE","BELLEI",29,"June",1953,4,"July",1953,"light","none","light","none",NA,NA,23.773,6.553,NA,43.302,NA,30,NA,NA,NA,NA,NA,1,NA,NA,NA,NA,71,86,NA,NA,NA,NA,"no",NA,NA,"none",NA,NA,NA,5.181,10.058,NA,17.222,22.222,5.556,22.222,9.17,NA,4,9.7,1.6,4,0,0,0,0,0,0,1,0,0,0,0,0,0,0,0,0,0,0,1,0,0,0,0,0,0,1,0,1,1,0,0,1,0,1,NA,"Luce_BelleI_SUMM_025.jpg","Luce_BelleI_SUMM_026.jpg"
59071030,"L29944","86671053","LUCE","BELLEI",6,"August",1952,7,"August",1952,"light","none","light","none",NA,NA,25.907,NA,NA,40.469,NA,40,NA,NA,NA,NA,NA,1,NA,NA,NA,NA,NA,NA,NA,3,NA,NA,NA,NA,NA,NA,NA,NA,NA,NA,NA,NA,18.333,NA,NA,NA,NA,NA,NA,NA,NA,NA,0,0,0,0,0,0,1,0,0,0,0,0,0,0,0,0,1,0,0,1,0,0,0,0,0,1,0,1,1,0,0,1,0,1,"bluntnose_shiner_darters","Luce_BelleI_SUMM_027.jpg","Luce_BelleI_SUMM_028.jpg"
59071031,"L29944","86671053","LUCE","BELLEII",29,"June",1953,6,"July",1953,"light","none","light","none",NA,NA,5.181,NA,NA,10.117,NA,85,NA,0,NA,0,NA,0,NA,0,NA,NA,57,64,NA,NA,0.457,NA,"yes",NA,"yes","beaver",NA,"partial",NA,NA,NA,NA,21.111,22.778,NA,NA,9,NA,NA,NA,NA,NA,0,0,0,0,1,0,0,0,0,0,0,0,0,0,0,0,1,0,0,0,0,0,0,0,0,1,0,1,1,0,0,1,0,1,"darters","Luce_BelleII_SUMM_007.jpg","Luce_BelleII_SUMM_008.jpg"
59071032,"L29944","86671053","LUCE","BELLEII",6,"August",1952,7,"August",1952,"light","none","light","none",NA,NA,12.191,NA,NA,10.117,NA,60,NA,NA,NA,NA,NA,NA,NA,NA,NA,NA,NA,NA,NA,NA,0.457,NA,"yes",NA,"yes","beaver",NA,"partial",NA,NA,NA,NA,17.222,18.333,NA,NA,NA,NA,NA,NA,NA,NA,0,0,0,0,1,0,0,0,0,0,0,0,0,0,0,0,1,0,0,0,0,0,0,0,0,1,0,1,1,0,0,1,0,1,"darters","Luce_BelleII_SUMM_005.jpg","Luce_BelleII_SUMM_006.jpg"
59071033,"L29944","86671053","LUCE","BELLEIII",2,"July",1953,NA,"July",NA,"none","none","none","none",NA,NA,1.524,NA,NA,5.018,NA,100,NA,0,NA,0,NA,0,NA,0,NA,NA,NA,NA,NA,NA,NA,NA,"no",NA,NA,"no",NA,NA,NA,NA,NA,NA,26.111,NA,NA,NA,NA,NA,NA,NA,NA,NA,0,0,0,0,0,0,1,0,0,0,0,0,0,0,0,0,1,0,0,0,0,0,0,0,0,1,0,1,0,0,0,0,0,1,NA,"Luce_BelleIII_SUMM_002.jpg","Luce_BelleIII_SUMM_003.jpg"
59071034,"L31748","86671165","LUCE","BUCKEYE",5,"August",1947,14,"August",1947,"none","none","none","none",NA,NA,7.62,NA,NA,41.279,NA,25,NA,0,NA,0,NA,3,NA,0,NA,NA,0,6,NA,NA,NA,NA,"no",NA,"no","none",NA,"none",NA,2.286,6.096,NA,23.889,NA,17.778,NA,NA,NA,7.6,7.5,NA,NA,0,0,0,0,0,0,0,0,0,0,0,0,0,0,0,0,0,0,0,0,0,0,0,0,0,0,0,0,0,0,0,1,0,1,"suckers","Luce_Buckeye_SUMM_025.jpg","Luce_Buckeye_SUMM_026.jpg"
59071035,"L27263","109944322","LUCE","CAMP",24,"August",1954,28,"August",1954,"light","none","light","none",NA,NA,23.164,8.229,NA,26.71,NA,20,NA,0,NA,0,NA,0,NA,0,NA,NA,6,9,NA,NA,NA,NA,NA,NA,NA,NA,NA,NA,NA,8.534,12.191,NA,20,21.667,6.111,NA,8.3,8.5,8.3,13.3,3.4,10.8,0,0,0,0,0,0,1,0,0,0,0,0,0,0,0,0,0,0,1,0,0,0,0,0,0,0,0,0,1,0,0,1,0,1,NA,"Luce_Camp8_SUMM_016.jpg","Luce_Camp8_SUMM_017.jpg"
59071036,"L23831","86671167","LUCE","BENNETTSPRING",3,"September",1959,3,"September",1959,"medium","none","medium","none",NA,NA,3.657,NA,NA,1.214,NA,100,NA,NA,NA,NA,NA,1,NA,NA,NA,NA,NA,NA,NA,NA,1.219,NA,"yes",NA,"yes","(beaver)",NA,"partial",NA,NA,NA,NA,NA,NA,NA,NA,NA,NA,NA,NA,NA,NA,0,0,0,0,0,0,0,0,0,1,0,0,0,0,0,0,0,0,0,0,0,0,0,0,0,0,0,0,0,0,0,1,0,0,NA,"Luce_BennettSpring_SUMM_002.jpg","Luce_BennettSpring_SUMM_003.jpg"
59071037,"L29527","86671325","LUCE","BENNY",3,"August",1960,3,"August",1960,"none",NA,"none",NA,NA,NA,13.715,NA,NA,4.452,NA,NA,NA,NA,NA,NA,NA,0,NA,NA,NA,NA,1,2,"purple",NA,NA,NA,NA,NA,NA,NA,NA,NA,NA,7.62,10.667,NA,22.222,NA,10,NA,6.7,7.5,5.7,NA,NA,NA,0,0,0,0,0,0,0,0,0,0,0,0,0,0,0,0,0,0,0,0,0,0,0,0,0,0,0,0,0,0,0,0,0,0,"no_fish_caught_in_gill_nets_or_observed_by_skin_diving","Luce_Benny_SUMM_006.jpg","Luce_Benny_SUMM_007.jpg"
59071038,"L27940","109943970","LUCE","CHRISBROWN",22,"July",1947,23,"July",1947,"none","none","none","none",NA,NA,3.048,NA,NA,19.223,NA,100,NA,0,NA,0,NA,0,NA,0,NA,NA,18,20,NA,NA,NA,NA,"no",NA,"no","none",NA,"none","no",NA,NA,NA,18.4,NA,17.2,NA,8.6,8.6,NA,NA,NA,NA,0,0,0,0,0,0,0,0,0,0,0,0,0,0,0,0,1,0,0,0,0,0,0,0,1,0,0,0,0,0,0,0,0,1,NA,"Luce_ChrisBrown_SUMM_010.jpg","Luce_ChrisBrown_SUMM_011.jpg"
59071039,"L27685","109943422","LUCE","CULHANE",5,"July",1956,6,"July",1956,"medium","light","medium","light",NA,NA,14.934,NA,NA,NA,NA,NA,NA,0,NA,0,NA,4,NA,0,NA,NA,NA,NA,NA,NA,NA,NA,NA,NA,NA,NA,NA,NA,NA,NA,NA,NA,18.889,20,NA,NA,NA,NA,NA,NA,NA,NA,0,1,0,1,1,0,0,0,0,0,0,0,0,1,0,0,1,0,0,0,0,0,0,0,1,1,0,1,0,0,0,1,0,1,"ps_sunfish; cisco_chinned_shiners","Luce_Culhane_SUMM_010.jpg","Luce_Culhane_SUMM_011.jpg"
59071040,"L31512","86671873","LUCE","CANADA",4,"August",1972,NA,"August",NA,"none","none","none","none",NA,NA,2.133,NA,NA,3.642,NA,100,NA,NA,NA,NA,NA,0,NA,NA,NA,NA,34.2,NA,NA,NA,NA,NA,"no",NA,NA,"no",NA,NA,"no",NA,NA,NA,17.222,NA,11.667,NA,5.5,NA,NA,NA,NA,NA,0,0,0,0,0,0,0,0,0,0,0,0,0,0,0,0,0,0,0,0,0,0,0,0,0,0,0,0,0,0,0,0,0,0,NA,"Luce_Canada_SUMM_002.jpg","Luce_Canada_SUMM_003.jpg"
59071041,"L25688","109944274","LUCE","DEER",25,"August",1970,26,"August",1970,"none",NA,"none",NA,NA,NA,13.106,NA,NA,4.856,NA,60,NA,NA,NA,NA,NA,0,NA,NA,NA,NA,17.1,NA,NA,4,NA,NA,"no",NA,NA,"none",NA,NA,NA,4.572,9.144,NA,21.667,NA,8.333,16.667,12,NA,8,NA,1,NA,0,0,0,0,0,0,0,0,0,0,0,0,0,0,0,0,0,0,0,0,0,0,0,0,0,0,0,0,0,0,0,0,0,0,NA,"Luce_Deer_SUMM_005.jpg","Luce_Deer_SUMM_006.jpg"
59071042,"L31848","86671041","LUCE","FRANK",8,"September",1958,8,"September",1958,"light",NA,"light",NA,NA,NA,12.496,NA,NA,6.07,NA,NA,NA,NA,NA,NA,NA,NA,NA,NA,NA,NA,11,20,NA,NA,NA,NA,NA,NA,NA,NA,NA,NA,NA,6.096,9.144,NA,20,NA,7.778,NA,7.7,8.2,1.1,3.5,0.39,NA,0,0,0,0,0,0,0,0,0,1,0,0,0,0,0,0,0,0,0,0,0,0,0,0,0,0,0,0,0,0,0,0,0,1,"minnows_not_specified","Luce_Frank_SUMM_003.jpg","Luce_Frank_SUMM_004.jpg"
59071043,"L23037","86671373","LUCE","DEADMANS",19,"August",1957,NA,"August",NA,"heavy","light","heavy","light",NA,NA,15.849,NA,NA,10.522,NA,49,NA,NA,NA,NA,NA,2,NA,NA,NA,NA,0.5,NA,NA,NA,NA,NA,NA,NA,NA,NA,NA,NA,NA,7.924,11.582,NA,21.222,NA,8.556,NA,7,NA,1.4,6.6,0,NA,0,0,0,0,0,1,0,0,0,0,0,0,0,0,0,0,0,0,0,0,0,1,0,0,0,1,0,0,0,0,0,0,0,1,"ps_sunfish","Luce_Deadmans_SUMM_011.jpg","Luce_Deadmans_SUMM_012.jpg"
59071044,"L27642","109945052","LUCE","DILLINGHAM",23,"August",1948,NA,NA,NA,"light",NA,"light",NA,NA,NA,9.753,4.572,NA,6.07,NA,NA,NA,0,NA,0,NA,0,NA,0,NA,NA,2,8,NA,NA,NA,NA,NA,NA,NA,NA,NA,NA,"yes",3.657,7.01,NA,21.8,20.1,7.9,6.6,7.3,6.8,6.8,1.3,0,NA,0,0,0,0,0,0,0,0,0,0,0,0,0,0,0,0,0,0,0,0,0,0,0,0,0,0,0,0,0,0,0,0,0,0,NA,"Luce_Dillingham_SUMM_012.jpg","Luce_Dillingham_SUMM_013.jpg"
59071045,"L27399","86671305","LUCE","FURFARM",6,"August",1947,15,"August",1947,"light","none","light","none",NA,NA,3.81,3.048,NA,8.903,NA,18,NA,0,NA,0,NA,0,NA,0,NA,NA,43,47,NA,NA,1.829,2.438,"yes",NA,"no","yes",NA,"none",NA,NA,NA,NA,26.667,NA,21.667,NA,NA,NA,NA,NA,NA,NA,0,0,0,0,0,1,1,0,0,0,0,0,0,0,0,1,0,0,0,0,0,0,0,0,0,0,0,1,0,0,0,1,0,1,"bluntnose; suckers","Luce_FurFarm_SUMM_003.jpg","Luce_FurFarm_SUMM_004.jpg"
59071046,"L25697","86671177","LUCE","GOOSE",25,"July",1969,NA,NA,NA,"medium","light","medium","lighttonone",NA,NA,8.229,2.743,NA,20.963,NA,NA,NA,0,NA,0,NA,0,NA,0,NA,NA,17.1,NA,NA,2,NA,NA,"no",NA,NA,"none",NA,NA,NA,2.133,5.486,NA,24.444,NA,4.444,NA,8,NA,2,7,1,2,0,0,0,0,0,0,0,0,0,0,0,0,1,0,0,0,0,0,0,0,0,0,0,0,1,1,0,0,0,0,0,0,0,1,"redsided_dace","Luce_Goose_SUMM_004.jpg","Luce_Goose_SUMM_005.jpg"
59071047,"L31930","120018800","LUCE","GRASS",3,"September",1959,3,"September",1959,"light",NA,"light",NA,NA,NA,3.048,NA,NA,2.023,NA,100,NA,0,NA,0,NA,0,NA,0,NA,NA,NA,NA,NA,NA,1.219,NA,"yes",NA,NA,"beaver dam",NA,NA,NA,NA,NA,NA,NA,NA,NA,NA,NA,NA,NA,NA,NA,NA,0,0,0,0,1,0,0,0,0,1,0,0,0,0,0,0,0,0,0,0,0,0,0,0,0,0,0,0,0,0,0,1,0,1,"minnows","Luce_Grass_SUMM_001.jpg","Luce_Grass_SUMM_002.jpg"
59071048,"L25710","86671777","LUCE","HAMILTON",14,"September",1955,15,"September",1955,"light","light","light","light",NA,NA,13.715,NA,NA,4.047,NA,80,NA,NA,NA,NA,NA,NA,NA,NA,NA,NA,NA,NA,NA,1,NA,NA,"no",NA,NA,"no",NA,NA,NA,NA,NA,NA,14.444,NA,NA,NA,NA,NA,NA,NA,NA,NA,0,0,0,0,0,1,0,0,0,1,0,0,0,0,0,0,1,0,0,0,0,1,0,0,1,0,0,0,0,0,0,1,0,1,"stickle_backs","Luce_Hamilton_SUMM_003.jpg","Luce_Hamilton_SUMM_004.jpg"
59071049,"L29012","109943820","LUCE","HOMESTEAD",24,"July",1947,24,"July",1947,"light","none","light","none",NA,NA,4.419,NA,NA,12.95,NA,NA,NA,0,NA,0,NA,0,NA,0,NA,NA,5,8,NA,NA,NA,NA,"no",NA,NA,"none",NA,NA,NA,1.524,2.286,NA,20.5,NA,16.8,NA,NA,NA,6,3.3,NA,NA,0,0,0,0,0,0,0,0,0,0,0,0,0,0,0,0,0,0,0,0,0,0,0,0,0,0,0,0,0,0,0,0,0,1,NA,"Luce_Homestead_SUMM_008.jpg","Luce_Homestead_SUMM_009.jpg"
59071050,"L23235","109944216","LUCE","HOLLAND",8,"August",1941,10,"August",1941,"light","none","light","none",NA,NA,6.705,3.962,NA,2.104,NA,NA,NA,0,NA,0,NA,0,NA,0,NA,NA,18,23,NA,1.05,NA,NA,NA,NA,NA,NA,NA,NA,"yes",4.572,6.705,NA,21.389,NA,18.8,NA,11.5,NA,NA,NA,NA,NA,0,0,0,0,0,0,0,0,0,1,0,0,0,0,0,0,1,0,0,0,0,0,0,0,0,1,0,0,0,0,0,1,0,0,"sunfish; mud_minnows_some_unidentified_minnows","Luce_Holland_SUMM_044.jpg","Luce_Holland_SUMM_045.jpg"
59071051,"L30627","109945340","LUCE","JACK",27,"May",1958,NA,NA,NA,"medium","none","lighttomedium","none",NA,NA,2.743,NA,NA,1.74,NA,100,NA,NA,NA,NA,NA,1,NA,NA,NA,NA,NA,NA,NA,NA,NA,NA,"no",NA,NA,"no",NA,NA,NA,NA,NA,NA,NA,NA,NA,NA,NA,NA,NA,NA,NA,NA,0,0,0,0,0,0,0,0,0,1,0,0,0,0,0,0,0,0,0,0,0,0,0,0,0,0,0,0,0,0,0,0,0,0,NA,"Luce_Jack_SUMM_008.jpg","Luce_Jack_SUMM_009.jpg"
59071052,"L29012","109943820","LUCE","HOMESTEAD",28,"July",1960,NA,"July",NA,"light",NA,"light",NA,NA,NA,4.419,NA,NA,12.95,NA,NA,NA,NA,NA,NA,NA,0,NA,NA,NA,NA,NA,NA,NA,NA,0.61,NA,"yes",NA,"yes","old beaver dam ( (50 years old)",NA,"none when water flows",NA,NA,NA,NA,24.444,NA,NA,NA,NA,NA,NA,NA,NA,NA,0,0,0,0,0,0,0,0,0,0,0,0,0,0,0,0,1,0,0,0,0,0,0,0,0,0,0,0,0,0,0,0,0,1,NA,"Luce_Homestead_SUMM_010.jpg","Luce_Homestead_SUMM_011.jpg"
59071053,"L31512","86671873","LUCE","KAKS",26,"June",1956,26,"June",1956,"medium","light","medium","light",NA,NA,6.705,NA,NA,24.282,NA,NA,NA,NA,NA,NA,NA,NA,NA,NA,NA,NA,NA,NA,NA,NA,NA,NA,"no",NA,NA,"none",NA,NA,NA,NA,NA,NA,NA,NA,NA,NA,NA,NA,NA,NA,NA,NA,0,0,0,0,0,0,0,0,0,0,0,0,0,0,0,0,0,0,0,0,0,1,0,0,1,1,0,1,0,0,0,1,0,1,"ps_sunfish; minnows","Luce_Kaks_SUMM_015.jpg","Luce_Kaks_SUMM_016.jpg"
59071054,"L25817","109944390","LUCE","LONG",2,"September",1954,9,"September",1954,NA,NA,NA,NA,NA,NA,21.64,5.486,NA,17.807,NA,20,NA,0,NA,0,NA,1,NA,0,NA,NA,8,10,NA,NA,NA,NA,NA,NA,NA,NA,NA,NA,NA,6.096,8.229,NA,16.667,17.778,5,NA,8.4,NA,9,NA,0,4.2,0,0,0,0,1,0,1,0,0,0,1,0,0,0,0,0,0,0,1,0,0,0,0,0,0,1,0,0,1,0,0,1,0,1,"mudminnow_and_n_peral_dace","Luce_Long49N_11W_S34_SUMM_012.jpg","Luce_Long49N_11W_S34_SUMM_013.jpg"
59071055,"L26910","44362910","LUCE","MANISTIQUENORTH",15,"July",1936,NA,"July",NA,NA,NA,NA,NA,"yes","permitted",15.239,2,NA,696.884,NA,NA,NA,NA,NA,NA,NA,NA,NA,NA,NA,"county park",89,106,NA,NA,NA,NA,"no",NA,NA,"no",NA,NA,NA,NA,NA,NA,28.4,NA,19.4,16.9,7.7,NA,NA,NA,1.9,NA,0,0,0,0,0,0,0,0,0,0,0,0,0,0,0,0,0,0,0,0,0,1,0,0,1,0,0,1,1,0,1,0,0,1,"minnow; mullet_","Luce_ManistiqueNorth_SUMM_045.jpg","Luce_ManistiqueNorth_SUMM_046.jpg"
59071056,"L25817","109944390","LUCE","LONG",2,"July",1964,2,"July",1964,"light","none","light","none",NA,NA,21.64,5.181,NA,17.807,NA,20,NA,NA,NA,NA,NA,1,NA,NA,NA,NA,17,NA,NA,2,NA,NA,"no",NA,NA,"none",NA,NA,NA,NA,NA,NA,24.444,NA,4.444,NA,8.2,9,9,10.9,NA,NA,0,1,0,0,0,0,1,0,0,0,0,0,0,0,0,0,0,0,0,0,0,1,0,0,0,1,0,1,1,0,0,1,0,1,"bluntnose_darters_mud_minnows","Luce_Long49N_11W_S34_SUMM_016.jpg","Luce_Long49N_11W_S34_SUMM_017.jpg"
59071057,"L28341","86671285","LUCE","LONG",NA,NA,1948,NA,NA,1960,"medium","none","medium","none",NA,NA,3.048,NA,NA,20.235,NA,NA,NA,0,NA,NA,NA,1,NA,NA,NA,NA,NA,NA,NA,1,NA,NA,"no",NA,NA,"none",NA,NA,NA,NA,NA,NA,NA,NA,NA,NA,NA,NA,NA,NA,NA,NA,0,0,0,0,0,0,0,0,0,1,0,0,0,0,0,0,0,0,0,0,0,0,0,0,1,0,0,1,0,0,0,1,0,1,"minnows","Luce_Long49N_11W_S34_SUMM_014.jpg","Luce_Long49N_11W_S34_SUMM_015.jpg"
59071058,"L26910","44362910","LUCE","MANISTIQUEBIG",14,"August",1936,14,"August",1936,NA,NA,NA,NA,"yes","permitted",6.096,2.5,NA,4099.555,NA,NA,NA,NA,NA,NA,NA,NA,NA,NA,NA,"numerous resorts, cabins, and camping grounds.",87,90,NA,NA,NA,NA,"yes","no",NA,"yes","no",NA,NA,NA,NA,NA,30,NA,20.8,NA,9.1,NA,NA,NA,NA,NA,0,0,0,0,0,0,0,0,0,1,0,0,1,1,0,0,0,0,0,0,0,0,0,0,1,0,0,1,1,0,1,1,0,1,"bullheads; minnows","Luce_ManistiqueBig_SUMM_047.jpg","Luce_ManistiqueBig_SUMM_048.jpg"
59071059,"L29706","86671255","LUCE","LOST",31,"July",1947,31,"July",1947,"light","light","light","verylittle",NA,NA,14.934,NA,NA,4.168,NA,NA,NA,0,NA,0,NA,0,NA,0,NA,NA,3,8,NA,NA,NA,NA,"no",NA,"no","none",NA,"none",NA,2.133,7.62,NA,22.5,NA,6,NA,NA,NA,8,10,NA,NA,0,0,0,0,0,0,0,0,0,0,0,0,0,0,0,0,0,0,0,0,0,0,0,0,0,0,0,0,0,0,0,0,0,1,NA,"Luce_Lost_SUMM_016.jpg","Luce_Lost_SUMM_017.jpg"
59071060,"L31239","109944218","LUCE","MCTIVER",4,"August",1972,NA,"August",NA,"none","none","none","none",NA,NA,NA,NA,NA,3.48,NA,NA,NA,NA,NA,NA,NA,0,NA,NA,NA,NA,NA,NA,NA,NA,NA,NA,"no",NA,NA,"no",NA,NA,NA,NA,NA,NA,NA,NA,NA,NA,NA,NA,NA,NA,NA,NA,0,0,0,0,0,0,0,0,0,0,0,0,0,0,0,0,0,0,0,0,0,0,0,0,0,0,0,0,0,0,0,0,0,0,NA,"Luce_McTiver_SUMM_002.jpg","Luce_McTiver_SUMM_003.jpg"
59071061,"L26608","109945456","LUCE","MOON",14,"July",1959,14,"July",1959,"medium",NA,"medium",NA,NA,NA,14.934,NA,NA,14.164,NA,NA,NA,NA,NA,NA,NA,NA,NA,NA,NA,NA,NA,NA,NA,NA,NA,NA,NA,NA,NA,NA,NA,NA,NA,NA,NA,NA,NA,NA,NA,NA,NA,NA,NA,NA,NA,NA,0,0,0,0,0,0,0,0,0,1,0,0,0,0,0,0,0,0,0,0,0,0,0,0,0,0,1,0,0,0,0,0,0,0,NA,"Luce_Moon_SUMM_020.jpg","Luce_Moon_SUMM_021.jpg"
59071062,"L28291","109943600","LUCE","MUD",29,"July",1954,30,"July",1954,"light","none","light","none",NA,NA,1.524,NA,NA,8.094,NA,100,NA,0,NA,0,NA,0,NA,0,NA,NA,NA,NA,NA,NA,NA,NA,"no",NA,NA,"no",NA,NA,NA,NA,NA,NA,17.778,NA,NA,NA,NA,NA,NA,NA,NA,NA,0,0,0,0,0,0,0,0,0,1,0,0,0,0,0,0,0,0,0,0,0,0,0,0,0,0,0,0,0,0,0,1,0,0,NA,"Luce_Mud49N_12W_S14_SUMM_003.jpg","Luce_Mud49N_12W_S14_SUMM_004.jpg"
59071063,"L28231","86671121","LUCE","MURRAY",23,"July",1955,24,"July",1955,"light",NA,"light",NA,NA,NA,4.572,NA,NA,37.232,NA,NA,NA,NA,NA,NA,NA,2,NA,NA,NA,NA,NA,NA,NA,2,NA,NA,NA,NA,NA,NA,NA,NA,NA,NA,NA,NA,24.444,25.556,NA,NA,NA,NA,NA,NA,NA,NA,0,0,0,0,0,0,0,0,0,0,1,0,0,0,0,0,0,0,0,0,0,1,0,0,0,1,0,0,0,0,0,0,0,1,"ps_sunfish","Luce_Murray_SUMM_009.jpg","Luce_Murray_SUMM_010.jpg"
59071064,"L29054","86671349","LUCE","MUSGRAVE",6,"August",1947,NA,"August",NA,"light","none","light","none",NA,NA,7.62,NA,NA,2.995,NA,NA,NA,0,NA,0,NA,1,NA,0,NA,NA,3.5,18,NA,NA,NA,NA,"no",NA,NA,"none",NA,NA,NA,NA,NA,NA,80,NA,50,NA,NA,NA,7.7,7.8,NA,NA,0,0,0,0,0,0,0,0,0,0,0,0,0,0,0,0,0,0,0,0,0,0,0,0,0,0,0,0,0,0,0,1,0,1,NA,"Luce_Musgrave_SUMM_016.jpg","Luce_Musgrave_SUMM_017.jpg"
59071065,"L26537","109943466","LUCE","MUSKRATEAST",28,"May",1971,28,"May",1971,NA,NA,NA,NA,NA,NA,3.048,NA,NA,8.539,NA,NA,NA,NA,NA,NA,NA,0,NA,NA,NA,NA,51,NA,NA,NA,NA,NA,NA,NA,NA,NA,NA,NA,"no",NA,NA,NA,12.778,NA,11.667,NA,11.5,NA,NA,NA,NA,NA,0,0,0,0,0,0,0,0,0,0,0,0,0,0,0,0,0,0,0,0,0,0,0,0,1,0,0,0,0,0,0,0,0,0,"stickleback","Luce_MuskratEast_SUMM_006.jpg","Luce_MuskratEast_SUMM_007.jpg"
59071066,"L24814","109944384","LUCE","OTTER",2,"July",1964,NA,"July",NA,"light","none","light","none",NA,NA,4.267,1.219,NA,5.747,NA,100,NA,NA,NA,NA,NA,0,NA,NA,NA,NA,13,NA,NA,NA,NA,NA,NA,NA,NA,NA,NA,NA,"yes",1.524,3.048,NA,25,NA,13.889,NA,6.8,NA,6.2,8.2,2.4,NA,0,1,0,0,0,0,0,0,0,0,0,0,0,0,0,0,1,0,0,0,0,1,0,0,0,1,0,0,0,0,0,1,0,1,"mud_minnow","Luce_Otter_SUMM_005.jpg","Luce_Otter_SUMM_006.jpg"
59071067,"L27749","109943582","LUCE","NONAMES",24,"August",1954,28,"August",1954,"light","none","nonetolight","none",NA,NA,7.01,5.486,NA,3.642,NA,80,NA,0,NA,0,NA,0,NA,0,NA,NA,4,5,NA,NA,NA,NA,"no",NA,NA,"none",NA,NA,NA,3.353,6.4,NA,20,22.778,9.444,NA,8.1,8.2,0.7,8.2,NA,NA,0,0,0,0,1,0,0,0,0,0,0,0,0,0,0,0,1,0,1,0,0,0,0,0,0,1,0,0,1,0,0,0,0,1,"mudminnow","Luce_NoNames_SUMM_012.jpg","Luce_NoNames_SUMM_013.jpg"
59071068,"L26449","86671355","LUCE","PEANUT",30,"July",1947,30,"July",1947,"light","none","light","none",NA,NA,7.315,NA,NA,4.856,NA,NA,NA,0,NA,0,NA,1,NA,0,NA,NA,6.8,7,NA,NA,NA,NA,"no",NA,NA,"-",NA,"-",NA,NA,NA,NA,23.7,NA,11.2,NA,NA,NA,9.2,11.6,NA,NA,0,0,0,0,0,1,0,0,0,0,0,0,0,0,0,0,0,0,0,0,0,0,0,0,0,1,0,0,1,0,0,0,0,1,"bluegill_hybrid","Luce_Peanut_SUMM_034.jpg","Luce_Peanut_SUMM_035.jpg"
59071069,"L26175","109943476","LUCE","MUSKRATWEST",28,"May",1971,28,"May",1971,"none","none","none","none",NA,NA,6.096,NA,NA,4.047,NA,50,NA,0,NA,0,NA,0,NA,0,NA,NA,51,34,NA,NA,NA,NA,NA,NA,NA,NA,NA,NA,NA,NA,NA,NA,13.333,NA,10.556,NA,11.5,NA,NA,NA,NA,NA,0,0,0,0,0,0,0,0,0,0,0,0,0,0,0,0,0,0,0,0,0,0,0,0,0,0,0,0,0,0,0,0,0,0,"stickleback","Luce_MuskratWest_SUMM_003.jpg","Luce_MuskratWest_SUMM_004.jpg"
59071070,"L24188","109943956","LUCE","PERCH",25,"August",1936,NA,"August",NA,NA,NA,NA,NA,"yes","permitted",14.02,2.5,NA,50.87,NA,NA,NA,NA,NA,NA,NA,NA,NA,NA,NA,"undeveloped camp sites. one cottage",NA,NA,NA,NA,NA,NA,"yes","yes",NA,"rough dam on north neck","probably at high water",NA,NA,NA,NA,NA,18.9,NA,10.4,NA,8.9,NA,NA,NA,0,NA,0,0,0,0,0,1,0,0,0,1,0,0,0,0,0,0,0,0,1,1,0,1,0,0,0,1,0,0,1,0,0,1,0,1,"minnow_foxheaded_minnows; suckers","Luce_Perch_SUMM_021.jpg","Luce_Perch_SUMM_022.jpg"
59071071,"L24004","109943660","LUCE","PIKE",24,"October",1975,24,"October",1975,"light","light","light","light",NA,NA,1.524,NA,NA,16.188,NA,100,NA,0,NA,0,NA,0,NA,0,NA,NA,51.3,NA,NA,NA,NA,NA,"no",NA,"no","none",NA,"none",NA,NA,NA,NA,10.556,NA,10.556,NA,9,NA,NA,NA,NA,NA,0,1,0,0,0,0,0,0,0,0,0,0,0,0,0,0,0,0,0,0,0,0,0,0,1,0,0,0,0,0,0,1,0,1,"br_bullhead","Luce_Pike_SUMM_019.jpg","Luce_Pike_SUMM_020.jpg"
59071072,"L29705","109944284","LUCE","SID",26,"August",1970,27,"August",1970,"none","none","none","none",NA,NA,11.582,NA,NA,4.047,NA,NA,NA,0,NA,0,NA,0,NA,0,NA,NA,17.1,NA,NA,3,NA,NA,NA,NA,NA,NA,NA,NA,NA,6.096,10.058,NA,21.111,NA,7.222,NA,8,NA,7,NA,1,NA,0,0,0,0,0,1,0,0,0,0,0,0,0,0,0,0,0,0,0,0,0,1,0,0,0,0,0,0,0,0,0,0,0,1,NA,"Luce_Sid_SUMM_024.jpg","Luce_Sid_SUMM_025.jpg"
59071073,"L31742","86671411","LUCE","SILVER",10,"August",1950,11,"August",1950,"light","none","light","none",NA,NA,4.572,NA,NA,0.809,1.214,50,NA,NA,NA,NA,NA,NA,NA,NA,NA,NA,NA,NA,NA,10,0.051,NA,"yes",NA,"no","two beaver dams",NA,"none",NA,NA,NA,NA,10,NA,NA,NA,NA,NA,NA,NA,NA,NA,0,0,0,0,0,0,0,0,0,1,0,0,0,0,0,0,0,0,0,0,0,0,0,0,0,0,0,0,0,0,0,0,0,0,"muddlers","Luce_Silver_SUMM_004.jpg","Luce_Silver_SUMM_005.jpg"
59071074,"L25707","109943622","LUCE","RANDOLPH",27,"May",1971,NA,"May",NA,"none","none","none","none",NA,NA,1.524,NA,NA,6.394,NA,100,NA,0,NA,0,NA,0,NA,0,NA,NA,17,NA,NA,NA,NA,NA,NA,NA,NA,NA,NA,NA,"no",NA,NA,NA,11.667,NA,11.667,NA,11,NA,NA,NA,NA,NA,0,0,0,0,0,0,0,0,0,0,0,0,0,0,0,0,0,0,0,0,0,0,0,0,0,0,0,0,0,0,0,0,0,0,NA,"Luce_Randolph_SUMM_004.jpg","Luce_Randolph_SUMM_005.jpg"
59071075,"L28663","109944304","LUCE","STUART",7,"September",1949,8,"September",1949,"none","none","none","none",NA,NA,6.096,4.572,NA,30.352,NA,60,NA,NA,NA,NA,NA,2,NA,NA,NA,NA,54,NA,NA,NA,NA,NA,"no",NA,NA,"none",NA,NA,"no",NA,NA,NA,17,NA,17.5,NA,6.9,8.1,NA,NA,NA,NA,0,0,0,0,0,0,0,0,1,1,0,0,0,0,0,0,0,0,0,0,0,0,0,0,0,0,0,0,0,0,0,0,0,1,"brook_stickle_backs_mudminnows_darters; mudminnows_darters_minnows","Luce_Stuart_SUMM_017.jpg","Luce_Stuart_SUMM_018.jpg"
59071076,"L25635","86671025","LUCE","TEK",21,"August",1969,21,"August",1969,"light","light","light","lighttonone",NA,NA,NA,4.572,NA,4.856,NA,20,NA,1,NA,0,NA,1,NA,0,NA,NA,17.1,34.2,NA,NA,NA,NA,NA,NA,NA,NA,NA,NA,NA,3.962,8.229,NA,23.333,NA,4.444,NA,8,9,3,8,0,3,0,0,0,0,0,1,1,0,0,0,0,0,0,0,0,0,0,0,0,0,0,0,0,0,0,1,0,0,0,0,0,0,0,1,"minnow","Luce_Tek_SUMM_002.jpg","Luce_Tek_SUMM_003.jpg"
59071077,"L26752","109943780","LUCE","TROUT",17,"October",1957,NA,NA,NA,"medium","none","medium","none",NA,NA,3.048,NA,NA,0.809,1.214,100,NA,NA,NA,NA,NA,0,NA,NA,NA,NA,NA,NA,NA,NA,0.914,NA,"yes",NA,NA,"beaver dam",NA,NA,NA,NA,NA,NA,NA,NA,NA,NA,NA,NA,NA,NA,NA,NA,0,0,0,0,0,0,0,0,0,1,0,0,0,0,0,0,0,0,0,0,0,0,0,0,0,0,0,0,0,0,0,0,0,0,NA,"Luce_Trout_SUMM_007.jpg","Luce_Trout_SUMM_008.jpg"
59071078,"L30161","109944266","LUCE","UNKNOWN",30,"July",1954,30,"July",1954,"light","none","light","none",NA,NA,1.524,NA,NA,20.235,NA,100,NA,0,NA,0,NA,0,NA,0,NA,NA,NA,NA,NA,NA,0,NA,"yes",NA,"no","yes",NA,"none",NA,NA,NA,NA,16.111,NA,NA,NA,NA,NA,NA,NA,NA,NA,0,0,0,0,0,0,0,0,0,0,0,0,0,0,0,0,0,0,0,0,0,0,0,0,1,0,0,0,0,0,0,1,0,0,"suckers","Luce_Unknown_SUMM_001.jpg","Luce_Unknown_SUMM_002.jpg"
59071079,"L30161","109944266","LUCE","UNKNOWN",4,"August",1954,5,"August",1954,"light","none","light","none",NA,NA,2.438,NA,NA,1.619,2.023,100,NA,0,NA,0,NA,0,NA,0,NA,NA,NA,NA,NA,NA,NA,NA,"no",NA,NA,"none",NA,NA,NA,NA,NA,NA,16.667,NA,NA,NA,NA,NA,NA,NA,NA,NA,0,0,0,0,0,0,0,0,0,1,0,0,0,0,0,0,0,0,1,0,0,0,0,0,0,0,0,1,0,0,0,1,0,0,"creek_chub_red_redbelly_dace_mudminnow_muddler","Luce_Unknown49N_12W_S12_SUMM_001.jpg","Luce_Unknown49N_12W_S12_SUMM_002.jpg"
59071080,"L30161","109944266","LUCE","UNKNOWN",5,"August",1954,5,"August",1954,"light","none","light","none",NA,NA,0.61,NA,NA,1.619,2.023,100,NA,0,NA,0,NA,0,NA,0,NA,NA,NA,NA,NA,NA,0,NA,"yes",NA,"no","extinct beaver dam at mouth",NA,"none",NA,NA,NA,NA,17.222,NA,NA,NA,NA,NA,NA,NA,NA,NA,0,0,0,0,0,0,0,0,0,1,0,0,0,0,0,0,0,0,1,0,0,0,0,0,0,0,0,0,0,0,0,0,0,0,"redbelly_dace_muddler","Luce_Unknown49N_12W_S12_SUMM_003.jpg","Luce_Unknown49N_12W_S12_SUMM_004.jpg"
59071082,"L27696","86671429","LUCE","WOLVERINE",8,"August",1969,NA,"August",NA,"none","none","none","none",NA,NA,4.877,NA,NA,3.238,NA,50,NA,0,NA,0,NA,0,NA,0,NA,NA,34.2,NA,NA,1.2,NA,NA,NA,NA,NA,NA,NA,NA,"no",NA,NA,NA,21.111,NA,15.556,NA,5,8,NA,NA,NA,NA,0,0,0,0,0,0,0,0,0,0,0,0,0,0,0,0,0,0,0,0,0,0,0,0,0,0,0,0,0,0,0,0,0,0,NA,"Luce_Wolverine_SUMM_009.jpg","Luce_Wolverine_SUMM_010.jpg"
59071083,"L28589","109943906","LUCE","WHEELER",30,"July",1954,31,"July",1954,"light","none","light","none",NA,NA,3.048,NA,NA,3.238,4.047,100,NA,0,NA,0,NA,0,NA,0,NA,NA,NA,NA,NA,NA,NA,NA,"no",NA,NA,"no",NA,NA,NA,NA,NA,NA,16.111,NA,NA,NA,NA,NA,NA,NA,NA,NA,0,0,0,0,0,0,0,0,0,1,0,0,0,0,0,0,0,0,0,0,0,0,0,0,0,0,1,0,0,0,0,1,0,0,"darters_creek_bellied_dace_creek_chub_dace","Luce_Wheeler_SUMM_004.jpg","Luce_Wheeler_SUMM_005.jpg"
59071084,"L27411","86671369","LUCE","YOUNGS",23,"August",1946,NA,NA,NA,"light","none","lightatpresent","none",NA,NA,10.667,4.267,NA,3.238,NA,NA,NA,0,NA,0,NA,0,NA,0,NA,NA,4,7,NA,NA,NA,NA,NA,NA,NA,NA,NA,NA,"yes",5.181,9.144,NA,19.5,NA,7,NA,7.5,NA,NA,NA,0,NA,0,1,0,0,0,0,0,0,0,0,0,0,0,0,0,0,0,0,0,0,0,0,0,0,0,1,0,0,0,0,0,0,0,1,"bullhead_bass","Luce_Youngs_SUMM_020.jpg","Luce_Youngs_SUMM_021.jpg"
59071085,"L291","118044907","MACKINAC","BREVORTLITTLE",22,"June",1967,22,"June",1967,"light","light","light","light",NA,NA,3.353,NA,NA,58.276,NA,100,NA,NA,NA,NA,NA,0,NA,NA,NA,NA,27.4,NA,NA,NA,NA,NA,"no",NA,"no","none",NA,"none",NA,NA,NA,NA,20.556,NA,19.444,NA,9,NA,NA,NA,NA,NA,0,1,0,0,0,0,1,0,0,0,1,0,0,0,0,0,0,0,0,0,0,0,0,0,1,1,0,1,0,0,0,0,0,1,"yellow_perch_rock_bass_pumkinseed","Mackinac_BrevortLittle_SUMM_015.jpg","Mackinac_BrevortLittle_SUMM_016.jpg"
59071086,"L28310","123111225","MACKINAC","BAYCITY",14,"August",1951,15,"August",1951,"light","none","light","none",NA,NA,3.962,NA,NA,14.164,NA,100,NA,NA,NA,NA,NA,1,NA,NA,NA,NA,NA,NA,NA,NA,NA,NA,NA,NA,NA,NA,NA,NA,"no",NA,NA,NA,NA,NA,NA,NA,NA,NA,NA,NA,NA,NA,0,0,0,0,0,1,0,0,0,0,1,0,0,0,0,0,0,0,0,0,0,0,0,0,0,1,0,0,1,0,0,1,0,1,"p_s_sunfish; 1","Mackinac_BayCity_SUMM_007.jpg","Mackinac_BayCity_SUMM_008.jpg"
59071087,"L29183","86672271","MACKINAC","DOLLARBIG",23,"July",1969,23,"July",1969,"none",NA,"none",NA,NA,NA,2.743,2.743,NA,14.974,NA,100,NA,0,NA,0,NA,0,NA,0,NA,NA,0,17.1,"PH-TH Alk. Range",1.6,NA,NA,"no",NA,"no","none",NA,"none",NA,NA,NA,NA,24.444,NA,22.222,NA,9,NA,NA,NA,NA,NA,0,0,0,0,0,0,0,0,0,0,0,0,0,0,0,0,0,0,0,0,0,0,0,0,0,0,0,0,0,0,0,0,0,0,"redsided_dace_sticklebacks","Mackinac_DollarBig_SUMM_003.jpg","Mackinac_DollarBig_SUMM_004.jpg"
59071088,"L28828","118043733","MACKINAC","DOLLARLITTLE",17,"July",1969,17,"July",1969,"light","light","lighttonone","lighttonone",NA,NA,2.438,2.133,NA,4.047,NA,100,NA,0,NA,0,NA,0,NA,0,NA,NA,17.1,NA,NA,1.4,NA,NA,NA,NA,NA,NA,NA,NA,NA,NA,NA,NA,24.444,NA,22.222,NA,7,8,0,NA,NA,NA,0,0,0,0,0,0,0,0,0,0,0,0,0,0,0,0,0,0,0,0,0,0,0,0,0,0,0,0,0,0,0,0,0,0,NA,"Mackinac_DollarLittle_SUMM_003.jpg","Mackinac_DollarLittle_SUMM_004.jpg"
59071089,"L40096","118044909","MACKINAC","MILAKOKIA",3,"September",1947,15,"October",1947,"medium","light","medium","light",NA,NA,7.924,2.133,NA,791.582,NA,85,NA,3,NA,3,NA,40,NA,NA,NA,NA,66,89,NA,NA,NA,NA,"no",NA,NA,"none yet but contemplated - gauge estab.",NA,NA,NA,NA,NA,NA,22.222,NA,19.444,NA,9.7,NA,NA,NA,NA,NA,0,0,0,0,0,0,1,0,0,0,0,0,0,0,0,0,0,0,0,0,0,0,0,0,1,0,0,1,0,0,0,0,0,1,"sunfish; minnows","Mackinac_Milakokia_SUMM_026.jpg","Mackinac_Milakokia_SUMM_027.jpg"
59071090,"L25247","118044311","MACKINAC","MILLECOQUIN",19,"July",1953,24,"July",1953,"medium","medium","medium","medium",NA,NA,3.657,2.743,NA,445.164,NA,NA,NA,NA,NA,3,NA,115,NA,NA,NA,NA,106,NA,NA,NA,NA,NA,"no",NA,NA,"none",NA,NA,"no",NA,NA,NA,21.389,NA,21.111,NA,9.8,9.8,NA,NA,NA,NA,0,0,0,1,1,1,1,1,0,0,1,0,0,0,0,0,1,0,0,1,0,0,0,0,1,1,0,1,0,0,0,1,0,1,"sand_shiner_logperch_sculpin","Mackinac_Millecoquin_SUMM_018.jpg","Mackinac_Millecoquin_SUMM_019.jpg"
59071091,"L29592","118045465","MACKINAC","GAMBLE",13,"August",1948,13,"August",1948,"light","none","light","none",NA,NA,3.048,NA,NA,28.733,NA,NA,NA,NA,NA,NA,NA,3,NA,NA,NA,NA,26,70,NA,NA,NA,NA,NA,NA,NA,NA,NA,NA,NA,NA,NA,NA,20.4,20.2,NA,NA,8.2,6,NA,NA,NA,NA,0,0,0,0,0,1,0,0,0,0,0,0,0,0,0,0,0,0,0,0,0,0,0,0,0,0,0,0,0,0,0,0,0,0,"sunfish","Mackinac_Gamble_SUMM_006.jpg","Mackinac_Gamble_SUMM_007.jpg"
59071092,"L29592","118045465","MACKINAC","GAMBLE",17,"June",1953,18,"June",1953,"light","light","light","light",NA,NA,3.657,NA,NA,28.329,NA,100,NA,3,NA,NA,NA,1,NA,NA,NA,NA,NA,NA,NA,NA,NA,NA,NA,NA,NA,NA,NA,NA,NA,NA,NA,NA,21.111,NA,NA,NA,NA,NA,NA,NA,NA,NA,0,0,0,0,0,0,0,0,0,0,0,0,1,0,0,0,0,0,0,0,0,1,0,0,0,0,0,1,1,0,0,0,0,1,"sunfish_fish; darters_shiners_log_perch","Mackinac_Gamble_SUMM_008.jpg","Mackinac_Gamble_SUMM_009.jpg"
59071093,"L25636","118043971","MACKINAC","GARNET",NA,NA,1952,NA,NA,NA,"medium","light","mediumtolight","light",NA,NA,3.657,NA,NA,13.76,NA,NA,NA,NA,NA,NA,NA,1,NA,1,NA,NA,NA,NA,NA,NA,NA,NA,NA,NA,NA,NA,NA,NA,NA,NA,NA,NA,NA,NA,NA,NA,NA,NA,NA,NA,NA,NA,0,0,0,0,0,0,0,0,0,0,0,0,1,0,0,0,0,0,0,0,0,0,0,0,0,1,0,0,0,0,0,0,0,1,NA,"Mackinac_Garnet_SUMM_013.jpg","Mackinac_Garnet_SUMM_014.jpg"
59071094,"L23165","118043817","MACKINAC","REXTON",15,"August",1969,NA,"August",NA,"light","light","light","light",NA,NA,3.048,1.524,NA,11.331,NA,100,NA,0,NA,0,NA,0,NA,0,NA,NA,17.1,NA,NA,1.8,NA,NA,"no",NA,"no","x",NA,"x","no",NA,NA,NA,23.333,NA,20,NA,8,3,0,NA,NA,NA,0,0,0,0,0,0,0,0,0,0,1,0,0,0,0,0,0,0,0,0,0,0,0,0,0,0,0,0,0,0,0,0,0,1,"minnows_too_small_to_identify; minnows","Mackinac_Rexton_SUMM_003.jpg","Mackinac_Rexton_SUMM_004.jpg"
59071095,"L6522","118045589","MACKINAC","SILVER",13,"August",1948,13,"August",1948,NA,NA,NA,NA,NA,NA,6.096,NA,NA,18.211,NA,NA,NA,NA,NA,NA,NA,1,NA,NA,NA,NA,56,58,NA,NA,NA,NA,NA,NA,NA,NA,NA,NA,"no",NA,NA,NA,20.2,19.8,NA,NA,6.9,6.4,NA,NA,NA,NA,0,0,0,0,0,0,0,0,0,0,0,0,0,0,0,0,0,0,0,0,0,0,0,0,0,0,0,0,0,0,0,0,0,0,NA,"Mackinac_Silver_SUMM_003.jpg","Mackinac_Silver_SUMM_004.jpg"
59071096,"L29333","86672003","MACKINAC","UNNAMED",22,"July",1969,22,"July",1969,"light","none","light","none",NA,NA,1.829,1.829,NA,2.833,NA,100,NA,0,NA,0,NA,1,NA,0,NA,NA,85.5,NA,NA,1.4,NA,NA,"no",NA,NA,"none",NA,NA,NA,NA,NA,NA,25.556,NA,23.333,NA,9,NA,NA,NA,NA,NA,0,0,0,0,0,0,0,0,0,0,0,0,0,0,0,0,0,0,0,0,0,0,0,0,0,0,0,0,0,0,0,0,0,0,NA,"Mackinac_Unnamed_SUMM_002.jpg","Mackinac_Unnamed_SUMM_003.jpg"
59071097,"L23406","118043967","MACKINAC","STROUBLE",13,"September",1956,13,"September",1956,"light","none","light","none",NA,NA,2.438,NA,NA,142.048,NA,100,NA,NA,NA,NA,NA,4,NA,NA,NA,NA,NA,NA,NA,NA,NA,NA,NA,NA,NA,NA,NA,NA,NA,NA,NA,NA,NA,NA,NA,NA,NA,NA,NA,NA,NA,NA,0,0,0,0,0,0,0,0,0,0,0,0,1,0,0,0,0,0,0,0,0,0,0,0,0,0,0,0,0,0,0,0,0,1,"mud_minnows_flathead_head_minnows","Mackinac_Strouble_SUMM_008.jpg","Mackinac_Strouble_SUMM_009.jpg"
59071098,"L23138","44364664","MACKINAC","WHITEFISH",12,"September",1937,12,"September",1937,NA,NA,NA,NA,"yes","permitted",8.839,2.133,NA,1619.183,NA,NA,NA,NA,NA,NA,NA,NA,NA,NA,NA,NA,80,NA,NA,NA,0.61,NA,"yes","no",NA,"yes","no",NA,NA,NA,NA,NA,20.5,NA,17.6,NA,9,NA,NA,NA,NA,NA,0,1,0,0,0,1,1,0,0,0,1,0,0,1,0,1,1,0,0,1,0,1,0,0,1,0,0,1,1,0,1,1,0,1,"sunfish_rock_bass; bluntnosed_strawcolored_percina","Mackinac_Whitefish_SUMM_002.jpg","Mackinac_Whitefish_SUMM_003.jpg"
59071099,"L18128","60089362","MANISTEE","BEAR",25,"July",1932,NA,NA,NA,NA,NA,NA,NA,"permitted","permitted",7.2,NA,NA,705.787,NA,NA,NA,NA,NA,NA,NA,NA,NA,NA,NA,"extensive. camp rodamaker, dayton club, village of bear lake, etc.",NA,NA,NA,NA,NA,NA,"no","yes",NA,"generally no outlet","only at times",NA,NA,NA,NA,NA,NA,NA,NA,NA,NA,NA,NA,NA,NA,NA,1,0,0,1,1,1,1,1,0,0,0,0,0,0,0,1,0,0,0,1,0,0,0,0,1,1,0,1,1,0,1,1,0,1,"wall_eyes; straw_strawcolored_minnows_lake_shiners_tadpole_cats_spot_tail_shiners_chub_and_mud_minnow_menona_kill_fish","Manistee_Bear_SUMM_025.jpg","Manistee_Bear_SUMM_026.jpg"
59071100,"L16329","60089864","MANISTEE","CHIEF",20,"July",1932,20,"July",1932,NA,NA,NA,NA,"permitted","permitted",8.9,3.2,NA,50.992,NA,NA,NA,NA,NA,NA,NA,NA,NA,NA,NA,"very little. a few boathouses. houses",NA,NA,NA,NA,NA,NA,"no","yes",NA,"outlet usually dry","only in very high water",NA,NA,NA,NA,NA,23.333,NA,13.333,NA,NA,NA,NA,NA,NA,NA,0,0,1,0,0,1,0,0,0,0,0,0,0,0,0,0,0,0,0,0,0,1,0,0,1,1,0,0,0,0,0,0,0,1,"efforts_to_plant_great_lakes_shiners_apparently_unsuccessful","Manistee_Chief_SUMM_006.jpg","Manistee_Chief_SUMM_007.jpg"
59071101,"L16535","60089674","MANISTEE","JAMES",18,"August",1953,18,"August",1953,"medium","light","medium","light",NA,NA,NA,NA,NA,8.094,NA,NA,NA,0,NA,0,NA,1,NA,0,NA,NA,130,125,NA,NA,NA,NA,"no",NA,NA,"none",NA,NA,"yes",3.048,9.144,NA,23.889,NA,6.3,NA,8.5,NA,NA,NA,2,NA,0,0,0,0,0,1,0,0,0,0,0,0,0,0,0,0,0,0,0,0,0,0,0,0,0,0,0,0,0,0,0,0,0,1,"bass","Manistee_James_SUMM_004.jpg","Manistee_James_SUMM_005.jpg"
59071102,"L14318","60090024","MANISTEE","DICKSONS",12,"November",1932,12,"November",1932,NA,NA,NA,NA,"permitted","permitted",10.058,NA,NA,10.117,NA,NA,NA,NA,NA,NA,NA,NA,NA,NA,NA,"none",NA,NA,NA,NA,NA,NA,"no","yes",NA,"no","yes",NA,NA,NA,NA,NA,25.556,NA,6.111,NA,NA,NA,NA,NA,NA,NA,0,0,0,0,1,1,0,0,0,0,0,0,0,0,0,0,1,0,0,0,0,1,0,0,1,1,0,0,0,0,0,1,0,1,"trout_longeared_sunfish; pugnosed_minnows; suckers","Manistee_Dicksons_SUMM_005.jpg","Manistee_Dicksons_SUMM_006.jpg"
59071103,"L12958","146646404","MACOMB","CUSIC",8,"August",1947,NA,NA,NA,"medium","light","medium","light",NA,NA,NA,NA,NA,13.355,NA,NA,NA,0,NA,0,NA,6,NA,0,NA,NA,60,100,NA,NA,NA,NA,NA,NA,NA,NA,NA,NA,"yes",3.657,9.144,NA,29.444,NA,7.778,NA,7.2,7.6,2.8,7.1,2.8,NA,0,0,0,0,0,1,1,0,0,0,0,0,0,0,0,0,0,0,0,0,0,1,0,0,1,1,0,1,0,0,0,0,0,1,NA,"Macomb_Cusic_SUMM_016.jpg","Macomb_Cusic_SUMM_017.jpg"
59071104,"L14979","60089436","MANISTEE","LEMON",20,"July",1932,20,"July",1932,NA,NA,NA,NA,"discouraged but evidently public*","permitted",9.753,NA,NA,14.974,NA,NA,NA,NA,NA,NA,NA,NA,NA,NA,NA,"none",NA,NA,NA,NA,NA,NA,"no","yes",NA,"none seen or be reported","during high water",NA,NA,NA,NA,NA,25.556,NA,7.222,NA,NA,NA,NA,NA,NA,NA,0,0,0,0,0,1,0,0,0,0,1,0,0,0,0,0,1,0,0,0,0,1,0,0,1,1,0,0,0,0,0,1,0,1,"tadpole_cat","Manistee_Lemon_SUMM_006.jpg","Manistee_Lemon_SUMM_007.jpg"
59071105,"L14969","60090748","MANISTEE","MANISTEE",19,"August",1957,26,"August",1957,"light","light","light","light",NA,NA,14.934,1.372,2.438,376.366,NA,20,NA,2,NA,0,NA,0,NA,0,NA,NA,99,225,NA,NA,NA,NA,"no",NA,NA,"none",NA,NA,NA,NA,NA,NA,21.667,23.333,71,NA,10.2,0,NA,NA,NA,NA,1,0,0,0,0,1,1,1,1,0,1,0,0,0,1,1,0,0,0,1,0,1,0,0,1,0,1,0,1,0,0,1,1,1,"muskellunge; emerald_shiner; n_redhorse_m_aureolum_g_redhorse_m_erythurum_alewife","Manistee_Manistee_SUMM_021.jpg","Manistee_Manistee_SUMM_022.jpg"
59071106,"L46436","152512502","MARQUETTE","AIRPORT",11,"August",1940,13,"August",1940,"light","light","light","light",NA,NA,8.534,5.181,NA,2.711,NA,38.71,NA,0,NA,0,NA,0,NA,0,NA,NA,5,NA,NA,1.44,NA,NA,NA,NA,NA,NA,NA,NA,"yes",5.486,7.62,NA,24.3,NA,9.1,NA,7.1,NA,NA,NA,0.3,NA,0,0,0,0,0,0,0,0,0,0,0,0,0,0,0,0,0,0,0,0,0,0,0,0,0,0,0,0,0,0,0,0,0,1,"trout","Marquette_Airport_SUMM_037.jpg","Marquette_Airport_SUMM_038.jpg"
59071108,"L20041","60090668","MANISTEE","PINE",22,"July",1932,22,"July",1932,NA,NA,NA,NA,"permitted","permitted",17.6,NA,NA,64.346,NA,NA,NA,NA,NA,NA,NA,NA,NA,NA,NA,"two boat liveries and cottages. very little development",NA,NA,NA,NA,NA,NA,"no",NA,NA,"no","-",NA,NA,NA,NA,NA,NA,NA,NA,NA,NA,NA,NA,NA,NA,NA,0,0,0,0,1,1,1,0,0,0,0,0,0,1,0,1,1,0,0,0,0,1,0,0,0,0,0,0,1,0,0,1,0,1,"lake_trout; strawcolored_shiner_and_minnow_mud_minnow","Manistee_Pine_SUMM_017.jpg","Manistee_Pine_SUMM_018.jpg"
59071109,"L22251","60089586","MANISTEE","MUD",23,"July",1932,23,"July",1932,NA,NA,NA,NA,"permitted","permitted",3,NA,NA,3.44,NA,NA,NA,NA,NA,NA,NA,NA,NA,NA,NA,"none",NA,NA,NA,NA,NA,NA,"no","yes",NA,"none seen","yes",NA,NA,NA,NA,NA,NA,NA,NA,NA,NA,NA,NA,NA,NA,NA,1,0,0,1,1,1,0,0,0,0,0,0,0,0,0,0,1,0,0,0,0,1,0,0,0,0,0,1,0,0,0,1,0,1,"muskellunge_very_likely_not_present","Manistee_Mud_SUMM_004.jpg","Manistee_Mud_SUMM_005.jpg"
59071110,"L43982","152512577","MARQUETTE","ANDERSON",30,"June",1966,30,"June",1966,"medium","none","medium","none",NA,NA,9.144,3.048,NA,20.235,NA,65,NA,0,NA,0,NA,4,NA,0,NA,NA,119,NA,NA,NA,NA,NA,"no",NA,"no","n/a",NA,"n/a",NA,4.572,NA,NA,24.444,NA,20,NA,8,NA,7,NA,3,NA,0,0,0,0,0,1,0,0,0,0,0,0,0,0,0,0,0,0,0,0,0,1,0,0,0,1,0,0,0,0,0,1,0,1,NA,"Marquette_Anderson_SUMM_006.jpg","Marquette_Anderson_SUMM_007.jpg"
59071111,"L36634","105233729","MARQUETTE","BALDWINKILN",19,"June",1950,20,"June",1950,"medium","medium","medium","medium",NA,NA,12.496,0.671,NA,NA,NA,NA,NA,0,NA,0,NA,0,NA,0,NA,NA,10,19,NA,NA,NA,NA,"no",NA,NA,"none",NA,NA,NA,1.524,3.048,NA,17.222,22.778,13.3,NA,8.8,11.4,6.4,4.4,NA,NA,0,0,0,0,0,0,0,0,0,1,0,0,0,0,0,0,0,0,0,0,0,1,0,0,0,0,0,0,0,0,0,0,0,0,NA,"Marquette_BaldwinKiln_SUMM_008.jpg","Marquette_BaldwinKiln_SUMM_009.jpg"
59071112,"L45492","152512555","MARQUETTE","BASS",29,"June",1954,3,"July",1954,"medium","light","lighttomedium","light",NA,NA,23.773,4.877,NA,31.161,NA,19.5,NA,0,NA,0,NA,36,NA,0,NA,NA,112,130,NA,NA,NA,NA,"no",NA,NA,"none",NA,NA,NA,5.486,10.667,NA,19.444,23.333,5.1,NA,8.6,NA,4.2,NA,0.3,4.2,0,0,1,0,0,0,1,0,0,0,0,0,0,0,0,0,0,0,1,1,0,1,0,0,0,1,0,0,1,0,1,1,0,1,"sculpin_creek_chub","Marquette_Bass45N_25W_S36_SUMM_006.jpg","Marquette_Bass45N_25W_S36_SUMM_007.jpg"
59071113,"L45492","152512555","MARQUETTE","BASS",20,"July",1976,22,"July",1976,"light","light","light","light",NA,NA,6.096,NA,NA,106.435,NA,90,NA,0,NA,0,NA,50,NA,0,NA,NA,129.9,NA,NA,NA,NA,NA,NA,NA,NA,NA,NA,NA,NA,3.048,5.486,NA,23.889,NA,20.556,NA,8,NA,6,NA,NA,NA,0,1,0,0,0,0,1,0,0,0,0,0,0,0,0,0,0,0,0,1,0,1,0,0,0,1,0,0,0,0,0,1,0,1,NA,"Marquette_Bass45N_25W_S36_SUMM_004.jpg","Marquette_Bass45N_25W_S36_SUMM_005.jpg"
59071114,"L40116","105232139","MARQUETTE","BEAR",25,"August",1953,26,"August",1953,"light","none","light","none",NA,NA,12.191,3.962,NA,16.188,NA,75,NA,NA,NA,NA,NA,0,NA,NA,NA,NA,59,NA,NA,NA,NA,NA,"no",NA,NA,"none at present",NA,NA,"yes",3.048,7.62,NA,23.4,NA,5.2,NA,6.8,8.4,6.8,0.7,0.7,NA,0,0,0,0,0,0,0,0,0,0,0,0,0,0,0,0,0,0,0,0,0,0,0,0,1,0,0,0,0,0,0,1,0,1,"several_species","Marquette_Bear_SUMM_003.jpg","Marquette_Bear_SUMM_004.jpg"
59071115,"L45492","152512555","MARQUETTE","BASS",22,"August",1977,24,"August",1977,"heavy","medium","heavy","medium",NA,NA,23.773,NA,NA,31.161,NA,NA,NA,0,NA,0,NA,78,NA,0,NA,NA,NA,NA,NA,NA,NA,NA,"no",NA,"no","none",NA,"none",NA,NA,NA,NA,18.889,NA,NA,NA,NA,NA,NA,NA,NA,NA,0,0,0,0,0,0,1,0,0,0,0,0,0,0,0,0,0,0,0,0,0,1,0,0,0,0,1,0,1,0,0,1,0,1,"sand_shiner","Marquette_Bass45N_26W_S29_SUMM_017.jpg","Marquette_Bass45N_26W_S29_SUMM_018.jpg"
59071116,"L46358","110735809","MARQUETTE","BEDSPRING",8,"August",1950,NA,NA,NA,"light","none","light","none",NA,NA,5.791,1.981,2.438,2.104,NA,NA,NA,0,NA,0,NA,0,NA,0,NA,NA,9,10,NA,NA,NA,NA,"no",NA,NA,"none",NA,NA,"no",NA,NA,NA,26.111,NA,18.9,NA,5.3,6.1,NA,NA,NA,NA,0,0,0,0,0,0,0,0,0,0,0,0,0,0,0,0,0,0,0,0,0,0,0,0,0,1,0,0,0,0,0,0,0,1,NA,"Marquette_Bedspring_SUMM_015.jpg","Marquette_Bedspring_SUMM_016.jpg"
59071117,"L43736","152512538","MARQUETTE","BLACK",5,"August",1953,NA,NA,NA,"light","none","light","none",NA,NA,4.572,NA,NA,2.023,NA,NA,NA,NA,NA,NA,NA,0,NA,NA,NA,NA,110,NA,NA,NA,NA,NA,"no",NA,NA,"no",NA,NA,NA,NA,NA,NA,21,NA,NA,NA,4.8,5.2,NA,NA,NA,NA,0,0,0,0,0,0,0,0,0,0,0,0,0,0,0,0,0,0,0,0,0,1,0,0,0,0,0,0,0,0,0,1,0,1,"unidentified","Marquette_Black_SUMM_003.jpg","Marquette_Black_SUMM_004.jpg"
59071118,"L36932","152512293","MARQUETTE","BLUE",6,"August",1962,6,"August",1962,"none","none","none","none",NA,NA,NA,1.829,NA,16.188,NA,100,NA,0,NA,0,NA,0,NA,0,NA,NA,43,44,NA,NA,3.353,NA,"yes",NA,NA,"beaver dam - very old",NA,NA,"no",NA,NA,NA,20,NA,16.667,NA,5.4,10,NA,NA,NA,NA,0,0,0,0,0,0,0,0,0,0,0,0,0,0,0,0,0,0,0,0,0,0,0,0,0,0,0,0,0,0,0,0,0,0,NA,"Marquette_Blue_SUMM_004.jpg","Marquette_Blue_SUMM_005.jpg"
59071119,"L38677","152512307","MARQUETTE","BLAIRPOND",26,"August",1942,29,"August",1942,"light","none","light","none",NA,NA,NA,2.286,NA,5.544,NA,NA,NA,0,NA,0,NA,1,NA,0,NA,NA,NA,NA,NA,NA,3.048,3.657,"yes",NA,"yes","beaver dam - - abund (about) 12 ft. high",NA,"barrier to upstream movement",NA,NA,NA,NA,16.667,NA,9.444,NA,NA,NA,NA,NA,NA,NA,0,0,0,0,0,0,0,0,0,0,0,0,0,0,0,0,0,0,0,0,0,1,0,0,0,0,0,0,0,0,0,1,0,0,"suckers","Marquette_BlairPond_SUMM_012.jpg","Marquette_BlairPond_SUMM_013.jpg"
59071120,"L40587","152512185","MARQUETTE","BROCKY",18,"August",1948,NA,"August",NA,"light","none","light","none",NA,NA,6.705,2.133,NA,24.282,NA,NA,NA,0,NA,0,NA,4,NA,0,NA,NA,24,NA,NA,NA,NA,NA,"no",NA,NA,"no",NA,NA,"yes",3.353,4.877,NA,19.4,18.7,17.2,16.4,7.1,7,7,NA,1.8,0,0,0,0,0,0,0,0,0,0,1,0,0,0,0,0,1,1,0,0,0,0,0,0,0,0,0,0,0,0,0,0,1,0,1,"n_creek_chub","Marquette_Brocky_SUMM_024.jpg","Marquette_Brocky_SUMM_025.jpg"
59071121,"L40587","152512185","MARQUETTE","BROCKY",12,"June",1969,NA,"June",NA,"medium","light","medium","light",NA,NA,7.315,1.219,NA,36.423,NA,20,NA,0,NA,0,NA,4,NA,0,NA,NA,12,21,NA,NA,NA,NA,"no",NA,NA,"no",NA,NA,"yes",3.657,5.486,NA,22.222,NA,8.889,NA,8.3,8.9,1.5,7.8,NA,NA,0,0,0,0,0,0,0,0,0,0,0,1,0,0,0,1,0,0,0,0,0,0,0,0,0,0,0,0,0,0,0,1,0,0,"creek_chubs","Marquette_Brocky_SUMM_026.jpg","Marquette_Brocky_SUMM_027.jpg"
59071122,"L44004","109946614","MARQUETTE","BROWNS",12,"July",1954,NA,"July",NA,"light",NA,"light",NA,NA,NA,NA,NA,NA,0.809,NA,NA,NA,NA,NA,0,NA,0,NA,0,NA,NA,NA,NA,NA,NA,NA,NA,"no",NA,NA,"no",NA,NA,NA,NA,NA,NA,NA,NA,NA,NA,NA,NA,NA,NA,NA,NA,0,0,0,0,0,0,0,0,0,0,0,0,0,0,0,0,0,0,0,0,0,0,0,0,0,0,0,0,0,0,0,0,0,0,NA,"Marquette_Browns_SUMM_002.jpg","Marquette_Browns_SUMM_003.jpg"
59071123,"L45642","110735595","MARQUETTE","CAMPFIVE",5,"August",1950,7,"August",1950,"medium",NA,"medium ",NA,NA,NA,5.486,3.81,NA,NA,NA,NA,NA,NA,NA,NA,NA,1,NA,NA,NA,NA,4,NA,NA,NA,NA,NA,NA,NA,NA,NA,NA,NA,"yes",3.048,5.486,"yes",19.5,NA,8.9,NA,6.6,6.2,6.2,3,NA,NA,0,0,0,0,0,0,0,0,0,1,0,0,0,0,0,0,0,0,0,0,0,0,0,0,0,0,0,0,0,0,0,0,0,0,NA,"Marquette_CampFive_SUMM_008.jpg","Marquette_CampFive_SUMM_009.jpg"
59071124,"L46004","152512407","MARQUETTE","CHABENEAU",9,"July",1958,10,"July",1958,"light","none","light","none",NA,NA,10.058,NA,NA,1.659,NA,95,NA,NA,NA,NA,NA,NA,NA,NA,NA,NA,8,NA,NA,NA,NA,NA,NA,NA,NA,NA,NA,NA,NA,1.524,10.058,"yes",19.111,NA,9.5,NA,7,NA,7.9,6.6,NA,NA,0,0,0,0,0,0,0,0,0,0,0,0,0,0,0,0,0,0,0,0,0,0,0,0,0,0,1,0,0,0,0,0,0,0,"unidentified_minnows","Marquette_Chabeneau_SUMM_006.jpg","Marquette_Chabeneau_SUMM_007.jpg"
59071126,"L46029","152512554","MARQUETTE","CHARLEYS",5,"August",1953,NA,NA,NA,"light","none","light","none",NA,NA,5.486,NA,NA,4.047,NA,NA,NA,NA,NA,NA,NA,1,NA,NA,NA,NA,NA,NA,NA,NA,NA,NA,"no",NA,NA,"none",NA,NA,NA,NA,NA,NA,NA,NA,NA,NA,NA,NA,NA,NA,NA,NA,0,0,0,0,0,0,0,0,0,0,0,0,0,0,0,0,0,0,0,0,0,1,0,0,0,0,0,0,0,0,0,1,0,1,"sunfish","Marquette_Charleys_SUMM_011.jpg","Marquette_Charleys_SUMM_012.jpg"
59071127,"L46029","152512554","MARQUETTE","CHARLEYS",5,"August",1953,5,"August",1953,"light","none","light","none",NA,NA,5.486,NA,NA,4.047,4.856,70,NA,NA,NA,NA,NA,2,NA,NA,NA,NA,NA,NA,NA,NA,0.61,NA,"yes",NA,"no","old beaver dam - washed out",NA,"none at present",NA,NA,NA,NA,19.9,NA,19.6,NA,5.2,5.6,NA,NA,NA,NA,0,0,0,0,0,0,0,0,0,0,0,0,0,0,0,0,0,0,0,0,0,1,0,0,0,0,0,0,0,0,0,1,0,1,"sunfish; minnows_shiners_shiners","Marquette_Charleys_SUMM_009.jpg","Marquette_Charleys_SUMM_010.jpg"
59071128,"L46029","152512554","MARQUETTE","CHARLEYS",11,"August",1967,NA,"August",NA,"light","none","light","none",NA,NA,5.791,NA,NA,4.047,4.856,60,NA,0,NA,0,NA,23,NA,0,NA,NA,136.8,NA,NA,NA,0.61,NA,"yes",NA,"no","old beaver dam - washed out",NA,"none at present","no",NA,NA,NA,20,NA,20,NA,8,9,NA,NA,NA,NA,0,0,0,1,1,0,1,0,0,0,0,0,0,0,0,1,1,0,0,1,0,1,0,1,0,1,0,0,0,0,0,1,0,1,"sunfish; common_minnow_shiners_large_mouth_bass_perch_pumpkinseed_creek_chub_suckers","Marquette_Charleys_SUMM_013.jpg","Marquette_Charleys_SUMM_014.jpg"
59071129,"L46009","110735627","MARQUETTE","CHIEFBIG",19,"August",1948,19,"August",1948,"heavy",NA,"heavy",NA,NA,NA,15.239,NA,NA,101.174,NA,NA,NA,1,NA,1,NA,10,NA,NA,NA,NA,77,150,NA,NA,NA,NA,NA,NA,NA,NA,NA,NA,"yes",6.096,8.229,NA,20,18.8,10.8,8.8,7.2,NA,NA,NA,2.6,0,0,0,0,0,0,1,0,0,0,0,0,0,0,0,0,0,0,0,0,0,0,1,0,0,0,0,0,0,1,0,0,0,0,0,NA,"Marquette_ChiefBig_SUMM_007.jpg","Marquette_ChiefBig_SUMM_008.jpg"
59071130,"L46029","152512554","MARQUETTE","CHARLEYS",11,"August",1967,11,"August",1967,"light","none","light","none",NA,NA,5.791,NA,NA,4.047,NA,40,NA,0,NA,0,NA,3,NA,0,NA,NA,136.8,NA,NA,NA,NA,NA,"no",NA,NA,"none",NA,NA,"no",NA,NA,NA,20,NA,19.444,NA,8,NA,NA,NA,NA,NA,0,0,0,0,0,0,0,0,0,1,0,0,0,0,0,1,0,0,0,0,0,1,0,0,0,1,0,0,0,0,0,1,0,1,"sunfish_fish; common_shiners_and_unidentified_minnows_small_perch_and_pumpkinseeds_abundant","Marquette_Charleys_SUMM_015.jpg","Marquette_Charleys_SUMM_016.jpg"
59071131,"L35457","152512180","MARQUETTE","CLEAR",23,"June",1969,24,"June",1969,"light","none","verylightatpresent","none",NA,NA,9.144,NA,NA,13.153,NA,60,NA,0,NA,0,NA,0,NA,0,NA,NA,13.6,20.4,NA,NA,0.914,1.219,"yes",NA,"yes","three active beaver dams",NA,"barrier except during heavy spring runoff.",NA,3.81,6.096,NA,16.111,NA,5,NA,9,NA,5,9,2,NA,0,0,0,0,0,0,0,0,0,0,0,1,0,0,0,1,0,0,0,0,0,0,0,0,0,0,0,0,0,0,0,1,0,0,"creek_chub","Marquette_Clear_SUMM_011.jpg","Marquette_Clear_SUMM_012.jpg"
59071132,"L38503","105231661","MARQUETTE","CLIFF",10,"August",1953,12,"August",1953,"light",NA,"light",NA,NA,NA,10.667,4.572,NA,16.188,NA,2,5,NA,NA,NA,NA,0,NA,NA,NA,NA,35,NA,NA,NA,NA,NA,"no",NA,NA,"no",NA,NA,"yes",3.048,7.62,NA,23,NA,6,NA,7,6.8,NA,NA,1,NA,0,0,0,0,1,0,1,0,0,1,0,0,0,1,0,0,0,0,0,0,0,0,0,0,0,0,0,0,0,0,0,1,0,0,"minnow_not_specified; sturgeon_sucker","Marquette_Cliff_SUMM_005.jpg","Marquette_Cliff_SUMM_006.jpg"
59071133,"L45703","110735613","MARQUETTE","CRANBERRY",3,"August",1950,4,"August",1950,"medium",NA,"lightmediumfishingpressure",NA,NA,NA,8.229,3.657,NA,NA,NA,NA,NA,NA,NA,NA,NA,0,NA,NA,NA,NA,5,6,NA,NA,NA,NA,NA,NA,NA,NA,NA,NA,"yes",3.81,6.096,NA,20.9,NA,5.2,NA,7.2,6.6,4.4,0.8,0.2,NA,0,0,0,0,0,0,0,0,0,1,0,0,0,0,0,0,0,0,0,0,0,0,0,0,0,0,0,0,0,0,0,1,0,0,"sturgeon_suckers","Marquette_Cranberry_SUMM_010.jpg","Marquette_Cranberry_SUMM_011.jpg"
59071134,"L48226",NA,"MARQUETTE","CRESCENT",7,"July",1959,8,"July",1959,"none","none","none","none",NA,NA,9.144,1.829,NA,2.023,NA,70,NA,NA,NA,NA,NA,0,NA,NA,NA,NA,0,NA,NA,NA,NA,NA,NA,NA,NA,NA,NA,NA,NA,3.657,NA,NA,21.389,NA,5.278,NA,NA,NA,6.2,0.4,0.4,0,0,0,0,0,0,0,0,0,0,0,0,0,0,0,0,0,0,0,0,0,0,0,0,0,0,0,0,0,0,0,0,0,0,0,NA,"Marquette_Crescent_SUMM_004.jpg","Marquette_Crescent_SUMM_005.jpg"
59071135,"L41325","105233873","MARQUETTE","COOPER",22,"August",1951,NA,NA,NA,"light","none","verylight","none",NA,NA,NA,1.524,NA,13.76,NA,100,NA,0,NA,0,NA,10,NA,0,NA,NA,44,NA,NA,NA,3.048,NA,"no",NA,"yes","no - waterfall",NA,"prevents upstream migration effectively.","no",NA,NA,NA,17,NA,15.722,NA,6.4,7.2,NA,NA,NA,NA,0,0,0,0,0,0,0,0,0,0,0,0,1,0,0,0,0,0,0,0,0,0,0,0,0,0,0,0,0,0,0,1,0,1,"bullheads_head_black_bass_bullheads","Marquette_Cooper_SUMM_007.jpg","Marquette_Cooper_SUMM_008.jpg"
59071136,"L39345","105233137","MARQUETTE","CLIMB",19,"July",1955,20,"July",1955,NA,NA,NA,NA,NA,NA,NA,NA,NA,2.023,NA,NA,NA,NA,NA,NA,NA,NA,NA,NA,NA,NA,NA,NA,NA,NA,0.61,NA,"yes",NA,"no","beaver dam on west outlet",NA,"none (no fish present). water falls below prevent movement.",NA,NA,NA,NA,NA,NA,NA,NA,NA,NA,NA,NA,NA,NA,0,0,0,0,0,0,0,0,0,0,0,0,0,0,0,0,0,0,0,0,0,0,0,0,0,0,0,0,0,0,0,0,0,0,NA,"Marquette_Climb_SUMM_001.jpg","Marquette_Climb_SUMM_002.jpg"
59071137,"L44279","152512542","MARQUETTE","CROOKED",18,"July",1954,22,"July",1954,"medium",NA,"medium ",NA,NA,NA,12.496,5.273,NA,22.744,NA,40,NA,0,NA,0,NA,1,NA,0,NA,NA,102,133,NA,NA,NA,NA,"no",NA,NA,"none",NA,NA,NA,3.962,7.62,NA,21.667,23.333,8.2,NA,7.8,8.1,3.9,7.8,0,3.9,0,0,0,0,0,0,1,0,0,0,0,0,0,0,0,0,0,0,0,0,0,1,0,0,0,0,0,0,1,0,0,1,0,1,"green_sunfish; darters","Marquette_Crooked_SUMM_008.jpg","Marquette_Crooked_SUMM_009.jpg"
59071138,"L32216","110734325","MARQUETTE","DISHNO",19,"October",1956,20,"October",1956,"light","none","light","none",NA,NA,NA,NA,NA,40.469,NA,100,NA,NA,NA,NA,NA,NA,NA,NA,NA,NA,NA,NA,NA,NA,NA,NA,"yes",NA,NA,"beaver dam",NA,NA,NA,NA,NA,NA,NA,NA,NA,NA,NA,NA,NA,NA,NA,NA,0,0,0,0,0,0,0,0,0,0,0,0,1,0,0,1,0,0,0,0,0,0,0,0,0,0,0,0,0,0,0,1,0,1,"creek_chub; suckers","Marquette_Dishno_SUMM_003.jpg","Marquette_Dishno_SUMM_004.jpg"
59071139,"L45395","152512442","MARQUETTE","DEWEY",7,"July",1958,10,"July",1958,"light","none","verylight","none",NA,NA,3.048,1.524,NA,16.188,NA,NA,NA,NA,NA,NA,NA,NA,NA,NA,NA,NA,81,NA,NA,NA,NA,NA,"yes",NA,"yes","yes - beaver dam - old",NA,"effective barrier",NA,NA,NA,NA,20.2,NA,NA,NA,8,NA,NA,NA,NA,NA,0,0,0,0,1,0,1,0,1,0,0,0,0,0,0,0,1,0,0,0,0,1,0,0,0,0,0,0,0,0,0,1,0,0,"golden_shiner_brook_stickle_backs","Marquette_Dewey_SUMM_005.jpg","Marquette_Dewey_SUMM_006.jpg"
59071140,"L45127","152512416","MARQUETTE","DRAKELITTLE",7,"July",1959,NA,NA,NA,"medium","none","medium","none",NA,NA,7.62,3.657,NA,3.238,NA,75,NA,0,NA,0,NA,0,NA,0,NA,NA,115,NA,NA,NA,0.914,1.219,"yes",NA,"yes","yes at lake shore",NA,"blocks migration upstream.",NA,NA,NA,NA,20.6,NA,16.4,NA,6.6,5.4,NA,NA,NA,NA,0,0,0,0,0,0,0,0,0,0,0,0,0,0,0,0,0,0,0,0,0,0,0,0,0,0,1,0,0,0,0,1,0,0,"redbelly_dace","Marquette_DrakeLittle_SUMM_005.jpg","Marquette_DrakeLittle_SUMM_006.jpg"
59071141,"L46113","152512426","MARQUETTE","DRAKEBIG",10,"July",1959,10,"July",1959,"medium",NA,"medium",NA,NA,NA,5.486,3.657,NA,12.141,NA,80,NA,NA,NA,NA,NA,0,NA,NA,NA,NA,132,NA,NA,NA,NA,NA,"yes",NA,"yes","yes",NA,"effective barrier about 5'","no",NA,NA,NA,21.4,NA,18.8,NA,6.8,6.4,NA,NA,NA,NA,0,0,0,0,0,0,0,0,0,1,0,0,0,0,0,0,0,0,0,0,0,1,0,0,0,0,0,0,0,0,0,0,0,0,NA,"Marquette_DrakeBig_SUMM_005.jpg","Marquette_DrakeBig_SUMM_006.jpg"
59071142,"L36620","105233229","MARQUETTE","ECHO",20,"August",1960,21,"August",1960,"light","none","light","none",NA,NA,16.763,NA,NA,10.117,NA,10,NA,NA,NA,NA,NA,1,NA,NA,NA,NA,NA,NA,NA,NA,NA,NA,NA,NA,NA,NA,NA,NA,NA,3.048,8.382,NA,22.222,NA,5.3,NA,6.6,6.8,5.4,6,5.4,NA,0,0,0,0,0,1,0,0,0,0,0,0,0,0,0,0,0,0,0,0,0,1,0,0,0,0,0,1,1,0,0,0,0,1,NA,"Marquette_Echo_SUMM_006.jpg","Marquette_Echo_SUMM_007.jpg"
59071143,"L36620","105233229","MARQUETTE","ECHO",20,"August",1960,21,"August",1960,"light","none","light","none",NA,NA,16.763,NA,NA,10.117,NA,10,NA,NA,NA,NA,NA,1,NA,NA,NA,NA,8,NA,NA,NA,NA,NA,NA,NA,NA,NA,NA,NA,NA,3.048,8.382,NA,22.222,NA,5.3,NA,6.6,6.8,5.4,6,5.4,NA,0,0,0,0,0,1,0,0,0,0,0,0,0,0,0,0,0,0,0,0,0,1,0,0,0,0,0,1,1,0,0,0,0,1,NA,"Marquette_Echo_SUMM_004.jpg","Marquette_Echo_SUMM_005.jpg"
59071144,"L39521","109946524","MARQUETTE","ENGMANS",24,"August",1976,25,"August",1976,"medium","medium","medium","medium",NA,NA,9.144,NA,NA,19.425,NA,40,NA,0,NA,0,NA,14,NA,0,NA,NA,NA,NA,NA,NA,NA,NA,"no",NA,NA,"no",NA,NA,"yes",6.705,NA,NA,23.889,NA,13.333,NA,8,NA,3,NA,2,NA,0,0,0,0,0,1,0,0,0,0,0,0,0,0,0,0,0,0,0,0,0,1,0,1,0,1,0,0,0,0,0,0,0,1,NA,"Marquette_Engmans_SUMM_007.jpg","Marquette_Engmans_SUMM_008.jpg"
59071145,"L43318","152512452","MARQUETTE","FRENCHY",15,"August",1951,NA,NA,NA,"none","none","none","none",NA,NA,2.133,NA,NA,2.023,NA,100,NA,0,NA,0,NA,1,NA,0,NA,NA,10,NA,NA,NA,NA,NA,NA,NA,NA,NA,NA,NA,NA,NA,NA,NA,18.9,NA,18.6,NA,5.4,NA,NA,NA,NA,NA,0,0,0,0,0,0,0,0,0,0,0,0,0,0,0,0,0,0,0,0,0,0,0,0,0,0,0,0,0,0,0,0,0,0,NA,"Marquette_Frenchy_SUMM_005.jpg","Marquette_Frenchy_SUMM_006.jpg"
59071146,"L37057","110734261","MARQUETTE","FOURISLAND",20,"October",1956,NA,"October",NA,"light","none","light","none",NA,NA,3.657,NA,NA,40.469,NA,100,NA,NA,NA,NA,NA,7,NA,NA,NA,NA,NA,NA,NA,NA,0.61,NA,"yes",NA,"yes","yes - beaver dam (old)",NA,"stops upstream movement","no",NA,NA,NA,NA,NA,NA,NA,NA,NA,NA,NA,NA,NA,0,1,0,0,0,0,0,0,0,0,0,0,0,0,0,1,0,0,0,0,0,0,0,0,1,0,0,0,0,0,0,1,0,1,NA,"Marquette_FourIsland_SUMM_001.jpg","Marquette_FourIsland_SUMM_002.jpg"
59071147,"L43347","152512424","MARQUETTE","ERICKSON",11,"July",1958,11,"July",1958,"light","none","light","none",NA,NA,9.448,6.4,NA,10.117,NA,15,NA,0,NA,0,NA,0,NA,0,NA,NA,NA,NA,NA,3,NA,NA,"no",NA,"no","none at present. old beaver dams in vicinity.",NA,"fish can migrate without difficulty.","yes",3.048,4.572,NA,20.389,NA,15.389,NA,8.8,7.6,NA,NA,NA,NA,0,0,0,0,0,0,0,0,0,0,0,0,0,0,0,0,0,0,0,0,0,0,0,0,0,0,0,0,0,0,0,0,0,0,NA,"Marquette_Erickson_SUMM_003.jpg","Marquette_Erickson_SUMM_004.jpg"
59071148,"L34132","110734687","MARQUETTE","FORTYONE",30,"June",1964,30,"June",1964,NA,NA,NA,NA,NA,NA,10.363,NA,NA,3.035,NA,NA,NA,0,NA,0,NA,0,NA,0,NA,NA,15,62,NA,NA,NA,NA,NA,NA,NA,NA,NA,NA,NA,NA,NA,NA,25.556,NA,5.556,NA,NA,NA,NA,NA,NA,NA,0,1,0,0,0,0,0,0,0,0,0,0,0,0,0,0,0,0,0,0,0,0,0,0,0,0,0,0,0,0,0,0,0,1,"black_bullheads","Marquette_FortyOne_SUMM_006.jpg","Marquette_FortyOne_SUMM_007.jpg"
59071150,"L39834","105233831","MARQUETTE","GOLDMINE",27,"August",1946,28,"August",1946,"medium","none","moderate","none",NA,NA,4.267,2.286,NA,24.282,NA,NA,NA,0,NA,NA,NA,4,NA,NA,NA,NA,30,NA,NA,NA,NA,NA,"no",NA,NA,"none",NA,NA,"no",NA,NA,NA,18.8,NA,17.4,NA,7.4,6.6,NA,NA,NA,NA,0,0,0,0,0,1,0,0,0,0,0,0,0,0,0,0,0,0,0,0,0,0,0,0,0,0,0,0,0,0,1,1,0,0,NA,"Marquette_Goldmine_SUMM_005.jpg","Marquette_Goldmine_SUMM_006.jpg"
59071151,"L36062","152512255","MARQUETTE","GRANITE",11,"August",1967,12,"August",1967,"light","light","verylight","night",NA,NA,3.657,NA,NA,20.235,NA,100,NA,0,NA,0,NA,6,NA,0,NA,NA,34.2,NA,NA,NA,NA,NA,"no",NA,NA,"no",NA,NA,"no",NA,NA,NA,19.444,NA,17.222,NA,4,5,NA,NA,NA,NA,0,0,0,0,0,0,0,0,0,0,0,0,0,0,0,0,0,0,0,0,0,0,0,0,1,0,0,0,0,0,0,1,0,1,NA,"Marquette_Granite_SUMM_004.jpg","Marquette_Granite_SUMM_005.jpg"
59071152,"L41100","105233819","MARQUETTE","GINGRASS",18,"July",1950,18,"July",1950,"light","none","light","none",NA,NA,0.61,NA,NA,NA,NA,NA,NA,0,NA,0,NA,0,NA,0,NA,NA,36,NA,NA,NA,0.61,NA,"yes",NA,"yes","yes (beaver)",NA,"a stream. prevents movement of fish into outlet.","no",NA,NA,NA,27.778,NA,27.778,NA,5.5,NA,NA,NA,NA,NA,0,0,0,0,0,0,0,0,0,1,0,0,0,0,0,0,0,0,0,0,0,0,0,0,0,0,0,0,0,0,0,1,0,0,"unidentified_minnows","Marquette_Gingrass_SUMM_005.jpg","Marquette_Gingrass_SUMM_006.jpg"
59071153,"L33062","152512238","MARQUETTE","GRACE",26,"June",1950,NA,"June",NA,NA,NA,NA,NA,NA,NA,0.914,NA,NA,NA,NA,NA,NA,NA,NA,NA,NA,0,NA,NA,NA,NA,73,NA,NA,NA,NA,NA,NA,NA,NA,NA,NA,NA,NA,NA,NA,NA,21.667,NA,21.667,NA,6.7,NA,NA,NA,NA,NA,0,0,0,0,0,0,0,0,0,0,0,0,0,0,0,0,0,0,0,0,0,0,0,0,0,0,0,0,0,0,0,0,0,0,NA,"Marquette_Grace_SUMM_003.jpg","Marquette_Grace_SUMM_004.jpg"
59071154,"L43464","110735515","MARQUETTE","GRANT",23,"August",1966,23,"August",1966,"light","light","light","light",NA,NA,5.181,1.829,NA,27.115,NA,50,NA,0,NA,0,NA,6,NA,0,NA,NA,34,NA,NA,NA,NA,NA,"no",NA,NA,"no",NA,NA,"no",NA,NA,NA,17.778,NA,16.667,NA,7,NA,NA,NA,NA,NA,0,0,0,0,0,0,0,0,0,0,0,0,0,0,0,0,1,0,0,0,0,0,0,0,0,0,0,0,0,0,1,0,0,1,NA,"Marquette_Grant_SUMM_008.jpg","Marquette_Grant_SUMM_009.jpg"
59071155,"L42348","105233311","MARQUETTE","HARLOW",3,"July",1936,3,"July",1936,NA,NA,NA,NA,"yes","permitted",4.724,2.5,NA,30.352,NA,NA,NA,NA,NA,NA,NA,NA,NA,NA,NA,"boy scout camp. several cottages.",NA,NA,NA,NA,NA,NA,"no",NA,NA,"no - beaver at times","--",NA,NA,NA,NA,NA,18.333,NA,NA,NA,NA,NA,NA,NA,NA,NA,0,0,0,0,0,0,0,0,0,0,0,0,0,0,0,0,0,0,0,0,0,0,0,0,0,0,0,0,0,0,0,1,0,1,"great_northern_perch_suckers; minnows; suckers","Marquette_Harlow_SUMM_003.jpg","Marquette_Harlow_SUMM_004.jpg"
59071156,"L43464","110735515","MARQUETTE","GRANT",12,"July",1978,13,"August",1978,"light","light","light","light",NA,NA,4.572,NA,NA,27.115,NA,90,NA,0,NA,0,NA,9,NA,0,NA,NA,NA,NA,NA,NA,NA,NA,"no",NA,"no","none",NA,"none",NA,NA,NA,NA,21.111,NA,NA,NA,NA,NA,NA,NA,NA,NA,0,0,0,0,0,0,0,0,0,0,0,0,0,0,0,0,0,0,0,0,0,0,0,0,0,0,0,0,0,0,1,1,0,1,"small_young_of_year_yellow_perch","Marquette_Grant_SUMM_010.jpg","Marquette_Grant_SUMM_011.jpg"
59071158,"L38375","110734323","MARQUETTE","HASSCIB",6,"September",1955,8,"September",1955,"light","none","lighttonone","none",NA,NA,15.239,3.353,NA,16.592,NA,25,NA,0,NA,0,NA,0,NA,0,NA,NA,5,11,NA,NA,NA,NA,"yes",NA,"no","beaver",NA,"none",NA,5.181,7.01,NA,17.778,18.333,5.889,NA,7.3,NA,1.8,7.3,0,1,0,0,0,0,1,0,0,0,0,0,0,0,0,0,0,0,0,0,1,0,0,0,0,0,0,0,0,0,0,0,0,0,0,0,"green_sunfish; pearl_dace_fathead_minnow","Marquette_Hasscib_SUMM_009.jpg","Marquette_Hasscib_SUMM_010.jpg"
59071159,"L44643","110735533","MARQUETTE","HELEN",8,"August",1967,9,"August",1967,"light","none","verylight","none",NA,NA,4.572,NA,NA,46.742,NA,95,NA,0,NA,0,NA,26,NA,0,NA,NA,85.5,NA,NA,NA,NA,NA,NA,NA,NA,NA,NA,NA,"no",NA,NA,NA,20.556,NA,20,NA,8,9,NA,NA,NA,NA,0,0,0,0,0,0,0,0,0,0,0,0,0,0,0,1,1,0,0,0,0,0,0,0,0,0,0,0,0,0,1,1,0,1,NA,"Marquette_Helen_SUMM_007.jpg","Marquette_Helen_SUMM_008.jpg"
59071160,"L40507","105231881","MARQUETTE","INDEPENDENCE",2,"July",1936,NA,NA,NA,NA,NA,NA,NA,"yes","permitted",10.058,2,NA,803.723,NA,NA,NA,NA,NA,NA,NA,NA,NA,NA,NA,"tourist park on the lake",NA,NA,NA,NA,NA,NA,"yes","yes",NA,"yes","partially at high water only.",NA,NA,NA,NA,NA,19.1,NA,17.3,NA,8.5,NA,NA,NA,6.5,NA,0,0,0,0,0,0,0,0,0,0,0,0,0,0,0,0,0,0,0,0,0,0,0,0,1,0,0,1,1,0,1,1,0,1,"walleye_pike; minnows_abundant","Marquette_Independence_SUMM_118.jpg","Marquette_Independence_SUMM_119.jpg"
59071161,"L36710","152512362","MARQUETTE","HAWKINSPOND",31,"July",1951,4,"August",1951,"light","light","light","lightornone",NA,NA,1.524,1.524,NA,2.185,NA,100,NA,0,NA,0,NA,0,NA,0,NA,NA,53,54,NA,NA,1.524,NA,"yes",NA,"yes","beaver dam",NA,"stops fish from moving upstream","no",NA,NA,NA,20.556,NA,17.778,NA,6.4,6,NA,NA,NA,NA,0,0,0,0,0,0,0,0,0,1,0,0,0,0,0,1,0,0,1,0,0,1,0,0,0,0,0,0,0,0,0,1,0,1,"finescale_dace_northern_red_redbelly_dace_common_shiner_creek_chub_northern_muddler_brook_stickleback","Marquette_HawkinsPond_SUMM_005.jpg","Marquette_HawkinsPond_SUMM_006.jpg"
59071162,"L43753","152512548","MARQUETTE","JOHNSON",20,"June",1949,22,"June",1949,"heavy",NA,"heavy",NA,NA,NA,15.239,4.572,NA,18.211,NA,NA,NA,NA,NA,NA,NA,26,NA,NA,NA,NA,30,48,NA,NA,NA,NA,NA,NA,NA,NA,NA,NA,"yes",6.096,9.144,NA,23.889,NA,11.2,NA,8.1,8.3,NA,NA,3.8,0.5,0,0,0,0,0,0,0,0,0,0,0,0,0,0,0,0,0,0,0,0,0,0,0,0,0,0,0,0,1,0,1,1,0,1,"lake_trout","Marquette_Johnson45N_25W_S27_SUMM_137.jpg","Marquette_Johnson45N_25W_S27_SUMM_138.jpg"
59071163,"L43915","152512516","MARQUETTE","IRENE",25,"August",1961,26,"August",1961,"light","none","light","none",NA,NA,4.267,1.524,NA,4.492,NA,NA,NA,0,NA,0,NA,3,NA,0,NA,NA,2,3,NA,NA,NA,NA,"no",NA,NA,"none",NA,"-",NA,2.133,NA,NA,21.778,22.389,16,17.722,8.2,NA,0,8.3,NA,NA,0,0,0,0,0,0,0,0,0,0,0,0,0,0,0,0,0,0,0,0,0,0,0,0,0,0,0,0,0,0,0,0,0,1,NA,"Marquette_Irene_SUMM_004.jpg","Marquette_Irene_SUMM_005.jpg"
59071164,"L43753","152512548","MARQUETTE","JOHNSON",5,"August",1952,6,"August",1952,"heavy","light","heavy","light",NA,NA,15.239,NA,NA,35.411,NA,10,NA,0,NA,0,NA,25,NA,0,NA,NA,39,NA,NA,NA,NA,NA,"no",NA,NA,"none",NA,NA,NA,7.62,12.191,NA,20,NA,9.4,NA,4.4,2.1,NA,NA,NA,NA,0,0,1,0,0,1,0,0,0,0,0,0,0,0,0,0,0,0,0,0,0,1,0,0,0,0,0,0,1,0,1,1,0,1,"lake_trout_crappies","Marquette_Johnson45N_25W_S27_SUMM_139.jpg","Marquette_Johnson45N_25W_S27_SUMM_140.jpg"
59071165,"L44493","152512513","MARQUETTE","JOHNSON",30,"June",1964,NA,"June",NA,NA,NA,NA,NA,NA,NA,3.962,1.219,NA,NA,NA,NA,NA,0,NA,0,NA,0,NA,0,NA,NA,NA,NA,NA,NA,NA,NA,NA,NA,NA,NA,NA,NA,NA,NA,NA,NA,NA,NA,NA,NA,NA,NA,NA,NA,NA,NA,0,0,0,0,0,0,0,0,0,0,0,0,0,0,0,0,0,0,0,0,0,0,0,0,0,0,0,0,0,0,0,0,0,0,NA,"Marquette_Johnson45N_28W_S25_SUMM_003.jpg","Marquette_Johnson45N_28W_S25_SUMM_004.jpg"
59071166,"L33901","109945804","MARQUETTE","KAWBAWGAM",22,"July",1949,25,"July",1949,"heavy","medium","heavy","medium",NA,NA,2.438,0.61,0.914,61.918,NA,100,NA,NA,NA,NA,NA,20,NA,NA,NA,NA,2,19,NA,NA,NA,NA,"yes",NA,"yes","beaver dam",NA,"not effective","no",NA,NA,NA,22.222,25,19.7,22.6,6.1,6.4,NA,NA,NA,NA,1,0,0,0,0,0,0,0,0,0,1,0,0,0,0,0,1,0,0,0,0,0,0,0,1,1,0,1,0,0,0,0,0,1,"mudminnow","Marquette_Kawbawgam_SUMM_005.jpg","Marquette_Kawbawgam_SUMM_006.jpg"
59071167,"L45507","110735885","MARQUETTE","JUST",1,"September",1944,NA,"September",NA,"light","none","light","none",NA,NA,6.096,NA,NA,10.117,NA,NA,NA,0,NA,0,NA,0,NA,0,NA,NA,NA,NA,NA,NA,NA,NA,NA,NA,NA,NA,NA,NA,NA,NA,NA,NA,18.333,NA,NA,NA,NA,NA,NA,NA,NA,NA,0,0,0,0,0,0,0,0,0,1,0,0,0,0,0,0,0,0,0,0,0,0,0,0,0,0,0,0,0,0,0,0,0,0,NA,"Marquette_Just_SUMM_009.jpg","Marquette_Just_SUMM_010.jpg"
59071168,"L43231","152512558","MARQUETTE","KIDNEYNORTH",4,"September",1968,5,"September",1968,"none","none","none","none",NA,NA,6.705,NA,NA,5.261,NA,40,NA,0,NA,0,NA,0,NA,0,NA,NA,6.8,NA,NA,NA,NA,NA,NA,NA,NA,NA,NA,NA,"yes",4.572,5.486,NA,18.889,NA,15,NA,7,8,5,7,NA,NA,0,0,0,0,0,0,0,0,0,0,0,0,0,0,0,0,1,0,0,0,0,0,0,0,0,0,0,0,0,0,0,0,0,0,NA,"Marquette_KidneyNorth_SUMM_003.jpg","Marquette_KidneyNorth_SUMM_004.jpg"
59071169,"L43231","152512558","MARQUETTE","KIDNEYSOUTH",4,"September",1968,5,"September",1968,"light","none","verylight","none",NA,NA,7.315,NA,NA,2.428,NA,50,NA,0,NA,0,NA,0,NA,0,NA,NA,6.84,NA,NA,NA,NA,NA,"no",NA,"no","-",NA,"none","yes",4.877,6.096,NA,18.889,NA,16.667,NA,8,NA,8,NA,NA,NA,0,0,0,0,0,0,0,0,0,0,0,0,0,0,0,0,0,0,0,0,0,0,0,0,0,0,0,0,0,0,0,0,0,0,NA,"Marquette_KidneySouth_SUMM_005.jpg","Marquette_KidneySouth_SUMM_006.jpg"
59071170,"L37730","105233175","MARQUETTE","KIT",20,"July",1955,20,"July",1955,"none",NA,"none",NA,NA,NA,NA,NA,NA,1.214,NA,NA,NA,NA,NA,NA,NA,0,NA,NA,NA,NA,NA,NA,NA,NA,0.61,NA,"yes",NA,"yes","beaver dam",NA,"effective barrier",NA,NA,NA,NA,NA,NA,NA,NA,NA,NA,NA,NA,NA,NA,0,0,0,0,0,0,0,0,0,0,0,0,0,0,0,0,0,0,0,0,0,0,0,0,0,0,0,0,1,0,0,0,0,0,NA,"Marquette_Kit_SUMM_001.jpg","Marquette_Kit_SUMM_002.jpg"
59071171,"L45714","152512528","MARQUETTE","LITTLE",3,"August",1948,4,"August",1948,"medium",NA,"medium",NA,NA,NA,15.239,NA,NA,183.731,NA,NA,NA,NA,NA,NA,NA,NA,NA,NA,NA,NA,15,NA,NA,NA,NA,NA,NA,NA,NA,NA,NA,NA,"yes",8.534,11.277,NA,18.9,20.2,11.8,12.4,7.8,6.6,NA,NA,0,NA,0,0,0,0,0,1,0,0,0,0,0,0,0,0,0,1,0,0,0,0,0,0,0,0,1,0,0,1,1,0,0,1,0,1,"pikeperch","Marquette_Little_SUMM_020.jpg","Marquette_Little_SUMM_021.jpg"
59071172,"L45714","152512528","MARQUETTE","LITTLE",26,"June",1951,1,"July",1951,"medium","light","medium","light",NA,NA,15.239,5.791,NA,183.731,NA,75,NA,0,NA,1,NA,30,NA,0,NA,NA,34,57,NA,NA,NA,NA,"no",NA,NA,"none known",NA,NA,"yes",6.096,9.144,NA,21.111,NA,11.111,13.889,9,NA,6.9,1.9,0,NA,0,0,0,0,0,1,1,0,0,0,0,0,0,0,0,1,1,0,1,1,0,1,0,0,1,1,0,1,1,0,1,1,0,1,"redbelly_dace_pearl_dace_mudminnow_minnow_muddler_northern_muddler","Marquette_Little_SUMM_023.jpg","Marquette_Little_SUMM_024.jpg"
59071173,NA,NA,"MARQUETTE","LEGION",18,"August",1948,NA,NA,NA,"light",NA,"light",NA,NA,NA,3.048,NA,NA,1.214,NA,NA,NA,0,NA,0,NA,4,NA,0,NA,NA,70,NA,NA,NA,NA,NA,NA,NA,NA,NA,NA,NA,"no",NA,NA,NA,21.6,19.1,NA,NA,7.8,7.9,NA,NA,NA,NA,0,0,0,0,0,0,0,0,0,0,0,0,0,0,0,0,0,0,0,0,0,0,0,0,0,0,0,0,0,0,0,0,0,0,"sunfish","Marquette_Legion_SUMM_003.jpg","Marquette_Legion_SUMM_004.jpg"
59071175,"L34290","152512181","MARQUETTE","LOG",7,"July",1950,18,"July",1950,"light",NA,"light",NA,NA,NA,14.325,1.524,1.829,NA,NA,NA,NA,NA,NA,0,NA,0,NA,0,NA,NA,2,9,NA,NA,NA,NA,"yes",NA,"no","some small beaver dams",NA,"none","yes",4.572,6.858,NA,18,20.7,6.7,7,6.1,5.1,NA,NA,3.3,1.7,0,0,0,0,0,0,1,0,0,1,0,0,0,0,0,1,0,0,1,0,0,0,0,0,0,0,0,0,0,0,0,1,0,1,"green_sunfish; n_creek_chub","Marquette_Log_SUMM_017.jpg","Marquette_Log_SUMM_018.jpg"
59071176,"L44973","152512498","MARQUETTE","MARTELLS",14,"August",1950,16,"August",1950,"light","none","light","none",NA,NA,NA,1.524,NA,NA,NA,NA,NA,NA,NA,NA,NA,0,NA,NA,NA,NA,75,NA,NA,NA,NA,NA,NA,NA,NA,NA,NA,NA,"no",NA,NA,NA,21.7,NA,19.6,NA,6.8,7.7,NA,NA,NA,NA,0,0,0,0,0,0,0,0,0,0,0,0,0,0,0,0,0,0,0,0,0,0,0,0,0,0,0,0,0,0,0,1,0,1,"minnows; 26_suckers","Marquette_Martells_SUMM_008.jpg","Marquette_Martells_SUMM_009.jpg"
59071177,"L40792","152512223","MARQUETTE","LOWMOOR",9,"September",1955,12,"September",1955,"medium","light","medium","light",NA,NA,16.154,3.353,NA,14.569,NA,60,NA,0,NA,0,NA,7,NA,0,NA,NA,45,52,NA,NA,NA,NA,NA,NA,NA,NA,NA,NA,NA,4.877,6.096,NA,15.556,16.111,6.111,NA,7.9,8,0.2,7.9,0,NA,0,0,0,0,0,1,0,0,0,1,0,0,0,0,0,1,1,0,1,0,0,1,0,0,0,1,0,0,0,0,0,1,0,1,"crrek_chub_sculpin_pearl_dace_sculpin_blacknose_dace","Marquette_Lowmoor_SUMM_003.jpg","Marquette_Lowmoor_SUMM_004.jpg"
59071179,"L44363","152512515","MARQUETTE","MEHL",3,"August",1948,3,"August",1948,NA,NA,NA,NA,NA,NA,6.096,NA,NA,36.423,NA,NA,NA,0,NA,NA,NA,NA,NA,NA,NA,NA,30,NA,NA,NA,NA,NA,NA,NA,NA,NA,NA,NA,"no",NA,NA,NA,20.2,NA,19.8,NA,8.4,NA,NA,NA,NA,NA,0,0,0,0,0,1,0,0,0,0,0,0,0,0,0,1,0,0,0,0,0,0,0,0,1,1,0,1,1,0,0,1,0,1,"yellow_pike_perch","Marquette_Mehl_SUMM_008.jpg","Marquette_Mehl_SUMM_009.jpg"
59071180,"L33109","110735339","MARQUETTE","MERKELSPOND",20,"June",1959,20,"June",1959,"none","none","none","none",NA,NA,3.048,NA,NA,0.405,NA,100,NA,0,NA,0,NA,1,NA,0,NA,NA,2,NA,NA,NA,NA,NA,NA,NA,NA,NA,NA,NA,"yes",0.762,3.048,"yes",20.4,NA,8.9,NA,4.2,5,5,0.5,NA,NA,0,0,0,0,0,0,0,0,0,0,0,0,0,0,0,0,0,0,0,0,0,0,0,0,0,0,0,0,0,0,0,0,0,0,NA,"Marquette_MerkelsPond_SUMM_003.jpg","Marquette_MerkelsPond_SUMM_004.jpg"
59071181,"L40551","152512231","MARQUETTE","MILLER",11,"August",1960,12,"August",1960,"light","light","light","light",NA,NA,NA,NA,NA,12.95,NA,99,NA,0,NA,0,NA,0,NA,0,NA,NA,NA,NA,NA,NA,NA,NA,"no",NA,NA,"no",NA,NA,NA,NA,NA,NA,NA,NA,NA,NA,NA,NA,NA,NA,NA,NA,0,0,0,0,0,0,0,0,0,0,0,0,0,0,0,0,0,0,0,0,0,0,0,0,0,0,0,0,0,0,0,0,0,1,NA,"Marquette_Miller_SUMM_006.jpg","Marquette_Miller_SUMM_007.jpg"
59071182,"L46221","152512441","MARQUETTE","MOCCASIN",22,"June",1949,NA,"June",NA,"heavy","light","mediumorheavy","light",NA,NA,7.924,5.181,NA,2.55,NA,80,NA,0,NA,0,NA,0,NA,0,NA,NA,6,8.5,NA,NA,NA,NA,NA,NA,NA,NA,NA,NA,"yes",4.572,7.924,"yes",24.444,NA,16.8,NA,7.4,7.8,7.8,3.7,NA,NA,0,0,0,0,0,0,0,0,0,1,0,0,0,0,0,0,0,0,0,0,0,0,0,0,0,0,0,0,0,0,0,0,0,0,NA,"Marquette_Moccasin_SUMM_031.jpg","Marquette_Moccasin_SUMM_032.jpg"
59071183,"L39614","105233561","MARQUETTE","NASH",21,"June",1950,22,"June",1950,"light",NA,"light",NA,NA,NA,4.572,1.524,NA,2.023,NA,NA,NA,0,NA,0,NA,1,NA,0,NA,NA,23,NA,NA,NA,0.61,NA,"yes",NA,"yes","beaver dam",NA,"blocks migration and spawning activities.","yes",1.524,4.572,"yes",17.778,NA,11.6,NA,11.7,17.1,NA,NA,0,NA,0,0,0,0,0,0,0,0,0,0,0,0,0,0,0,0,0,0,0,0,0,0,0,0,0,0,0,0,0,0,0,0,0,0,"redbelly_dace_common","Marquette_Nash_SUMM_008.jpg","Marquette_Nash_SUMM_009.jpg"
59071184,"L44780","152512488","MARQUETTE","NOREN",24,"August",1953,24,"August",1953,"medium","light","medium","lighttonone",NA,NA,7.62,NA,NA,7.285,NA,NA,NA,0,NA,0,NA,12,NA,0,NA,NA,19,NA,NA,NA,NA,NA,"no",NA,NA,"none",NA,NA,NA,NA,NA,NA,22.4,NA,20.7,NA,6,4,NA,NA,NA,NA,0,0,0,0,0,1,0,0,0,0,0,0,0,0,0,0,0,0,0,0,0,1,0,0,0,0,0,0,1,0,0,1,0,1,"sunfish","Marquette_Noren_SUMM_004.jpg","Marquette_Noren_SUMM_005.jpg"
59071185,"L35195","105233863","MARQUETTE","PELESIERLITTLE",20,"July",1951,25,"July",1951,"light","light","light","light",NA,NA,1.829,1.676,NA,3.642,NA,100,NA,0,NA,0,NA,1,NA,NA,NA,NA,43,NA,NA,NA,NA,NA,"no",NA,"no","none",NA,"none",NA,NA,NA,NA,23.889,NA,20.556,NA,8.1,NA,NA,NA,NA,NA,0,0,0,0,0,0,0,0,0,0,0,0,0,0,0,0,0,0,0,0,0,0,0,0,0,0,0,0,0,0,0,0,0,0,"lake_northern_chub","Marquette_PelesierLittle_SUMM_007.jpg","Marquette_PelesierLittle_SUMM_008.jpg"
59071186,"L44768","152512401","MARQUETTE","PENGLASS",26,"August",1947,26,"August",1947,"none","none","none","none",NA,NA,7.62,5.181,NA,2.023,NA,30,NA,0,NA,0,NA,1,NA,0,NA,NA,120,NA,NA,1.2,NA,NA,"no",NA,NA,"no.",NA,NA,"yes",3.962,6.096,NA,23.333,NA,13.333,NA,7.46,4.73,NA,NA,NA,NA,0,0,0,0,0,0,0,0,0,1,0,0,0,0,0,0,0,0,0,0,0,1,0,0,0,0,0,0,0,0,0,1,0,1,"suckers","Marquette_Penglass45N_28W_S7_SUMM_004.jpg","Marquette_Penglass45N_28W_S7_SUMM_005.jpg"
59071187,"L42483","105233933","MARQUETTE","NORTH",28,"June",1950,1,"July",1950,NA,NA,NA,NA,NA,NA,4.267,NA,NA,NA,NA,NA,NA,0,NA,0,NA,0,NA,0,NA,NA,97,130,NA,NA,NA,NA,"no",NA,NA,"no",NA,NA,"yes",1.524,4.267,NA,17.222,NA,8.5,NA,5,6.7,3.6,2.9,NA,NA,0,0,0,0,0,0,0,0,0,1,1,0,0,0,0,0,1,0,0,0,0,1,0,0,0,0,0,0,0,0,0,1,0,1,"bluegill_stocked_14_years_prior_to_survey_but_not_reported_in_sample","Marquette_North_SUMM_006.jpg","Marquette_North_SUMM_007.jpg"
59071188,"L45092","110735463","MARQUETTE","PENGLASS",26,"August",1947,NA,"August",NA,"light","none","nonelightinspring","none",NA,NA,9.144,3.505,NA,2.833,NA,NA,NA,0,NA,0,NA,1,NA,0,NA,NA,67,NA,NA,NA,NA,NA,"no",NA,NA,"no",NA,NA,"yes",4.572,7.62,NA,23.333,NA,7.778,NA,6.92,6.92,NA,NA,NA,NA,0,0,0,0,0,0,0,0,0,0,0,0,0,0,0,0,0,0,0,0,0,0,0,0,0,0,0,0,0,0,0,0,0,0,"brook_stickleback","Marquette_Penglass46N_30W_S29_SUMM_008.jpg","Marquette_Penglass46N_30W_S29_SUMM_009.jpg"
59071189,"L45092","110735463","MARQUETTE","PENGLASS",12,"August",1950,12,"August",1950,"light",NA,"springlight",NA,NA,NA,NA,3.962,NA,NA,NA,NA,NA,0,NA,0,NA,1,NA,0,NA,NA,6,3,NA,NA,NA,NA,NA,NA,NA,NA,NA,NA,NA,3.81,6.858,NA,20.6,NA,6.6,NA,6.6,5.9,6,4,3.6,NA,0,0,0,0,0,1,0,0,0,0,0,0,0,0,0,0,0,0,0,0,0,0,0,0,0,0,0,0,0,0,0,0,0,0,NA,"Marquette_Penglass46N_30W_S29_SUMM_010.jpg","Marquette_Penglass46N_30W_S29_SUMM_011.jpg"
59071190,"L43113","152512563","MARQUETTE","PERCH",4,"August",1952,5,"August",1952,"light","light","light","light",NA,NA,4.572,NA,NA,12.141,NA,NA,NA,0,NA,0,NA,2,NA,0,NA,NA,0,NA,NA,NA,NA,NA,"no",NA,"no","none",NA,"none","no",NA,NA,NA,18,NA,17,NA,3.35,NA,NA,NA,NA,NA,0,0,0,0,0,0,0,0,0,0,0,0,0,0,0,0,0,0,0,0,0,0,0,0,0,0,0,0,0,0,0,0,0,1,"unidentified_shiner","Marquette_Perch45N_25W_S34_SUMM_005.jpg","Marquette_Perch45N_25W_S34_SUMM_006.jpg"
59071191,"L34380","110735183","MARQUETTE","PERCH",14,"June",1966,15,"June",1966,"light","light","light","light",NA,NA,13.715,NA,NA,30.352,NA,NA,NA,0,NA,0,NA,0,NA,0,NA,NA,3,51,NA,NA,NA,NA,"no",NA,NA,"none",NA,NA,NA,NA,NA,NA,17.778,NA,15,NA,8,NA,NA,NA,4,NA,0,0,0,0,0,1,0,0,0,0,0,0,0,0,0,0,0,0,0,0,0,0,0,0,1,1,0,0,1,0,0,0,0,1,"minnows","Marquette_Perch46N_29W_S8_SUMM_008.jpg","Marquette_Perch46N_29W_S8_SUMM_009.jpg"
59071192,"L46267","110735525","MARQUETTE","PERCH",21,"August",1945,22,"August",1945,"light","none","light","none",NA,NA,6.705,3.962,NA,10.117,NA,90,NA,NA,NA,NA,NA,3,NA,NA,NA,NA,2,3,NA,NA,NA,NA,NA,NA,NA,NA,NA,NA,"yes",4.877,5.791,NA,21.111,NA,17.778,NA,NA,NA,6.6,7.3,NA,NA,0,0,0,0,0,0,0,0,0,0,0,0,0,0,0,0,0,0,0,0,0,0,0,0,0,0,0,0,0,0,0,0,0,0,"green_sunfish","Marquette_Perch45N_30W_S4_SUMM_015.jpg","Marquette_Perch45N_30W_S4_SUMM_016.jpg"
59071193,"L37515","105233771","MARQUETTE","PICKETS",26,"June",1950,26,"June",1950,"none","light","none","springlight",NA,NA,0.914,NA,NA,NA,NA,NA,NA,0,NA,0,NA,0,NA,0,NA,NA,46,NA,NA,NA,NA,NA,"no",NA,"no","none",NA,"none","no",NA,NA,NA,21.667,NA,NA,NA,5.2,NA,NA,NA,NA,NA,0,0,0,0,0,0,0,0,0,1,0,0,1,0,0,0,0,0,0,0,0,0,0,0,0,0,0,0,0,0,0,0,0,0,"redhorse","Marquette_Pickets_SUMM_006.jpg","Marquette_Pickets_SUMM_007.jpg"
59071194,"L45068","152512544","MARQUETTE","PIKE",23,"June",1954,29,"June",1954,"medium","light","medium","light",NA,NA,11.277,5.334,5.486,35.411,NA,50,NA,0,NA,0,NA,7,NA,0,NA,NA,80,115,NA,NA,0.457,NA,"yes",NA,"no","beaver dam",NA,"none",NA,3.048,7.924,NA,20,23.889,8.8,17.1,8.4,9.3,2.8,9.2,0.5,3,0,0,0,0,0,1,1,0,0,1,0,0,0,0,0,1,1,0,0,1,0,1,0,0,0,1,0,0,1,0,0,1,0,1,"creek_chubs_sculpins","Marquette_Pike_SUMM_010.jpg","Marquette_Pike_SUMM_011.jpg"
59071195,"L45858","110735871","MARQUETTE","PORTERFIELD",14,"August",1950,17,"August",1950,"none","light","none","light",NA,NA,13.106,3.505,3.81,NA,NA,NA,NA,NA,NA,NA,NA,0,NA,NA,NA,NA,140,168,NA,NA,NA,NA,NA,NA,NA,NA,NA,NA,NA,3.657,7.62,NA,21,NA,7.4,NA,7.1,6.8,7.1,4,0.2,NA,0,0,0,0,0,0,0,0,0,0,0,0,0,0,0,0,0,0,0,0,0,0,0,0,1,0,0,0,0,0,0,1,0,1,NA,"Marquette_Porterfield_SUMM_003.jpg","Marquette_Porterfield_SUMM_004.jpg"
59071196,"L35336","152512328","MARQUETTE","POWELL",10,"July",1951,14,"July",1951,"light","light","light","light",NA,NA,3.048,1.829,NA,10.927,NA,100,NA,0,NA,0,NA,1,NA,0,NA,NA,13,13,NA,NA,NA,NA,"no",NA,"no","none",NA,"none",NA,NA,NA,NA,21.222,NA,17,NA,6.2,5.1,NA,NA,NA,NA,0,0,0,0,0,0,0,0,0,0,0,0,0,0,0,0,0,0,0,0,0,0,0,0,0,1,0,0,0,0,0,1,0,1,"suckers","Marquette_Powell_SUMM_005.jpg","Marquette_Powell_SUMM_006.jpg"
59071197,"L44432","152512398","MARQUETTE","ROUND",7,"August",1951,9,"August",1951,"none","none","none","none",NA,NA,3.048,3.048,NA,4.614,NA,100,NA,0,NA,0,NA,2,NA,0,NA,NA,57,59,NA,NA,NA,NA,"no",NA,NA,"none",NA,NA,NA,NA,NA,NA,18.889,NA,18.889,NA,7.7,7.4,NA,NA,NA,NA,0,0,0,0,0,0,0,0,1,0,0,0,0,0,0,0,0,0,0,0,0,0,0,0,0,0,0,0,0,0,0,0,0,0,"redbelly_dace_mudminnow_fathead_minnow_brook_stickleback_finescale_dace","Marquette_Round45N_28W_S6_SUMM_006.jpg","Marquette_Round45N_28W_S6_SUMM_007.jpg"
59071198,"L36529","152512195","MARQUETTE","ROUND",15,"July",1950,15,"July",1950,"light","none","light","none",NA,NA,NA,NA,NA,NA,NA,NA,NA,0,NA,0,NA,0,NA,0,NA,NA,NA,NA,NA,NA,NA,NA,"no",NA,NA,"none",NA,NA,NA,NA,NA,NA,NA,NA,NA,NA,NA,NA,NA,NA,NA,NA,0,0,0,0,0,0,0,0,0,0,0,0,0,0,0,0,0,0,0,0,0,0,0,0,1,0,0,0,0,0,0,0,0,0,NA,"Marquette_Round45N_29W_S16_SUMM_005.jpg","Marquette_Round45N_29W_S16_SUMM_006.jpg"
59071200,"L39429","105232533","MARQUETTE","SAUXHEAD",26,"July",1949,27,"July",1949,"medium",NA,"medium",NA,NA,NA,3.048,1.219,NA,68.798,NA,NA,NA,0,NA,0,NA,6,NA,0,NA,NA,16,20,NA,NA,6.096,NA,"yes",NA,"no","yes",NA,"dam open at present - no effect.","no",NA,NA,NA,23.889,25.556,20.6,NA,6.8,7.5,NA,NA,NA,NA,0,0,0,0,0,0,0,0,0,0,1,0,0,0,0,0,0,0,0,0,0,0,0,0,1,0,0,1,0,0,1,0,0,1,"log_perch_minnows_darters; redhorse","Marquette_SauxHead_SUMM_006.jpg","Marquette_SauxHead_SUMM_007.jpg"
59071201,"L44656","110735721","MARQUETTE","SECTIONFOURTEEN",3,"August",1950,4,"August",1950,"light",NA,"lightnow",NA,NA,NA,10.058,3.657,NA,8.094,NA,NA,NA,0,NA,0,NA,0,NA,0,NA,NA,7,10,NA,NA,NA,NA,"no",NA,NA,"no",NA,NA,"yes",3.81,5.334,NA,18.8,NA,5.7,NA,8.3,7.6,NA,NA,3,0.5,0,0,0,0,0,0,0,0,0,0,0,0,0,0,0,0,0,0,0,0,0,0,0,0,0,0,0,0,0,0,0,0,0,1,NA,"Marquette_Section14_SUMM_012.jpg","Marquette_Section14_SUMM_013.jpg"
59071202,"L41968","110734391","MARQUETTE","SECTIONTWENTYEIGHT",9,"August",1950,10,"August",1950,"medium","light","medium","someinthespring",NA,NA,6.705,4.724,NA,16.188,NA,NA,NA,NA,NA,NA,NA,0,NA,NA,NA,NA,5,NA,NA,NA,NA,NA,"no",NA,NA,"none",NA,NA,"yes",1.524,4.572,NA,23.7,NA,8.4,NA,5.8,4.9,NA,NA,NA,NA,0,0,0,0,0,0,0,0,0,1,0,0,0,0,0,0,0,0,0,0,0,0,0,0,0,0,0,0,0,0,0,0,0,0,NA,"Marquette_Section28_SUMM_008.jpg","Marquette_Section28_SUMM_009.jpg"
59071203,"L43435","152512556","MARQUETTE","SHAGLITTLE",1,"September",1976,3,"September",1976,"heavy","light","heavy","light",NA,NA,10.667,NA,NA,40.469,NA,7,NA,NA,NA,NA,NA,100,NA,NA,NA,NA,NA,NA,NA,NA,NA,NA,"no",NA,"no","none",NA,"none",NA,NA,NA,NA,NA,NA,12.778,NA,NA,NA,NA,NA,NA,NA,0,0,0,0,1,1,1,0,0,0,0,0,0,0,0,0,0,0,0,0,0,1,0,0,0,0,0,0,1,0,0,1,0,1,"minnows_abundant","Marquette_ShagLittle_SUMM_006.jpg","Marquette_ShagLittle_SUMM_007.jpg"
59071204,"L44891","152512532","MARQUETTE","SHAGBIG",9,"July",1957,11,"July",1957,"medium","light","medium","light",NA,NA,9.144,2.743,NA,NA,NA,98,NA,NA,NA,3,NA,106,NA,NA,NA,NA,25,NA,NA,NA,NA,NA,"no",NA,NA,"none",NA,NA,NA,NA,NA,NA,20.556,22.056,18.889,NA,5.4,9.7,NA,NA,5.4,NA,0,0,0,0,0,1,0,0,0,0,0,0,0,0,0,0,0,0,0,0,0,0,0,0,0,1,0,0,1,0,1,1,0,1,"e_suckee","Marquette_ShagBig_SUMM_014.jpg","Marquette_ShagBig_SUMM_015.jpg"
59071205,"L40530","105233339","MARQUETTE","SILVERBASIN",9,"August",1954,11,"August",1954,"medium","none","medium","none",NA,NA,21.335,NA,NA,404.694,NA,NA,NA,0,NA,0,NA,1,NA,0,NA,NA,NA,NA,NA,NA,NA,NA,"yes",NA,"yes","yes",NA,"prevents fish movements",NA,6.096,13.715,NA,19.4,19.8,9.4,NA,7.2,5,5,3.3,3,NA,0,0,0,0,0,0,0,0,0,1,0,0,0,0,0,0,0,0,0,0,0,0,0,0,0,0,0,0,1,0,0,1,0,1,NA,"Marquette_SilverBasin_SUMM_008.jpg","Marquette_SilverBasin_SUMM_009.jpg"
59071206,"L45874","110735537","MARQUETTE","SIMONS",8,"September",1946,8,"September",1946,"light","none","light","none",NA,NA,6.4,NA,NA,25.9,NA,NA,NA,0,NA,0,NA,NA,NA,0,NA,NA,NA,NA,NA,NA,NA,NA,NA,NA,NA,NA,NA,NA,NA,NA,NA,NA,15.8,NA,16.1,NA,NA,NA,NA,NA,NA,NA,0,0,0,0,0,0,0,0,0,0,0,0,0,0,0,0,0,0,0,0,0,0,0,0,0,0,0,0,0,0,0,0,0,0,NA,"Marquette_Simons_SUMM_008.jpg","Marquette_Simons_SUMM_009.jpg"
59071207,"L34078","152512336","MARQUETTE","SLEEMANPOND",13,"August",1951,14,"August",1951,"none","none","none","none",NA,NA,1.448,1.448,NA,5.868,NA,100,NA,0,NA,0,NA,3,NA,0,NA,NA,9,11,NA,NA,0.61,NA,"yes",NA,"yes","beaver dam (see separate report) at lake shoreline.",NA,"retards movements upstream.","no",NA,NA,NA,18.889,NA,17.778,NA,6.7,6.6,NA,NA,NA,NA,0,0,0,0,0,0,0,0,0,0,0,0,0,0,0,0,0,0,0,0,0,0,0,0,0,0,0,0,0,0,0,0,0,0,"redbelly_dace_finescale_dace_fathead_minnow","Marquette_SleemanPond_SUMM_007.jpg","Marquette_SleemanPond_SUMM_008.jpg"
59071208,"L45127","152512416","MARQUETTE","SPEAR",9,"July",1958,10,"July",1958,"light","none","light","none",NA,NA,3.657,NA,NA,4.047,NA,100,NA,NA,NA,NA,NA,NA,NA,NA,NA,NA,118,NA,NA,NA,NA,NA,"no",NA,"no","no. old beaver dam and washed out dirt dam",NA,"fish can migrate",NA,NA,NA,NA,18.5,NA,13.389,NA,5.3,6.7,5.3,6.7,NA,NA,0,0,0,0,0,0,0,0,0,1,0,0,0,0,0,0,1,0,1,0,0,0,0,0,0,0,0,0,0,0,0,1,0,1,"darter","Marquette_Spear_SUMM_003.jpg","Marquette_Spear_SUMM_004.jpg"
59071209,"L44525","152512546","MARQUETTE","SPRING",22,"July",1954,28,"July",1954,"light","none","light","none",NA,NA,4.572,3.657,NA,8.053,NA,99,NA,0,NA,0,NA,0,NA,0,NA,NA,116,136,NA,NA,0.914,NA,"yes",NA,"yes","old beaver dam",NA,"none when water high 2'",NA,NA,NA,NA,21.111,22.778,20,NA,6.9,8,NA,NA,NA,NA,0,0,0,0,1,0,1,0,0,0,0,0,0,0,0,1,1,0,1,1,0,1,0,0,0,0,0,0,0,0,0,1,0,1,"mudminnow_creek_chub_fathead_minnow","Marquette_Spring_SUMM_005.jpg","Marquette_Spring_SUMM_006.jpg"
59071210,"L38217","109946536","MARQUETTE","SPORLEY",15,"August",1941,21,"August",1941,"light","none","light","none",NA,NA,12.496,3.353,NA,30.935,NA,NA,NA,0,NA,0,NA,6,NA,0,NA,NA,19,20,NA,1.5,NA,NA,"no",NA,NA,"none",NA,NA,"yes",6.096,12.496,"yes",18.889,NA,8.333,NA,NA,NA,NA,NA,2.9,9.9,0,0,0,0,0,1,0,0,0,0,0,0,0,1,0,0,0,0,0,0,0,0,0,0,0,0,0,1,1,0,0,1,0,1,"sunfish","Marquette_Sporley_SUMM_074.jpg","Marquette_Sporley_SUMM_075.jpg"
59071211,"L33549","109946160","MARQUETTE","STRAWBERRY",31,"August",1946,NA,"August",NA,"light","light","light","light",NA,NA,5.181,3.962,NA,6.88,NA,95,NA,NA,NA,NA,NA,1,NA,NA,NA,NA,27,NA,NA,NA,NA,NA,NA,NA,NA,NA,NA,NA,"no",NA,NA,NA,17.6,NA,17.2,NA,NA,NA,NA,NA,NA,NA,0,0,0,0,0,0,0,0,0,0,0,0,0,0,0,0,0,0,0,0,0,0,0,0,1,0,0,0,1,0,0,0,0,1,NA,"Marquette_Strawberry_SUMM_002.jpg","Marquette_Strawberry_SUMM_003.jpg"
59071212,"L44524","110735659","MARQUETTE","SQUAW",2,"September",1937,2,"September",1937,NA,NA,NA,NA,"yes","permitted",25.297,3.353,NA,93.08,NA,NA,NA,NA,NA,NA,NA,NA,NA,NA,NA,"no",108,NA,NA,NA,NA,NA,"no",NA,NA,"no","-",NA,NA,NA,NA,NA,23.2,NA,6.8,NA,7.6,NA,NA,NA,2.9,NA,0,0,0,0,0,0,1,0,0,0,0,0,0,0,0,1,0,0,1,0,0,1,0,0,0,0,0,0,0,0,0,1,0,1,"sunfish_green_sunfish_lake_trout; semotilus_notropis_cornutus_bluntnosed_dace_darters","Marquette_Squaw_SUMM_106.jpg","Marquette_Squaw_SUMM_107.jpg"
59071213,"L43565","152512467","MARQUETTE","SWANZY",13,"August",1940,15,"August",1940,"light","light","light","light",NA,NA,13.715,4.572,NA,8.26,NA,38.2,NA,0,NA,0,NA,0,NA,0,NA,NA,15,24,NA,1.12,NA,NA,"no",NA,NA,"none",NA,NA,"yes",4.572,8.229,NA,23.8,NA,7.8,NA,8.2,NA,NA,NA,0,3.5,0,0,0,0,0,0,0,0,0,0,0,0,0,0,0,0,0,0,0,0,0,1,0,0,0,0,0,0,0,0,0,0,0,1,NA,"Marquette_Swanzy_SUMM_042.jpg","Marquette_Swanzy_SUMM_043.jpg"
59071214,"L32609","109946486","MARQUETTE","TROUTBIG",29,"August",1938,30,"August",1938,"light",NA,"light",NA,NA,NA,6.705,2.133,2.133,10.805,NA,50,NA,0,NA,0,NA,0,NA,0,NA,NA,52,54,NA,1.47,0.914,NA,"yes",NA,"yes","beaver dam",NA,"stops fish movement except in very high water","yes",3.657,6.4,NA,19.9,NA,11.8,NA,7.2,NA,NA,NA,3.8,NA,0,0,0,0,1,0,0,0,0,0,0,0,0,0,0,0,1,0,0,0,0,0,0,0,0,0,0,0,0,0,0,1,0,1,"semotilus_northern_redbellied_dace_northern_finescaled_dace_margariscus_sp","Marquette_TroutBig_SUMM_042.jpg","Marquette_TroutBig_SUMM_043.jpg"
59071215,"L44257","152512449","MARQUETTE","TROUT",14,"August",1951,17,"August",1951,"light","light","light","light",NA,NA,4.572,NA,NA,19.021,NA,100,NA,0,NA,0,NA,4,NA,0,NA,NA,8,12,NA,NA,NA,NA,"yes",NA,NA,"several beaver dams",NA,NA,NA,2.743,3.657,NA,18.889,NA,11.556,NA,5.9,5.7,5.3,0,NA,NA,0,0,0,0,0,0,0,0,0,0,0,0,0,0,0,0,1,0,0,0,0,1,0,0,0,1,0,0,0,0,0,1,0,1,"fathead_minnow","Marquette_Trout47N_30W_S13_SUMM_006.jpg","Marquette_Trout47N_30W_S13_SUMM_007.jpg"
59071216,"L32609","109946486","MARQUETTE","TROUTBIG",16,"August",1976,18,"August",1976,"light","none","light","none",NA,NA,4.877,NA,NA,10.805,NA,NA,NA,0,NA,0,NA,5,NA,0,NA,NA,129.96,NA,NA,NA,0.102,0.152,"yes",NA,"no","yes",NA,"none - suckers would come over in spring of year. / riparians","no",NA,NA,NA,21.111,NA,NA,NA,7,4,NA,NA,NA,NA,0,1,0,0,0,0,0,0,0,0,0,0,0,0,0,0,0,0,0,0,0,0,0,0,0,0,0,0,0,0,0,1,0,1,NA,"Marquette_TroutBig_SUMM_044.jpg","Marquette_TroutBig_SUMM_045.jpg"
59071217,"L37759","109946618","MARQUETTE","STRUMP",3,"July",1951,9,"July",1951,"light","none","light","none",NA,NA,1.372,1.372,NA,13.76,NA,100,NA,0,NA,0,NA,0,NA,0,NA,NA,31,NA,NA,NA,NA,NA,"no",NA,NA,"none",NA,NA,"no",NA,NA,NA,22.222,NA,20,NA,NA,NA,NA,NA,NA,NA,0,0,0,1,1,0,0,0,0,1,0,0,0,0,0,0,0,0,1,0,0,0,0,0,0,0,0,0,0,0,0,1,0,1,"pearl_dace_finescale_dace_redbelly_dace_blacknose_dace_fathead_minnow_mud_minnow_creek_chub","Marquette_Strump_SUMM_006.jpg","Marquette_Strump_SUMM_007.jpg"
59071218,"L35035","152512345","MARQUETTE","UNCLETOMSPOND",19,"July",1951,19,"July",1951,"light","none","light","none",NA,NA,0.914,0.914,NA,1.821,NA,100,NA,0,NA,0,NA,0,NA,0,NA,NA,19,33,NA,NA,0.61,NA,"yes",NA,"yes","beaver dam",NA,"may stop fish from moving upstream",NA,NA,NA,NA,12.222,15,12.222,NA,9.8,NA,NA,NA,NA,NA,0,0,0,0,0,0,0,0,0,1,0,0,0,0,0,0,0,0,0,0,0,0,0,0,0,0,0,0,0,0,0,1,0,0,"brook_stickleback_mudminnow_northern_muddler_slimy_muddler","Marquette_UncleTomsPond_SUMM_005.jpg","Marquette_UncleTomsPond_SUMM_006.jpg"
59071219,"L45481","152512589","MARQUETTE","UNNAMEDPOND",1,"August",1962,1,"August",1962,NA,NA,NA,NA,NA,NA,2.743,2.133,NA,1.214,NA,100,NA,0,NA,0,NA,0,NA,0,NA,NA,6,9,NA,NA,NA,NA,"no",NA,"no","none",NA,"none",NA,NA,NA,NA,20,NA,19.444,NA,8.2,8.4,NA,NA,NA,NA,0,0,0,0,0,0,0,0,0,0,0,0,0,0,0,0,0,0,0,0,0,0,0,0,0,0,0,0,0,0,0,0,0,0,NA,"Marquette_UnnamedPond_SUMM_003.jpg","Marquette_UnnamedPond_SUMM_004.jpg"
59071220,"L32580","110735343","MARQUETTE","WAHLSTROM",14,"June",1966,14,"June",1966,"light","light","light","light",NA,NA,2.438,1.829,NA,5.261,NA,100,NA,0,NA,0,NA,0,NA,0,NA,NA,NA,NA,NA,NA,NA,NA,NA,NA,"no",NA,NA,"none",NA,NA,NA,NA,17.778,NA,16.667,NA,NA,NA,NA,NA,NA,NA,0,0,0,0,0,1,0,0,0,0,0,0,1,0,0,0,0,0,0,0,0,0,0,0,1,1,0,0,0,0,0,1,0,1,"minnow","Marquette_Wahlstrom_SUMM_001.jpg","Marquette_Wahlstrom_SUMM_002.jpg"
59071221,"L34405","110734471","MARQUETTE","WHITEGOATLITTLE",12,"August",1937,12,"August",1937,NA,NA,NA,NA,"yes","permitted",4.267,2.438,NA,43.707,NA,NA,NA,NA,NA,NA,NA,NA,NA,NA,NA,NA,10,17,NA,NA,NA,NA,"yes",NA,NA,"yes","?",NA,NA,NA,NA,NA,24.4,NA,21.1,NA,6.9,NA,NA,NA,3.8,NA,0,0,0,0,1,1,1,0,0,0,0,0,0,0,0,1,1,0,1,0,0,0,0,0,0,0,0,0,0,0,0,1,0,1,"sunfish; semotilus","Marquette_WhiteGoatLittle_SUMM_006.jpg","Marquette_WhiteGoatLittle_SUMM_007.jpg"
59071222,"L44585","110735793","MARQUETTE","WITCH",10,"July",1937,10,"July",1937,NA,NA,NA,NA,"yes","permitted",31.088,4.267,NA,84.986,NA,NA,NA,NA,NA,NA,NA,NA,NA,NA,NA,"slight",115,132,NA,NA,NA,NA,"no",NA,NA,"no",NA,NA,NA,NA,NA,NA,25.7,NA,4.9,NA,7.8,NA,NA,NA,2.8,NA,0,0,1,0,0,1,1,0,0,1,0,0,0,0,0,1,1,0,1,0,0,1,0,0,1,0,0,0,1,0,0,1,0,1,"sunfish_crappie; semotilus_muddler","Marquette_Witch_SUMM_031.jpg","Marquette_Witch_SUMM_032.jpg"
59071223,"L14677","82817604","MASON","BASS",24,"June",1932,NA,"June",NA,NA,NA,NA,NA,"permitted","permitted",5.181,NA,NA,212.06,NA,NA,NA,NA,NA,NA,NA,NA,NA,NA,NA,"extensive. many cottages, boat livery, dance hall etc. on grounds.",NA,NA,NA,NA,0.61,NA,"yes","no",NA,"yes","no",NA,NA,NA,NA,NA,NA,NA,NA,NA,NA,NA,NA,NA,NA,NA,1,0,1,1,1,1,1,1,0,0,1,0,0,0,1,1,1,0,1,1,0,1,1,1,1,1,0,1,0,0,0,0,1,1,"white_crappie; lake_shiner_strawcolored_colored_shiner_log_perch_horned_dace_tadpole_cats_mud_minnow; no_suckers_seen_or_reported","Mason_Bass_SUMM_008.jpg","Mason_Bass_SUMM_009.jpg"
59071224,"L14677","82817604","MASON","BASS",15,"May",1968,16,"May",1968,"medium","light","medium","light",NA,NA,3.657,NA,NA,212.06,NA,100,NA,NA,NA,4,NA,75,NA,0,NA,NA,NA,NA,NA,NA,NA,NA,"yes",NA,"yes","yes",NA,"blocks passage of fish",NA,NA,NA,NA,NA,NA,NA,NA,NA,NA,NA,NA,NA,NA,0,0,0,0,0,1,0,1,0,0,0,0,1,0,0,0,1,0,0,0,0,1,0,0,1,1,0,0,0,0,0,1,0,1,"garpike","Mason_Bass_SUMM_010.jpg","Mason_Bass_SUMM_011.jpg"
59071225,"L14349","82817062","MASON","EDEN",19,"August",1949,19,"August",1949,"medium","light","medium","light",NA,NA,15.239,NA,NA,40.469,NA,NA,NA,NA,NA,NA,NA,1,NA,NA,NA,NA,30,34,NA,NA,NA,NA,NA,NA,NA,NA,NA,NA,"yes",4.572,9.906,NA,26.667,NA,7.2,NA,NA,NA,NA,NA,7.1,NA,0,0,0,0,0,1,0,0,0,0,0,0,0,0,0,0,0,0,0,0,0,1,0,0,0,0,0,0,0,0,0,0,0,1,NA,"Mason_Eden_SUMM_010.jpg","Mason_Eden_SUMM_011.jpg"
59071226,"L14202","82815358","MASON","FORD",20,"July",1965,20,"July",1965,"heavy",NA,"heavy",NA,NA,NA,25.602,NA,NA,114.326,NA,NA,NA,4,NA,4,NA,75,NA,0,NA,NA,NA,NA,NA,NA,NA,NA,NA,NA,NA,NA,NA,NA,NA,NA,NA,NA,NA,NA,NA,NA,NA,NA,NA,NA,NA,NA,0,0,0,0,0,1,0,0,0,0,0,0,0,0,0,0,0,0,0,0,0,0,0,0,1,0,0,0,0,0,1,0,0,1,NA,"Mason_Ford_SUMM_030.jpg","Mason_Ford_SUMM_031.jpg"
59071227,"L17428","82815300","MASON","CHANCELLOR",3,"August",1956,NA,"August",NA,"light","light","light","light",NA,NA,17.83,2.743,NA,27.924,NA,NA,NA,NA,NA,1,NA,6,NA,NA,NA,NA,71,92.5,NA,NA,NA,NA,NA,NA,NA,NA,NA,NA,"yes",5.334,8.382,NA,22.222,NA,6.889,NA,9.7,NA,9.7,3.1,1.5,0.1,0,0,0,0,0,1,0,0,0,0,0,0,0,0,0,0,0,0,0,0,0,1,0,0,0,1,0,0,1,0,0,1,0,1,"green_sunfish","Mason_Chancellor_SUMM_005.jpg","Mason_Chancellor_SUMM_006.jpg"
59071228,"L14202","82815358","MASON","FORD",17,"July",1932,17,"July",1932,NA,NA,NA,NA,"permitted","permitted",23.6,NA,NA,84.176,NA,NA,NA,NA,NA,NA,NA,NA,NA,NA,NA,"one boat livery, and a few cottages.",NA,NA,NA,NA,NA,NA,NA,NA,NA,"none reported. outlet not examined.",NA,NA,NA,NA,NA,NA,20,NA,5.556,NA,NA,NA,NA,NA,NA,NA,1,0,1,0,0,1,1,1,0,0,1,0,0,0,0,0,0,0,1,1,0,1,0,0,1,1,0,1,0,0,0,1,1,1,"lomgeared_sunfish_green_sunfish_muskellunge; least_darter_skipjack","Mason_Ford_SUMM_026.jpg","Mason_Ford_SUMM_027.jpg"
59071229,"L14202","82815358","MASON","FORD",26,"August",1957,3,"September",1957,"heavy","heavy","fairlyheavy","fairlyheavy",NA,NA,25.602,3.81,NA,82.962,NA,20,NA,2,NA,3,NA,93,NA,0,NA,NA,110,141,NA,NA,NA,NA,"no",NA,NA,"none",NA,NA,NA,6.858,10.667,NA,22.778,NA,5.556,NA,9,8.6,9,9,8.2,2.2,1,0,0,0,0,1,1,0,1,0,0,0,0,0,0,0,0,0,1,1,0,1,0,0,1,1,0,1,0,0,1,1,1,1,"longear_sunfish; redbelly_belly_dace_mud_minnow_least_darter_creek_chub_blacknose_dace_creek_chub","Mason_Ford_SUMM_028.jpg","Mason_Ford_SUMM_029.jpg"
59071230,"L14759","82815234","MASON","GUN",1,"July",1932,NA,"July",NA,NA,NA,NA,NA,"permitted.","permitted",9.144,NA,NA,97.936,NA,NA,NA,NA,NA,NA,NA,NA,NA,NA,NA,"about a dozen cottages located on lake, on north, east and south sides. dance hall and several boat livere is present. good camping sites available.",NA,NA,NA,NA,NA,NA,NA,NA,NA,"-","-",NA,NA,NA,NA,NA,23.333,NA,20,NA,NA,NA,NA,NA,NA,NA,1,0,0,1,0,1,1,0,0,0,0,0,0,0,0,0,0,0,0,0,0,1,0,0,1,0,0,0,1,0,0,0,0,1,"horned_dace_killifish","Mason_Gun_SUMM_013.jpg","Mason_Gun_SUMM_014.jpg"
59071231,"L16412","82816122","MASON","HACKERT",28,"June",1932,28,"June",1932,NA,NA,NA,NA,"permitted","permitted",16,NA,NA,50.668,NA,NA,NA,NA,NA,NA,NA,NA,NA,NA,NA,"one boat livery, and a few cottages",NA,NA,NA,NA,NA,NA,NA,NA,NA,NA,NA,NA,NA,NA,NA,NA,21.667,NA,8.333,NA,NA,NA,NA,NA,NA,NA,0,0,0,0,0,1,1,0,0,0,0,0,0,0,0,0,0,0,0,0,0,0,0,0,0,0,0,0,1,0,1,1,0,1,"strawcoloured_shiner_lake_shiners_lake_shiners","Mason_Hackert_SUMM_017.jpg","Mason_Hackert_SUMM_018.jpg"
59071232,"L16412","82816122","MASON","HACKERT",7,"August",1974,7,"August",1974,"light","light","light","light",NA,NA,15.849,NA,NA,50.668,NA,25,NA,1,NA,1,NA,50,NA,0,NA,NA,NA,NA,NA,NA,NA,NA,NA,NA,NA,NA,NA,NA,NA,7.62,NA,NA,23.889,NA,7.778,NA,NA,NA,NA,NA,NA,NA,0,0,0,0,0,0,0,0,0,0,0,0,0,0,0,0,0,0,0,0,0,0,0,0,0,0,0,0,0,0,0,0,0,0,NA,"Mason_Hackert_SUMM_019.jpg","Mason_Hackert_SUMM_020.jpg"
59071233,"L18835","82815984","MASON","HAMLIN",2,"July",1932,2,"July",1932,NA,NA,NA,NA,"permitted","permitted",16.458,NA,NA,2016.188,NA,NA,NA,NA,NA,NA,NA,NA,NA,NA,NA,"extensive",NA,NA,NA,NA,3.962,4.267,"yes","no",NA,"yes","no (see rept.)",NA,NA,NA,NA,NA,NA,NA,14.444,NA,NA,NA,NA,NA,NA,NA,1,0,1,1,1,1,1,1,1,1,1,1,0,0,1,0,1,0,1,1,0,1,1,1,1,1,1,1,1,0,1,1,0,1,"muskellunge_walleyed_pike; mimic_shiner_spottail_shiner_strawcolored_minnows_tadpole_cats_lake_shiner_log_perch_trout_perch; mullet_suckers_sheephead_catfish_carp_mullet; catfish","Mason_Hamlin_SUMM_050.jpg","Mason_Hamlin_SUMM_051.jpg"
59071234,"L18835","82815984","MASON","HAMLIN",26,"June",1942,14,"July",1942,"medium","medium","medium","medium",NA,NA,26.212,2.743,3.962,2051.801,NA,NA,NA,13,NA,15,NA,300,NA,5,NA,NA,108,128,NA,3.5,4.267,NA,"yes",NA,"yes","yes",NA,"fish stopped at the dam","no",NA,NA,NA,22.2,NA,20.3,NA,7.4,7.1,NA,NA,7.2,6,1,1,1,1,1,1,1,1,1,0,1,0,0,0,0,0,1,0,1,1,0,1,1,1,1,1,1,1,1,0,1,1,1,1,"muskie_trout_white_bass; log_perch_sand_shiner_log_perch_spottail_shiner_brook_stickleback_mud_minnow_muddler_tadpole_madtom_least_darter_lake_emerald_shiner; northern_and_golden_redhorse_sheepshead_longeared_sunfish","Mason_Hamlin_SUMM_052.jpg","Mason_Hamlin_SUMM_053.jpg"
59071235,"L18835","82815984","MASON","HAMLIN",16,"May",1967,19,"May",1967,"heavy","heavy","heavy","heavy",NA,NA,23.773,NA,NA,1214.083,NA,30,NA,13,NA,15,NA,300,NA,5,NA,NA,NA,NA,NA,NA,4.267,NA,"yes",NA,"yes","yes",NA,"blocks movement of walleyes, n. pike and steelhead upstream.",NA,NA,NA,NA,NA,NA,NA,NA,NA,NA,NA,NA,NA,NA,0,0,1,0,0,1,0,1,0,0,0,0,1,0,0,1,0,0,0,0,0,1,0,0,1,0,0,0,1,0,1,1,0,1,"redhorse_bullhead; sheepshead","Mason_Hamlin_SUMM_056.jpg","Mason_Hamlin_SUMM_057.jpg"
59071236,"L15037","82814954","MASON","TAINER",27,"June",1947,27,"June",1947,"medium",NA,"medium ",NA,NA,NA,NA,NA,NA,20.235,NA,NA,NA,0,NA,0,NA,0,NA,0,NA,NA,NA,NA,NA,NA,NA,NA,"no",NA,NA,"none",NA,NA,"no",NA,NA,NA,NA,NA,NA,NA,NA,NA,NA,NA,NA,NA,0,0,0,0,0,1,0,0,0,0,0,0,0,0,0,0,1,0,0,0,0,1,0,0,0,0,0,0,0,0,0,0,0,1,NA,"Mason_Tainer_SUMM_004.jpg","Mason_Tainer_SUMM_005.jpg"
59071237,"L21781","82816140","MASON","LONG",18,"August",1952,18,"August",1952,"light","light","light","light",NA,NA,18.897,2.743,NA,46.135,NA,9.5,NA,6,NA,6,NA,50,NA,NA,NA,NA,NA,NA,NA,2.06,NA,NA,"no",NA,NA,"no",NA,NA,"yes",4.572,9.144,NA,24.444,NA,5,NA,7.79,7.1,NA,NA,1.9,0,0,0,1,0,0,0,0,0,0,0,0,0,0,0,0,0,1,0,0,0,0,0,0,0,1,1,0,1,0,0,0,0,1,1,NA,"Mason_Long18N_15W_S10_SUMM_011.jpg","Mason_Long18N_15W_S10_SUMM_012.jpg"
59071238,"L5592","{2697092B-FC57-4982-8E24-35B74AF49537}","MECOSTA","BASS",24,"July",1940,25,"July",1940,"medium","none","medium","none",NA,NA,7.62,3.048,NA,1.902,NA,20,NA,1,NA,0,NA,0,NA,0,NA,NA,125,204,NA,1.4,NA,NA,"no",NA,NA,"none",NA,NA,"yes",1.829,6.4,NA,26.8,NA,7.8,NA,7.5,10.2,NA,NA,2,0,0,0,1,0,0,1,0,0,0,0,0,0,1,0,0,0,0,0,0,0,0,1,0,0,1,1,0,0,0,0,0,0,0,1,NA,"Mecosta_Bass_SUMM_004.jpg","Mecosta_Bass_SUMM_005.jpg"
59071239,"L21781","82816140","MASON","LONG",17,"July",1932,17,"July",1932,NA,NA,NA,NA,"permitted","permitted",18.9,NA,NA,46.135,NA,NA,NA,NA,NA,NA,NA,NA,NA,NA,NA,"boat livery, boy's camp, and a number of cottages",NA,NA,NA,NA,NA,NA,"no","yes",NA,"none near lake","yes",NA,NA,NA,NA,NA,18.889,NA,6.111,NA,NA,NA,NA,NA,NA,NA,1,0,1,0,0,1,0,0,0,0,1,0,0,0,0,0,0,0,0,1,0,1,0,0,1,1,0,1,1,0,0,1,0,1,"sunfish_longeared_sunfish","Mason_Long18N_15W_S10_SUMM_013.jpg","Mason_Long18N_15W_S10_SUMM_014.jpg"
59071240,"L16803","121860427","MECOSTA","BRADY",25,"July",1949,28,"July",1949,"medium","light","medium","light",NA,NA,5.791,2.895,NA,23.472,NA,85,NA,0,NA,0,NA,12,NA,0,NA,NA,32,34,NA,NA,0.305,NA,"yes",NA,"no","yes",NA,"None apparent",NA,4.267,5.181,NA,28.889,30.556,23.5,NA,7.9,6.7,4.5,2.2,NA,NA,0,0,0,0,0,1,1,0,0,0,0,0,0,0,0,0,0,0,0,0,0,1,0,0,0,1,0,0,0,0,1,1,0,1,"sand_shiner_bluntnose_apparently_fairly_common; common_sucker","Mecosta_Brady_SUMM_007.jpg","Mecosta_Brady_SUMM_008.jpg"
59071241,"L7887","{7E96B92F-D92D-4ACD-9DF6-C673907E253B}","MECOSTA","BOOM",23,"July",1940,25,"July",1940,"medium","light","medium","light",NA,NA,8.839,2.438,NA,17.28,NA,25,NA,2,NA,0,NA,0,NA,0,NA,NA,118,167,NA,1.47,NA,NA,"no",NA,NA,"none",NA,NA,"yes",1.829,6.4,NA,26.8,30.3,8.4,NA,7.5,7.6,NA,NA,0,NA,1,0,1,0,0,1,1,1,0,0,0,0,0,0,0,0,0,0,0,0,0,1,0,0,1,1,0,1,0,0,0,0,1,1,"green_sunfish","Mecosta_Boom_SUMM_008.jpg","Mecosta_Boom_SUMM_009.jpg"
59071242,"L14392","121860388","MECOSTA","BROCKWAY",18,"July",1956,24,"July",1956,"medium","medium","medium","medium",NA,NA,7.924,4.115,NA,5.747,NA,50,NA,0,NA,0,NA,0,NA,0,NA,NA,167,156,NA,NA,NA,NA,"no",NA,NA,"no",NA,NA,NA,2.286,5.334,NA,22.5,NA,9.444,NA,8.8,NA,8.6,2.1,0.4,NA,0,0,0,1,1,1,0,0,0,0,0,0,0,0,0,1,1,0,1,0,0,1,0,0,1,0,1,1,0,0,0,1,1,1,"green_sunfish_longear_sunfish; least_darter_mud_mudminnow","Mecosta_Brockway_SUMM_010.jpg","Mecosta_Brockway_SUMM_011.jpg"
59071243,"L21363","121860062","MECOSTA","CLEAR",20,"July",1966,22,"July",1966,"medium","light","medium","light",NA,NA,NA,NA,NA,52.61,NA,80,NA,0,NA,0,NA,50,NA,0,NA,NA,34.2,51.3,NA,NA,NA,NA,NA,NA,NA,NA,NA,NA,"no",NA,NA,NA,24.889,NA,14.667,NA,4,8,NA,NA,4,NA,0,0,1,0,0,1,0,0,0,0,0,0,0,0,0,0,1,0,0,0,0,1,0,0,1,1,0,0,0,0,0,0,1,1,NA,"Mecosta_Clear15N_9W_S21_SUMM_010.jpg","Mecosta_Clear15N_9W_S21_SUMM_011.jpg"
59071244,"L21363","121860062","MECOSTA","CLEAR",NA,"August",1955,NA,"August",1955,"medium","light","medium","light",NA,NA,9.144,3.657,NA,52.61,NA,60,NA,1,NA,0,NA,39,NA,NA,NA,NA,37,NA,NA,NA,NA,NA,NA,NA,NA,NA,NA,NA,"no",NA,NA,NA,25,NA,20.778,NA,7.65,NA,NA,NA,0.2,NA,0,0,0,0,0,1,0,0,0,0,0,0,1,0,0,0,0,0,0,0,0,1,0,0,1,0,0,1,0,0,0,0,0,1,"bullhead_sunfish","Mecosta_Clear15N_9W_S21_SUMM_052.jpg","Mecosta_Clear15N_9W_S21_SUMM_053.jpg"
59071245,"L1674","{29F665AB-2F35-4289-8876-3020DE7F6218}","MECOSTA","BULLHEAD",30,"July",1940,31,"July",1940,"light","none","light","none",NA,NA,2.743,NA,NA,2.125,NA,100,NA,1,NA,0,NA,0,NA,0,NA,NA,94,97,NA,1.31,NA,NA,"no",NA,NA,"none",NA,NA,"no",NA,NA,NA,27.2,NA,26.8,NA,8.2,8.8,NA,NA,NA,NA,0,0,1,0,0,1,0,1,0,0,0,0,1,0,0,0,1,0,0,0,0,1,0,0,0,1,0,0,0,0,0,0,0,1,"warmouth_bass","Mecosta_Bullhead15N_8W_S11_SUMM_005.jpg","Mecosta_Bullhead15N_8W_S11_SUMM_006.jpg"
59071246,"L2504","150436722","MECOSTA","CHIPPEWA",21,"July",1952,2,"August",1952,"heavy","heavy","heavy","heavy",NA,NA,12.801,1.524,NA,319.709,NA,65,NA,5,NA,6,NA,100,NA,0,NA,NA,106,121,NA,NA,NA,NA,"no",NA,NA,"none",NA,NA,"yes",9.753,10.667,NA,25.556,NA,16.111,NA,7.8,5.9,NA,NA,7.6,NA,0,1,1,0,1,1,1,1,0,0,0,0,0,0,0,1,1,0,1,1,1,1,1,0,1,1,0,1,0,0,0,1,1,1,"logperch; chub_sucker","Mecosta_Chippewa_SUMM_016.jpg","Mecosta_Chippewa_SUMM_017.jpg"
59071247,"L10868","{43E752CC-9FBE-4426-82ED-8537CEACD39C}","MECOSTA","DOGFISH",22,"July",1940,22,"July",1940,"light","none","verylight","none",NA,NA,1.219,NA,NA,1.902,NA,100,NA,0,NA,0,NA,0,NA,0,NA,NA,135,NA,NA,1.18,NA,NA,"no",NA,NA,"none",NA,NA,"no",NA,NA,NA,30.6,NA,NA,NA,5.7,NA,NA,NA,NA,NA,0,0,0,0,0,1,0,1,0,0,0,0,0,0,0,0,0,0,0,0,0,1,0,0,0,1,0,0,0,0,0,0,0,0,NA,"Mecosta_Dogfish_SUMM_004.jpg","Mecosta_Dogfish_SUMM_005.jpg"
59071248,"L12966","150436747","MECOSTA","DIAMOND",15,"July",1940,18,"July",1940,"heavy","light","heavy","light",NA,NA,3.657,3.657,NA,35.047,NA,100,NA,1,NA,2,NA,50,NA,0,NA,NA,108,112,NA,1.3,NA,NA,"no",NA,NA,"none",NA,NA,"no",NA,NA,NA,21.7,22,21.2,NA,8,8,NA,NA,NA,NA,0,0,0,0,1,1,1,0,0,0,1,0,0,0,0,0,0,0,0,0,0,1,0,0,0,0,0,0,0,0,0,0,0,1,NA,"Mecosta_Diamond_SUMM_005.jpg","Mecosta_Diamond_SUMM_006.jpg"
59071249,"L8314","{7109D867-DAAA-49EA-A60F-64BE0220A746}","MECOSTA","EVANS(BIG)",7,"August",1940,9,"August",1940,"heavy","medium","heavy","medium",NA,NA,12.801,1.981,2.286,78.511,NA,50,NA,1,NA,1,NA,6,NA,0,NA,NA,108,166,NA,2.02,NA,NA,"no",NA,NA,"none",NA,"----","yes",2.743,8.229,NA,22.6,24.9,10,10.4,6.3,7.8,NA,NA,0,0,1,0,1,1,0,1,1,1,0,0,0,0,0,0,0,0,0,0,1,0,0,0,0,0,1,0,0,1,0,0,0,0,1,1,"warmouth_bass; skipjack","Mecosta_Evans(Big)_SUMM_009.jpg","Mecosta_Evans(Big)_SUMM_010.jpg"
59071250,"L11531","{BA59515C-41E7-4856-A81E-6E794982AAB3}","MECOSTA","EVANS(LOWER)",6,"August",1940,7,"August",1940,"heavy","light","heavy","light",NA,NA,11.277,2.286,2.591,16.957,NA,20,NA,1,NA,1,NA,0,NA,0,NA,NA,110,175,NA,1.43,NA,NA,"no",NA,NA,"none",NA,NA,"yes",2.743,7.315,NA,24,25.6,8.7,8.8,7.9,8,NA,NA,0,0,0,0,1,1,0,1,0,1,0,0,1,0,0,0,0,0,0,0,0,0,0,1,0,0,0,1,0,1,0,0,0,0,1,1,"warmouth_bass_longear_sunfish","Mecosta_Evans(Lower)_SUMM_006.jpg","Mecosta_Evans(Lower)_SUMM_007.jpg"
59071251,"L8874","{2641CB28-3DFF-4BC0-92A4-224EEBBC8A31}","MECOSTA","EVANS(LITTLE)",9,"August",1940,10,"August",1940,"medium","medium","medium","medium",NA,NA,9.753,2.743,2.895,16.957,NA,35,NA,0,NA,0,NA,0,NA,0,NA,NA,110,202,NA,1.76,NA,NA,"no",NA,NA,"none",NA,NA,"yes",2.743,7.315,NA,26.2,25.7,6.6,7.2,6.3,8.5,NA,NA,1.4,0,0,0,1,0,0,1,0,1,0,0,1,0,0,0,0,0,0,0,0,0,0,1,0,0,1,1,0,0,0,0,0,0,1,0,"warmouth_mouth_bass","Mecosta_Evans(Little)_SUMM_004.jpg","Mecosta_Evans(Little)_SUMM_005.jpg"
59071252,"L49011",NA,"MECOSTA","GRASS",30,"July",1940,31,"July",1940,"light","none","light","none",NA,NA,2.133,1.219,NA,0.85,NA,25,NA,0,NA,0,NA,0,NA,0,NA,NA,166,172,NA,1.11,NA,NA,"no",NA,NA,"none",NA,NA,"no",NA,NA,NA,25.7,NA,25,NA,6.8,6.9,NA,NA,NA,NA,0,0,1,0,0,1,0,1,0,0,1,0,0,0,0,0,1,0,0,0,0,1,0,0,0,1,0,0,0,0,0,0,0,1,NA,"Mecosta_Grass_SUMM_006.jpg","Mecosta_Grass_SUMM_007.jpg"
59071253,"L17953","150436780","MECOSTA","HANNAH",23,"July",1956,25,"July",1956,"heavy","heavy","heavy","heavy",NA,NA,15.239,1.829,NA,10.927,NA,30,NA,0,NA,0,NA,1,NA,0,NA,NA,133,149,NA,NA,NA,NA,"yes",NA,NA,"several beaver dams",NA,NA,NA,2.286,6.858,NA,23.333,NA,5.556,NA,8.4,8.1,8.1,6.4,8.1,0,1,0,1,1,0,1,1,0,0,0,0,0,0,0,0,0,1,0,1,0,0,1,0,0,1,1,1,1,0,0,0,1,1,1,"green_sunfish_and_longear_sunfish; mudminnow_minnow_least_darter_brook_stickleback_and_creek_chub","Mecosta_Hannah_SUMM_011.jpg","Mecosta_Hannah_SUMM_012.jpg"
59071254,"L19380","121859866","MECOSTA","HAYMARSHS",15,"August",1946,17,"August",1946,"light","light","light","light",NA,NA,8.839,2.438,NA,7.082,NA,90,NA,0,NA,0,NA,0,NA,0,NA,NA,91,85,NA,1.5,NA,NA,NA,NA,NA,NA,NA,NA,"yes",3.048,6.096,NA,21.667,NA,8.5,NA,7.7,5.2,NA,NA,NA,NA,0,0,0,0,0,1,0,0,0,0,1,0,0,0,0,0,0,0,0,0,0,1,0,0,1,1,0,0,0,0,0,0,1,1,NA,"Mecosta_Haymarshs_SUMM_040.jpg","Mecosta_Haymarshs_SUMM_041.jpg"
59071256,"L19380","121859866","MECOSTA","HAYMARSHS",17,"August",1946,18,"August",1946,"light","light","light","light",NA,NA,6.4,2.743,NA,1.821,NA,50,NA,0,NA,0,NA,0,NA,0,NA,NA,122,155,NA,1.2,NA,NA,NA,NA,NA,"(see notes card)",NA,NA,"yes",3.048,4.572,NA,23.333,NA,11.8,NA,8.3,NA,NA,NA,0,NA,0,0,1,1,1,1,0,0,0,0,0,0,0,0,0,1,1,0,1,0,0,1,0,0,1,1,0,1,0,0,0,0,0,1,NA,"Mecosta_Haymarshs_SUMM_042.jpg","Mecosta_Haymarshs_SUMM_043.jpg"
59071257,"L19380","121859866","MECOSTA","HAYMARSHS",20,"August",1946,21,"August",1946,"light","light","light","light",NA,NA,5.181,2.743,NA,3.642,NA,95,NA,0,NA,0,NA,0,NA,0,NA,NA,133,132,NA,1.13,NA,NA,NA,NA,NA,"(see note card)",NA,NA,"no",NA,NA,NA,20.556,NA,17,NA,5.5,3.4,NA,NA,NA,NA,0,0,0,0,0,1,0,0,0,0,0,0,0,0,0,0,0,0,0,0,0,1,0,0,1,1,0,1,0,0,0,1,0,1,"bluegill_x_pumpkinseed","Mecosta_Haymarshs_SUMM_044.jpg","Mecosta_Haymarshs_SUMM_045.jpg"
59071258,"L19380","121859866","MECOSTA","HAYMARSHS",19,"August",1946,20,"August",1946,"medium","light","moderate","light",NA,NA,7.01,1.524,NA,4.006,NA,40,NA,0,NA,0,NA,0,NA,0,NA,NA,102,140,NA,1.11,NA,NA,NA,NA,NA,NA,NA,NA,"yes",2.133,5.486,NA,22.778,NA,11,NA,8.6,6.7,NA,NA,0,NA,0,0,1,0,0,1,0,0,0,0,1,0,0,0,0,0,1,0,0,0,0,0,0,0,1,1,0,0,0,0,0,0,1,1,"pumkinseed_x_bluegill_hybrid","Mecosta_Haymarshs_SUMM_046.jpg","Mecosta_Haymarshs_SUMM_047.jpg"
59071259,"L13078","{E60A9522-34CB-407A-8810-6C6AA2002573}","MECOSTA","MANAKA",31,"July",1940,1,"August",1940,"medium","light","mediumtolight","lightprobablynone",NA,NA,8.839,2.743,NA,5.666,NA,50,NA,1,NA,0,NA,1,NA,0,NA,NA,102,140,NA,1.44,NA,NA,"no",NA,"no","none",NA,"none","yes",2.743,6.4,NA,25.2,NA,6.9,NA,6.8,7.1,NA,NA,0,0,0,0,1,0,0,1,0,1,0,0,0,0,0,0,0,0,1,0,0,0,0,1,0,0,1,1,0,0,0,0,0,0,1,1,"warmouth_bass","Mecosta_Manaka_SUMM_006.jpg","Mecosta_Manaka_SUMM_007.jpg"
59071260,"L22125","121859989","MECOSTA","HILLSVIEW",27,"August",1955,NA,"August",NA,"heavy","heavy","heavy","heavy",NA,NA,12.191,1.372,NA,49.777,NA,30,NA,0,NA,1,NA,18,NA,0,NA,NA,117,141,NA,NA,0.914,NA,"yes",NA,"no","yes",NA,"none",NA,3.048,6.096,NA,25,NA,11.389,NA,6.2,NA,6.1,0,0,NA,0,0,1,0,0,1,0,1,0,0,0,0,1,0,0,0,0,0,0,0,0,1,0,0,1,0,0,1,0,0,0,1,0,1,"crappie_sunfish; suckers","Mecosta_Hillsview_SUMM_006.jpg","Mecosta_Hillsview_SUMM_007.jpg"
59071261,"L2861","121860038","MECOSTA","HORSEHEAD",21,"August",1941,27,"August",1941,"heavy","heavy","heavy","heavy",NA,NA,16.458,2.743,3.048,182.639,NA,65,NA,4,NA,2,NA,80,NA,0,NA,NA,101,199,NA,2.72,NA,NA,"no",NA,NA,"none",NA,NA,"yes",6.096,11.429,NA,21.5,23.6,6.3,7.5,5.9,11.3,NA,NA,0,0,0,1,0,1,1,1,1,0,1,0,1,0,0,0,0,0,0,0,1,0,0,1,0,1,1,1,0,1,1,0,1,1,1,1,"longeared_sunfish; silversides_log_perch_blacknosed_dace__nosed_dace","Mecosta_Horsehead_SUMM_017.jpg","Mecosta_Horsehead_SUMM_018.jpg"
59071262,"L18849","121860155","MECOSTA","MECOSTA",21,"August",1946,23,"August",1946,"medium","medium","medium","medium",NA,NA,11.887,3.353,3.657,120.194,NA,70,NA,0,NA,0,NA,25,NA,0,NA,NA,104,134,NA,1.96,0.914,NA,"yes",NA,"yes","yes.",NA,"none in spring - 15' cement apron tapers to 6"" inches of water level.","yes",6.705,7.924,NA,21,NA,12,NA,4,8,NA,NA,0,NA,1,0,1,1,1,1,1,0,1,0,0,0,0,0,0,1,0,0,1,1,0,1,0,0,1,1,0,1,1,0,0,1,1,1,"blacknose_dace_banded_killifish_blacknose_dace_sand_shiner","Mecosta_Mecosta_SUMM_013.jpg","Mecosta_Mecosta_SUMM_014.jpg"
59071263,"L10216","{7A326647-434D-4E61-99CA-71D1481868AE}","MECOSTA","LOST",16,"July",1940,17,"July",1940,"heavy","none","fairlyheavy","practicallynone",NA,NA,7.315,2.743,NA,12.384,NA,25,NA,1,NA,0,NA,0,NA,0,NA,NA,148,167,NA,1.26,NA,NA,"yes",NA,"yes","beaver dam reported",NA,"would prevent migration","yes",1.829,6.4,NA,19.8,25,9.2,NA,6.9,7.1,NA,NA,0,0,0,0,1,0,0,1,0,0,0,0,1,0,0,0,0,0,0,0,0,0,0,0,0,0,1,1,0,0,0,0,0,0,0,1,"warmouth_bass","Mecosta_Lost_SUMM_007.jpg","Mecosta_Lost_SUMM_008.jpg"
59071264,"L15320","121859981","MECOSTA","TOWNLINE",18,"July",1966,18,"July",1966,"medium","light","medium ","light",NA,NA,NA,NA,NA,NA,NA,NA,NA,0,NA,0,NA,12,14,0,NA,NA,119.7,143.9,NA,NA,NA,NA,"no",NA,NA,"no",NA,NA,"yes",3.048,NA,NA,25.722,NA,5.889,9.222,8,9,6,8,0.5,2,0,1,1,0,0,1,0,1,0,0,1,0,0,0,0,0,0,0,0,0,0,1,0,0,1,1,0,0,0,0,0,1,0,1,"black_bullbends_brown_bullbends_white_suckers","Mecosta_Townline15N_9W_S1_SUMM_007.jpg","Mecosta_Townline15N_9W_S1_SUMM_008.jpg"
59071265,"L17826","121860170","MECOSTA","ROGERSPOND",11,"August",1947,11,"September",1947,"medium","light","medium","light",NA,NA,10.363,1.829,NA,NA,NA,40,NA,2,NA,0,NA,25,NA,0,NA,NA,147,154,NA,NA,12.191,NA,"yes",NA,"yes","yes",NA,"fish ladder probably not used; inhibits upstream movement; some downstream movement occurs when water is being spilled.","no",NA,NA,NA,24.611,NA,19.111,NA,4,NA,NA,NA,0.4,NA,0,0,1,0,0,1,1,0,0,0,0,0,0,0,0,1,0,0,0,1,0,1,0,0,1,1,1,1,1,0,0,1,0,1,"blacksided_sided_darter_sand_shiner_log_logperch_stone_roller; redhorse","Mecosta_RogersPond_SUMM_009.jpg","Mecosta_RogersPond_SUMM_010.jpg"
59071266,"L14092","{33DF2AC2-0212-4699-8E39-3A1B6D2B5BD8}","MECOSTA","SADDLEBACK",29,"July",1940,31,"July",1940,"heavy","light","heavy","light",NA,NA,6.4,2.438,NA,4.775,NA,75,NA,1,NA,0,NA,0,NA,0,NA,NA,130,181,NA,2,NA,NA,"no",NA,"no","none",NA,"none","yes",1.829,5.486,NA,26.5,27.8,8.4,10.1,7.1,7.4,NA,NA,0,NA,0,0,1,1,0,1,1,1,0,0,1,0,0,0,0,0,0,0,0,0,0,1,0,0,1,1,0,0,0,0,0,0,1,0,"warmouth_bass_black_chin_minnow; blackchin_minnow","Mecosta_Saddleback_SUMM_006.jpg","Mecosta_Saddleback_SUMM_007.jpg"
59071267,"L22888","{204B8A6D-F555-4756-84BE-C0FB3DF0A18A}","MECOSTA","ROUND",23,"August",1946,25,"August",1946,"medium","medium","medium","medium",NA,NA,13.715,3.048,NA,62.728,NA,NA,NA,1,NA,0,NA,19,NA,0,NA,NA,108,140,NA,1.25,NA,NA,"no",NA,"no","none (see mecosta and blue l.)",NA,"none","yes",5.486,7.62,NA,20.556,NA,11.667,NA,7,8,NA,NA,2,NA,1,0,0,1,0,1,1,0,1,0,0,0,0,0,0,1,1,0,1,1,0,1,0,0,1,1,0,1,1,0,0,1,1,1,"golden_creek_log_perch_creekchub_hornyhead_chub_river_chub","Mecosta_Round_SUMM_008.jpg","Mecosta_Round_SUMM_009.jpg"
59071268,"L8618","121860079","MECOSTA","TUBS",19,"July",1940,20,"July",1940,"heavy","medium","heavy","moderate",NA,NA,10.058,3.657,NA,47.025,NA,30,NA,2,NA,2,NA,12,NA,0,NA,NA,107,158,NA,1.21,NA,NA,"no",NA,NA,"none",NA,NA,"yes",2.743,6.4,NA,23.9,25.4,12,NA,8.5,10.6,NA,NA,0.6,0,1,0,1,1,0,1,1,1,0,0,1,0,0,0,0,1,0,0,1,0,0,1,0,0,0,1,0,1,0,0,0,0,1,1,"warmouth_bass_longear_sunfish; least_darter","Mecosta_Tubs_SUMM_007.jpg","Mecosta_Tubs_SUMM_008.jpg"
59071269,"L8618","121860079","MECOSTA","TWENTY-EIGHT(LAKE)",8,"September",1957,11,"September",1957,"medium","medium","medium","medium",NA,NA,7.924,2.438,NA,10.927,NA,60,NA,1,NA,2,NA,6,NA,0,NA,NA,35.5,100,NA,NA,NA,NA,"no",NA,NA,"no",NA,NA,NA,5.334,7.315,"yes",19.778,NA,15.389,NA,8,5.9,3.8,0,NA,NA,1,0,0,0,0,1,0,0,0,0,1,0,0,0,0,0,0,0,1,0,0,1,0,0,1,1,0,0,0,0,1,0,1,1,NA,"Mecosta_Twenty-eight(Lake)_SUMM_007.jpg","Mecosta_Twenty-eight(Lake)_SUMM_008.jpg"
59071271,"L45623","75475805","MENOMINEE","ANN",7,"July",1940,8,"July",1940,"medium","medium","medium","medium",NA,NA,8.839,1.676,NA,8.58,NA,19.7,NA,1,NA,0,NA,0,NA,0,NA,NA,165,193,NA,1.2,NA,NA,"no",NA,NA,"none",NA,NA,"yes",1.219,4.572,NA,26,19.4,7.8,NA,6.4,9.01,NA,NA,3.51,4.2,0,0,1,0,0,1,1,1,0,0,0,0,1,0,0,0,1,0,0,1,0,1,0,0,1,1,0,1,0,0,0,1,0,1,"one_minnows","Menominee_Ann_SUMM_009.jpg","Menominee_Ann_SUMM_010.jpg"
59071272,"L8618","121860079","MECOSTA","TWENTY-EIGHT(LAKE)",13,"September",1956,NA,NA,NA,"medium","medium","medium","medium",NA,NA,10.667,NA,NA,14.974,NA,NA,NA,NA,NA,NA,NA,5,NA,NA,NA,NA,NA,NA,NA,NA,NA,NA,NA,NA,NA,NA,NA,NA,NA,NA,NA,NA,NA,NA,NA,NA,NA,NA,NA,NA,NA,NA,0,0,0,0,0,1,0,0,0,0,0,0,1,0,0,0,0,0,0,0,0,1,0,0,0,0,0,0,0,0,1,0,0,1,"sunfish","Mecosta_Twenty-eight(Lake)_SUMM_005.jpg","Mecosta_Twenty-eight(Lake)_SUMM_006.jpg"
59071273,"L43867","75474379","MENOMINEE","HERMANSVILLE",1,"July",1952,1,"July",1952,"light","none","light","none",NA,NA,3.657,NA,NA,32.376,NA,100,NA,0,NA,0,NA,0,NA,0,NA,NA,163,NA,NA,NA,3.657,NA,"yes",NA,"yes","yes",NA,"prevents upstream movement of fish.",NA,NA,NA,NA,21,NA,16.9,NA,6.174,4.998,NA,NA,NA,NA,0,0,0,0,0,0,0,0,0,0,0,0,1,0,0,0,1,0,0,0,0,0,0,0,0,0,0,0,0,0,0,1,0,1,"suckers","Menominee_Hermansville_SUMM_Pond_SUMM_030.jpg","Menominee_Hermansville_SUMM_Pond_SUMM_031.jpg"
59071274,"L43402","75475817","MENOMINEE","MARY",5,"July",1940,9,"July",1940,"light","heavy","light","heavy",NA,NA,3.962,2.133,NA,14.245,NA,62,NA,0,NA,0,NA,0,NA,0,NA,NA,46,47,NA,1.1,NA,NA,"no",NA,NA,"none",NA,NA,"no",NA,NA,NA,25.9,NA,22.9,NA,8.6,7.95,NA,NA,NA,NA,0,0,0,0,0,1,0,0,0,0,0,0,0,0,0,0,0,0,0,0,0,0,0,0,0,0,0,0,0,0,0,0,0,1,"fingerlings_fry","Menominee_Mary_SUMM_006.jpg","Menominee_Mary_SUMM_007.jpg"
59071275,"L46263","155413393","MENOMINEE","KITCHNERS",26,"July",1951,26,"July",1951,"light","none","light","none",NA,NA,2.133,NA,NA,4.856,NA,100,NA,0,NA,0,NA,0,NA,0,NA,NA,146,NA,NA,NA,NA,NA,"no",NA,NA,"none",NA,NA,"no",NA,NA,NA,28.333,NA,23.8,NA,7.3,7.09,NA,NA,NA,NA,0,0,0,0,0,0,0,0,0,0,0,0,1,0,0,0,0,0,0,0,0,0,0,0,0,0,0,1,0,0,0,1,0,1,"some_minnow_observed_but_not_identified; suckers","Menominee_Kitchners_SUMM_005.jpg","Menominee_Kitchners_SUMM_006.jpg"
59071276,"L10694","121857961","MISSAUKEE","CROOKED",NA,"October",1961,NA,"October",1961,"medium","light","medium","light",NA,NA,2.438,NA,NA,14.164,NA,NA,NA,0,NA,0,NA,3,NA,0,NA,NA,NA,NA,NA,NA,NA,NA,NA,NA,NA,NA,NA,NA,NA,NA,NA,NA,NA,NA,NA,NA,NA,NA,NA,NA,NA,NA,0,0,0,0,0,0,0,0,0,0,0,0,0,0,0,0,0,0,0,0,0,0,0,0,0,0,0,0,0,0,0,0,0,1,NA,"Missaukee_Crooked21N_6W_S11_SUMM_006.jpg","Missaukee_Crooked21N_6W_S11_SUMM_007.jpg"
59071277,"L1639","149759448","MIDLAND","SANFORD",24,"July",1951,3,"August",1951,"light","medium","light","medium",NA,NA,6.096,0.61,1.219,505.868,NA,90,NA,10,NA,10,NA,350,NA,0,NA,NA,160,157,NA,NA,7.62,NA,"yes",NA,"yes","yes - sanford dam",NA,"prevents fish movements.","no",NA,NA,NA,23.333,25.556,22.222,23.333,8.4,8,NA,NA,NA,NA,0,1,1,0,0,1,1,0,0,0,0,0,0,0,1,1,1,0,0,1,0,0,0,0,1,1,0,1,0,0,0,0,1,1,"logperch_spotfin_shiner_northern_creek_chub_hornyhead_chub_stoneroller_blackside_darter","Midland_Sanford_SUMM_026.jpg","Midland_Sanford_SUMM_027.jpg"
59071278,"L10694","121857961","MISSAUKEE","CROOKED",6,"August",1953,6,"August",1953,"light","light","light","light",NA,NA,3.048,NA,NA,16.188,NA,NA,NA,0,NA,0,NA,1,NA,0,NA,NA,NA,NA,NA,NA,NA,NA,"no",NA,NA,"none",NA,NA,"no",NA,NA,NA,NA,NA,NA,NA,NA,NA,NA,NA,NA,NA,0,0,0,0,0,0,0,0,0,0,0,0,0,0,0,0,0,0,0,0,0,0,0,0,0,0,0,0,0,0,0,0,0,1,NA,"Missaukee_Crooked21N_6W_S11_SUMM_004.jpg","Missaukee_Crooked21N_6W_S11_SUMM_005.jpg"
59071279,"L43674","155413438","MENOMINEE","WESTMAN",5,"July",1962,6,"July",1962,"light","none","light","none",NA,NA,1.829,NA,NA,16.188,NA,NA,NA,0,NA,0,NA,0,NA,0,NA,NA,0,NA,NA,NA,NA,NA,NA,NA,NA,NA,NA,NA,NA,NA,NA,NA,27.222,NA,24.222,NA,6,NA,NA,NA,NA,NA,0,0,0,0,0,0,0,0,0,0,0,0,0,0,0,0,0,0,0,0,0,0,0,0,0,0,0,0,0,0,0,0,0,0,NA,"Menominee_Westman_SUMM_005.jpg","Menominee_Westman_SUMM_006.jpg"
59071280,"L45723","75475485","MENOMINEE","SUNSET",10,"July",1940,11,"July",1940,"light","light","light","light",NA,NA,4.267,1.829,NA,1.659,NA,73.8,NA,0,NA,0,NA,0,NA,0,NA,NA,162,165,NA,1.16,0.508,NA,"yes",NA,"yes","log type. approximately 20' feet wide",NA,"permits upstream movement at normal flow.","yes",NA,NA,NA,22.4,NA,13.3,NA,4.55,5.25,NA,NA,NA,NA,0,0,0,1,0,1,0,0,0,0,1,0,0,0,0,0,0,0,0,0,0,1,0,0,1,1,0,1,1,0,0,0,1,0,NA,"Menominee_Sunset_SUMM_005.jpg","Menominee_Sunset_SUMM_006.jpg"
59071281,"L13017","121857667","MISSAUKEE","LOON",17,"June",1948,18,"June",1948,"light","none","light","none",NA,NA,3.657,1.219,NA,8.418,NA,NA,NA,0,NA,0,NA,2,NA,NA,NA,NA,NA,NA,NA,NA,NA,NA,NA,NA,NA,NA,NA,NA,NA,NA,NA,NA,NA,NA,NA,NA,NA,NA,NA,NA,NA,NA,0,0,0,0,0,0,1,0,0,0,0,0,0,0,0,0,0,0,0,0,0,1,0,0,0,0,0,0,0,0,0,0,0,1,"bluntnose_shiner; carp","Missaukee_Loon_SUMM_007.jpg","Missaukee_Loon_SUMM_008.jpg"
59071282,"L7823","121857894","MISSAUKEE","GOOSE",NA,"March",1959,NA,NA,NA,"heavy","light","heavy","light",NA,NA,4.267,NA,NA,40.469,NA,100,NA,NA,NA,0,NA,NA,NA,0,NA,NA,NA,NA,NA,NA,NA,NA,NA,NA,NA,NA,NA,NA,NA,NA,NA,NA,NA,NA,NA,NA,NA,NA,NA,NA,NA,NA,0,0,0,0,0,1,0,0,0,0,0,0,0,0,0,0,0,0,0,0,0,1,0,0,0,0,0,0,0,0,0,0,0,1,NA,"Missaukee_Goose_SUMM_005.jpg","Missaukee_Goose_SUMM_006.jpg"
59071283,"L1912","113471151","MONTMORENCY","AVERY",9,"August",1943,11,"August",1943,"medium","light","medium","light",NA,NA,23.773,3.048,NA,70.822,NA,NA,NA,1,NA,1,NA,11,NA,0,NA,NA,175,205,NA,NA,NA,NA,"yes",NA,"yes","yes",NA,"barrier to upward migration","yes",5.486,7.62,NA,23.667,NA,7.278,NA,8.2,9.6,NA,NA,10.4,4.5,0,0,0,0,0,1,0,0,0,1,0,0,0,0,0,1,0,0,0,0,0,1,0,0,1,0,0,0,0,0,1,1,0,1,"walleyed_pike","MONTMORENCY_AVERY_SUMM_0001_1.jpeg","MONTMORENCY_AVERY_SUMM_0001_2.jpeg"
59071284,"L8725","113470445","MONTMORENCY","AVALON",13,"August",1942,20,"August",1942,"medium","light","mediumatpresent","light",NA,NA,22.554,3.657,NA,150.546,NA,37.6,NA,2,NA,2,NA,83,NA,0,NA,NA,148,118,NA,1.15,1.524,NA,"no",NA,"yes","none at present, one at c. pond",NA,"prevents movement of pike on downstream, with possible encouragement to spawn.","yes",10.972,14.63,NA,21.5,NA,9.4,NA,8.2,8.4,NA,NA,8.4,0,0,0,0,0,0,1,1,0,0,0,0,0,0,1,0,0,0,0,0,0,0,1,0,0,1,1,0,1,1,0,0,1,0,1,NA,"MONTMORENCY_AVALON_SUMM_0001_1.jpeg","MONTMORENCY_AVALON_SUMM_0001_2.jpeg"
59071285,"L11933","83975687","MONTMORENCY","DOUBLES",13,"June",1959,14,"June",1959,"light","none","light","none",NA,NA,3.048,2.133,NA,5.666,NA,100,NA,NA,NA,NA,NA,NA,NA,NA,NA,NA,56,NA,NA,NA,NA,NA,NA,NA,NA,NA,NA,NA,"no",NA,NA,NA,18.889,NA,18.889,NA,6.2,NA,NA,NA,6.4,NA,0,0,0,0,0,0,0,0,0,0,0,0,0,0,0,0,0,0,0,0,0,0,0,0,0,0,0,0,0,0,0,0,0,0,NA,"MONTMORENCY_DOUBLES_SUMM_0001_1.jpeg","MONTMORENCY_DOUBLES_SUMM_0001_2.jpeg"
59071286,"L6104","113471293","MONTMORENCY","EASTFISH",8,"July",1939,29,"July",1939,"heavy","none","heavy","none",NA,NA,12.801,6.096,NA,9.51,NA,NA,NA,NA,NA,NA,NA,NA,NA,NA,NA,NA,0,182,NA,1.56,0.61,NA,"yes",NA,"yes","old beaver dam",NA,"would hinder fish - is at present partly removed.","yes",4.572,9.144,NA,22.9,NA,8.1,NA,7.3,8.5,NA,NA,9.5,7.27,0,0,0,0,1,0,0,0,0,1,0,0,0,0,0,1,0,0,1,0,0,0,0,0,0,0,0,0,0,0,0,0,0,1,"hornyheaded_headed_chub_semotilus","MONTMORENCY_EASTFISH_SUMM_0001_1.jpeg","MONTMORENCY_EASTFISH_SUMM_0001_2.jpeg"
59071287,"L3416","113470423","MONTMORENCY","ESS",18,"August",1942,20,"August",1942,"medium","light","medium","light",NA,NA,15.544,3.048,NA,46.135,NA,49.1,NA,1,NA,0,NA,3,NA,0,NA,NA,131,148,NA,1.04,NA,NA,"no",NA,NA,"none",NA,NA,"yes",7.315,10.972,NA,21.9,NA,10.6,NA,7.5,8,NA,NA,0.9,1,0,0,0,0,0,1,1,0,0,0,0,0,0,0,0,0,0,0,0,0,0,0,0,0,0,1,0,1,1,0,1,1,0,1,"bluntnosed_minnow","MONTMORENCY_ESS_SUMM_0001_1.jpeg","MONTMORENCY_ESS_SUMM_0001_2.jpeg"
59071288,"L817","113471315","MONTMORENCY","FISHMIDDLE",27,"July",1939,NA,NA,NA,"light","light","light","light",NA,NA,1.829,NA,NA,1.008,NA,NA,NA,0,NA,0,NA,0,NA,0,NA,NA,163,NA,NA,1.19,0.914,NA,"yes",NA,"yes","beaver dam - old",NA,"probably hinders fish movement","no",NA,NA,NA,25,NA,22.4,NA,7.9,NA,NA,NA,NA,NA,0,0,0,0,1,0,0,0,0,0,0,0,0,0,0,0,0,0,0,0,0,0,0,0,0,0,0,0,0,0,0,1,0,0,"northern_dace_redbellied_dace_blacknosed_shiner_fathead_minnow; brook_stickleback","MONTMORENCY_FISHMIDDLE_SUMM_0001_1.jpeg","MONTMORENCY_FISHMIDDLE_SUMM_0001_2.jpeg"
59071289,"L13607","113471321","MONTMORENCY","FISHWEST",14,"July",1939,27,"July",1939,"light","light","light","light",NA,NA,3.657,1.524,NA,3.926,NA,NA,NA,NA,NA,NA,NA,NA,NA,NA,NA,NA,105,128,NA,1.73,0.61,NA,"yes",NA,"no","beaver dam",NA,"none at present","no",NA,NA,NA,25.2,NA,23.8,NA,6.56,7.37,NA,NA,NA,NA,0,0,0,0,1,0,0,0,0,0,0,0,0,0,0,0,0,0,1,0,0,0,0,0,1,0,0,0,0,0,0,0,0,0,"redbellied_dace_fathead_minnow_northern_dace","MONTMORENCY_FISHWEST_SUMM_0001_1.jpeg","MONTMORENCY_FISHWEST_SUMM_0001_2.jpeg"
59071290,"L10319","155408560","MONTMORENCY","GENEVA",12,"August",1945,12,"August",1945,"medium","light","medium","light",NA,NA,4.877,NA,NA,34.601,NA,95,NA,1,NA,1,NA,50,NA,1,NA,NA,110,NA,NA,NA,0.305,NA,"yes",NA,"no","crude brush and mud",NA,"little if any - level was 44' feet lower than when mapped.","no",NA,NA,NA,28.889,NA,NA,NA,NA,NA,NA,NA,NA,NA,1,0,0,0,0,1,1,0,0,0,0,0,0,0,0,1,0,0,1,0,0,1,0,0,1,1,0,1,0,0,0,1,0,1,"bass","MONTMORENCY_GENEVA_SUMM_0001_1.jpeg","MONTMORENCY_GENEVA_SUMM_0001_2.jpeg"
59071291,"L5851","155408552","MONTMORENCY","HORSESHOE",12,"August",1945,13,"August",1945,"medium","light","medium","light",NA,NA,6.4,3.81,NA,2.833,NA,NA,NA,NA,NA,NA,NA,0,NA,NA,NA,NA,137,NA,NA,NA,NA,NA,"no",NA,NA,"none",NA,NA,"yes",3.657,5.181,NA,22.222,NA,17.778,NA,NA,NA,NA,NA,NA,NA,0,0,0,0,0,1,0,0,0,0,0,0,0,0,0,0,0,0,0,0,0,1,0,0,1,0,0,0,0,0,0,1,0,0,"sunfish; minnows; suckers","MONTMORENCY_HORSESHOE_SUMM_0001_1.jpeg","MONTMORENCY_HORSESHOE_SUMM_0001_2.jpeg"
59071292,"L5851","155408552","MONTMORENCY","JOELITTLE",12,"August",1945,13,"August",1945,"medium","none","medium","none",NA,NA,10.058,5.791,NA,5.14,NA,NA,NA,0,NA,0,NA,0,NA,0,NA,NA,80,NA,NA,NA,NA,NA,NA,NA,NA,NA,NA,NA,"yes",5.486,8.534,NA,22.778,NA,15,NA,NA,NA,NA,NA,1.4,4.6,0,0,0,0,0,0,1,0,0,0,0,0,0,0,0,0,0,0,0,0,0,1,0,0,0,0,0,1,0,0,0,0,0,1,"sunfish","MONTMORENCY_JOELITTLE_SUMM_0001_1.jpeg","MONTMORENCY_JOELITTLE_SUMM_0001_2.jpeg"
59071293,"L12729","113470369","MONTMORENCY","LONG",26,"August",1952,1,"July",1955,"medium","light","medium","light",NA,NA,24.992,3.048,6.096,118.98,NA,35,NA,2,NA,2,NA,22,NA,0,NA,NA,140,189,NA,NA,NA,NA,"no",NA,NA,"none (see notes on another card)",NA,NA,NA,9.144,12.191,NA,23.333,24.444,7.778,8.333,7.7,6.8,6.8,6.2,5.7,1.7,0,0,0,0,0,1,1,0,0,0,1,0,0,1,0,0,0,0,1,1,0,1,0,0,1,1,1,1,1,0,1,1,0,0,"longear_sunfish_cisco","MONTMORENCY_LONG_SUMM_0001_1.jpeg","MONTMORENCY_LONG_SUMM_0001_2.jpeg"
59071294,"L12729","113470369","MONTMORENCY","LONG",26,"August",1952,26,"August",1952,"medium","light","medium","light",NA,NA,24.992,3.048,6.096,119.79,NA,35,NA,2,NA,2,NA,22,NA,0,NA,NA,140,189,NA,NA,NA,NA,"no",NA,NA,"none (see attached sheet)",NA,NA,NA,9.144,12.191,NA,23.333,24.444,7.8,8.2,7.7,6.8,6.8,6.2,5.7,1.7,0,0,0,0,0,1,0,0,0,0,0,0,1,0,0,1,0,0,0,0,0,1,0,0,1,1,0,1,1,0,1,1,0,1,"bullheads","MONTMORENCY_LONG_SUMM_0005_1.jpeg","MONTMORENCY_LONG_SUMM_0005_2.jpeg"
59071295,"L13263","113471143","MONTMORENCY","LOCKWOOD",1,"August",1946,4,"August",1946,"light","light","light","verylight",NA,NA,5.334,4.419,NA,38.203,NA,NA,NA,0,NA,0,NA,2,NA,0,NA,NA,92,NA,NA,NA,NA,NA,"no",NA,"no","none",NA,"none","no",NA,NA,NA,25.556,NA,25,NA,7.1,NA,NA,NA,6.4,NA,0,0,0,0,0,1,1,0,0,0,0,0,0,0,0,0,0,0,1,0,0,1,0,0,0,0,0,0,0,0,0,0,0,1,"panfish","MONTMORENCY_LOCKWOOD_SUMM_0001_1.jpeg","MONTMORENCY_LOCKWOOD_SUMM_0001_2.jpeg"
59071296,"L13666","113471097","MONTMORENCY","MCCORMICK",30,"June",1955,7,"July",1955,"medium","light","medium","light",NA,NA,23.773,2.133,NA,40.469,NA,15,20,0,NA,0,NA,9,NA,0,NA,NA,185,206,NA,NA,1.219,NA,"yes",NA,"no","yes",NA,"fish could enter or leave lake by going over dam or by small shallow",NA,3.048,NA,NA,21.667,26.111,4.444,NA,8.1,8.3,10.8,8.8,4.3,2.1,0,0,0,0,0,0,1,0,0,1,0,0,0,0,0,0,0,0,0,1,0,0,0,0,0,0,1,0,0,0,0,1,0,1,"smelt; rainbow_darter","MONTMORENCY_MCCORMICK_SUMM_0001_1.jpeg","MONTMORENCY_MCCORMICK_SUMM_0001_2.jpeg"
59071297,"L7630","113471267","MONTMORENCY","MARSHALL",2,"August",1944,3,"August",1944,"light","light","verylight","verylight",NA,NA,NA,2.438,NA,NA,NA,NA,NA,0,NA,0,NA,0,NA,0,NA,NA,192,200,NA,NA,NA,NA,"yes",NA,NA,"beaver",NA,NA,"no",NA,NA,NA,26.667,NA,21.111,NA,7.1,8,NA,NA,NA,NA,0,0,0,0,0,0,0,0,0,0,0,0,0,0,0,0,0,0,0,0,0,0,0,0,1,0,0,1,0,0,0,0,0,1,"creek_chub_red_bellied_dace_lemmon_shiner; longeared_eared_sunfish","MONTMORENCY_MARSHALL_SUMM_0001_1.jpeg","MONTMORENCY_MARSHALL_SUMM_0001_2.jpeg"
59071298,"L2026","113471225","MONTMORENCY","SAGEEAST",1,"August",1944,NA,"August",NA,"light","light","light","light",NA,NA,NA,NA,NA,0.809,NA,NA,NA,0,NA,0,NA,0,NA,0,NA,NA,182,206,NA,NA,NA,NA,NA,NA,NA,NA,NA,NA,"yes",2.743,5.486,NA,23.8,NA,14.4,NA,8.49,NA,0.976,NA,NA,NA,0,0,0,0,0,0,0,0,0,0,0,0,0,0,0,1,0,0,1,0,0,0,0,0,1,0,0,0,0,0,0,0,0,1,"redbellied_dace_creek_chub; longeared_sunfish","MONTMORENCY_SAGEEAST_SUMM_0001_1.jpeg","MONTMORENCY_SAGEEAST_SUMM_0001_2.jpeg"
59071299,"L2026","113471225","MONTMORENCY","SAGEMIDDLE",31,"July",1944,1,"August",1944,"light","light","light","light",NA,NA,NA,4.267,NA,4.856,NA,NA,NA,0,NA,0,NA,0,NA,0,NA,NA,196,207,NA,NA,NA,NA,"no",NA,NA,"no",NA,NA,"yes",2.743,7.315,NA,23.333,NA,7.222,NA,8.6,NA,NA,NA,0.9,NA,0,0,0,0,0,0,0,0,0,0,0,0,0,0,0,1,0,0,0,0,0,0,0,0,1,0,0,1,0,0,0,1,0,1,"red_bellied_dace_creek_chub","MONTMORENCY_SAGEMIDDLE_SUMM_0001_1.jpeg","MONTMORENCY_SAGEMIDDLE_SUMM_0001_2.jpeg"
59071300,"L5700","155408596","MONTMORENCY","MUSKELLUNGE",13,"August",1952,15,"August",1952,"light","light","light","light",NA,NA,14.02,5.181,NA,45.73,NA,30,NA,1,NA,0,NA,0,NA,0,NA,NA,151,159,NA,NA,NA,NA,"yes",NA,"no","old dam near county road 622",NA,"none","yes",6.096,7.62,NA,21.667,NA,10,NA,7.8,6.9,4,0.7,0,NA,0,0,0,0,1,1,1,0,0,0,1,0,0,1,0,1,0,0,1,1,0,1,0,0,1,0,0,1,1,0,0,1,0,0,"longear_sunfish","MONTMORENCY_MUSKELLUNGE_SUMM_0001_1.jpeg","MONTMORENCY_MUSKELLUNGE_SUMM_0001_2.jpeg"
59071301,"L2872","113471251","MONTMORENCY","PORTWINEBOG",16,"August",1955,NA,"August",NA,"light","light","light","light",NA,NA,6.858,NA,NA,1.619,NA,50,NA,NA,NA,NA,NA,0,NA,NA,NA,NA,NA,NA,NA,NA,NA,NA,"no",NA,NA,"no",NA,NA,"no",NA,NA,NA,26.667,NA,19.778,NA,8.2,NA,NA,NA,8,NA,0,0,0,0,0,0,0,0,0,0,0,0,0,0,0,0,0,0,0,0,0,0,0,0,1,0,0,0,0,0,0,0,0,1,NA,"MONTMORENCY_PORTWINEBOG_SUMM_0001_1.jpeg","MONTMORENCY_PORTWINEBOG_SUMM_0001_2.jpeg"
59071302,"L2026","113471225","MONTMORENCY","SAGENORTH",5,"August",1944,6,"August",1944,"light","light","light","light",NA,NA,NA,3.657,NA,0.809,NA,NA,NA,0,NA,0,NA,0,NA,0,NA,NA,203,205,NA,NA,NA,NA,NA,NA,NA,NA,NA,NA,NA,NA,NA,NA,25,NA,17.2,NA,7.85,7.75,NA,NA,NA,NA,0,0,0,0,0,0,0,0,0,0,0,0,0,0,0,1,0,0,1,0,0,0,0,0,0,0,0,0,0,0,0,0,0,0,"iowa_darter_creek_chub_recbellied_dace; longeared_sunfish","MONTMORENCY_SAGENORTH_SUMM_0001_1.jpeg","MONTMORENCY_SAGENORTH_SUMM_0001_2.jpeg"
59071303,"L2026","113471225","MONTMORENCY","SAGESOUTHWEST",30,"July",1944,31,"July",1944,"medium","light","medium","light",NA,NA,NA,4.572,NA,2.023,NA,NA,NA,0,NA,0,NA,0,NA,0,NA,NA,207,210,NA,NA,NA,NA,NA,NA,NA,NA,NA,NA,NA,NA,NA,NA,19.444,NA,10.556,NA,8.5,NA,NA,NA,5.5,NA,0,0,0,0,0,0,0,0,0,0,0,0,0,0,0,1,0,0,0,0,0,0,0,0,1,1,0,0,0,0,0,0,0,1,"chrosomus_creek_chub; long_eared_sunfish","MONTMORENCY_SAGESOUTHWEST_SUMM_0001_1.jpeg","MONTMORENCY_SAGESOUTHWEST_SUMM_0001_2.jpeg"
59071304,"L49009",NA,"MONTMORENCY","SCHOOLHOUSE",16,"August",1943,18,"August",1943,"light","none","light","none",NA,NA,0.914,NA,NA,0.607,NA,100,NA,0,NA,0,NA,0,NA,0,NA,NA,150,NA,NA,NA,NA,NA,NA,NA,NA,NA,NA,NA,"yes",NA,NA,NA,22.222,NA,18.333,NA,6.5,NA,NA,NA,NA,NA,0,0,0,0,0,0,0,0,0,0,0,0,0,0,0,0,0,0,0,0,0,0,0,0,0,0,0,0,0,0,0,0,0,1,NA,"MONTMORENCY_SCHOOLHOUSE_SUMM_0001_1.jpeg","MONTMORENCY_SCHOOLHOUSE_SUMM_0001_2.jpeg"
59071305,"L26","155408564","MONTMORENCY","VIRGINIA",12,"August",1945,12,"August",1945,"light","none","light","none",NA,NA,2.743,0.991,NA,5.989,NA,100,NA,1,NA,NA,NA,8,NA,NA,NA,NA,69,NA,NA,NA,NA,NA,NA,NA,NA,NA,NA,NA,"no",NA,NA,NA,NA,NA,NA,NA,NA,NA,NA,NA,NA,NA,0,0,0,0,0,0,0,0,0,0,0,0,0,0,0,0,0,0,0,0,0,1,0,0,0,0,0,0,0,0,0,0,0,1,NA,"MONTMORENCY_VIRGINIA_SUMM_0001_1.jpeg","MONTMORENCY_VIRGINIA_SUMM_0001_2.jpeg"
59071306,"L528","113471265","MONTMORENCY","SUTTONS",31,"July",1939,1,"August",1939,"light","none","light","none",NA,NA,2.743,1.829,NA,0.728,NA,NA,NA,NA,NA,NA,NA,NA,NA,NA,NA,NA,99,120,NA,2.1,0.914,NA,"yes",NA,"yes","beaver dam",NA,"would act as barrier.","yes",NA,NA,NA,22.3,NA,17.1,NA,6.7,6.4,NA,NA,NA,NA,0,0,0,0,0,0,0,0,0,1,0,0,0,0,0,0,0,0,0,0,0,0,0,0,0,0,0,0,0,0,0,1,0,0,"common_sucker_semotilus_red_bellied_dace_brook_stickleback","MONTMORENCY_SUTTONS_SUMM_0001_1.jpeg","MONTMORENCY_SUTTONS_SUMM_0001_2.jpeg"
59071307,"L25943","{9A9B2973-2CC0-4E0E-BDBD-939392B1C5BA}","MUSKEGON","BEAR",23,"August",1936,24,"August",1936,"medium",NA,"medium",NA,NA,NA,3.048,NA,NA,NA,NA,100,NA,NA,NA,0,NA,0,NA,0,NA,NA,46,NA,NA,NA,NA,NA,"no",NA,NA,"none",NA,NA,"no",NA,NA,NA,26.7,NA,25.5,NA,9.2,NA,NA,NA,NA,NA,0,0,0,0,0,0,0,0,0,0,1,0,0,0,0,0,0,0,0,0,0,0,1,0,0,0,0,0,0,0,0,0,0,0,"bass_not_specified","MUSKEGON_BEAR_SUMM_0001_1.jpeg","MUSKEGON_BEAR_SUMM_0001_2.jpeg"
59071308,"L3452","155408555","MONTMORENCY","WILDFOWL",12,"August",1945,13,"August",1945,"medium","light","medium","light",NA,NA,NA,5.181,NA,4.047,NA,NA,NA,0,NA,0,NA,3,NA,0,NA,NA,117,NA,NA,NA,NA,NA,"no",NA,NA,"none",NA,NA,"yes",4.877,5.791,NA,23.333,NA,20,NA,7.7,NA,NA,NA,NA,NA,0,0,0,0,1,1,1,0,0,0,0,0,0,0,0,0,0,0,0,0,0,1,0,0,1,0,0,1,0,0,0,0,0,0,"sunfish; minnows","MONTMORENCY_WILDFOWL_SUMM_0001_1.jpeg","MONTMORENCY_WILDFOWL_SUMM_0001_2.jpeg"
59071309,"L25790","82820094","MUSKEGON","BRITTON",7,"June",1954,8,"June",1954,"medium","light","medium","light",NA,NA,6.705,NA,NA,12.141,NA,NA,NA,0,NA,0,NA,0,NA,0,NA,NA,NA,NA,NA,NA,NA,NA,NA,NA,NA,NA,NA,NA,NA,NA,NA,NA,23.333,NA,NA,NA,NA,NA,NA,NA,NA,NA,0,0,0,0,0,1,0,0,0,0,0,0,0,0,0,0,0,0,0,0,0,1,0,0,0,0,0,0,0,0,0,0,0,1,"yellow_bullheads_head","MUSKEGON_BRITTON_SUMM_0001_1.jpeg","MUSKEGON_BRITTON_SUMM_0001_2.jpeg"
59071310,"L23718","82820376","MUSKEGON","FOX",27,"August",1956,28,"August",1956,"none","none","none","none",NA,NA,0.203,0.203,NA,32.376,NA,100,NA,0,NA,0,NA,33,NA,0,NA,NA,54,55,NA,NA,NA,NA,NA,NA,NA,NA,NA,NA,NA,NA,NA,NA,27.778,NA,27.778,NA,8.9,7.7,NA,NA,NA,NA,1,1,0,1,0,0,1,0,0,0,0,0,0,0,0,0,1,0,0,0,0,0,0,0,0,0,0,0,0,0,0,0,0,0,NA,"MUSKEGON_FOX_SUMM_0001_1.jpeg","MUSKEGON_FOX_SUMM_0001_2.jpeg"
59071311,"L15761","152707132","MUSKEGON","HALFMOON",5,"August",1954,5,"August",1954,"medium","medium","medium","medium",NA,NA,NA,4.877,NA,NA,NA,NA,NA,1,NA,0,NA,0,NA,0,NA,NA,116,130,NA,NA,NA,NA,"no",NA,NA,"no",NA,NA,NA,3.962,7.315,NA,25,NA,5.389,NA,NA,NA,8.46,NA,4.21,NA,0,0,0,0,0,1,0,0,0,0,0,0,0,0,0,0,0,1,0,0,0,1,0,0,0,1,0,1,0,0,0,0,0,1,"bass_grass_pike","MUSKEGON_HALFMOON_SUMM_0002_1.jpeg","MUSKEGON_HALFMOON_SUMM_0002_2.jpeg"
59071312,"L15761","152707132","MUSKEGON","HALFMOON",15,"August",1956,20,"August",1956,"medium","medium","medium","medium",NA,NA,25.145,2.438,NA,23.472,NA,25,NA,1,NA,0,NA,1,NA,0,NA,NA,110,129,NA,NA,NA,NA,"no",NA,NA,"no",NA,NA,NA,3.81,8.382,NA,23.889,NA,5.556,NA,7.5,7.4,7.4,1.4,2.9,0.2,0,0,0,1,1,1,1,0,0,0,0,0,0,0,0,1,1,0,1,0,0,1,0,0,0,1,1,0,0,0,0,0,1,1,"green_sunfish_grass_pickerel_green_sunfish; mudminnow_least_darter_mudminnow_spotfin_shiner_sand_shiner","MUSKEGON_HALFMOON_SUMM_0001_1.jpeg","MUSKEGON_HALFMOON_SUMM_0001_2.jpeg"
59071313,"L25424","{36B3DE9F-A764-400C-8B2F-6A203BBB2D46}","MUSKEGON","MONA",9,"August",1956,21,"August",1956,"medium","medium","medium","medium",NA,NA,12.801,1.067,NA,281.263,NA,35,NA,3,NA,2,NA,256,NA,0,NA,NA,92,173,NA,NA,NA,NA,"no",NA,"yes","Sometimes sand washes in from L. Michigan. and blocks off outlet. It was open during the period of survey.",NA,"when closed it stops fish lake to movements.",NA,3.81,8.382,NA,23.333,23.889,12.778,NA,9.8,9.8,9.8,0,0,NA,1,1,1,0,0,1,1,1,1,0,1,0,0,1,0,0,1,0,0,1,0,1,1,0,1,1,0,0,0,1,0,1,0,1,"spottail_shiner_log_perch_emerald_shiner","MUSKEGON_MONA_SUMM_0001_1.jpeg","MUSKEGON_MONA_SUMM_0001_2.jpeg"
59071315,"L23027","121861263","MUSKEGON","MUSKEGON",17,"June",1950,7,"July",1950,"heavy","medium","heavy","medium",NA,NA,21.335,1.829,NA,1679.482,NA,10,NA,7,NA,5,NA,NA,NA,NA,NA,NA,110,125,NA,NA,NA,NA,"no",NA,NA,"none",NA,NA,"no",NA,NA,NA,22.222,NA,17.222,NA,5.82,NA,NA,NA,3.07,NA,1,0,1,0,1,1,1,1,1,0,1,0,0,0,1,0,1,0,1,0,0,1,0,0,1,1,0,1,1,0,1,1,1,1,"white_bass; blacknose_shiner_log_perch_tadpole_madtom; redhorse_sheepshead; gar_pike_chestnut_lamprey","MUSKEGON_MUSKEGON_SUMM_0001_1.jpeg","MUSKEGON_MUSKEGON_SUMM_0001_2.jpeg"
59071316,"L31332","82820034","MUSKEGON","ROCHDALEDAM",11,"June",1952,29,"July",1952,"light","none","light","none",NA,NA,3.2,NA,NA,NA,NA,100,NA,NA,NA,NA,NA,3,NA,NA,NA,NA,NA,NA,NA,NA,3.657,NA,"yes",NA,"yes","yes",NA,"stops most fish. occasional rainbow trout can make it.",NA,NA,NA,NA,20.556,NA,57,NA,NA,NA,NA,NA,NA,NA,0,0,0,0,0,0,0,0,0,0,0,0,0,0,0,0,0,0,0,0,0,0,0,0,0,0,0,0,0,0,0,0,0,0,NA,"MUSKEGON_ROCHDALEDAM_SUMM_0001_1.jpeg","MUSKEGON_ROCHDALEDAM_SUMM_0001_2.jpeg"
59071317,"L29922","121861004","MUSKEGON","TWINEAST",4,"June",1951,5,"June",1951,"heavy","light","heavy","light",NA,NA,3.048,NA,NA,20.235,24.282,NA,NA,1,NA,1,NA,60,NA,1,NA,NA,NA,NA,NA,NA,NA,NA,NA,NA,NA,NA,NA,NA,"no",NA,NA,NA,NA,NA,NA,NA,NA,NA,NA,NA,NA,NA,0,0,1,0,0,1,0,0,0,0,0,0,0,0,0,0,0,0,0,0,0,1,0,0,0,1,0,0,0,0,1,0,1,1,"yellow_bullhead_sunfish; abundant__not_identified; red_horse","MUSKEGON_TWINEAST_SUMM_0002_1.jpeg","MUSKEGON_TWINEAST_SUMM_0002_2.jpeg"
59071318,"L29922","121861004","MUSKEGON","TWINMIDDLE",27,"August",1956,30,"August",1956,"heavy","light","mediumtoheavy","light",NA,NA,10.058,2.743,NA,48.563,NA,50,NA,1,NA,2,NA,69,NA,0,NA,NA,20,28,NA,NA,NA,NA,NA,NA,NA,NA,NA,NA,NA,6.858,8.382,NA,23.333,NA,17.222,NA,8.3,7.8,7.5,2.2,NA,NA,1,0,1,0,0,1,1,0,0,0,0,0,0,0,0,0,0,0,0,0,0,1,0,0,0,0,0,0,0,0,0,0,1,1,"green_sunfish_hybrid_sunfish; sand_shiner","MUSKEGON_TWINMIDDLE_SUMM_0001_1.jpeg","MUSKEGON_TWINMIDDLE_SUMM_0001_2.jpeg"
59071319,"L29915","82820162","MUSKEGON","SILVERCREEK",24,"July",1952,24,"July",1952,"medium","none","medium","none",NA,NA,2.652,2.286,NA,NA,NA,100,NA,0,NA,0,NA,4,NA,0,NA,NA,NA,NA,NA,NA,2.743,NA,"yes",NA,"yes","yes",NA,"stops all upstream movement","no",NA,NA,NA,22.778,NA,20,NA,NA,NA,NA,NA,NA,NA,0,0,0,0,0,0,0,0,0,0,0,0,0,0,0,0,0,0,0,0,0,0,0,0,0,0,0,0,0,0,0,0,0,0,NA,"MUSKEGON_SILVERCREEK_SUMM_0001_1.jpeg","MUSKEGON_SILVERCREEK_SUMM_0001_2.jpeg"
59071320,"L30331","82820156","MUSKEGON","WOLVERINE",3,"August",1952,NA,"August",NA,"light","none","light","none",NA,NA,3.353,1.676,NA,36.423,NA,NA,NA,0,NA,0,NA,NA,NA,0,NA,NA,NA,NA,NA,NA,6.096,NA,"yes",NA,"yes","yes",NA,"stops all upstream migration",NA,NA,NA,NA,24.444,NA,17.222,NA,NA,NA,NA,NA,NA,NA,0,0,0,0,0,0,0,0,0,1,0,0,0,0,0,0,0,0,0,0,0,0,0,0,0,0,1,0,0,0,0,0,0,0,NA,"MUSKEGON_WOLVERINE_SUMM_0001_1.jpeg","MUSKEGON_WOLVERINE_SUMM_0001_2.jpeg"
59071321,"L19664","121861196","MUSKEGON","WOLF",30,"August",1974,30,"August",1974,NA,NA,NA,NA,NA,NA,12.801,4.572,NA,83.772,NA,NA,NA,NA,NA,NA,NA,NA,NA,NA,NA,NA,80,90,NA,NA,NA,NA,NA,NA,NA,NA,NA,NA,NA,6.705,9.144,NA,23.889,NA,12.222,NA,8.7,6.1,4,1,0,NA,0,1,1,0,0,1,0,1,1,0,1,0,0,0,0,0,1,0,0,0,0,1,0,0,1,1,0,0,0,0,1,0,1,1,"minnow_sp; pickerel","MUSKEGON_WOLF_SUMM_0001_1.jpeg","MUSKEGON_WOLF_SUMM_0001_2.jpeg"
59071322,"L22030","82819426","NEWAYGO","ALLEY",31,"August",1954,1,"September",1954,"light","none","light","possiblynone",NA,NA,NA,1.829,NA,NA,NA,NA,NA,0,NA,0,NA,0,NA,0,NA,NA,NA,NA,NA,NA,NA,NA,NA,NA,NA,NA,NA,NA,NA,NA,NA,NA,22.778,NA,NA,NA,NA,NA,NA,NA,NA,NA,0,0,0,0,0,0,0,0,0,0,0,0,1,0,0,0,0,0,0,0,0,0,0,0,0,0,0,0,0,0,0,0,0,0,NA,"NEWAYGO_ALLEY_SUMM_0001_1.jpeg","NEWAYGO_ALLEY_SUMM_0001_2.jpeg"
59071323,"L16026","121860988","NEWAYGO","BAPTIST",4,"September",1957,8,"September",1957,"light","light","light","light",NA,NA,19.811,2.591,NA,34.601,NA,30,NA,1,NA,0,NA,90,NA,0,NA,NA,33,40,NA,NA,NA,NA,"no",NA,"no","none",NA,"none",NA,7.62,13.715,NA,22.5,NA,7.111,NA,9.1,8.5,7.6,0.4,0.2,NA,0,0,0,1,0,1,1,0,0,0,0,0,0,0,0,0,0,0,1,0,0,1,0,1,1,1,0,1,0,0,0,0,1,1,"green_sunfish; mimic_shiner_sand_shiner","NEWAYGO_BAPTIST_SUMM_0001_1.jpeg","NEWAYGO_BAPTIST_SUMM_0001_2.jpeg"
59071324,"L16026","121860988","NEWAYGO","BAPTIST",21,"September",1956,21,"September",1956,"light","light","light","light",NA,NA,19.811,NA,NA,64.751,NA,NA,NA,1,NA,0,NA,90,NA,0,NA,NA,NA,NA,NA,NA,NA,NA,NA,NA,NA,NA,NA,NA,NA,NA,NA,NA,NA,NA,NA,NA,NA,NA,NA,NA,NA,NA,0,0,0,0,0,1,0,0,0,0,0,0,0,0,0,0,0,0,0,0,0,1,0,0,1,0,0,0,1,0,0,0,0,1,NA,"NEWAYGO_BAPTIST_SUMM_0002_1.jpeg","NEWAYGO_BAPTIST_SUMM_0002_2.jpeg"
59071325,"L16767","5e023011-9915-4641-a1a4-36d19b2a0432","NEWAYGO","BILLS",16,"July",1952,23,"July",1952,"medium","light","medium","light",NA,NA,27.431,3.657,NA,82.558,NA,30,NA,2,NA,2,NA,60,NA,0,NA,NA,115,151,NA,NA,NA,NA,"no",NA,NA,"no",NA,NA,"yes",5.486,9.144,NA,24.444,NA,8.333,10,7.6,7.9,6.6,7.6,10.1,2.4,1,0,0,1,1,1,1,0,1,0,0,0,0,0,0,0,0,0,0,0,0,1,0,0,0,0,0,1,1,0,1,0,1,1,"least_darter","NEWAYGO_BILLS_SUMM_0001_1.jpeg","NEWAYGO_BILLS_SUMM_0001_2.jpeg"
59071326,"L21442","82817862","NEWAYGO","BITLEY",26,"August",1953,27,"August",1953,"heavy","medium","heavy","mediumtolight",NA,NA,7.62,4.115,NA,14.65,NA,75,NA,2,NA,1,NA,61,NA,0,NA,NA,37,NA,NA,NA,NA,NA,NA,NA,NA,NA,NA,NA,"no",NA,NA,NA,25.556,NA,21.4,NA,8.4,2.8,NA,NA,NA,NA,0,0,0,0,0,1,0,0,0,0,0,0,0,0,0,0,0,0,0,0,0,1,0,0,1,1,0,0,0,0,0,0,1,0,"green_sunfish; mudminnow_madtom","NEWAYGO_BITLEY_SUMM_0001_1.jpeg","NEWAYGO_BITLEY_SUMM_0001_2.jpeg"
59071327,"L17220","121860858","NEWAYGO","BROOKS",12,"July",1966,12,"July",1966,"heavy","none","heavy","none",NA,NA,NA,NA,NA,202.347,NA,NA,NA,0,NA,0,NA,100,NA,0,NA,NA,NA,NA,NA,NA,NA,NA,NA,NA,NA,NA,NA,NA,NA,NA,NA,NA,NA,NA,NA,NA,NA,NA,NA,NA,NA,NA,0,0,0,0,0,1,0,0,0,0,0,0,0,0,0,0,0,0,0,0,0,0,0,0,1,0,0,0,0,0,0,0,0,1,"lawyers","NEWAYGO_BROOKS_SUMM_0001_1.jpeg","NEWAYGO_BROOKS_SUMM_0001_2.jpeg"
59071328,"L20896","82817808","NEWAYGO","CONDON",NA,NA,1939,NA,NA,NA,"heavy","light","heavy","light",NA,NA,NA,NA,NA,16.188,NA,NA,NA,0,NA,0,NA,0,NA,0,NA,NA,63,77,NA,NA,NA,NA,"no",NA,NA,"none",NA,NA,"yes",4.572,NA,"yes",23.333,NA,10.556,NA,8.3,NA,NA,NA,4.7,0.6,0,0,0,0,0,1,0,0,0,0,0,0,0,0,0,0,0,0,0,0,0,1,0,0,0,0,0,0,1,0,0,0,0,0,NA,"NEWAYGO_CONDON_SUMM_0004_1.jpeg","NEWAYGO_CONDON_SUMM_0004_2.jpeg"
59071330,"L17220","121860858","NEWAYGO","BROOKS",4,"September",1947,5,"September",1947,"medium","medium","medium","lighttomedium",NA,NA,5.181,2.743,NA,118.575,NA,85,NA,3,NA,2,NA,50,NA,1,NA,NA,94,95,NA,1.5,1.067,1.219,"yes",NA,"yes","yes - marked ""1934""",NA,"definitely prevents migrations at present; probably upstream migration, only with difficulty during spring; downstream possible easily then. eight 24"" inch culverts carry water under road at dam.","yes",2.743,3.657,NA,25.778,NA,23.778,NA,7.6,NA,NA,NA,NA,NA,0,0,1,1,0,1,1,1,1,0,1,0,0,0,0,0,0,0,0,0,0,1,1,0,1,1,0,0,1,0,0,0,1,1,"pikeperch; sand_shiners_bigmouth_shiners","NEWAYGO_BROOKS_SUMM_0002_1.jpeg","NEWAYGO_BROOKS_SUMM_0002_2.jpeg"
59071331,"L17220","121860858","NEWAYGO","BROOKINGS",24,"August",1953,26,"August",1953,"heavy","medium","heavy","medium",NA,NA,15.544,3.657,NA,82.153,NA,60,NA,3,NA,3,NA,105,NA,2,NA,NA,109,NA,NA,NA,NA,NA,"yes",NA,"no","few rocks and chunks of cement at lake",NA,"none",NA,6.096,10.667,NA,25,NA,8.9,NA,8.3,8.1,7.5,0.6,0,NA,0,0,0,0,0,1,1,0,0,0,0,0,0,0,0,0,0,0,1,1,0,1,0,0,1,0,0,1,1,0,0,0,1,1,"longear_sunfish; mudminnow_minnow_mud_minnow_least_darter_brook_stickleback","NEWAYGO_BROOKINGS_SUMM_0001_1.jpeg","NEWAYGO_BROOKINGS_SUMM_0001_2.jpeg"
59071332,"L17334","121860975","NEWAYGO","CONOVER",13,"August",1949,13,"August",1949,"light","light","light","light",NA,NA,18.287,NA,NA,40.469,NA,NA,NA,0,NA,0,NA,3,NA,0,NA,NA,83,85,NA,NA,NA,NA,NA,NA,NA,NA,NA,NA,"yes",6.096,9.753,NA,24.444,NA,10,16.667,NA,NA,NA,NA,4,4,0,0,0,0,0,1,0,0,0,0,0,0,0,0,0,0,0,0,0,0,0,1,0,0,1,0,0,0,0,0,0,1,0,1,"minnows; sucker","NEWAYGO_CONOVER_SUMM_0001_1.jpeg","NEWAYGO_CONOVER_SUMM_0001_2.jpeg"
59071333,"L18337","82818750","NEWAYGO","CREPIN",14,"September",1956,14,"September",1956,"medium","light","medium","light",NA,NA,5.486,NA,NA,6.313,NA,NA,NA,NA,NA,NA,NA,4,NA,NA,NA,NA,NA,NA,NA,NA,NA,NA,"no",NA,NA,"none",NA,NA,NA,NA,NA,NA,NA,NA,NA,NA,NA,NA,NA,NA,NA,NA,0,0,0,1,1,1,0,0,0,0,1,0,0,0,0,0,1,0,1,1,0,0,0,0,1,0,0,1,0,0,0,0,0,1,"pike_bass; log_perch","NEWAYGO_CREPIN_SUMM_0001_1.jpeg","NEWAYGO_CREPIN_SUMM_0001_2.jpeg"
59071334,"L18290","121860665","NEWAYGO","CROTON",28,"July",1947,2,"August",1947,"medium","medium","medium","medium",NA,NA,12.191,2.133,NA,NA,NA,50,NA,5,NA,2,NA,100,NA,0,NA,NA,128,144,NA,NA,12.801,NA,"yes",NA,"yes","yes",NA,"inhibitory; can come downstream when water is spilled. fish ladder present but probably not used much.","yes",2.133,5.486,NA,24.389,NA,16.389,NA,3.4,5.6,NA,NA,0,1.7,0,0,1,0,0,1,1,0,0,0,1,0,0,0,0,1,0,0,0,1,0,1,0,1,1,1,1,1,1,0,0,1,0,1,"yellow_pikeperch; mimmic_shiner_sand_shiner_common_darter_and_bluntnose_logperch_creek_chub_rosyface_shiner_blacksided_darter_horny_head_chub; redhorse_common_hog_sucker","NEWAYGO_CROTON_SUMM_0001_1.jpeg","NEWAYGO_CROTON_SUMM_0001_2.jpeg"
59071335,"L22691","82818916","NEWAYGO","DIAMOND",17,"June",1937,17,"June",1937,NA,NA,NA,NA,"yes","permitted",8.229,2.743,NA,69.203,NA,NA,NA,NA,NA,NA,NA,NA,NA,NA,NA,"cottages, trailer camps",35,58,NA,NA,NA,NA,"no",NA,NA,"no outlet",NA,NA,NA,NA,NA,NA,21.111,NA,14.8,14.8,6.5,NA,NA,NA,0.05,NA,0,0,1,0,0,1,1,0,0,0,0,0,1,0,1,0,0,0,0,0,0,1,0,0,0,1,0,0,0,0,0,1,0,1,"green_sunfish; mud_minnow; suckers_carp","NEWAYGO_DIAMOND_SUMM_0002_1.jpeg","NEWAYGO_DIAMOND_SUMM_0002_2.jpeg"
59071336,"L22691","82818916","NEWAYGO","DIAMOND",6,"October",1960,NA,NA,NA,"heavy","medium","heavy","medium",NA,NA,7.62,2.286,2.895,69.203,NA,75,NA,2,NA,2,NA,80,NA,NA,NA,NA,36,58,NA,NA,NA,NA,NA,NA,NA,NA,NA,NA,NA,NA,NA,NA,25.556,NA,18.889,NA,8.1,0.7,NA,NA,NA,NA,0,0,0,0,0,1,0,0,0,0,0,0,0,0,0,0,0,0,0,0,0,1,0,0,0,1,0,0,0,0,0,0,0,1,"mud_pickerel","NEWAYGO_DIAMOND_SUMM_0003_1.jpeg","NEWAYGO_DIAMOND_SUMM_0003_2.jpeg"
59071337,"L14989","121860628","NEWAYGO","EMERALD",15,"September",1947,18,"September",1947,"medium","light","medium","light",NA,NA,14.934,3.353,NA,33.59,NA,10,NA,0,NA,1,NA,25,30,0,NA,NA,113,139,NA,NA,0.381,NA,"yes",NA,"no","yes, panoyer creek is dammed",NA,"practically none.","yes",5.486,9.144,NA,24,NA,12.278,NA,NA,NA,NA,NA,NA,NA,0,0,0,0,0,1,1,0,0,0,0,0,0,0,0,0,0,0,1,1,0,0,0,0,1,0,0,1,0,0,0,0,1,1,"pikeperch; rockbass","NEWAYGO_EMERALD_SUMM_0002_1.jpeg","NEWAYGO_EMERALD_SUMM_0002_2.jpeg"
59071338,"L25423","121860736","NEWAYGO","FREMONT",2,"July",1952,10,"July",1952,"heavy","heavy","heavy","heavy",NA,NA,26.821,1.067,NA,319.709,NA,25,NA,5,NA,5,NA,75,NA,0,NA,NA,137,176,NA,NA,1.524,NA,"yes",NA,"yes","yes (cont.) dam held water 2 1/2 feet high at time of survey",NA,"stops upstream movement",NA,6.096,9.144,NA,23.889,NA,7,NA,3,8.3,0.6,3,0.2,0,1,0,1,1,0,1,1,1,0,0,0,0,1,0,1,0,1,0,0,0,0,1,1,0,1,1,0,1,0,0,1,1,0,1,NA,"NEWAYGO_FREMONT_SUMM_0001_1.jpeg","NEWAYGO_FREMONT_SUMM_0001_2.jpeg"
59071339,"L19363","121861011","NEWAYGO","ENGLEWRIGHT",6,"September",1957,8,"September",1957,"heavy","heavy","heavy","heavy",NA,NA,20.116,2.591,NA,21.854,NA,40,NA,0,NA,0,NA,29,NA,0,NA,NA,133,164,NA,NA,NA,NA,NA,NA,NA,NA,NA,NA,NA,4.572,10.667,NA,21.833,NA,5.167,NA,9.1,8.4,7.9,0,0,NA,0,0,1,1,1,1,1,0,0,0,0,0,0,0,0,0,0,1,1,0,0,1,0,0,1,1,0,1,0,0,0,1,1,1,"grass_pickerel_green_sunfish; least_darter","NEWAYGO_ENGLEWRIGHT_SUMM_0001_1.jpeg","NEWAYGO_ENGLEWRIGHT_SUMM_0001_2.jpeg"
59071340,"L14989","121860628","NEWAYGO","EMERALD",1,"July",1954,12,"July",1954,"light","light","light","light",NA,NA,14.934,4.267,4.877,33.59,NA,35,NA,0,NA,0,NA,30,NA,0,NA,NA,108,146,NA,NA,1.524,NA,"yes",NA,"no","yes, penoyer creek is dammed",NA,"none","yes",4.877,9.144,NA,25.556,NA,8.667,NA,9.4,9.9,14.9,2.9,0.5,0,1,0,1,0,0,1,1,0,0,0,0,0,0,0,0,0,0,0,1,1,0,1,0,0,1,1,0,1,0,0,1,1,1,1,NA,"NEWAYGO_EMERALD_SUMM_0003_1.jpeg","NEWAYGO_EMERALD_SUMM_0003_2.jpeg"
59071341,"L14490","121860494","NEWAYGO","HARDY",4,"August",1947,8,"August",1947,"medium","medium","medium","medium",NA,NA,35.05,2.895,NA,323.756,NA,20,NA,5,NA,2,NA,50,NA,1,NA,NA,133,NA,NA,NA,30.479,NA,"yes",NA,"yes","yes - 1930",NA,"completely inhibitory, except on 3 occasions of short duration since 1930.","no",NA,NA,NA,24.111,NA,14.222,NA,5,NA,NA,NA,0,0,0,0,1,0,0,1,1,0,0,0,0,0,0,0,1,1,0,0,0,1,0,1,0,1,1,0,1,1,1,0,0,1,0,1,"yellow_pike_pikeperch; logperch_perch_creek_chub; red_redhorse","NEWAYGO_HARDY_SUMM_0001_1.jpeg","NEWAYGO_HARDY_SUMM_0001_2.jpeg"
59071342,"L30754","82819294","NEWAYGO","HESPERIA",30,"June",1952,14,"July",1952,"light","light","light","light",NA,NA,4.267,2.133,NA,20.235,NA,100,NA,0,NA,0,NA,0,NA,0,NA,NA,131,137,NA,NA,3.048,NA,"yes",NA,"yes","yes",NA,"prevents fish from going up white river",NA,NA,NA,NA,25.556,NA,24.444,NA,7,7.4,NA,NA,NA,NA,1,0,0,0,1,1,1,1,0,0,0,0,1,0,0,0,0,0,0,1,0,1,0,0,1,1,0,1,1,0,0,1,0,1,NA,"NEWAYGO_HESPERIA_SUMM_0001_1.jpeg","NEWAYGO_HESPERIA_SUMM_0001_2.jpeg"
59071343,"L22675","121860894","NEWAYGO","HESS",18,"August",1953,21,"August",1953,"medium","light","medium","light",NA,NA,9.144,2.255,NA,455.281,NA,80,NA,5,NA,4,NA,350,NA,0,NA,NA,110,NA,NA,NA,0.305,NA,"yes",NA,"no","yes, not functional; concrete",NA,"little, if any","no",NA,NA,NA,23,NA,21.6,NA,8.6,6.4,NA,NA,NA,NA,0,0,1,1,0,1,1,1,1,0,1,0,0,0,1,0,1,0,0,0,1,1,0,0,1,1,0,1,0,1,0,0,1,1,NA,"NEWAYGO_HESS_SUMM_0001_1.jpeg","NEWAYGO_HESS_SUMM_0001_2.jpeg"
59071344,"L15665","121860696","NEWAYGO","JOHNFORD",9,"July",1954,12,"July",1954,"light","none","light","none",NA,NA,10.058,3.048,3.657,13.355,NA,50,NA,0,NA,0,NA,10,NA,0,NA,NA,42,46,NA,NA,NA,NA,"no",NA,"no","none",NA,"none",NA,3.962,6.096,NA,26.111,NA,12.778,NA,8.5,8.8,8.5,1,0.6,NA,0,0,0,1,0,1,0,0,0,0,0,0,0,0,0,0,0,0,0,1,0,1,0,0,0,1,0,0,0,0,0,0,1,1,NA,"NEWAYGO_JOHNFORD_SUMM_0001_1.jpeg","NEWAYGO_JOHNFORD_SUMM_0001_2.jpeg"
59071345,"L22675","121860894","NEWAYGO","HESS",3,"September",1947,4,"September",1947,"medium","light","lighttomedium","light",NA,NA,7.924,NA,NA,455.281,NA,70,NA,5,NA,3,NA,175,NA,NA,NA,NA,85,86,NA,NA,0.381,NA,"yes",NA,"no","yes, but not now functional.",NA,"none.","yes",6.096,7.924,NA,20.722,NA,20.389,NA,7,NA,NA,NA,NA,NA,1,0,1,1,0,1,1,1,1,0,1,0,0,0,1,0,1,0,1,1,0,1,1,0,1,1,0,1,1,0,1,0,1,1,"sunfish; bluntnose_pugnose_shiner_creek_chub; large_carp","NEWAYGO_HESS_SUMM_0002_1.jpeg","NEWAYGO_HESS_SUMM_0002_2.jpeg"
59071346,"L22347","82817572","NEWAYGO","LILLEY",23,"June",1966,NA,NA,NA,"light","light","light","light",NA,NA,12.191,NA,NA,32.376,NA,30,NA,1,NA,2,NA,25,30,0,NA,NA,NA,NA,NA,NA,NA,NA,NA,NA,NA,NA,NA,NA,NA,NA,NA,NA,NA,NA,NA,NA,NA,NA,NA,NA,NA,NA,0,0,0,0,0,0,0,0,0,0,0,0,0,0,0,0,0,0,0,0,0,0,0,0,1,0,0,0,0,0,0,0,0,0,NA,"NEWAYGO_LILLEY_SUMM_0002_1.jpeg","NEWAYGO_LILLEY_SUMM_0002_2.jpeg"
59071347,"L17992","121860685","NEWAYGO","KIMBALL",12,"September",1947,17,"September",1947,"heavy","medium","mediumtoratherheavy","lighttomedium",NA,NA,15.849,3.353,NA,61.918,NA,15,20,3,NA,2,NA,15,20,0,NA,NA,115,146,NA,1.5,0.381,NA,"yes",NA,"no","in panoyer creek",NA,"probably none","yes",4.572,8.229,NA,25.722,NA,9.778,NA,NA,NA,NA,NA,0,NA,0,0,1,1,1,1,0,0,0,0,0,0,0,0,0,0,1,0,0,0,0,1,0,0,1,0,0,1,1,0,1,1,1,1,"banded_topminnow; suckers","NEWAYGO_KIMBALL_SUMM_0001_1.jpeg","NEWAYGO_KIMBALL_SUMM_0001_2.jpeg"
59071348,"L17992","121860685","NEWAYGO","KIMBALL",28,"June",1954,12,"July",1954,"medium","medium","medium","medium",NA,NA,15.849,2.743,3.048,61.918,NA,40,NA,2,NA,2,NA,30,NA,0,NA,NA,92,131,NA,NA,NA,NA,"yes",NA,"no","in penoyer creek",NA,"practically none. dam constructed with a sloping apron which should permit fish to level up or (cont.)","yes",3.048,7.62,NA,22.222,NA,10,NA,9.3,NA,7.2,6.1,6.6,1.4,1,0,1,0,1,1,1,0,0,0,0,0,0,0,0,1,0,0,0,1,0,1,0,1,1,1,0,1,0,0,0,1,1,1,NA,"NEWAYGO_KIMBALL_SUMM_0002_1.jpeg","NEWAYGO_KIMBALL_SUMM_0002_2.jpeg"
59071349,"L15524","82818444","NEWAYGO","NAGEK",NA,"August",1959,NA,"August",1959,"medium","none","medium","none",NA,NA,3.048,NA,NA,13.557,NA,100,NA,0,NA,0,NA,0,NA,0,NA,NA,90,93.5,NA,NA,NA,NA,NA,NA,NA,NA,NA,NA,"no",NA,NA,NA,17.778,NA,16.667,NA,9.5,8.3,NA,NA,NA,NA,0,0,0,0,0,1,0,0,0,0,0,0,0,0,0,0,0,0,0,0,0,1,0,0,0,0,0,0,0,0,0,0,0,0,"winterkill","NEWAYGO_NAGEK_SUMM_0001_1.jpeg","NEWAYGO_NAGEK_SUMM_0001_2.jpeg"
59071350,"L49015",NA,"NEWAYGO","NEWAYGO",23,"July",1947,10,"September",1947,"heavy","light","heavy","light",NA,NA,5.181,2.286,NA,NA,NA,90,NA,2,NA,0,NA,25,NA,0,NA,NA,131,135,NA,NA,5.181,NA,"yes",NA,"yes","yes",NA,"prevents upstream and somewhat retards downstream movement","no",NA,NA,NA,23.389,NA,23.222,NA,7.3,NA,NA,NA,NA,NA,0,1,1,1,1,1,1,1,0,0,1,0,0,0,0,1,0,0,0,1,0,1,0,1,1,1,1,1,1,0,0,1,0,1,"yellow_pikeperch; mimic_shiner_sand_shiner_rosyface_shiner_log_perch_blacksided_sided_darter; redhorse_hog_sucker","NEWAYGO_NEWAYGO_SUMM_0001_1.jpeg","NEWAYGO_NEWAYGO_SUMM_0001_2.jpeg"
59071351,"L14567","82819488","NEWAYGO","ROBINSON",24,"June",1952,1,"July",1952,"medium","light","medium","light",NA,NA,9.753,3.048,NA,55.443,NA,40,NA,2,NA,2,NA,50,NA,1,NA,NA,112,117,NA,NA,NA,NA,"no",NA,NA,"none",NA,NA,"yes",3.048,5.181,NA,25.556,NA,7.222,NA,3.7,7.9,3.7,1.4,0.5,0.2,1,0,1,1,0,1,1,1,0,0,0,0,1,0,0,1,1,0,0,1,0,1,0,0,1,1,0,1,0,0,0,1,0,1,"pugnose_shiner","NEWAYGO_ROBINSON_SUMM_0001_1.jpeg","NEWAYGO_ROBINSON_SUMM_0001_2.jpeg"
59071352,"L18843","121860658","NEWAYGO","PICKEREL",12,"September",1947,16,"September",1947,"heavy","medium","fairlyheavy","mediummanylargecrappiestaken",NA,NA,16.763,3.657,NA,128.693,NA,15,NA,4,NA,2,NA,100,NA,1,NA,NA,105,135,NA,1.8,0.381,NA,"yes",NA,"no","yes",NA,"probably none.","yes",5.486,10.058,NA,25.389,NA,8.333,NA,4,NA,NA,NA,3.5,0,0,0,1,1,1,1,0,0,0,0,0,0,0,0,0,0,1,0,0,0,0,1,0,0,1,1,0,1,1,0,1,0,1,1,"green_sunfish; banded_top_minnow","NEWAYGO_PICKEREL12N13WSEC1_SUMM_0001_1.jpeg","NEWAYGO_PICKEREL12N13WSEC1_SUMM_0001_2.jpeg"
59071353,"L18843","121860658","NEWAYGO","PICKEREL",10,"July",1952,16,"July",1952,"medium","medium","medium","medium",NA,NA,22.249,3.048,NA,128.693,NA,25,NA,5,NA,5,NA,120,NA,1,NA,NA,117,129,NA,NA,0.914,NA,"yes",NA,"no","yes - penoyer creek",NA,"passable to fish","yes",4.572,9.144,NA,25,NA,6.389,7.222,8.2,NA,6.9,4.7,4.8,0.5,1,1,0,1,0,1,1,0,0,0,1,0,0,0,0,0,1,0,1,1,0,1,0,1,1,1,0,1,0,0,1,1,1,1,NA,"NEWAYGO_PICKEREL12N13WSEC1_SUMM_0002_1.jpeg","NEWAYGO_PICKEREL12N13WSEC1_SUMM_0002_2.jpeg"
59071354,"L22448","121861061","NEWAYGO","SAND",12,"August",1949,17,"August",1949,NA,NA,NA,NA,NA,NA,4.572,3.81,NA,23.472,NA,100,NA,2,NA,0,NA,60,NA,0,NA,NA,30,33,NA,NA,NA,NA,"no",NA,"no","none",NA,"none","no",NA,NA,NA,28.889,NA,27,NA,7.5,5.4,NA,NA,NA,NA,0,1,0,0,0,1,1,0,0,0,1,0,0,0,0,0,0,0,0,0,0,1,0,0,0,0,0,0,0,0,0,0,0,1,"green_sunfish_bluegill_x_green_sunfish","NEWAYGO_SAND_SUMM_0001_1.jpeg","NEWAYGO_SAND_SUMM_0001_2.jpeg"
59071355,"L16856","121864970","NEWAYGO","SYLVAN",5,"July",1954,14,"July",1954,"light","light","light","light",NA,NA,19.201,4.267,4.877,45.73,NA,35,NA,0,NA,0,NA,45,NA,0,NA,NA,114,152,NA,NA,0.305,NA,"yes",NA,"no","in penoyer creek",NA,"practically none",NA,6.096,10.667,NA,21.667,NA,8.333,NA,9.6,10.2,7,13.4,0.5,0,0,0,1,0,0,1,0,0,0,0,0,0,0,1,0,0,0,0,0,0,0,1,0,0,1,0,0,1,1,0,1,1,0,1,"crappie_green_sunfish","NEWAYGO_SYLVAN_SUMM_0002_1.jpeg","NEWAYGO_SYLVAN_SUMM_0002_2.jpeg"
59071356,"L17764","121860605","NEWAYGO","TWINWOOD",10,"July",1973,10,"July",1973,"light","light","light","light",NA,NA,NA,NA,NA,NA,NA,NA,NA,0,NA,0,NA,0,NA,0,NA,NA,NA,NA,NA,NA,NA,NA,NA,NA,NA,NA,NA,NA,NA,NA,NA,NA,25.556,NA,NA,NA,NA,NA,NA,NA,NA,NA,0,0,0,0,0,0,0,0,0,0,0,0,0,0,0,0,0,0,0,0,0,0,0,0,0,0,0,0,0,0,0,0,0,0,NA,"NEWAYGO_TWINWOOD_SUMM_0002_1.jpeg","NEWAYGO_TWINWOOD_SUMM_0002_2.jpeg"
59071357,"L19717","82819312","NEWAYGO","WHITECLOUD",25,"June",1952,1,"July",1952,"light","light","light","light",NA,NA,3.657,1.524,NA,14.164,NA,100,NA,0,NA,0,NA,0,NA,0,NA,NA,152,NA,NA,NA,5.181,NA,"yes",NA,"yes","yes",NA,"stops fish movements","no",NA,NA,NA,23.889,NA,18.333,NA,6.8,8.1,NA,NA,NA,NA,1,0,0,0,0,0,1,0,0,0,0,0,0,0,0,1,0,0,0,1,0,0,0,1,1,1,0,0,1,0,0,1,0,1,"green_sunfish; creek_chubs_stickleback_shiner","NEWAYGO_WHITECLOUD_SUMM_0001_1.jpeg","NEWAYGO_WHITECLOUD_SUMM_0001_2.jpeg"
59071358,"L16129","82817956","NEWAYGO","WALKUP",24,"June",1937,24,"June",1937,NA,NA,NA,NA,"yes","permitted",4.572,3.048,NA,24.282,NA,NA,NA,NA,NA,NA,NA,NA,NA,NA,NA,"none",86,NA,NA,NA,NA,NA,"no",NA,NA,"no inlet or outlet",NA,NA,NA,NA,NA,NA,23.889,NA,23.4,23.4,6.4,NA,NA,NA,NA,NA,1,1,0,0,0,1,1,0,0,0,0,0,0,0,0,0,1,0,0,0,0,1,0,0,1,1,0,0,1,0,1,1,0,1,"longeared_sunfish_green_sunfish","NEWAYGO_WALKUP_SUMM_0002_1.jpeg","NEWAYGO_WALKUP_SUMM_0002_2.jpeg"
59071359,"L13758","145330836","OAKLAND","ALDERMAN",25,"August",1952,25,"August",1952,"light",NA,"light",NA,NA,NA,7.62,4.572,NA,12.141,NA,NA,NA,0,NA,0,NA,0,NA,0,NA,NA,180,260,NA,NA,1.219,NA,"yes",NA,"yes","yes",NA,"blocks migration but probably too far downstream to effect fish population in lake.","yes",3.657,5.486,NA,25,NA,11.111,NA,8.8,NA,NA,NA,2.4,NA,0,0,0,0,0,1,0,0,0,0,0,0,0,0,0,0,0,0,0,0,0,1,0,0,1,0,0,0,0,0,0,0,0,1,NA,"OAKLAND_ALDERMAN_SUMM_0001_1.jpeg","OAKLAND_ALDERMAN_SUMM_0001_2.jpeg"
59071360,"L9112","146646936","OAKLAND","ANGELUS",6,"September",1952,9,"September",1952,"light","light","light","light",NA,NA,28.04,2.743,NA,167.139,NA,25,NA,0,NA,0,NA,65,NA,0,NA,NA,120,154,NA,NA,0.914,NA,"yes",NA,"yes","yes",NA,"prevents fish movement when there is no overflow; fish probably can move either into or out of the lake when water flows over boards.",NA,6.858,12.191,NA,21.111,NA,5.4,6,7.8,7.5,10.3,0.2,2.9,0.9,1,0,1,1,1,1,1,0,1,0,0,0,0,1,0,0,0,0,1,1,0,1,1,1,1,1,0,1,1,0,0,0,1,1,"longear_sunfish; fantail_darter_brook_silverside","OAKLAND_ANGELUS_SUMM_0001_1.jpeg","OAKLAND_ANGELUS_SUMM_0001_2.jpeg"
59071361,"L9092","148710201","OAKLAND","BUSH",22,"July",1955,28,"October",1955,"heavy","heavy","heavy","heavy",NA,NA,13.715,1.981,2.133,28.329,NA,NA,NA,1,NA,0,NA,10,NA,0,NA,NA,134,179,NA,NA,NA,NA,"no",NA,NA,"no",NA,NA,"yes",4.572,9.144,NA,30.556,NA,7.5,NA,7.4,NA,6.6,3.1,3.1,0,0,0,1,0,0,1,0,0,0,0,0,0,0,0,0,0,0,0,0,0,0,1,0,0,1,0,0,0,0,0,0,0,0,1,NA,"OAKLAND_BUSH05N07E2728_SUMM_0001_1.jpeg","OAKLAND_BUSH05N07E2728_SUMM_0001_2.jpeg"
59071362,"L16830","145331611","OAKLAND","CAMPDEARBORN",18,"May",1953,19,"May",1953,"medium","light","medium","light",NA,NA,6.096,NA,NA,10.522,NA,90,NA,NA,NA,0,NA,0,NA,0,NA,NA,182,NA,NA,NA,NA,NA,"yes",NA,NA,"yes",NA,NA,NA,NA,NA,NA,17.222,NA,NA,NA,NA,NA,NA,NA,NA,NA,0,0,1,1,1,1,1,1,0,0,0,0,0,0,0,0,1,0,0,0,1,1,0,0,0,1,0,0,0,0,0,0,1,1,"green_sunfish; creek_chub_emerald_shiner; chub_sucker","OAKLAND_CAMPDEARBORN1_SUMM_0001_1.jpeg","OAKLAND_CAMPDEARBORN1_SUMM_0001_2.jpeg"
59071363,"L21180","145331638","OAKLAND","CAMPDEARBORN",18,"May",1953,19,"May",1953,"medium","light","medium","light",NA,NA,6.096,NA,NA,9.713,NA,90,NA,0,NA,0,NA,0,NA,0,NA,NA,NA,NA,NA,NA,NA,NA,"yes",NA,"yes","yes",NA,"prevents movement into lake",NA,NA,NA,NA,19.444,NA,NA,NA,NA,NA,NA,NA,NA,NA,0,1,1,0,0,1,0,0,0,0,0,0,0,0,0,0,1,0,0,0,1,1,0,0,0,0,0,0,0,0,0,1,0,0,"probably_a_number_of_others_too_no_seining_done; chub_sucker","OAKLAND_CAMPDEARBORN2_SUMM_0001_1.jpeg","OAKLAND_CAMPDEARBORN2_SUMM_0001_2.jpeg"
59071364,"L7790","146646515","OAKLAND","CHAMBERLAIN",29,"August",1961,29,"August",1961,"medium","light","medium","light",NA,NA,NA,3.505,NA,8.094,NA,NA,NA,0,NA,0,NA,0,NA,0,NA,NA,162,233,NA,NA,NA,NA,"no",NA,NA,"no",NA,NA,NA,2.743,5.486,NA,24.444,NA,9.444,NA,8.1,NA,6.8,0,0,NA,0,0,0,0,0,1,0,0,0,0,0,0,0,0,0,1,1,0,0,0,0,1,0,0,0,0,0,0,0,0,0,0,0,1,"longear_sunfish; green_sunfish_longear_sunfish","OAKLAND_CHAMBERLAIN_SUMM_0001_1.jpeg","OAKLAND_CHAMBERLAIN_SUMM_0001_2.jpeg"
59071365,"L857","146647133","OAKLAND","CRESCENT",26,"August",1952,26,"August",1952,"medium","light","medium","light",NA,NA,12.191,NA,NA,24.282,NA,NA,NA,1,NA,NA,NA,12,NA,NA,NA,NA,124,176,NA,NA,NA,NA,"no",NA,NA,"no",NA,NA,"yes",4.267,9.144,NA,25,NA,7.778,NA,8,8,NA,NA,5.5,0,0,0,1,0,0,1,0,0,0,0,0,0,0,0,0,0,0,0,0,0,0,1,0,0,1,0,0,0,0,0,0,0,0,1,"crappies","OAKLAND_CRESCENT_SUMM_0001_1.jpeg","OAKLAND_CRESCENT_SUMM_0001_2.jpeg"
59071366,"L8311","147104897","OAKLAND","CRYSTAL",27,"August",1952,NA,"August",NA,"light","light","light","light",NA,NA,3.048,NA,NA,4.856,NA,100,NA,0,NA,NA,NA,1,NA,NA,NA,NA,NA,NA,NA,NA,1.219,NA,"yes",NA,"yes","yes",NA,"blocks migration","no",NA,NA,NA,24.444,NA,23.333,NA,NA,NA,NA,NA,NA,NA,0,0,0,0,0,0,0,0,0,0,0,0,0,0,0,0,0,0,0,0,0,0,0,0,0,0,0,0,0,0,0,0,0,0,NA,"OAKLAND_CRYSTAL_SUMM_0001_1.jpeg","OAKLAND_CRYSTAL_SUMM_0001_2.jpeg"
59071367,"L11050","146646477","OAKLAND","GRAHAMWEST",8,"August",1952,8,"August",1952,NA,NA,NA,NA,NA,NA,9.753,3.353,3.657,6.07,NA,NA,NA,1,NA,0,NA,2,NA,0,NA,NA,140,170,NA,NA,NA,NA,"no",NA,NA,"no",NA,NA,"yes",4.267,6.096,NA,26.667,NA,8.333,NA,8.5,NA,NA,NA,1.8,0,0,1,0,0,0,1,0,0,1,0,1,0,0,0,0,0,0,0,0,0,0,1,0,0,0,0,0,1,0,0,0,0,1,1,"sunfish","OAKLAND_GRAHAMWEST_SUMM_0001_1.jpeg","OAKLAND_GRAHAMWEST_SUMM_0001_2.jpeg"
59071368,"L534","146647158","OAKLAND","ELIZABETH",26,"August",1952,NA,"August",NA,"light","medium","light","medium",NA,NA,27.431,4.267,4.572,146.904,NA,NA,NA,1,NA,NA,NA,NA,NA,NA,NA,NA,111,135,NA,NA,NA,NA,"no",NA,NA,"no",NA,NA,"yes",7.924,12.191,NA,27.778,NA,7.778,NA,7,9,3,4,6.7,0,0,0,0,0,0,1,0,0,0,0,0,0,0,0,0,0,0,0,0,0,0,1,0,0,0,0,0,0,1,0,0,0,0,1,"shiners_darters_of_shiners_and_darters_not_specified","OAKLAND_ELIZABETH_SUMM_0001_1.jpeg","OAKLAND_ELIZABETH_SUMM_0001_2.jpeg"
59071369,"L11758","147104905","OAKLAND","GRAVELPIT",7,"September",1971,7,"September",1971,"light",NA,"light",NA,NA,NA,6.705,6.096,NA,2.023,NA,30,NA,0,NA,0,NA,0,NA,0,NA,NA,150,250,NA,NA,NA,NA,"no",NA,NA,"none",NA,NA,"no",NA,NA,NA,26.667,NA,18.333,NA,8,9,NA,NA,NA,NA,0,0,0,0,0,0,0,0,0,0,0,0,0,0,0,0,0,0,0,0,0,0,0,0,0,0,0,0,0,0,0,0,0,0,NA,"OAKLAND_GRAVELPIT_SUMM_0001_1.jpeg","OAKLAND_GRAVELPIT_SUMM_0001_2.jpeg"
59071370,"L11050","146646477","OAKLAND","GRAHAMWEST",8,"August",1952,NA,"August",NA,"medium","light","medium","light",NA,NA,14.325,3.353,3.657,16.188,NA,NA,NA,0,NA,0,NA,0,NA,0,NA,NA,146,175,NA,NA,NA,NA,"no",NA,NA,"no",NA,NA,NA,4.572,6.705,NA,25.556,NA,7.778,NA,8.1,NA,NA,NA,9,0,0,0,0,0,0,1,0,0,0,0,0,0,0,0,0,0,0,0,0,0,0,1,0,0,0,1,0,0,0,0,0,0,0,1,"sunfish","OAKLAND_GRAHAMWEST_SUMM_0002_1.jpeg","OAKLAND_GRAHAMWEST_SUMM_0002_2.jpeg"
59071371,"L11758","147104905","OAKLAND","GRAVELPIT",25,"August",1950,25,"August",1950,"light","none","light","none",NA,NA,12.801,NA,NA,36.423,NA,NA,NA,0,NA,0,NA,0,NA,0,NA,NA,NA,NA,NA,NA,NA,NA,"no",NA,"no","none",NA,"none","yes",6.096,9.144,NA,22.222,NA,11.111,NA,8,NA,NA,NA,1.6,NA,0,0,0,0,0,1,0,0,0,0,0,0,0,0,0,0,0,0,0,0,0,1,0,0,0,0,0,0,0,0,0,0,0,0,NA,"OAKLAND_GRAVELPIT_SUMM_0002_1.jpeg","OAKLAND_GRAVELPIT_SUMM_0002_2.jpeg"
59071372,"L11183","147104671","OAKLAND","HARTWIG",19,"August",1958,NA,"August",NA,"light","light","light","light",NA,NA,7.01,0.762,0.914,2.671,NA,50,NA,0,NA,0,NA,0,NA,0,NA,NA,207,230,NA,NA,NA,NA,"yes",NA,"yes","yes but downstream after joined by trib.",NA,"partially restricting","yes",3.048,4.572,NA,23.889,NA,16.667,NA,7.4,7.6,7.6,1,1,NA,0,0,0,0,0,1,0,0,0,0,0,0,0,0,1,0,0,0,0,0,0,1,0,0,0,0,0,0,0,0,0,0,0,0,NA,"OAKLAND_HARTWIG_SUMM_0001_1.jpeg","OAKLAND_HARTWIG_SUMM_0001_2.jpeg"
59071373,"L6726","147104605","OAKLAND","HORSESHOE",15,"September",1950,NA,"September",NA,"medium","light","medium","light",NA,NA,14.63,NA,NA,16.188,NA,NA,NA,0,NA,0,NA,1,NA,0,NA,NA,NA,NA,NA,NA,NA,NA,"no",NA,NA,"no",NA,NA,"yes",4.267,6.705,NA,17.222,NA,9.444,NA,8.6,NA,3,4,0,NA,0,0,0,0,0,1,0,0,0,1,0,0,0,0,0,0,0,0,0,0,0,1,0,0,1,0,0,0,0,0,0,0,0,0,NA,"OAKLAND_HORSESHOE_SUMM_0001_1.jpeg","OAKLAND_HORSESHOE_SUMM_0001_2.jpeg"
59071374,"L9478","146646513","OAKLAND","HART",31,"August",1961,NA,"August",NA,"light","light","light","light",NA,NA,4.877,2.743,NA,4.047,NA,NA,NA,0,NA,0,NA,0,NA,0,NA,NA,128,167,NA,NA,0.61,NA,"yes",NA,"yes","yes",NA,"restrictive to upstream movement.","yes",2.743,4.572,NA,24.444,NA,14.444,NA,9.7,NA,6.1,1.4,0,NA,0,0,0,0,0,0,0,0,0,0,0,0,0,0,0,0,0,0,0,0,0,0,0,0,0,0,0,0,0,0,0,0,0,0,NA,"OAKLAND_HART_SUMM_0001_1.jpeg","OAKLAND_HART_SUMM_0001_2.jpeg"
59071375,"L1527","148710384","OAKLAND","KELLEY",6,"August",1959,6,"August",1959,"light","light","light","light",NA,NA,17.068,5.181,5.334,16.188,NA,NA,NA,0,NA,0,NA,12,NA,0,NA,NA,115,121,NA,NA,NA,NA,NA,NA,NA,NA,NA,NA,"yes",4.572,9.144,NA,27.778,NA,5,NA,7.1,NA,10,NA,0,NA,0,0,1,0,0,1,0,0,0,0,0,0,0,0,0,0,0,0,0,0,0,1,0,0,1,0,0,0,0,0,0,0,0,1,"crappies","OAKLAND_KELLEY_SUMM_0001_1.jpeg","OAKLAND_KELLEY_SUMM_0001_2.jpeg"
59071376,"L1527","148710384","OAKLAND","KELLEY",6,"August",1959,6,"August",1959,"light","heavy","light","quiteheavy",NA,NA,14.934,3.81,3.962,4.856,NA,NA,NA,0,NA,0,NA,1,NA,0,NA,NA,122,176,NA,NA,NA,NA,"no",NA,NA,"no",NA,NA,"yes",3.962,6.096,NA,26.667,NA,5,NA,NA,NA,6.7,1.3,0,NA,0,0,0,0,0,1,0,0,0,0,0,0,0,0,0,0,0,0,0,0,0,1,0,0,1,0,0,0,0,0,0,0,0,1,NA,"OAKLAND_KELLEY_SUMM_0002_1.jpeg","OAKLAND_KELLEY_SUMM_0002_2.jpeg"
59071377,"L11168","146646465","OAKLAND","LONGT",25,"August",1950,NA,NA,NA,"medium","light","medium","light",NA,NA,18.287,NA,NA,28.329,NA,NA,NA,2,NA,NA,NA,25,NA,NA,NA,NA,NA,NA,NA,NA,NA,NA,"yes",NA,NA,"yes",NA,NA,"yes",5.181,9.144,NA,22.222,NA,10,NA,8.5,NA,NA,NA,0,NA,0,0,0,0,0,1,0,0,0,0,0,0,0,0,0,0,0,0,0,0,0,1,0,0,1,0,0,0,0,0,0,0,0,0,NA,"OAKLAND_LONGT4NR10ES12_SUMM_0001_1.jpeg","OAKLAND_LONGT4NR10ES12_SUMM_0001_2.jpeg"
59071378,"L11452","147104777","OAKLAND","OYSTER",17,"August",1945,NA,"August",NA,"light","light","light","lightornone",NA,NA,12.953,NA,NA,6.07,NA,NA,NA,2,NA,0,NA,1,NA,0,NA,NA,176,234,NA,NA,NA,NA,"no",NA,NA,"no",NA,NA,"yes",3.962,7.924,NA,23.611,NA,8.611,NA,8,7.5,NA,NA,8,0,0,0,0,0,0,1,0,1,0,0,0,0,0,0,0,0,0,0,0,0,0,1,0,0,1,1,0,0,1,0,0,0,0,1,"sunfish","OAKLAND_OYSTER_SUMM_0001_1.jpeg","OAKLAND_OYSTER_SUMM_0001_2.jpeg"
59071379,"L3660","146647236","OAKLAND","ORCHARD",9,"September",1940,12,"September",1940,"medium",NA,"lighttomedium",NA,NA,NA,33.526,4.267,NA,318.899,NA,NA,NA,1,NA,NA,NA,NA,NA,0,NA,NA,93,115,NA,1.64,NA,NA,NA,NA,NA,NA,NA,NA,"yes",9.144,11.887,NA,18.2,22.2,6.9,7.9,7.4,8.55,NA,NA,0.35,0.95,0,0,0,0,0,1,0,0,0,0,1,0,0,1,0,0,0,0,0,0,0,1,1,0,1,1,0,1,1,0,0,0,1,1,NA,"OAKLAND_ORCHARD_SUMM_0001_1.jpeg","OAKLAND_ORCHARD_SUMM_0001_2.jpeg"
59071380,"L8007","147104878","OAKLAND","MUDT",2,"September",1971,2,"September",1971,"light",NA,"light",NA,NA,NA,3.048,NA,NA,1.619,NA,100,NA,0,NA,0,NA,0,NA,0,NA,NA,171,NA,NA,NA,NA,NA,"no",NA,NA,"no",NA,NA,"no",NA,NA,NA,23.889,NA,22.222,NA,8,9,NA,NA,NA,NA,0,0,0,0,0,0,0,0,0,0,0,0,0,0,0,0,0,0,0,0,0,1,0,0,0,0,0,0,0,0,0,0,0,0,"bluegill_x_green_hybrids","OAKLAND_MUDT5NR7ES29_SUMM_0001_1.jpeg","OAKLAND_MUDT5NR7ES29_SUMM_0001_2.jpeg"
59071381,"L10809","146646933","OAKLAND","MORGANLITTLE",1,"August",1953,1,"August",1953,"light","none","light","none",NA,NA,10.058,3.048,NA,5.059,NA,NA,NA,0,NA,0,NA,0,NA,0,NA,NA,75,109,NA,1.2,NA,NA,NA,NA,NA,NA,NA,NA,"yes",3.657,7.62,NA,26.667,NA,8.889,NA,7.2,NA,6.4,NA,NA,NA,0,0,0,0,0,1,0,0,0,0,0,0,0,0,0,0,1,0,0,0,1,1,0,0,0,0,0,0,0,0,0,0,1,1,"common_sunfish; chub_sucker; green_sunfish; mud_pickerel","OAKLAND_MORGANLITTLE_SUMM_0001_1.jpeg","OAKLAND_MORGANLITTLE_SUMM_0001_2.jpeg"
59071382,"L5324","{42F36298-20AA-4502-A38F-7F64E9E97C5F}","OAKLAND","MOHAWK",20,"September",1950,20,"September",1950,"medium","light","medium","light",NA,NA,10.058,NA,NA,9.389,NA,NA,NA,0,NA,0,NA,0,NA,0,NA,NA,140,173,NA,NA,NA,NA,"no",NA,NA,"no",NA,NA,"yes",3.657,6.705,NA,26.389,NA,8.889,NA,7.7,NA,NA,NA,0.4,NA,0,0,1,0,0,1,0,0,0,0,0,0,0,0,0,0,1,0,0,0,1,1,0,0,1,1,0,1,0,0,0,1,1,1,"chub_sucker; rock_bass_green_sunfish; garpike","OAKLAND_MOHAWK_SUMM_0001_1.jpeg","OAKLAND_MOHAWK_SUMM_0001_2.jpeg"
59071383,"L8824","145330558","OAKLAND","PETTIBONEUPPER",17,"July",1945,NA,"July",NA,"medium","light","medium","light",NA,NA,16.763,NA,NA,16.997,NA,NA,NA,1,NA,1,NA,8,NA,0,NA,NA,161,193,NA,NA,NA,NA,"no",NA,NA,"no",NA,NA,"yes",5.181,7.924,NA,21.667,NA,9.444,NA,10.5,10.8,NA,NA,7.5,2.8,0,0,0,0,0,1,0,0,0,0,0,0,0,1,0,0,0,0,0,0,0,0,0,0,1,0,0,0,1,0,0,1,0,1,"common_suckers","OAKLAND_PETTIBONEUPPER_SUMM_0001_1.jpeg","OAKLAND_PETTIBONEUPPER_SUMM_0001_2.jpeg"
59071384,"L4389","146646492","OAKLAND","SHOE",10,"September",1959,10,"September",1959,"medium","light","medium","light",NA,NA,6.096,2.438,2.591,4.047,NA,50,NA,0,NA,0,NA,0,NA,0,NA,NA,167,233,NA,NA,NA,NA,"no",NA,NA,"no",NA,NA,"yes",3.048,4.877,NA,23.889,NA,13.278,NA,7.5,NA,8.9,0,0,NA,0,0,0,0,0,0,0,0,0,0,0,0,0,0,0,0,0,0,0,0,0,0,0,0,0,0,0,0,0,0,0,0,0,0,NA,"OAKLAND_SHOE_SUMM_0001_1.jpeg","OAKLAND_SHOE_SUMM_0001_2.jpeg"
59071385,"L20781","145331699","OAKLAND","SLOAN",15,"August",1950,NA,NA,NA,"light","none","light","practicallynone",NA,NA,9.753,NA,NA,20.235,NA,NA,NA,3,NA,NA,NA,0,NA,NA,NA,NA,NA,NA,NA,NA,NA,NA,"yes",NA,"yes","yes",NA,"prevents","yes",2.438,9.144,NA,25,NA,9.444,NA,8.8,NA,NA,NA,0,NA,0,0,1,0,0,1,0,1,0,0,0,0,0,0,1,0,0,0,0,0,0,1,0,0,1,1,0,0,0,0,0,1,0,1,"crappies; club_sucker; suckers","OAKLAND_SLOAN_SUMM_0001_1.jpeg","OAKLAND_SLOAN_SUMM_0001_2.jpeg"
59071386,"L48311","146646383","OAKLAND","SQUAW",30,"August",1951,30,"August",1951,"heavy","medium","heavy","medium",NA,NA,NA,2.743,NA,32.376,NA,NA,NA,NA,NA,0,NA,24,NA,0,NA,NA,125,154,NA,NA,NA,NA,"no",NA,NA,"no",NA,NA,"yes",4.267,7.924,NA,25,NA,7.5,NA,8.8,9,NA,NA,0,NA,0,0,1,0,0,1,0,0,0,0,0,0,0,0,0,0,0,0,0,0,0,1,0,0,1,1,0,0,0,0,0,0,0,1,NA,"OAKLAND_SQUAW_SUMM_0001_1.jpeg","OAKLAND_SQUAW__SUMM_0001_2.jpeg"
59071387,"L12062","148710468","OAKLAND","SPRINGT",22,"August",1953,NA,"August",NA,"medium","medium","medium","medium",NA,NA,NA,1.829,NA,20.235,NA,NA,NA,0,NA,0,NA,3,NA,0,NA,NA,250,NA,NA,NA,2.438,NA,"yes",NA,"yes","yes",NA,"barrier",NA,3.048,6.705,NA,25.556,NA,8.444,NA,9.7,NA,0,0,0,NA,0,0,0,0,0,1,0,0,0,0,0,0,0,0,0,0,1,0,0,0,0,1,0,0,0,1,0,0,0,0,0,0,0,1,"mud_pickerel","OAKLAND_SPRINGT3NR7ES3_SUMM_0001_1.jpeg","OAKLAND_SPRINGT3NR7ES3_SUMM_0001_2.jpeg"
59071388,"L3972","146646262","OAKLAND","STONEYCREEK",15,"September",1950,15,"September",1950,"medium","light","medium","light",NA,NA,19.201,NA,NA,16.188,NA,NA,NA,1,NA,0,NA,15,NA,0,NA,NA,NA,NA,NA,NA,NA,NA,NA,NA,NA,NA,NA,NA,"yes",7.924,10.667,NA,19.444,NA,10,NA,8.4,NA,NA,NA,1.8,NA,0,0,0,0,0,1,0,0,0,0,0,0,0,0,0,0,0,0,0,0,0,1,0,0,0,0,0,0,0,0,0,0,0,1,NA,"OAKLAND_STONEYCREEK_SUMM_0001_1.jpeg","OAKLAND_STONEYCREEK_SUMM_0001_2.jpeg"
59071390,"L4867","145331740","OAKLAND","STRAITSUPPER",28,"September",1950,NA,"September",NA,"heavy","light","heavy","light",NA,NA,29.259,NA,NA,130.716,NA,NA,NA,3,NA,NA,NA,NA,NA,NA,NA,NA,109,132,NA,NA,NA,NA,"no",NA,NA,"no",NA,NA,"yes",6.096,10.667,NA,26.667,NA,7.222,NA,8,NA,NA,NA,0.6,NA,0,0,1,0,0,1,0,1,0,0,0,0,0,0,0,0,0,0,0,0,0,1,0,0,1,0,0,0,1,0,0,0,0,1,"crappies; suckers; garpike","OAKLAND_STRAITSUPPER_SUMM_0001_1.jpeg","OAKLAND_STRAITSUPPER_SUMM_0001_2.jpeg"
59071391,"L11993","145331103","OAKLAND","SUGDEN",29,"September",1950,29,"September",1950,"medium","light","medium","light",NA,NA,13.106,NA,NA,26.912,NA,NA,NA,2,NA,0,NA,25,NA,0,NA,NA,84,114,NA,NA,NA,NA,NA,NA,NA,NA,NA,NA,"yes",3.657,7.62,NA,29.444,NA,8.333,NA,7.1,NA,NA,NA,0,NA,0,0,0,0,0,1,0,0,0,0,0,0,0,1,0,0,0,0,0,0,0,1,0,0,0,1,1,1,0,0,0,0,1,1,"residents_report_whitefish; garpike","OAKLAND_SUGDEN_SUMM_0001_1.jpeg","OAKLAND_SUGDEN_SUMM_0001_2.jpeg"
59071392,"L5128","147104742","OAKLAND","TAMARACK",17,"July",1951,NA,"July",NA,"light","none","light","none",NA,NA,2.743,NA,NA,NA,NA,100,NA,0,NA,0,NA,0,NA,0,NA,NA,159,NA,NA,NA,NA,NA,"no",NA,NA,"no",NA,NA,NA,NA,NA,NA,NA,NA,NA,NA,NA,NA,NA,NA,NA,NA,0,0,0,1,0,0,0,0,0,0,0,0,0,0,0,0,1,0,0,0,0,0,0,0,0,0,0,0,0,0,0,0,0,0,"leeches; redbelly_dace_mudminnow_minnow; leech","OAKLAND_TAMARACK_SUMM_0001_1.jpeg","OAKLAND_TAMARACK_SUMM_0001_2.jpeg"
59071393,"L6493","147104688","OAKLAND","UNNAMED",27,"August",1952,NA,NA,NA,"light",NA,"light",NA,NA,NA,5.486,2.743,NA,2.023,NA,NA,NA,0,NA,0,NA,0,NA,0,NA,NA,NA,NA,NA,NA,NA,NA,"no",NA,NA,"no",NA,NA,"yes",1.829,5.486,NA,30.556,NA,14.444,NA,7.3,NA,NA,NA,7.1,0,0,0,0,0,0,1,0,0,0,0,0,0,0,0,0,0,0,0,0,0,0,1,0,0,0,0,0,0,0,0,0,0,0,0,NA,"OAKLAND_UNNAMED_SUMM_0001_1.jpeg","OAKLAND_UNNAMED_SUMM_0001_2.jpeg"
59071394,"L17447","149285711","OAKLAND","WALNUT",8,"September",1943,10,"September",1943,"medium",NA,"medium ",NA,NA,NA,30.783,NA,NA,93.889,NA,NA,NA,1,NA,0,NA,20,NA,0,NA,NA,112,130,NA,NA,NA,NA,"no",NA,"no","no",NA,"none","yes",6.096,10.667,NA,21.667,NA,7.222,NA,7.96,NA,NA,NA,NA,NA,0,0,1,0,0,1,0,0,0,0,0,0,0,1,0,0,0,0,0,0,0,1,0,0,1,1,0,1,0,0,1,0,0,1,"green_sunfish_longear_sunfish","OAKLAND_WALNUT_SUMM_0001_1.jpeg","OAKLAND_WALNUT_SUMM_0001_2.jpeg"
59071395,"L2458","118253229","OGEMAW","JEWETT",9,"August",1931,NA,"August",NA,NA,NA,NA,NA,"not permitted","not permitted",5.791,NA,NA,5.301,NA,NA,NA,NA,NA,NA,NA,NA,NA,NA,NA,"on private estate",NA,NA,NA,NA,NA,NA,"no",NA,NA,"no","-",NA,NA,NA,NA,NA,NA,NA,NA,NA,NA,NA,NA,NA,NA,NA,0,0,0,0,0,1,0,0,0,0,0,0,0,0,0,0,0,0,1,0,0,0,0,0,1,1,0,0,0,0,0,0,0,0,"hybrids_between_bluegills_and_sunfish","OGEMAW_JEWETT_SUMM_0009_1.jpeg","OGEMAW_JEWETT_SUMM_0009_2.jpeg"
59071396,"L4805","118253065","OGEMAW","GROUSEHAVEN",1,"August",1931,1,"August",1931,NA,NA,NA,NA,"not permitted","not permitted",16.763,NA,NA,35.451,NA,NA,NA,NA,NA,NA,NA,NA,NA,NA,NA,"on private estate. caretaker's house on east shore.",NA,NA,NA,NA,0.61,NA,"yes","no",NA,"yes","no",NA,NA,NA,NA,NA,NA,NA,NA,NA,NA,NA,NA,NA,NA,NA,0,0,0,0,0,0,1,0,0,1,0,0,0,1,0,1,0,0,1,0,0,1,0,0,1,1,0,1,0,0,0,1,0,1,"long_eared_sunfish_hybrid_sunfish; creek_chub; sucker","OGEMAW_GROUSEHAVEN_SUMM_0008_1.jpeg","OGEMAW_GROUSEHAVEN_SUMM_0008_2.jpeg"
59071397,"L1804","118253169","OGEMAW","DEVILSWASHBASIN",30,"July",1931,NA,"July",NA,NA,NA,NA,NA,"not permitted","not permitted",4.877,NA,NA,0.607,NA,NA,NA,NA,NA,NA,NA,NA,NA,NA,NA,"on private estate",NA,NA,NA,NA,NA,NA,NA,NA,NA,NA,NA,NA,NA,NA,NA,NA,26.667,NA,15.556,NA,NA,NA,NA,NA,NA,NA,0,0,1,0,0,1,0,0,0,0,0,0,0,0,0,0,0,0,0,0,0,1,0,0,0,1,0,1,0,0,0,0,0,0,"longeared_sunfish_hybrids_between_bluegills_and_pumpkinseed_sunfish_and_hybrids_between_longeared_and_pumpkinseed_sunfish","OGEMAW_DEVILSWASHBASIN_SUMM_0003_1.jpeg","OGEMAW_DEVILSWASHBASIN_SUMM_0003_2.jpeg"
59071398,"L11561","145330487","OAKLAND","WHITE",25,"August",1954,27,"August",1954,"medium","medium","medium","medium",NA,NA,9.753,3.048,NA,218.535,NA,75,NA,4,NA,1,NA,350,NA,0,NA,NA,85,NA,NA,NA,NA,NA,NA,NA,NA,NA,NA,NA,"no",NA,NA,NA,23.889,26.667,20,NA,9,6.7,NA,NA,2.4,0,0,1,1,1,0,1,1,1,0,0,0,0,0,0,0,0,0,0,1,0,1,1,0,0,1,1,0,0,1,0,0,1,1,1,"sand_shiner","OAKLAND_WHITE_SUMM_0001_1.jpeg","OAKLAND_WHITE_SUMM_0001_2.jpeg"
59071399,"L2458","118253229","OGEMAW","JEWETT",9,"August",1931,9,"August",1931,NA,NA,NA,NA,"not permitted","not permitted",5.791,NA,NA,5.301,NA,NA,NA,NA,NA,NA,NA,NA,NA,NA,NA,"on private estate.",NA,NA,NA,NA,NA,NA,"no",NA,NA,"no.","-",NA,NA,NA,NA,NA,NA,NA,NA,NA,NA,NA,NA,NA,NA,NA,0,0,0,0,0,1,0,0,0,0,0,0,0,0,0,0,0,0,1,0,0,0,0,0,1,1,0,0,0,0,0,0,0,0,"hybrids_between_bluegills_and_sunfish_hybrids","OGEMAW_JEWETT_SUMM_0010_1.jpeg","OGEMAW_JEWETT_SUMM_0010_2.jpeg"
59071400,NA,NA,"OGEMAW","LODGE",2,"August",1931,2,"August",1931,NA,NA,NA,NA,"not permitted","not permitted",6.096,NA,NA,8.053,NA,NA,NA,NA,NA,NA,NA,NA,NA,NA,NA,"on private estate. lodge located on east shore.",NA,NA,NA,NA,NA,NA,NA,"yes",NA,"-","during high water.",NA,NA,NA,NA,NA,NA,NA,NA,NA,NA,NA,NA,NA,NA,NA,0,0,0,0,0,1,0,0,0,0,0,1,1,0,0,0,0,0,1,0,0,0,0,0,0,1,0,1,0,0,0,1,0,1,"bass","OGEMAW_LODGE_SUMM_0004_1.jpeg","OGEMAW_LODGE_SUMM_0004_2.jpeg"
59071401,"L6923","113471351","OSCODA","BASS",26,"August",1957,27,"August",1957,"medium","light","medium","light",NA,NA,6.096,NA,NA,24.282,NA,NA,NA,1,NA,1,NA,15,NA,0,NA,NA,86,NA,NA,NA,NA,NA,"no",NA,NA,"none",NA,NA,NA,NA,NA,NA,21.8,NA,20.8,NA,9.4,9.1,NA,NA,NA,NA,0,0,0,0,0,1,1,0,0,0,0,0,0,0,0,0,0,0,0,0,0,1,0,0,1,0,0,0,0,0,0,1,1,1,"sunfish; suckers","OSCODA_BASS_SUMM_0001_1.jpg","OSCODA_BASS_SUMM_0001_2.jpg"
59071402,"L2771","118253199","OGEMAW","SCAUP",7,"August",1931,NA,NA,NA,NA,NA,NA,NA,"not permitted","not permitted",5.486,NA,NA,2.469,NA,NA,NA,NA,NA,NA,NA,NA,NA,NA,NA,"on private estate",NA,NA,NA,NA,NA,NA,"no",NA,NA,"no","-",NA,NA,NA,NA,NA,NA,NA,NA,NA,NA,NA,NA,NA,NA,NA,0,0,0,0,1,0,0,0,0,0,0,0,1,0,0,0,0,0,0,0,0,0,0,0,1,1,0,0,0,0,0,0,0,0,"sunfish; bullhead","OGEMAW_SCAUP_SUMM_0004_1.jpeg","OGEMAW_SCAUP_SUMM_0004_2.jpeg"
59071403,"L4194","83977365","OGEMAW","NERO",13,"August",1937,NA,NA,NA,NA,NA,NA,NA,"yes","permitted",10.667,3.657,NA,3.521,NA,NA,NA,NA,NA,NA,NA,NA,NA,NA,NA,"no",102,NA,NA,NA,NA,NA,"no",NA,NA,"no outlet",NA,NA,NA,NA,NA,NA,23.5,NA,8.7,NA,7.2,NA,NA,NA,0.6,NA,0,0,0,0,0,0,0,0,0,0,0,0,0,0,0,0,0,0,0,0,0,0,0,0,0,1,0,0,0,0,0,0,0,1,"trout","OGEMAW_NERO_SUMM_0001_1.jpeg","OGEMAW_NERO_SUMM_0001_2.jpeg"
59071404,"L11600","83977127","OSCODA","BIRD",4,"September",1944,NA,"September",NA,NA,"none",NA,"none",NA,NA,1.219,NA,NA,1.214,1.619,100,NA,0,NA,NA,NA,0,NA,NA,NA,NA,NA,NA,NA,NA,NA,NA,NA,NA,NA,NA,NA,NA,NA,NA,NA,NA,NA,NA,NA,NA,NA,NA,NA,NA,NA,NA,0,0,0,0,0,0,0,0,0,0,0,0,0,0,0,0,0,0,0,0,0,0,0,0,0,0,0,0,0,0,0,0,0,0,NA,"OSCODA_BIRD_SUMM_0001_1.jpg","OSCODA_BIRD_SUMM_0001_2.jpg"
59071405,"L7294","83977131","OSCODA","HELMERT",13,"July",1937,13,"July",1937,"light",NA,"light",NA,NA,NA,7.62,1.829,NA,2.428,NA,NA,NA,NA,NA,NA,NA,NA,NA,NA,NA,NA,49,54,NA,1.1,NA,NA,NA,NA,NA,NA,NA,NA,"no",NA,NA,NA,24.444,NA,22.3,NA,8.4,NA,NA,NA,8.4,5.4,0,0,0,0,0,1,0,0,0,0,0,0,0,0,0,0,0,0,0,0,0,1,0,0,0,1,0,0,0,0,0,0,0,0,NA,"OSCODA_HELMERT25NR2ES22_SUMM_0001_1.jpg","OSCODA_HELMERT25NR2ES22_SUMM_0001_2.jpg"
59071406,"L11925","113471601","OSCODA","SHAMROCK",29,"August",1940,5,"September",1940,"light","none","light","none",NA,NA,3.657,2.743,NA,89.033,NA,100,NA,0,NA,0,NA,6,NA,0,NA,NA,120,122,NA,1.28,NA,NA,NA,NA,NA,NA,NA,NA,"no",NA,NA,NA,18.2,19.7,17.8,19.7,6.35,9,NA,NA,NA,NA,0,0,0,0,0,1,0,0,0,0,0,0,0,0,0,0,0,0,0,0,0,1,0,0,1,1,0,1,1,0,0,0,0,1,"unidentified","OSCODA_SHAMROCK_SUMM_0001_1.jpg","OSCODA_SHAMROCK_SUMM_0001_2.jpg"
59071407,"L49041",NA,"OSCODA","GOPHER",4,"September",1944,NA,NA,NA,NA,NA,NA,NA,NA,NA,1.829,NA,NA,NA,NA,NA,NA,0,NA,NA,NA,0,NA,NA,NA,NA,NA,NA,NA,NA,NA,NA,NA,NA,NA,NA,NA,NA,NA,NA,NA,NA,NA,NA,NA,NA,NA,NA,NA,NA,NA,NA,0,0,0,0,0,0,0,0,0,0,0,0,0,0,0,0,0,0,0,0,0,0,0,0,0,0,0,0,0,0,0,0,0,0,NA,"OSCODA_GOPHER_SUMM_0001_1.jpg","OSCODA_GOPHER_SUMM_0001_2.jpg"
59071408,"L2746","83976011","OSCODA","SECOND",18,"August",1954,18,"August",1954,"medium","light","medium","light",NA,NA,6.096,NA,NA,2.833,NA,NA,NA,0,NA,0,NA,1,NA,0,NA,NA,NA,NA,NA,NA,NA,NA,NA,NA,NA,NA,NA,NA,NA,NA,NA,NA,NA,NA,NA,NA,NA,NA,NA,NA,NA,NA,0,0,0,0,0,0,0,0,0,0,0,0,0,0,0,0,0,0,0,0,0,0,0,0,0,0,0,0,0,0,0,0,0,0,NA,"OSCODA_SECOND_SUMM_0001_1.jpg","OSCODA_SECOND_SUMM_0001_2.jpg"
59071409,"L63","83977069","OSCODA","THREE",4,"September",1944,4,"September",1944,NA,NA,NA,NA,NA,NA,1.829,NA,NA,1.619,NA,100,NA,0,NA,NA,NA,0,NA,NA,NA,NA,NA,NA,NA,NA,NA,NA,NA,NA,NA,NA,NA,NA,"no",NA,NA,NA,NA,NA,NA,NA,NA,NA,NA,NA,NA,NA,0,0,0,0,0,0,0,0,0,0,0,0,0,0,0,0,0,0,0,0,0,0,0,0,0,0,0,0,0,0,0,0,0,0,"red_bellied_dace","OSCODA_THREE_SUMM_0001_1.jpg","OSCODA_THREE_SUMM_0001_2.jpg"
59071410,"L4946","83977097","OSCODA","WAGNER",13,"August",1957,14,"August",1957,"medium","none","medium","none",NA,NA,5.181,NA,NA,10.522,NA,20,NA,0,NA,0,NA,0,NA,0,NA,NA,58,64,NA,NA,NA,NA,"no",NA,NA,"none",NA,NA,NA,NA,NA,NA,22.222,NA,22,NA,9.7,9.4,NA,NA,NA,NA,0,0,0,0,0,1,1,0,0,0,0,0,0,0,0,0,0,0,0,0,0,1,0,0,0,0,0,0,0,0,0,0,0,0,"sand_shiner","OSCODA_WAGNER_SUMM_0001_1.jpg","OSCODA_WAGNER_SUMM_0001_2.jpg"
59106682,"L30673","155636058","VANBUREN","SHAFER",NA,"August",1950,NA,"August",1950,"medium","medium","medium","medium",NA,NA,20.421,NA,NA,40.469,NA,NA,NA,2,NA,0,NA,20,NA,0,NA,NA,NA,NA,NA,NA,NA,NA,NA,NA,NA,NA,NA,NA,"yes",6.096,9.144,NA,23.889,NA,6.667,NA,NA,NA,NA,NA,7.4,0,0,0,1,0,0,1,0,0,0,0,0,0,1,0,0,0,0,0,0,0,0,1,0,0,0,0,0,1,0,0,0,0,0,1,"sunfish_crappies_bullheads","VanBuren_Shafer_SUMM_031.jpeg","VanBuren_Shafer_SUMM_030.jpeg"
59106683,"L32093","152274885","VANBUREN","SILVER",NA,"August",1950,NA,NA,NA,"medium","light","medium","light",NA,NA,9.753,2.438,2.743,28.329,NA,NA,NA,1,NA,1,NA,20,NA,1,NA,NA,NA,NA,NA,NA,NA,NA,NA,NA,NA,NA,NA,NA,"yes",4.572,7.62,NA,23.889,NA,10,NA,8.5,4,NA,NA,2,0,0,0,0,0,0,1,0,0,0,0,0,0,0,0,0,0,0,0,0,0,0,1,0,0,0,0,0,0,0,0,0,0,0,1,"sunfish","VanBuren_Silver_SUMM_005.jpeg","VanBuren_Silver_SUMM_004.jpeg"
59106685,"L28624","152274884","VANBUREN","SADDLE",1,"July",1952,15,"July",1952,"medium","medium","medium","medium",NA,NA,8.382,3.048,NA,109.672,NA,80,NA,1,NA,0,NA,75,NA,0,NA,NA,95,154,NA,NA,NA,NA,"no",NA,NA,"no",NA,NA,"yes",3.048,7.62,NA,28.889,NA,NA,NA,8,NA,7.3,0,NA,NA,0,0,1,1,1,1,1,1,0,0,0,0,1,0,1,0,1,0,1,0,1,1,0,0,1,1,0,0,0,0,0,0,0,1,"warmouth_mud_pickerel_common_crappie; pugnose_shiner_creek_dhub_spotfin_shiner; gar","VanBuren_Saddle_SUMM_109.jpeg","VanBuren_Saddle_SUMM_108.jpeg"
59106686,"L23081","155635762","VANBUREN","NORTH",18,"July",1937,18,"July",1937,NA,NA,NA,NA,"yes","permitted",19.201,6.096,NA,53.703,NA,NA,NA,NA,NA,NA,NA,NA,NA,NA,NA,NA,50,NA,NA,NA,NA,NA,"no",NA,NA,"no",NA,NA,NA,NA,NA,NA,27,NA,9.8,NA,7.9,NA,NA,NA,0,NA,0,0,0,1,1,1,1,0,0,0,1,0,0,0,0,0,1,0,0,0,0,1,0,0,0,1,0,0,0,0,1,0,0,1,"mud_pickerel_green_sunfish","VanBuren_North_SUMM_003.jpeg","VanBuren_North_SUMM_002.jpeg"
59106687,"L24362","155635915","VANBUREN","RUSH",8,"September",1955,NA,"September",NA,"medium","medium","medium","medium",NA,NA,17.068,NA,NA,40.469,NA,62,NA,2,NA,2,NA,25,NA,0,NA,NA,110,160,NA,NA,NA,NA,"no",NA,NA,"no",NA,NA,NA,6.096,9.144,NA,22.333,NA,7.111,NA,8.6,7,7,0,0,NA,0,0,1,0,0,1,0,0,0,0,0,0,0,0,0,0,0,0,0,0,0,1,0,0,1,0,0,0,0,0,0,0,0,1,"crappie","VanBuren_Rush_SUMM_003.jpeg","VanBuren_Rush_SUMM_002.jpeg"
59106688,"L28302","155636298","VANBUREN","LAKEOFTHEWOODS",1,"July",1941,4,"July",1941,"heavy","heavy","heavy","heavy",NA,NA,10.363,2.286,NA,114.933,NA,20,NA,2,NA,0,NA,23,NA,0,NA,NA,144,178,NA,1.6,NA,NA,"no",NA,NA,"--",NA,NA,"yes",4.572,8.382,NA,23.8,NA,12.8,NA,9.1,10.4,NA,NA,0,0.6,1,0,1,0,1,1,1,1,1,0,1,0,0,0,0,1,0,0,1,1,1,1,1,0,1,1,0,0,1,0,0,1,1,1,"black_bass_warmouth_bass_mud_pickerel; blacknose_minnow_stickleback; carp; short_nose_gar","VanBuren_LakeoftheWoods_SUMM_005.jpeg","VanBuren_LakeoftheWoods_SUMM_004.jpeg"
59106689,"L28734","152274898","VANBUREN","NORTH",30,"August",1961,NA,NA,NA,"medium","medium","medium","medium",NA,NA,3.048,3.048,NA,24.282,NA,100,NA,NA,NA,1,NA,20,NA,NA,NA,NA,85,NA,NA,NA,NA,NA,"no",NA,NA,"none",NA,NA,"no",NA,NA,NA,26.667,NA,NA,NA,7.3,7.8,NA,NA,NA,NA,0,0,0,0,0,1,0,0,0,0,0,0,0,0,0,0,1,0,0,0,1,1,0,0,1,1,0,0,0,0,0,1,0,1,"chubsucker_white_suckers_mud_pickerel_warmouth_bass; mud_pickerel_warmouth_bass","VanBuren_North_SUMM_005.jpeg","VanBuren_North_SUMM_004.jpeg"
59106690,"L29427","155636169","VANBUREN","HUZZY",20,"August",1952,20,"August",1952,"medium","medium","medium","medium",NA,NA,12.953,NA,NA,48.563,NA,NA,NA,NA,NA,NA,NA,25,NA,NA,NA,NA,NA,NA,NA,NA,NA,NA,NA,NA,NA,NA,NA,NA,NA,6.096,NA,NA,23.889,NA,10.556,NA,7,7.9,3.8,NA,3.2,NA,0,0,0,0,0,1,0,0,0,0,0,0,0,0,0,0,0,0,0,0,0,1,0,0,0,0,0,0,0,0,0,0,0,1,"minnows_not_specified","VanBuren_Huzzy_SUMM_025.jpeg","VanBuren_Huzzy_SUMM_024.jpeg"
59106691,"L2151","149729780","TUSCOLA","PHELPS",14,"August",1951,NA,NA,NA,"light","light","light","light",NA,NA,4.267,NA,NA,6.07,8.094,NA,NA,0,NA,0,NA,2,NA,0,NA,NA,210,230,NA,NA,NA,NA,"no",NA,NA,"no",NA,NA,"yes",2.133,3.962,NA,24.444,NA,17.778,NA,8.7,NA,NA,NA,NA,NA,0,0,0,0,0,1,0,0,0,0,0,0,0,0,0,0,0,0,0,0,0,1,0,0,0,0,0,0,0,0,0,0,0,0,"fingerlings","Tuscola_Phelps_SUMM_003.jpeg","Tuscola_Phelps_SUMM_002.jpeg"
59106692,"L2588","149729752","TUSCOLA","CAT",14,"August",1951,14,"August",1951,"heavy","medium","heavy","medium",NA,NA,7.62,0.914,1.067,20.235,NA,NA,NA,1,NA,0,NA,12,NA,0,NA,NA,185,290,NA,NA,NA,NA,"no",NA,NA,"no",NA,NA,"yes",3.048,4.877,NA,21.667,NA,10,NA,9,NA,NA,NA,0,NA,0,0,1,0,0,1,0,0,0,0,0,0,0,0,0,0,0,0,0,0,0,1,0,0,1,0,0,0,0,0,0,0,0,1,"crappie","Tuscola_Cat_SUMM_017.jpeg","Tuscola_Cat_SUMM_016.jpeg"
59106693,"L15489","155637735","STJOSEPH","STEWART",2,"September",1952,2,"September",1952,"medium","medium","medium","medium",NA,NA,NA,NA,NA,24.282,NA,NA,NA,NA,NA,NA,NA,1,NA,NA,NA,NA,NA,NA,NA,NA,NA,NA,NA,NA,NA,NA,NA,NA,NA,3.048,NA,NA,25.556,NA,7.222,NA,7.6,NA,NA,NA,3.4,NA,0,0,0,0,0,1,0,0,0,0,0,0,0,0,0,0,0,0,0,0,0,1,0,0,0,0,0,0,0,0,0,0,0,0,NA,"StJoseph_Stewart_SUMM_004.jpeg","StJoseph_Stewart_SUMM_003.jpeg"
59106694,"L19467","155637493","STJOSEPH","PRARIERIVER",26,"June",1941,27,"June",1941,"heavy","heavy","heavy","heavy",NA,NA,17.373,2.591,NA,55.038,NA,25,NA,1,NA,1,NA,40,NA,0,NA,NA,207,223,NA,1.63,NA,NA,"no",NA,NA,"none",NA,NA,"yes",3.048,9.144,NA,25,28.333,7.1,NA,7.8,9.1,NA,NA,1.1,0,0,0,1,0,1,1,1,1,1,0,1,0,0,0,0,0,1,0,0,0,0,1,1,0,1,1,0,1,1,0,0,1,0,1,"green_sunfish_warmouth; redhorse_hog_molly_carp; shortnose_gar","StJoseph_PrarieRiver_SUMM_022.jpeg","StJoseph_PrarieRiver_SUMM_021.jpeg"
59106695,"L24156","155636192","VANBUREN","BAKERSONS",30,"August",1961,NA,NA,NA,"medium","medium","medium","medium",NA,NA,12.496,NA,NA,84.986,NA,NA,NA,1,NA,NA,NA,70,NA,NA,NA,NA,65,90,NA,NA,NA,NA,NA,NA,NA,NA,NA,NA,NA,2.743,10.667,NA,24.444,NA,11.667,NA,8.8,8,8,0,0,NA,0,0,0,0,0,1,0,0,0,0,0,0,0,0,0,0,0,0,0,0,0,1,0,0,0,1,0,0,0,0,0,0,0,1,NA,"VanBuren_Bakersons_SUMM_077.jpeg","VanBuren_Bakersons_SUMM_076.jpeg"
59106696,"L14587","155637530","STJOSEPH","LITTLEFISH",28,"June",1941,1,"July",1941,"heavy","heavy","heavy","heavy",NA,NA,10.667,2.286,NA,12.626,NA,35,NA,0,NA,0,NA,6,NA,0,NA,NA,171,202,NA,1.24,NA,NA,"no",NA,NA,"none",NA,NA,"yes",3.048,8.382,NA,26.7,30.5,9.4,NA,8,8.2,NA,NA,1.6,2.7,0,0,1,0,1,1,1,1,0,0,0,0,0,0,1,0,0,0,0,0,0,1,1,0,1,1,0,1,0,0,0,1,0,1,"green_sunfish_warmouth_bass; skipjacks_log_perch_skipjacks; redhorse_carp; shortnose_gar","StJoseph_LittleFish_SUMM_010.jpeg","StJoseph_LittleFish_SUMM_009.jpeg"
59106697,"L32035","155637182","STJOSEPH","MUD",27,"July",1953,28,"July",1953,"light","none","light","none",NA,NA,3.048,1.905,NA,32.376,NA,100,NA,0,NA,0,NA,0,NA,0,NA,NA,90,NA,NA,NA,NA,NA,"no",NA,NA,"no",NA,NA,NA,NA,NA,NA,29.444,NA,28.889,NA,7.9,8.1,NA,NA,NA,NA,0,0,0,1,0,1,0,0,0,0,0,0,1,0,0,0,1,0,0,0,1,1,0,0,0,1,0,0,0,0,0,0,0,1,"chubsucker","StJoseph_Mud_SUMM_006.jpeg","StJoseph_Mud_SUMM_005.jpeg"
59106698,"L16502","155637764","STJOSEPH","MINNEWAUKON",11,"July",1938,15,"July",1938,"light","light","light","verylittle",NA,NA,9.753,4.419,3.734,51.153,NA,79,NA,2,NA,0,NA,26,NA,0,NA,NA,73,105,NA,1.5,NA,NA,NA,NA,NA,NA,NA,NA,"yes",4.419,3.657,NA,27.2,30.1,18.8,26,8.3,8.8,NA,NA,0.9,5.6,0,0,0,1,1,1,1,0,0,0,0,0,1,0,0,0,0,0,0,0,0,1,0,0,1,1,0,0,0,0,0,0,0,1,"green_sunfish_medium_bass; blackchin_minnow; handwritten_unclear","StJoseph_Minnewaukon_SUMM_004.jpeg","StJoseph_Minnewaukon_SUMM_003.jpeg"
59106699,"L26009","155637282","STJOSEPH","KAISER",28,"July",1953,30,"July",1953,"medium","light","medium","light",NA,NA,4.267,2.438,NA,29.947,NA,100,NA,2,NA,1,NA,2,NA,0,NA,NA,90,NA,NA,NA,NA,NA,NA,NA,NA,NA,NA,NA,"no",NA,NA,NA,27.778,NA,27.222,NA,8.8,5.3,NA,NA,NA,NA,1,0,0,1,1,1,1,0,1,0,0,0,1,0,0,0,1,1,1,0,1,1,0,0,0,1,0,0,0,0,0,1,0,1,"grass_pickerel_green_sunfish","StJoseph_Kaiser_SUMM_006.jpeg","StJoseph_Kaiser_SUMM_005.jpeg"
59106700,NA,NA,"STJOSEPH","GREY",26,"August",1954,26,"August",1954,"medium","light","medium","light",NA,NA,11.582,4.267,NA,16.188,NA,15,NA,1,NA,0,NA,20,NA,0,NA,NA,141,146,NA,NA,NA,NA,"no",NA,"no","no",NA,"none",NA,4.572,9.144,NA,24.556,NA,10,NA,6.6,NA,6.3,1.3,0,NA,0,0,1,0,0,1,0,0,0,0,0,0,0,0,0,0,0,0,0,0,0,1,0,0,0,0,0,0,0,0,0,0,0,1,"crappies","StJoseph_Grey_SUMM_012.jpeg","StJoseph_Grey_SUMM_011.jpeg"
59106701,"L29664","155636695","STJOSEPH","FISHERS",26,"August",1954,NA,"August",NA,"light","light","light","light",NA,NA,11.277,2.743,NA,161.878,NA,25,NA,2,NA,2,NA,75,NA,0,NA,NA,NA,NA,NA,NA,NA,NA,NA,NA,NA,NA,NA,NA,NA,7.62,10.667,NA,24.5,NA,15.167,NA,8,7.4,4,0.5,NA,NA,0,0,0,0,0,1,0,0,0,0,0,0,0,0,0,0,0,0,0,0,0,1,0,0,1,1,0,0,0,0,0,0,0,1,"gar","StJoseph_Fishers_SUMM_006.jpeg","StJoseph_Fishers_SUMM_005.jpeg"
59106702,"L28504","155638790","STJOSEPH","FISH",25,"May",1955,25,"May",1955,"medium","light","medium","light",NA,NA,14.934,NA,NA,60.704,NA,30,NA,1,NA,NA,NA,40,NA,NA,NA,NA,NA,NA,NA,NA,NA,NA,"no",NA,NA,"no",NA,NA,NA,NA,NA,NA,20,NA,NA,NA,NA,NA,NA,NA,NA,NA,0,0,0,0,0,1,0,0,0,0,0,0,0,0,0,0,0,0,0,0,0,1,0,0,1,0,0,0,0,1,0,0,0,1,"warmouth","StJoseph_Fish_SUMM_002.jpeg","StJoseph_Fish_SUMM_001.jpeg"
59106703,"L14589","155637313","STJOSEPH","EBERHARD",30,"June",1941,1,"July",1941,"heavy","heavy","heavy","heavy",NA,NA,9.144,3.81,NA,15.378,NA,35,NA,0,NA,0,NA,9,NA,0,NA,NA,116,161,NA,1.3,0.914,NA,"yes",NA,"no","road fill and culvert",NA,"little or none","yes",3.81,9.144,"yes",26.7,NA,13.4,NA,8,12.8,NA,NA,0.6,NA,0,0,1,0,1,1,1,1,0,0,1,0,0,0,0,1,0,0,0,0,1,1,0,0,0,1,0,0,0,0,0,0,1,1,"warmouth; skipjack; shortnose_gar","StJoseph_Eberhard_SUMM_014.jpeg","StJoseph_Eberhard_SUMM_013.jpeg"
59106704,"L29995","155637270","STJOSEPH","COREY",22,"July",1953,30,"July",1953,"heavy","medium","heavy","medium",NA,NA,24.383,3.404,NA,254.958,NA,25,NA,6,NA,9,NA,145,NA,0,NA,NA,129,NA,NA,NA,NA,NA,"yes",NA,"no","yes, in outlet to st. joseph river",NA,"little",NA,6.705,10.667,NA,27.778,NA,8.333,NA,8.5,7.5,6.9,5.1,5.3,1.9,1,0,0,0,0,1,1,0,1,0,1,0,0,0,0,0,1,1,1,1,1,1,0,0,0,0,1,0,1,0,0,1,1,1,"sand_shiner_hornyhead_chub","StJoseph_Corey_SUMM_002.jpeg","StJoseph_Corey_SUMM_001.jpeg"
59106706,"L11668","148710043","SHIAWASSEE","HOPKINS",22,"July",1941,22,"July",1941,"heavy","heavy","heavy","heavy",NA,NA,7.01,1.676,NA,3.197,NA,25,NA,0,NA,0,NA,0,NA,0,NA,NA,165,264,NA,1.07,NA,NA,"no",NA,NA,"none",NA,NA,"yes",2.286,6.096,NA,23.3,NA,7.7,NA,7.8,8,NA,NA,0,NA,0,0,1,0,0,1,0,0,0,0,0,0,1,0,0,0,1,0,0,0,1,1,0,0,1,1,0,0,0,0,0,1,0,0,"mud_pickerel","Shiawassee_Hopkins_SUMM_023.jpeg","Shiawassee_Hopkins_SUMM_022.jpeg"
59106707,"L23310","{75399210-3C6D-477A-A1E4-20635EE289A6}","SCHOOLCRAFT","TWIN",4,"August",1966,4,"August",1966,"light","light","light","light",NA,NA,11.887,NA,NA,11.331,NA,65,NA,NA,NA,NA,NA,0,NA,NA,NA,NA,NA,NA,NA,NA,NA,NA,NA,NA,NA,NA,NA,NA,"yes",3.048,7.62,NA,21.667,NA,15.556,NA,11,NA,9,NA,1,NA,0,0,0,0,0,1,0,0,0,0,0,0,0,0,0,0,1,0,0,0,0,1,0,0,0,1,0,0,0,0,0,0,0,0,NA,"Schoolcraft_Twin_SUMM_028.jpeg","Schoolcraft_Twin_SUMM_027.jpeg"
59106708,"L26469","44362082","SCHOOLCRAFT","WORCHESTER",15,"December",1959,NA,"December",NA,"light","light","light","light",NA,NA,2.133,NA,NA,50.182,NA,100,NA,NA,NA,NA,NA,4,NA,NA,NA,NA,NA,NA,NA,NA,NA,NA,"yes",NA,"no","decadent beaver dam",NA,"none",NA,NA,NA,NA,NA,NA,NA,NA,NA,NA,NA,NA,NA,NA,0,0,0,0,0,0,0,0,0,0,0,0,0,0,0,0,0,0,0,0,0,0,0,0,1,0,0,0,0,0,0,0,0,1,"minnows","Schoolcraft_Worchester_SUMM_016.jpeg","Schoolcraft_Worchester_SUMM_015.jpeg"
59106709,"L35206","44365440","SCHOOLCRAFT","TRIANGLE",6,"August",1957,7,"August",1957,"medium","none","medium","none",NA,NA,9.144,NA,NA,67.179,NA,NA,NA,NA,NA,NA,NA,NA,NA,NA,NA,NA,41,46,"purple",NA,NA,NA,"yes",NA,NA,"beaver dam",NA,NA,"yes",6.096,NA,NA,23.5,NA,16.8,NA,6.1,NA,4.6,NA,NA,NA,0,0,1,0,0,1,0,0,0,0,0,0,0,0,0,0,0,0,0,0,0,1,0,0,1,0,0,0,0,0,0,1,0,1,"minnow","Schoolcraft_Triangle_SUMM_028.jpeg","Schoolcraft_Triangle_SUMM_027.jpeg"
59106710,"L33051","44365160","SCHOOLCRAFT","TIMIJON",6,"July",1953,16,"August",1953,"light",NA,"light",NA,NA,NA,12.801,2.743,NA,0.809,NA,NA,NA,NA,NA,NA,NA,0,NA,NA,NA,NA,NA,NA,NA,NA,NA,NA,NA,NA,NA,NA,NA,NA,NA,4.572,NA,NA,22.222,NA,7.222,NA,6.5,NA,6,NA,0,NA,0,0,0,0,0,0,0,0,0,0,0,0,0,0,0,0,0,0,0,0,0,0,0,0,0,0,0,0,0,0,0,0,0,1,NA,"Schoolcraft_Timijon_SUMM_014.jpeg","Schoolcraft_Timijon_SUMM_013.jpeg"
59106711,"L33291","44366290","SCHOOLCRAFT","THUNDER",17,"May",1983,20,"May",1983,"medium","light","medium","light",NA,NA,6.096,3.048,3.657,137.596,NA,70,NA,NA,NA,2,NA,45,NA,NA,NA,NA,NA,NA,NA,1.8,NA,NA,"no",NA,NA,"no",NA,NA,NA,NA,NA,NA,NA,NA,NA,NA,NA,NA,NA,NA,NA,NA,0,1,1,0,0,1,0,0,0,0,1,0,0,0,0,0,0,0,0,0,0,1,0,0,1,1,0,1,1,0,1,1,0,1,NA,"Schoolcraft_Thunder_SUMM_026.jpeg","Schoolcraft_Thunder_SUMM_025.jpeg"
59106712,"L33291","44366290","SCHOOLCRAFT","THUNDER",12,"August",1937,NA,"August",NA,NA,NA,NA,NA,"yes","permitted",6.096,3.657,NA,194.253,NA,NA,NA,NA,NA,NA,NA,NA,NA,NA,NA,"dishnearis resort (bait for sale excellent 50 c meals 77 cottages for rent. franke's resort few cottages and 67 boats for rent)",80,82,NA,NA,NA,NA,"no",NA,NA,"no",NA,NA,NA,NA,NA,NA,25,NA,17.8,17.8,10.8,NA,NA,NA,10.6,NA,1,0,0,1,1,1,1,0,0,1,1,0,0,0,0,1,1,0,1,1,0,1,0,1,1,0,0,1,1,0,1,1,0,1,"sun_sunfish; strawcolored_shiner_spot_tail_shiner_spottail_shiner_least_darter_mud_minnow_cottus_northern_creek_chub","Schoolcraft_Thunder_SUMM_002.jpeg","Schoolcraft_Thunder_SUMM_001.jpeg"
59106713,"L33291","44366290","SCHOOLCRAFT","THUNDER",8,"August",1968,8,"August",1968,"heavy",NA,"heavy",NA,NA,NA,6.096,3.048,NA,194.253,NA,NA,NA,2,NA,2,NA,30,NA,0,NA,NA,119.7,NA,NA,1.57,NA,NA,"no",NA,NA,"none",NA,NA,"no",NA,NA,NA,21.667,NA,10,71,11,NA,NA,NA,NA,NA,0,1,0,0,0,1,0,0,0,0,1,0,0,0,0,0,0,0,0,0,0,1,0,0,1,1,0,0,0,0,1,1,0,1,"black_bullhead_brown_bullhead","Schoolcraft_Thunder_SUMM_020.jpeg","Schoolcraft_Thunder_SUMM_019.jpeg"
59106714,"L23237","44361630","SCHOOLCRAFT","TAYLOR",5,"September",1946,NA,"September",NA,"light",NA,"light",NA,NA,NA,2.438,2.286,NA,4.937,NA,100,NA,0,NA,0,NA,0,NA,0,NA,NA,4,NA,NA,NA,NA,NA,NA,NA,NA,NA,NA,NA,"no",NA,NA,NA,16.8,NA,16.4,NA,NA,NA,NA,NA,NA,NA,0,0,0,0,0,0,0,0,0,0,0,0,0,0,0,0,0,0,0,0,0,0,0,0,0,0,0,0,0,0,0,0,0,1,NA,"Schoolcraft_Taylor_SUMM_004.jpeg","Schoolcraft_Taylor_SUMM_003.jpeg"
59106715,"L33135","44365648","SCHOOLCRAFT","THREEISLAND",16,"August",1967,17,"August",1967,"light",NA,"light",NA,NA,NA,4.572,NA,NA,22.258,NA,95,100,0,NA,0,NA,7,NA,0,NA,NA,41,47,NA,NA,NA,NA,NA,NA,NA,NA,NA,NA,"no",NA,NA,NA,33.333,NA,19.444,NA,9,NA,NA,NA,NA,NA,0,0,1,0,0,1,1,0,0,0,0,0,0,0,0,0,0,0,0,0,0,1,0,0,1,1,0,1,0,0,0,0,0,0,NA,"Schoolcraft_ThreeIsland_SUMM_002.jpeg","Schoolcraft_ThreeIsland_SUMM_001.jpeg"
59106716,"L26890","44361968","SCHOOLCRAFT","SUNKEN",5,"September",1958,NA,"September",NA,"light",NA,"light",NA,NA,NA,4.572,NA,NA,4.047,NA,75,NA,NA,NA,NA,NA,NA,NA,NA,NA,NA,15,NA,"purple",NA,NA,NA,NA,NA,NA,NA,NA,NA,NA,NA,NA,NA,18.333,NA,17.778,NA,8.5,8.7,NA,NA,NA,NA,0,0,0,0,0,1,0,0,0,0,0,0,0,0,0,0,0,0,0,0,0,1,0,0,0,0,0,0,0,0,0,0,0,1,"minnows","Schoolcraft_Sunken_SUMM_002.jpeg","Schoolcraft_Sunken_SUMM_001.jpeg"
59106717,"L25318","44361618","SCHOOLCRAFT","SPRING",17,"October",1959,17,"October",1959,"light","none","light","none",NA,NA,2.438,NA,NA,0.809,NA,100,NA,0,NA,0,NA,0,NA,0,NA,NA,NA,NA,NA,NA,0.305,NA,"yes",NA,"no","sheet piling (1951 lsi)",NA,"none",NA,NA,NA,NA,NA,NA,NA,NA,NA,NA,NA,NA,NA,NA,0,0,0,0,0,0,0,0,0,1,0,0,0,0,0,0,0,0,0,0,0,0,0,0,0,0,0,0,0,0,0,0,0,0,NA,"Schoolcraft_Spring_SUMM_004.jpeg","Schoolcraft_Spring_SUMM_003.jpeg"
59106718,"L36123","44364946","SCHOOLCRAFT","STUEBEN",11,"July",1960,12,"July",1960,"medium","light","lighttomedium","lightspearing",NA,NA,18.287,NA,NA,55.848,NA,30,NA,0,NA,NA,NA,10,NA,NA,NA,NA,4,5,NA,NA,NA,NA,"no",NA,NA,"no",NA,NA,NA,4.572,9.144,NA,25.556,NA,7.778,NA,7.2,4.2,4.2,3.3,3.3,0.2,0,0,0,0,0,0,0,0,0,0,0,0,0,0,0,1,1,0,0,0,0,0,0,0,1,1,0,1,1,0,0,1,0,1,"ps_sunfish; black_nosed_dace","Schoolcraft_Stueben_SUMM_004.jpeg","Schoolcraft_Stueben_SUMM_003.jpeg"
59106719,"L31539","44361740","SCHOOLCRAFT","SECTIONSEVEN",24,"August",1950,25,"August",1950,"light",NA,"light",NA,NA,NA,3.657,NA,NA,3.238,NA,NA,NA,NA,NA,NA,NA,0,NA,NA,NA,NA,NA,NA,NA,1,NA,NA,NA,NA,NA,NA,NA,NA,NA,NA,NA,NA,16.111,17.778,NA,NA,NA,NA,NA,NA,NA,NA,0,0,0,0,0,0,0,0,0,1,0,0,0,0,0,0,0,0,0,0,0,0,0,0,0,0,0,0,0,0,0,0,0,0,NA,"Schoolcraft_SectionSeven_SUMM_002.jpeg","Schoolcraft_SectionSeven_SUMM_001.jpeg"
59106720,"L31539","44361740","SCHOOLCRAFT","SECTIONSEVEN",5,"November",1957,5,"November",1957,"medium",NA,"lighttomedium",NA,NA,NA,3.657,NA,NA,2.023,NA,NA,NA,0,NA,0,NA,0,NA,0,NA,NA,NA,NA,NA,NA,NA,NA,NA,NA,NA,NA,NA,NA,NA,NA,NA,NA,NA,NA,NA,NA,NA,NA,NA,NA,NA,NA,0,0,0,0,0,0,0,0,0,1,0,0,0,0,0,0,0,0,0,0,0,0,0,0,0,0,0,0,0,0,0,0,0,0,NA,"Schoolcraft_SectionSeven_SUMM_004.jpeg","Schoolcraft_SectionSeven_SUMM_003.jpeg"
59106721,"L34517","44363950","SCHOOLCRAFT","SAND",28,"August",1957,29,"August",1957,"light",NA,"lightforbassmostly",NA,NA,NA,9.144,NA,NA,42.898,NA,NA,NA,NA,NA,NA,NA,3,NA,NA,NA,NA,4,5,"purple",NA,NA,NA,NA,NA,NA,NA,NA,NA,NA,NA,NA,NA,19.4,NA,15.3,NA,8.2,5.4,NA,NA,NA,NA,0,0,0,0,0,0,0,0,0,0,0,0,0,0,0,0,0,0,0,0,0,0,0,0,0,1,0,0,1,0,0,1,0,1,"ps_sunfish","Schoolcraft_Sand_SUMM_014.jpeg","Schoolcraft_Sand_SUMM_013.jpeg"
59106722,"L34517","44363950","SCHOOLCRAFT","SAND",13,"July",1953,14,"July",1953,"light","none","light","none",NA,NA,9.144,NA,NA,42.979,NA,50,NA,NA,NA,NA,NA,4,NA,NA,NA,NA,NA,NA,NA,NA,NA,NA,NA,NA,NA,NA,NA,NA,NA,NA,NA,NA,22.222,NA,NA,NA,NA,NA,NA,NA,NA,NA,0,0,0,0,0,1,0,0,0,0,0,0,0,0,0,0,0,0,0,0,0,1,0,0,1,0,0,0,1,0,1,1,0,1,"shiners_mud_minnows_darters; fingerlings","Schoolcraft_Sand_SUMM_012.jpeg","Schoolcraft_Sand_SUMM_011.jpeg"
59106723,"L33567","44365282","SCHOOLCRAFT","RIVERSLOUGH",21,"July",1953,NA,"July",NA,"none","none","none","none",NA,NA,1.219,NA,NA,2.023,NA,NA,NA,NA,NA,NA,NA,0,NA,NA,NA,NA,NA,NA,NA,NA,0.61,NA,"yes",NA,NA,"beaver dam",NA,NA,"no",NA,NA,NA,25.556,NA,25.556,NA,6.5,7.5,NA,NA,NA,NA,0,0,0,0,0,0,0,0,0,0,0,0,0,0,0,0,0,0,0,0,0,0,0,0,0,0,0,0,0,0,0,0,0,0,"minnows_not_specified","Schoolcraft_RiverSlough_SUMM_004.jpeg","Schoolcraft_RiverSlough_SUMM_003.jpeg"
59106724,"L23089","44361882","SCHOOLCRAFT","ROSS",10,"July",1974,NA,"July",NA,"medium","light","medium","light",NA,NA,6.096,NA,NA,79.32,NA,60,NA,0,NA,0,NA,5,NA,0,NA,NA,51.3,85.5,NA,NA,NA,NA,"no",NA,NA,"none",NA,NA,NA,2.743,4.572,NA,23.889,NA,16.111,NA,9.5,NA,9,5,2.5,NA,0,1,0,0,0,1,1,0,0,0,0,0,0,0,0,0,0,0,0,0,0,0,0,0,1,1,0,1,0,0,0,1,0,1,"ps_sunfish","Schoolcraft_Ross_SUMM_014.jpeg","Schoolcraft_Ross_SUMM_013.jpeg"
59106725,"L23089","44361882","SCHOOLCRAFT","ROSS",10,"July",1974,NA,NA,NA,"medium","light","medium","light",NA,NA,6.096,NA,NA,79.32,NA,60,NA,NA,NA,NA,NA,14,NA,NA,NA,NA,51.3,85.5,NA,NA,NA,NA,"no",NA,NA,"none",NA,NA,NA,2.743,4.572,NA,23.889,NA,16.111,NA,9.5,NA,9,5,2.5,NA,0,1,0,0,0,1,1,0,0,0,0,0,0,0,0,0,0,0,0,0,0,0,0,0,1,1,0,1,0,0,0,1,0,1,"sunfish","Schoolcraft_Ross_SUMM_010.jpeg","Schoolcraft_Ross_SUMM_009.jpeg"
59106726,"L32136","44365608","SCHOOLCRAFT","RIM",13,"June",1972,13,"June",1972,"light","light","light","light",NA,NA,5.181,NA,NA,4.047,NA,95,NA,NA,NA,NA,NA,0,NA,NA,NA,NA,9,0,NA,NA,NA,NA,"no",NA,NA,"none",NA,NA,NA,3.657,4.572,NA,16.667,NA,10,NA,8.5,NA,8.5,7.5,7,NA,0,0,0,0,0,0,0,0,0,0,0,0,0,0,0,0,0,0,0,0,0,0,0,0,0,0,0,0,0,0,0,0,0,1,NA,"Schoolcraft_Rim_SUMM_026.jpeg","Schoolcraft_Rim_SUMM_025.jpeg"
59106727,"L36912","44366860","SCHOOLCRAFT","QUARRY",8,"September",1948,NA,"September",NA,"none","none","none","none",NA,NA,10.667,NA,NA,1.619,NA,NA,NA,NA,NA,NA,NA,NA,NA,NA,NA,NA,60,85,NA,NA,NA,NA,NA,NA,NA,NA,NA,NA,NA,NA,NA,NA,20.9,20.3,NA,NA,8.6,7.2,7.2,4.3,NA,NA,0,0,0,0,0,0,0,0,0,0,0,0,0,0,0,0,0,0,0,0,0,0,0,0,0,0,0,0,0,0,0,0,0,0,NA,"Schoolcraft_Quarry_SUMM_010.jpeg","Schoolcraft_Quarry_SUMM_009.jpeg"
59106728,"L35526","44364740","SCHOOLCRAFT","PETES",10,"August",1955,17,"August",1955,"medium",NA,"medium",NA,NA,NA,12.191,3.353,NA,60.704,NA,30,NA,0,NA,0,NA,0,NA,0,NA,NA,92,105,NA,NA,NA,NA,"no",NA,NA,"none",NA,NA,NA,7.62,9.144,NA,23.333,24.444,16.389,16.944,6.1,8.4,1.4,7.1,NA,NA,0,0,0,0,0,0,1,0,0,0,0,0,0,0,0,1,0,0,0,0,0,1,0,1,1,1,0,1,1,0,0,1,0,1,"log_logperch","Schoolcraft_Petes_SUMM_006.jpeg","Schoolcraft_Petes_SUMM_005.jpeg"
59106729,"L36912","44366860","SCHOOLCRAFT","QUARRY",28,"July",1955,NA,"July",NA,"light","none","light","none",NA,NA,10.667,NA,NA,1.619,2.023,NA,NA,0,NA,0,NA,0,NA,0,NA,NA,NA,NA,NA,NA,NA,NA,NA,NA,NA,NA,NA,NA,NA,NA,NA,NA,23.8,NA,14.2,NA,7.5,7.6,7.6,9.2,NA,NA,0,0,0,0,0,0,0,0,0,0,0,0,0,0,0,0,0,0,0,0,0,0,0,0,0,0,0,0,0,0,0,0,0,0,NA,"Schoolcraft_Quarry_SUMM_004.jpeg","Schoolcraft_Quarry_SUMM_003.jpeg"
59106730,"L35588","44365074","SCHOOLCRAFT","PEANUT",15,"June",1957,13,"August",1957,"light","none","light","none",NA,NA,6.096,NA,NA,4.654,NA,70,NA,0,NA,0,NA,0,NA,0,NA,NA,6,NA,NA,NA,NA,NA,"no",NA,NA,"none",NA,NA,"no",NA,NA,NA,21.111,NA,22.222,NA,7.2,NA,NA,NA,NA,NA,0,0,0,0,0,0,0,0,0,0,0,0,0,0,0,0,0,0,0,0,0,1,0,0,0,0,0,0,0,0,0,0,0,1,NA,"Schoolcraft_Peanut_SUMM_002.jpeg","Schoolcraft_Peanut_SUMM_001.jpeg"
59106731,"L29942","44361810","SCHOOLCRAFT","NONAME",5,"November",1957,NA,NA,NA,"medium",NA,"lighttomedium",NA,NA,NA,7.62,NA,NA,2.428,NA,75,NA,NA,NA,NA,NA,0,NA,NA,NA,NA,NA,NA,NA,NA,NA,NA,NA,NA,NA,NA,NA,NA,NA,NA,NA,NA,NA,NA,NA,NA,NA,NA,NA,NA,NA,NA,0,0,0,0,0,0,0,0,0,1,0,0,0,0,0,0,0,0,0,0,0,0,0,0,0,0,0,0,0,0,0,0,0,0,NA,"Schoolcraft_NoName_SUMM_006.jpeg","Schoolcraft_NoName_SUMM_005.jpeg"
59106732,"L34413","44364836","SCHOOLCRAFT","NEDS",3,"September",1953,4,"September",1953,"medium","none","medium","none",NA,NA,NA,NA,NA,7.285,NA,40,NA,NA,NA,NA,NA,0,NA,NA,NA,NA,NA,NA,NA,NA,NA,NA,NA,NA,NA,NA,NA,NA,NA,NA,NA,NA,22.222,23.889,NA,NA,NA,NA,NA,NA,NA,NA,0,0,0,0,0,0,0,0,0,1,0,0,0,0,0,0,0,0,0,0,0,0,0,0,0,0,0,1,0,0,0,0,0,0,NA,"Schoolcraft_Neds_SUMM_002.jpeg","Schoolcraft_Neds_SUMM_001.jpeg"
59106733,"L33873","44365476","SCHOOLCRAFT","NINETEENBEAR",29,"July",1952,1,"August",1952,"light",NA,"light",NA,NA,NA,15.239,3.81,NA,10.643,NA,50,NA,0,NA,0,NA,0,NA,0,NA,NA,32,45,NA,NA,NA,NA,NA,NA,NA,NA,NA,NA,"yes",3.657,7.924,NA,22.778,NA,5,NA,8.3,8.4,1.5,14.2,0,1.5,0,0,0,0,0,0,1,0,0,0,0,0,0,0,0,0,0,0,1,0,0,1,0,0,1,0,0,1,0,0,0,0,0,1,"minnows","Schoolcraft_NineteenBear_SUMM_008.jpeg","Schoolcraft_NineteenBear_SUMM_007.jpeg"
59106734,"L32158","44365740","SCHOOLCRAFT","MINERVA",7,"August",1958,8,"August",1958,"medium","none","medium","none",NA,NA,6.096,NA,NA,18.211,NA,50,NA,NA,NA,NA,NA,NA,NA,NA,NA,NA,NA,NA,NA,NA,NA,NA,"yes",NA,NA,"old road grade (?)",NA,NA,NA,NA,NA,NA,25.778,NA,20.389,NA,NA,NA,NA,NA,NA,NA,0,0,0,0,0,1,1,0,0,0,1,0,0,0,0,0,0,0,0,0,0,1,0,0,1,0,0,0,1,0,0,0,0,1,"darter_not_specified","Schoolcraft_Minerva_SUMM_004.jpeg","Schoolcraft_Minerva_SUMM_003.jpeg"
59106735,"L32158","44365740","SCHOOLCRAFT","MINERVA",14,"August",1967,15,"August",1967,"medium",NA,"medium3boatspresent",NA,NA,NA,6.096,NA,NA,18.211,NA,50,NA,NA,NA,NA,NA,0,NA,NA,NA,NA,55,61,NA,NA,NA,NA,"no",NA,NA,"log indicating road grade? ?",NA,"-",NA,NA,NA,NA,20,NA,17.778,NA,8,NA,NA,NA,5,NA,0,1,0,0,0,1,0,0,0,0,0,0,0,0,0,0,0,0,0,0,0,1,0,0,1,1,0,0,0,0,0,0,0,1,NA,"Schoolcraft_Minerva_SUMM_006.jpeg","Schoolcraft_Minerva_SUMM_005.jpeg"
59106736,"L33778","44365572","SCHOOLCRAFT","MIKEWHITE",12,"August",1948,12,"August",1948,"light",NA,"light",NA,NA,NA,1.524,NA,NA,7.285,NA,NA,NA,0,NA,0,NA,0,NA,0,NA,NA,NA,NA,NA,NA,NA,NA,NA,NA,NA,NA,NA,NA,"no",NA,NA,NA,19.444,NA,NA,NA,NA,NA,NA,NA,NA,NA,0,0,0,0,0,0,0,0,0,0,0,0,0,0,0,0,0,0,0,0,0,0,0,0,0,0,0,0,0,0,0,0,0,0,"not_netted_not_suitable_for_trout","Schoolcraft_MikeWhite_SUMM_002.jpeg","Schoolcraft_MikeWhite_SUMM_001.jpeg"
59106737,"L32176","44364916","SCHOOLCRAFT","MCKEEVER",24,"August",1955,26,"August",1955,"medium","light","lighttomedium","light",NA,NA,16.763,4.267,NA,52.61,NA,40,NA,1,NA,NA,NA,NA,NA,NA,NA,NA,50,59,NA,NA,NA,NA,"no",NA,NA,"none",NA,NA,NA,5.486,10.058,NA,23.333,25,6.333,NA,7.5,NA,7.6,NA,NA,NA,0,0,0,0,0,1,1,0,0,0,0,0,0,0,0,1,0,0,1,1,0,1,0,0,1,1,0,1,1,0,0,1,0,1,"log_logperch_least_darter_sculpin","Schoolcraft_McKeever_SUMM_002.jpeg","Schoolcraft_McKeever_SUMM_001.jpeg"
59106738,"L23408","44361692","SCHOOLCRAFT","LOST",24,"August",1950,NA,"August",NA,"light","none","light","none",NA,NA,15.239,NA,NA,2.428,NA,50,NA,NA,NA,NA,NA,NA,NA,1,NA,NA,NA,NA,NA,NA,NA,NA,NA,NA,NA,NA,NA,NA,"yes",4.572,10.667,NA,16.667,NA,7.5,NA,9,1,NA,NA,1,NA,0,0,0,0,0,1,0,0,0,0,0,0,0,0,0,0,0,0,0,0,0,0,0,0,0,0,0,0,0,0,0,0,0,0,NA,"Schoolcraft_Lost_SUMM_002.jpeg","Schoolcraft_Lost_SUMM_001.jpeg"
59106739,"L32133","44364024","SCHOOLCRAFT","LITTLEBOOT",27,"August",1957,28,"August",1957,"medium","none","medium","none",NA,NA,9.144,NA,NA,3.845,NA,85,NA,NA,NA,NA,NA,1,NA,NA,NA,NA,32,40,"purple",NA,NA,NA,NA,NA,NA,NA,NA,NA,NA,6.096,7.62,NA,20.3,NA,13.9,NA,1.4,7.3,NA,NA,NA,NA,0,0,0,0,0,0,0,0,0,0,0,0,0,0,0,0,0,0,0,0,0,1,0,0,1,1,0,0,0,0,0,0,0,0,"ps_sunfish","Schoolcraft_LittleBoot_SUMM_002.jpeg","Schoolcraft_LittleBoot_SUMM_001.jpeg"
59106740,"L32450","44365934","SCHOOLCRAFT","LEG",5,"August",1957,9,"August",1957,"medium",NA,"medium",NA,NA,NA,6.4,3.657,NA,16.188,NA,80,NA,1,NA,1,NA,NA,NA,NA,NA,NA,112,NA,NA,NA,NA,NA,"yes",NA,NA,"somewhat choked up with weeds",NA,NA,NA,2.133,5.791,NA,27.056,NA,11.556,17.222,9.2,NA,9.2,NA,NA,NA,0,0,1,0,0,1,0,0,0,1,0,0,0,0,0,0,1,0,0,0,0,1,0,0,1,1,1,0,0,0,0,1,0,1,NA,"Schoolcraft_Leg_SUMM_012.jpeg","Schoolcraft_Leg_SUMM_011.jpeg"
59106741,"L33058","44363734","SCHOOLCRAFT","LILY",28,"August",1957,29,"August",1957,"light",NA,"light",NA,NA,NA,1.524,NA,NA,58.276,NA,NA,NA,NA,NA,NA,NA,NA,NA,NA,NA,NA,2,NA,"purple",1.25,NA,NA,NA,NA,NA,NA,NA,NA,NA,NA,NA,NA,17.778,NA,NA,NA,5,NA,NA,NA,NA,NA,0,0,0,0,0,0,0,0,0,0,0,0,0,0,0,0,1,0,0,0,0,0,0,0,0,1,0,0,0,0,0,1,0,1,"ps_sunfish","Schoolcraft_Lily_SUMM_010.jpeg","Schoolcraft_Lily_SUMM_009.jpeg"
59106742,"L35374","44365528","SCHOOLCRAFT","LITTLEBASS",5,"August",1957,6,"August",1957,"medium","none","medium","none",NA,NA,5.181,NA,NA,64.751,NA,90,NA,NA,NA,1,NA,5,NA,NA,NA,NA,0,27,"purple",3,NA,NA,NA,NA,NA,NA,NA,NA,NA,NA,NA,NA,23.8,NA,23.1,NA,6.8,7.2,NA,NA,NA,NA,0,0,1,0,0,1,1,0,0,0,0,0,0,0,0,0,0,0,0,1,0,1,0,0,1,1,0,0,0,0,0,0,0,1,NA,"Schoolcraft_LittleBass_SUMM_004.jpeg","Schoolcraft_LittleBass_SUMM_003.jpeg"
59106743,"L34875","44365128","SCHOOLCRAFT","JARR",12,"September",1985,14,"September",1985,"light","light","light","light",NA,NA,NA,1.829,NA,NA,NA,NA,NA,0,NA,0,NA,0,NA,0,NA,NA,10,NA,NA,NA,NA,NA,"no",NA,NA,"none",NA,NA,NA,2.743,4.572,NA,15.556,NA,5.556,NA,8,8,3,8,4,4,0,0,0,0,0,0,0,0,0,0,1,0,0,0,0,0,0,0,0,0,0,0,0,0,1,0,0,0,0,0,0,0,0,0,"unidentified_minnows","Schoolcraft_Jarr_SUMM_004.jpeg","Schoolcraft_Jarr_SUMM_003.jpeg"
59106744,"L34129","44365904","SCHOOLCRAFT","ISLAND",14,"July",1942,14,"July",1942,"heavy","light","mediumtoheavy","light",NA,NA,18.287,NA,NA,43.1,NA,20,25,2,25,2,18,16,NA,0,NA,NA,26,33,NA,NA,NA,NA,NA,NA,NA,NA,NA,NA,"yes",6.096,10.667,NA,22.2,22.5,7.7,7.9,8.1,11.7,NA,NA,0.3,0.8,0,0,0,0,0,1,0,0,0,0,0,0,0,0,0,0,0,0,0,0,0,1,0,0,1,0,0,0,1,0,0,0,0,1,NA,"Schoolcraft_Island_SUMM_004.jpeg","Schoolcraft_Island_SUMM_003.jpeg"
59106745,"L40882","44366918","SCHOOLCRAFT","INDIAN",18,"June",1937,10,"July",1937,NA,NA,NA,NA,"--",NA,5.486,1.219,3.657,3237.556,NA,NA,NA,NA,NA,NA,NA,NA,NA,NA,NA,"little. several parks and small camp sites. few cottages.",74,80,NA,NA,NA,NA,"yes","no",NA,"yes, at manistique","no",NA,NA,NA,NA,NA,18.333,21.111,NA,NA,NA,NA,NA,NA,NA,NA,1,0,0,1,1,1,1,0,0,1,1,0,0,1,0,1,1,0,1,1,0,0,0,0,1,0,0,1,1,0,1,1,0,1,"sunfish; strawcolored_shiner_muddler_stickleback_spottail_mudminnow_log_perch_mud_minnow_catonotus_lineolatus_strawcolored_shiner; moxostoma_cisco","Schoolcraft_Indian_SUMM_346.jpeg","Schoolcraft_Indian_SUMM_345.jpeg"
59106746,"L36439","44365590","SCHOOLCRAFT","HUB",13,"June",1972,13,"June",1972,"light","light","light","light",NA,NA,1.829,NA,NA,6.475,NA,100,NA,NA,NA,NA,NA,0,NA,NA,NA,NA,9,NA,NA,NA,NA,NA,"no",NA,NA,"none",NA,NA,"no",NA,NA,NA,16.667,NA,16.111,NA,6.5,NA,NA,NA,NA,NA,0,0,0,0,0,0,0,0,0,0,0,0,0,0,0,0,0,0,0,0,0,0,0,0,0,0,0,0,0,0,0,0,0,1,NA,"Schoolcraft_Hub_SUMM_002.jpeg","Schoolcraft_Hub_SUMM_001.jpeg"
59106747,"L31148","44362742","SCHOOLCRAFT","HARCOURT",3,"September",1946,NA,"September",NA,"light","none","light","none",NA,NA,5.791,1.067,NA,4.047,NA,NA,NA,0,NA,0,NA,0,NA,0,NA,NA,NA,NA,NA,NA,NA,NA,NA,NA,NA,NA,NA,NA,"yes",3.353,5.791,"yes",17.7,NA,10.2,NA,NA,NA,6.4,NA,NA,NA,0,0,0,0,0,0,0,0,0,0,0,0,0,0,0,0,0,0,0,0,0,0,0,0,0,0,0,0,0,0,0,0,0,0,NA,"Schoolcraft_Harcourt_SUMM_016.jpeg","Schoolcraft_Harcourt_SUMM_015.jpeg"
59106748,"L37803","118045549","SCHOOLCRAFT","GULLIVER",9,"June",1940,17,"June",1940,"medium","light","lighttomedium","verylight",NA,NA,7.924,2.743,3.048,338.527,NA,15,20,1,NA,1,NA,40,NA,0,NA,NA,93,134,NA,1.34,NA,NA,"no",NA,NA,"none",NA,NA,"no",NA,NA,NA,17.8,NA,16.2,NA,8,8.5,NA,NA,8,NA,0,0,0,0,0,0,1,0,0,0,0,0,0,1,0,1,0,0,0,0,0,0,0,0,1,1,0,1,1,0,1,1,0,1,"notropis_vol_abundant_northern_minnow_abundant_shiner_abundant","Schoolcraft_Gulliver_SUMM_290.jpeg","Schoolcraft_Gulliver_SUMM_289.jpeg"
59106749,"L33057","44364984","SCHOOLCRAFT","GREENBASS",16,"June",1957,17,"June",1957,"light","light","light","verylight",NA,NA,12.191,3.962,4.267,14.569,NA,20,NA,NA,NA,NA,NA,2,NA,1,1,NA,12,NA,NA,NA,NA,NA,"no",NA,"no","none",NA,"none",NA,NA,NA,NA,18.889,NA,16.111,NA,8.6,9.1,NA,NA,NA,NA,0,0,0,0,0,1,0,0,0,1,0,0,0,0,0,0,0,0,0,0,0,1,0,0,0,0,0,0,0,0,0,0,0,1,NA,"Schoolcraft_GreenBass_SUMM_002.jpeg","Schoolcraft_GreenBass_SUMM_001.jpeg"
59106750,"L32234","44364870","SCHOOLCRAFT","GRASSY",17,"August",1955,24,"August",1955,"medium",NA,"mediumtolight",NA,NA,NA,9.144,4.267,NA,71.226,NA,75,NA,NA,NA,0,NA,0,NA,0,NA,NA,71,74,NA,NA,NA,NA,"no",NA,NA,"none, except road bridge",NA,NA,NA,5.181,7.315,NA,22.778,26.111,15.833,NA,8.5,6.6,0,5.7,0,NA,0,0,0,0,0,1,1,0,0,0,1,0,0,0,0,1,1,0,1,1,0,1,0,1,1,1,0,1,0,0,0,1,0,1,NA,"Schoolcraft_Grassy_SUMM_002.jpeg","Schoolcraft_Grassy_SUMM_001.jpeg"
59106751,"L28405","44361944","SCHOOLCRAFT","FOLLY",22,"August",1952,NA,"August",NA,NA,NA,NA,NA,NA,NA,4.572,NA,NA,8.094,NA,95,NA,NA,NA,NA,NA,0,NA,NA,NA,NA,NA,NA,NA,NA,NA,NA,NA,NA,NA,NA,NA,NA,NA,NA,NA,NA,NA,NA,15.556,NA,NA,NA,NA,NA,NA,NA,0,0,0,0,0,0,0,0,0,0,0,0,0,0,0,0,0,0,0,0,0,0,0,0,0,0,0,0,0,0,0,0,0,0,NA,"Schoolcraft_Folly_SUMM_004.jpeg","Schoolcraft_Folly_SUMM_003.jpeg"
59106752,"L27747","44361778","SCHOOLCRAFT","GEMINI",30,"July",1957,31,"July",1957,"medium","none","medium ","none",NA,NA,6.096,NA,NA,45.73,NA,80,NA,0,NA,NA,NA,2,NA,NA,NA,NA,3,4,"purple",NA,NA,NA,"yes",NA,"yes","beaver dam",NA,"none except poss. spring spawning movement",NA,NA,NA,NA,24.444,NA,NA,NA,6.9,4.8,NA,NA,NA,NA,0,0,0,0,0,1,1,0,0,0,0,0,0,0,0,0,1,0,1,0,0,0,0,0,1,1,0,0,1,0,1,1,0,1,"darters","Schoolcraft_Gemini_SUMM_002.jpeg","Schoolcraft_Gemini_SUMM_001.jpeg"
59106753,"L31734","44361028","SCHOOLCRAFT","EWALT",30,"July",1969,30,"July",NA,"light",NA,"light",NA,NA,NA,4.877,3.657,NA,4.856,NA,95,NA,0,NA,0,NA,0,NA,0,NA,NA,17.1,34.2,NA,1.2,NA,NA,NA,NA,NA,NA,NA,NA,NA,NA,NA,NA,22.778,NA,20.556,NA,6,8,NA,NA,NA,NA,0,0,0,0,0,0,0,0,0,0,0,0,0,0,0,0,0,0,0,0,0,0,0,0,0,0,0,0,0,0,0,0,0,1,NA,"Schoolcraft_Ewalt_SUMM_006.jpeg","Schoolcraft_Ewalt_SUMM_005.jpeg"
59106754,"L36374","44365254","SCHOOLCRAFT","EAST",12,"July",1962,29,"August",1962,"medium","none","medium","none",NA,NA,6.096,NA,NA,22.137,NA,95,NA,NA,NA,NA,NA,1,NA,NA,NA,NA,58,65,"purple",NA,NA,NA,NA,NA,NA,NA,NA,NA,NA,NA,NA,NA,23.333,NA,NA,NA,8.7,3.1,NA,NA,NA,NA,0,0,0,0,0,1,1,0,0,0,1,0,0,0,0,0,1,0,0,1,0,1,0,0,0,1,0,0,1,0,0,1,0,1,"darters","Schoolcraft_East_SUMM_002.jpeg","Schoolcraft_East_SUMM_001.jpeg"
59106755,"L36068","{4A8FD889-A2CF-44AE-9DF3-86D4630604DF}","SCHOOLCRAFT","DEEP",11,"June",1975,12,"June",1975,"medium","none","medium","none",NA,NA,12.191,NA,NA,14.164,NA,10,NA,1,NA,1,NA,10,NA,0,NA,NA,88,NA,NA,NA,NA,NA,"no",NA,NA,"no",NA,NA,NA,NA,NA,NA,18.333,NA,NA,NA,7,NA,5.3,NA,0,NA,0,1,0,0,0,1,0,0,0,0,0,0,0,0,0,0,0,0,0,0,0,0,0,0,1,1,0,1,1,0,0,1,0,0,"various_minnow_sucker","Schoolcraft_Deep_SUMM_002.jpeg","Schoolcraft_Deep_SUMM_001.jpeg"
59106756,"L27766","44361734","SCHOOLCRAFT","DUTCHFRED",21,"August",1946,22,"August",1946,"medium","none","mediumtolight","none",NA,NA,13.715,2.895,NA,10.927,NA,NA,NA,NA,NA,NA,NA,0,NA,NA,NA,NA,35,NA,NA,NA,NA,NA,NA,NA,NA,NA,NA,NA,"yes",6.096,8.229,NA,19.444,NA,10,NA,NA,NA,NA,NA,0,NA,0,0,0,0,0,0,0,0,0,1,0,0,0,0,0,0,0,0,0,0,0,0,0,0,0,0,0,0,0,0,0,0,0,1,NA,"Schoolcraft_DutchFred_SUMM_002.jpeg","Schoolcraft_DutchFred_SUMM_001.jpeg"
59106757,"L28520","44361538","SCHOOLCRAFT","DARK",7,"September",1955,7,"September",1955,NA,NA,NA,NA,NA,NA,4.877,NA,NA,4.047,NA,70,NA,0,NA,0,NA,0,NA,0,NA,NA,NA,NA,NA,NA,NA,NA,"no",NA,NA,"no",NA,NA,NA,NA,NA,NA,16.667,NA,11.111,NA,NA,NA,NA,NA,NA,NA,0,0,0,0,0,0,0,0,0,0,0,0,0,0,0,0,0,0,0,0,0,0,0,0,0,0,0,0,0,0,0,0,0,0,NA,"Schoolcraft_Dark_SUMM_002.jpeg","Schoolcraft_Dark_SUMM_001.jpeg"
59106758,"L36398","44366070","SCHOOLCRAFT","EAGLE",9,"August",1950,9,"August",1950,"light","none","light","none",NA,NA,4.572,NA,NA,2.428,NA,NA,NA,NA,NA,NA,NA,NA,NA,NA,NA,NA,NA,NA,NA,NA,NA,NA,"yes",NA,NA,"beaver dam",NA,"static at present","no",NA,NA,NA,20.556,NA,15,NA,8.2,8.1,NA,NA,NA,NA,0,0,0,0,0,0,0,0,0,0,0,0,0,0,0,0,0,0,0,0,0,0,0,0,1,0,0,1,0,0,0,1,0,1,"trout_white_suckers","Schoolcraft_Eagle_SUMM_008.jpeg","Schoolcraft_Eagle_SUMM_007.jpeg"
59106759,"L28349","44362040","SCHOOLCRAFT","CUSINO",9,"July",1964,10,"July",1964,"light","none","light","none",NA,NA,10.667,3.353,NA,58.681,NA,100,NA,0,NA,0,NA,0,NA,0,NA,NA,7,8,NA,NA,NA,NA,NA,NA,NA,NA,NA,NA,NA,4.572,6.096,NA,22.222,NA,16.111,NA,8.2,NA,2.3,8.2,3,2.3,1,0,0,0,0,0,0,0,0,0,1,0,0,0,0,0,1,0,0,0,0,0,0,0,1,1,0,0,0,0,0,0,0,1,"longears; mud_minnows","Schoolcraft_Cusino_SUMM_044.jpeg","Schoolcraft_Cusino_SUMM_043.jpeg"
59106760,"L28349","44362040","SCHOOLCRAFT","CUSINO",16,"July",1949,18,"July",1949,"light","none","light","none",NA,NA,10.667,3.048,3.657,56.657,NA,NA,NA,NA,NA,NA,NA,1,NA,NA,NA,NA,2.5,5,NA,NA,NA,NA,NA,NA,NA,NA,NA,NA,"no",NA,NA,NA,22.778,23.889,15.2,NA,7,7.6,NA,NA,3.2,2.1,0,0,0,0,0,0,0,0,0,0,1,0,0,0,0,0,0,0,0,0,0,0,0,0,0,1,0,0,0,0,0,0,0,1,NA,"Schoolcraft_Cusino_SUMM_004.jpeg","Schoolcraft_Cusino_SUMM_003.jpeg"
59106761,"L28349","44362040","SCHOOLCRAFT","CUSINO",20,"July",1942,24,"July",1942,"light","light","light","light",NA,NA,10.972,3.657,NA,56.657,NA,42.8,NA,0,NA,0,NA,0,NA,0,NA,NA,2,4,NA,1.5,NA,NA,"no",NA,NA,"none",NA,NA,"yes",5.486,7.315,NA,21.6,NA,12.8,NA,6.6,7,NA,NA,0,0,1,1,0,0,0,1,0,0,0,0,0,0,0,0,0,0,1,0,0,0,0,0,0,0,1,1,0,0,0,0,0,0,0,1,"mud_minnow","Schoolcraft_Cusino_SUMM_002.jpeg","Schoolcraft_Cusino_SUMM_001.jpeg"
59106762,"L26756","44364544","SCHOOLCRAFT","CRESCENT",22,"August",1957,22,"August",1957,"light",NA,"light",NA,NA,NA,4.267,NA,NA,2.428,NA,NA,NA,NA,NA,NA,NA,NA,NA,NA,NA,NA,147,NA,"purple",NA,NA,NA,"yes",NA,NA,"beaver",NA,NA,NA,NA,NA,NA,23.2,NA,19.5,NA,7,NA,NA,NA,NA,NA,0,0,0,0,0,0,0,0,0,0,0,0,0,0,0,0,0,0,0,0,0,0,0,0,1,0,0,0,0,0,0,0,0,1,"minnows","Schoolcraft_Crescent_SUMM_018.jpeg","Schoolcraft_Crescent_SUMM_017.jpeg"
59106763,"L32750","44364718","SCHOOLCRAFT","CROOKED",8,"September",1966,8,"September",1966,"heavy","light","heavy","light",NA,NA,7.01,NA,NA,76.892,NA,53,NA,1,NA,1,NA,22,NA,NA,NA,NA,102.6,NA,NA,NA,NA,NA,NA,NA,NA,NA,NA,NA,"no",NA,NA,NA,24.444,NA,22.222,NA,10,NA,NA,NA,6.5,NA,0,0,1,0,0,1,1,0,0,0,0,0,0,0,0,0,0,0,0,0,0,1,0,0,1,1,0,0,1,0,0,1,0,1,NA,"Schoolcraft_Crooked_SUMM_016.jpeg","Schoolcraft_Crooked_SUMM_015.jpeg"
59106764,"L26756","44364544","SCHOOLCRAFT","CRESCENT",22,"August",1957,22,"August",1957,"light",NA,"lightoneboat",NA,NA,NA,4.572,NA,NA,3.238,NA,98,NA,NA,NA,NA,NA,NA,NA,NA,NA,NA,147,NA,NA,NA,0.305,NA,"yes",NA,NA,"beaver dam",NA,NA,NA,NA,NA,NA,22.778,NA,NA,NA,NA,NA,NA,NA,NA,NA,0,0,0,0,0,0,0,0,0,0,0,0,0,0,0,0,0,0,0,0,0,0,0,0,1,0,0,0,0,0,0,0,0,1,"minnows","Schoolcraft_Crescent_SUMM_014.jpeg","Schoolcraft_Crescent_SUMM_013.jpeg"
59106765,"L48231","44365716","SCHOOLCRAFT","CORNER",15,"July",1957,17,"July",1957,"heavy","medium","heavy","moderate",NA,NA,13.411,NA,NA,63.294,NA,60,NA,2,NA,2,NA,25,NA,NA,NA,NA,87,NA,NA,NA,NA,NA,"no",NA,NA,"no",NA,NA,NA,3.048,9.144,NA,23.889,NA,9.889,NA,NA,NA,8.9,0.5,0.5,NA,0,0,0,1,1,1,1,0,0,0,1,0,0,0,0,1,1,0,1,1,0,1,0,0,1,1,0,1,1,0,0,1,0,0,"brown_bullheads; common_darters_log_perch","Schoolcraft_Corner_SUMM_012.jpeg","Schoolcraft_Corner_SUMM_011.jpeg"
59106766,"L26756","44364544","SCHOOLCRAFT","CRESCENT",22,"August",1957,12,"December",1959,"light",NA,"lightoneboat",NA,NA,NA,5.181,NA,NA,2.023,NA,98,NA,NA,NA,NA,NA,NA,NA,NA,NA,NA,0,147,"purple",NA,0.305,NA,"yes",NA,NA,"beaver dam - sheet piling barrier 1959",NA,NA,NA,NA,NA,NA,22.778,NA,19.5,NA,7,NA,NA,NA,NA,NA,0,0,0,0,0,0,0,0,0,0,0,0,0,0,0,0,0,0,0,0,0,0,0,0,1,0,0,0,0,0,0,0,0,1,NA,"Schoolcraft_Crescent_SUMM_016.jpeg","Schoolcraft_Crescent_SUMM_015.jpeg"
59106767,"L48231","44365716","SCHOOLCRAFT","CORNER",18,"August",1937,NA,"August",NA,"medium","medium","medium","medium",NA,NA,15.239,2.743,NA,36.908,NA,NA,NA,NA,NA,NA,NA,NA,NA,NA,NA,NA,95,110,NA,1.6,NA,NA,"no",NA,NA,"no",NA,NA,"yes",4.572,5.486,NA,23.889,NA,7.7,NA,9.2,NA,NA,NA,0.3,NA,0,0,0,1,1,1,1,0,0,0,0,0,0,0,0,1,1,0,1,1,0,1,0,0,1,0,0,1,1,0,0,1,0,0,"sunfish; log_perch_mud_minnow_cottus_common_shiner_cottus","Schoolcraft_Corner_SUMM_006.jpeg","Schoolcraft_Corner_SUMM_005.jpeg"
59106768,"L35321","44364252","SCHOOLCRAFT","CLEAR",29,"July",1953,3,"August",1953,"light","none","light","none",NA,NA,15.239,5.486,NA,43.302,NA,25,NA,0,NA,0,NA,1,NA,0,NA,NA,23,30,NA,NA,NA,NA,NA,NA,NA,NA,NA,NA,"yes",6.4,8.839,NA,23.889,NA,16.667,NA,8.5,NA,NA,NA,NA,NA,0,0,0,0,0,0,1,0,0,1,0,1,0,0,0,0,0,0,0,0,0,0,0,0,0,0,0,0,0,0,0,1,0,1,"spot_shiner_shiner_sand_shiner","Schoolcraft_Clear_SUMM_004.jpeg","Schoolcraft_Clear_SUMM_003.jpeg"
59106769,"L48231","44365716","SCHOOLCRAFT","CORNER",15,"July",1957,17,"July",1957,"heavy","medium","heavy","moderate",NA,NA,13.411,NA,NA,63.294,NA,60,NA,2,NA,2,NA,25,NA,NA,NA,NA,87,NA,NA,NA,NA,NA,"no",NA,NA,"no",NA,NA,NA,3.048,9.144,NA,23.889,NA,9.889,NA,8.9,NA,8.9,0.5,0.5,NA,0,0,0,1,1,1,1,0,0,0,0,0,0,0,0,1,1,0,1,1,0,1,0,0,1,1,0,1,1,0,0,1,0,0,"common_log_log_perch","Schoolcraft_Corner_SUMM_010.jpeg","Schoolcraft_Corner_SUMM_009.jpeg"
59106770,"L34015","44365178","SCHOOLCRAFT","COOKSON",29,"July",1957,2,"August",1957,"light","none","light","none",NA,NA,10.058,NA,NA,22.258,NA,60,NA,2,NA,0,NA,0,NA,NA,NA,NA,133,NA,NA,NA,0.914,NA,"yes",NA,"yes","yes",NA,"probably restricts most species",NA,3.048,7.62,NA,22.222,26.111,5.722,5.944,6.8,NA,6.8,NA,0,NA,0,0,0,0,0,1,1,0,0,0,1,0,0,0,0,1,1,0,0,0,0,1,0,0,1,1,0,1,1,0,0,1,0,1,"logperch","Schoolcraft_Cookson_SUMM_002.jpeg","Schoolcraft_Cookson_SUMM_001.jpeg"
59106771,"L32680","44364574","SCHOOLCRAFT","COLWELL",20,"July",1943,23,"July",1943,"medium",NA,"medium",NA,NA,NA,8.229,NA,NA,63.942,NA,90,NA,0,NA,0,NA,0,NA,0,NA,NA,45,46,NA,NA,NA,NA,"no",NA,"no","none",NA,"none","no",NA,NA,NA,22.778,24.444,22.778,NA,7.1,7.4,NA,NA,NA,NA,0,0,1,0,1,1,1,0,0,0,0,0,0,0,0,0,1,0,0,0,0,1,0,0,0,0,0,0,1,0,0,1,0,1,"sunfish_sunfish_few_crappie_not_described_as_black; blacknosed_shiner_youngoftheyear_suckers","Schoolcraft_Colwell_SUMM_086.jpeg","Schoolcraft_Colwell_SUMM_085.jpeg"
59106772,"L35321","44364252","SCHOOLCRAFT","CLEAR",13,"July",1964,14,"July",1964,"medium","light","medium","light",NA,NA,13.106,4.572,NA,43.302,NA,NA,NA,NA,NA,0,NA,0,NA,1,NA,NA,31,47,NA,NA,NA,NA,NA,NA,NA,NA,NA,NA,NA,7.62,10.667,NA,21.111,NA,10.556,NA,7.6,8.7,3,7.9,0,NA,0,0,0,0,0,0,0,0,0,0,0,1,0,0,0,1,0,0,0,0,0,0,0,0,0,0,1,0,0,0,0,1,0,1,NA,"Schoolcraft_Clear_SUMM_002.jpeg","Schoolcraft_Clear_SUMM_001.jpeg"
59106773,"L32514","44363864","SCHOOLCRAFT","BOOT",26,"August",1957,27,"August",1957,NA,NA,NA,NA,NA,NA,7.315,NA,NA,41.684,NA,NA,NA,NA,NA,6,NA,25,NA,NA,NA,NA,34,36,"purple",2,NA,NA,NA,NA,NA,NA,NA,NA,NA,NA,NA,NA,17.778,NA,NA,NA,7.5,5,NA,NA,NA,NA,0,0,0,0,0,1,1,0,0,0,0,0,0,0,0,0,1,0,0,0,0,1,0,0,1,1,0,0,0,0,0,0,0,1,"p_s_sunfish_bg_x_bs_hybrid; darters_some_crayfish","Schoolcraft_Boot_SUMM_006.jpeg","Schoolcraft_Boot_SUMM_005.jpeg"
59106774,"L35629","44364856","SCHOOLCRAFT","BYERS",9,"July",1962,28,"August",1962,"light",NA,"light",NA,NA,NA,4.572,NA,NA,6.961,NA,NA,NA,NA,NA,NA,NA,22,NA,NA,NA,NA,16,NA,"purple",NA,NA,NA,"no",NA,NA,"none",NA,NA,"no",NA,NA,NA,24.444,NA,NA,NA,7.2,NA,NA,NA,NA,NA,0,1,0,0,0,0,1,0,0,0,0,0,0,0,0,0,1,0,0,0,0,1,0,0,1,1,0,0,0,0,0,1,0,1,"minnow","Schoolcraft_Byers_SUMM_008.jpeg","Schoolcraft_Byers_SUMM_007.jpeg"
59106775,"L35230","44365014","SCHOOLCRAFT","BLUSH",11,"July",1962,28,"August",1962,"light","light","light","light",NA,NA,3.657,NA,NA,37.637,NA,100,NA,NA,NA,1,NA,1,NA,NA,NA,NA,53,NA,"purple",NA,NA,NA,"no",NA,NA,"none",NA,NA,NA,NA,NA,NA,25.556,NA,NA,NA,8,NA,NA,NA,NA,NA,0,0,0,0,1,0,1,0,0,0,0,0,0,0,0,0,1,0,0,1,0,0,0,0,1,1,0,0,0,0,0,1,0,1,"p_s_sunfish; golden_shiner_minnows","Schoolcraft_Blush_SUMM_004.jpeg","Schoolcraft_Blush_SUMM_003.jpeg"
59106776,"L27093","44362012","SCHOOLCRAFT","CANOE",29,"July",1969,NA,"July",NA,"medium","light","medium","light",NA,NA,3.353,1.829,NA,13.962,NA,100,NA,0,NA,0,NA,0,NA,0,NA,NA,34.2,51.3,NA,NA,NA,NA,NA,NA,NA,NA,NA,NA,NA,NA,NA,NA,21.667,NA,20.556,NA,NA,NA,NA,NA,NA,NA,0,0,0,0,0,0,0,0,0,0,0,0,0,0,0,0,0,0,0,0,0,0,0,0,1,0,0,0,0,0,0,0,0,1,NA,"Schoolcraft_Canoe_SUMM_012.jpeg","Schoolcraft_Canoe_SUMM_011.jpeg"
59106777,"L33430","44364990","SCHOOLCRAFT","BLUEGILL",10,"July",1962,15,"August",1962,"light",NA,"light",NA,NA,NA,9.753,4.572,6.096,10.927,NA,50,NA,NA,NA,NA,NA,0,NA,NA,NA,NA,1,NA,NA,NA,NA,NA,"no",NA,NA,"no",NA,NA,NA,7.62,9.144,NA,19.444,NA,12.222,NA,8.3,9.3,8.7,1.3,NA,NA,0,0,0,0,0,0,0,0,0,0,0,0,0,0,0,0,0,0,0,0,0,1,0,0,0,0,0,0,0,0,0,0,0,1,NA,"Schoolcraft_Bluegill_SUMM_020.jpeg","Schoolcraft_Bluegill_SUMM_019.jpeg"
59106778,"L36528","44364568","SCHOOLCRAFT","BIGISLAND",16,"August",1954,21,"August",1954,"heavy","light","mediumtoheavy","light",NA,NA,10.667,3.505,NA,52.61,NA,60,NA,0,NA,0,NA,0,NA,0,NA,NA,3,6,NA,NA,NA,NA,"no",NA,NA,"no",NA,NA,NA,NA,NA,NA,20,21.667,15,NA,8.2,NA,2.3,5.7,2.3,5.7,0,0,0,0,0,1,0,0,0,0,0,0,0,0,0,0,0,0,0,0,0,0,0,0,1,1,0,0,1,0,1,0,0,1,NA,"Schoolcraft_BigIsland_SUMM_006.jpeg","Schoolcraft_BigIsland_SUMM_005.jpeg"
59106779,"L32678","44365502","SCHOOLCRAFT","BIGBASS",22,"August",1967,24,"August",1967,"light",NA,"light",NA,NA,NA,NA,NA,NA,129.502,NA,60,NA,0,NA,0,NA,0,NA,0,NA,NA,47,NA,NA,NA,NA,NA,NA,NA,NA,NA,NA,NA,NA,NA,NA,NA,17.778,NA,17.778,NA,NA,NA,NA,NA,NA,NA,0,0,0,0,0,1,0,0,0,0,0,0,0,0,0,0,0,0,0,0,0,1,0,0,1,1,0,1,0,0,0,1,0,1,"ws","Schoolcraft_BigBass_SUMM_002.jpeg","Schoolcraft_BigBass_SUMM_001.jpeg"
59106780,"L10415","152234209","SAGINAW","LINTON",16,"August",1951,21,"August",1951,"heavy",NA,"heavy",NA,NA,NA,6.096,1.219,NA,4.371,NA,60,NA,0,NA,0,NA,0,NA,0,NA,NA,168,186,NA,NA,6.096,NA,"yes",NA,"yes","yes",NA,"prevents fish movement",NA,3.962,5.791,"yes",22.222,23.889,10,NA,9.6,4.1,0.9,0,NA,NA,1,1,0,0,0,0,1,0,0,0,0,0,0,0,1,0,1,0,0,1,0,1,0,0,0,0,0,0,0,0,0,0,0,1,"spottail_shiner; gizzard_shad","Saginaw_Linton_SUMM_050.jpeg","Saginaw_Linton_SUMM_049.jpeg"
59106781,"L35618","44365622","SCHOOLCRAFT","ASHFORD",16,"August",1947,NA,NA,NA,"light","none","verylight","none",NA,NA,12.191,5.486,NA,6.07,NA,2.5,2.7,0,NA,0,NA,1,NA,0,NA,NA,160,220,NA,1.3,NA,NA,NA,NA,NA,NA,NA,NA,"yes",3.962,7.62,NA,26.111,NA,7.222,NA,6.73,7.37,NA,NA,11.38,NA,0,0,0,0,0,1,0,0,0,0,0,0,1,0,0,0,0,0,0,0,0,1,0,0,0,0,0,1,1,0,0,0,0,1,NA,"Schoolcraft_Ashford_SUMM_012.jpeg","Schoolcraft_Ashford_SUMM_011.jpeg"
59106782,"L33547","44364410","SCHOOLCRAFT","BEATON",26,"July",1943,29,"July",1943,"light","none","light","none",NA,NA,12.191,2.591,NA,18.616,NA,50,60,0,NA,0,NA,1,NA,0,NA,NA,54,62,NA,NA,NA,NA,NA,NA,NA,NA,NA,NA,NA,3.048,9.144,NA,23.333,NA,8.889,9,7.2,4.9,4.9,2,0,NA,0,0,0,0,0,0,0,0,0,0,0,0,0,0,0,0,0,0,0,0,0,0,0,0,1,1,0,0,1,0,0,1,0,1,NA,"Schoolcraft_Beaton_SUMM_004.jpeg","Schoolcraft_Beaton_SUMM_003.jpeg"
59106783,"L3214","149759015","ROSCOMMON","DUNHAM",23,"August",1943,24,"August",1943,"light","none","light","none",NA,NA,NA,3.048,NA,8.094,NA,NA,NA,NA,NA,NA,NA,NA,NA,NA,NA,NA,160,164,NA,NA,NA,NA,NA,NA,NA,NA,NA,NA,"no",NA,NA,NA,22.556,NA,17.5,NA,8,NA,NA,NA,NA,NA,0,0,0,0,1,0,0,0,0,1,0,0,0,0,0,0,0,0,0,0,0,0,0,0,0,1,0,0,0,0,0,0,0,1,NA,"Roscommon_Dunham_SUMM_020.jpeg","Roscommon_Dunham_SUMM_019.jpeg"
59106784,"L7611","121857622","ROSCOMMON","HIGGINS",7,"August",1939,25,"August",1939,"medium","light","medium","light",NA,NA,42.975,6.705,8.229,3885.067,NA,33,NA,75,NA,50,NA,500,NA,20,NA,NA,102,124,NA,1.66,0.61,NA,"yes",NA,"yes","yes",NA,"adult game fish can go back and forth, probably stops minnows, fry.","yes",13.715,15.239,NA,21.4,22.8,9.1,7,8.4,9.6,NA,NA,8.2,6.6,0,0,0,0,0,0,1,0,0,0,0,0,0,1,0,0,0,0,0,1,0,0,0,1,1,0,0,1,1,0,1,1,0,1,"miskie_dad_muskie; notropis_deliciosus_n_rubellus_n_whipplii_n_hudsonius; suckers; gar__reported_not_seen","Roscommon_Higgins_SUMM_036.jpeg","Roscommon_Higgins_SUMM_035.jpeg"
59106785,"L1750","121857794","ROSCOMMON","BACKUS",6,"November",1956,NA,"November",NA,"light","light","light","light",NA,NA,1.524,NA,NA,222.582,NA,100,NA,0,NA,0,NA,0,NA,0,NA,NA,NA,NA,NA,NA,1.524,NA,"yes",NA,"yes","yes",NA,"blocks fish moving upstream","no",NA,NA,NA,NA,NA,NA,NA,6.97,NA,NA,NA,NA,NA,0,0,0,0,1,0,1,0,0,0,1,0,0,0,0,0,0,0,0,0,0,0,0,0,1,0,0,0,0,0,0,0,0,1,"various_minnows","Roscommon_Backus_SUMM_002.jpeg","Roscommon_Backus_SUMM_001.jpeg"
59106786,"L3867","155408544","PRESQUEISLE","TOMAHAWK",16,"May",1979,16,"May",1979,"medium","light","medium","verylight",NA,NA,9.753,5.943,NA,16.188,NA,85,NA,0,NA,0,NA,1,NA,0,NA,NA,85.5,NA,NA,NA,NA,NA,"no",NA,NA,"none",NA,NA,NA,3.048,4.267,NA,15,NA,8.333,NA,NA,NA,9,NA,7,NA,0,0,0,0,0,1,0,0,0,0,0,0,1,0,0,0,0,0,0,0,0,1,0,0,1,1,0,1,0,0,0,1,0,1,"minnow_sp; bullheads","PresqueIsle_Tomahawk_SUMM_008.jpeg","PresqueIsle_Tomahawk_SUMM_007.jpeg"
59106787,"L3867","155408544","PRESQUEISLE","TOMAHAWK",31,"August",1933,NA,"August",NA,NA,NA,NA,NA,"yes","permitted",7.62,NA,NA,32.376,NA,NA,NA,NA,NA,NA,NA,NA,NA,NA,NA,"boys camp on state property so not permanent",NA,NA,NA,NA,NA,NA,NA,NA,NA,"----",NA,NA,NA,NA,NA,NA,NA,NA,NA,NA,NA,NA,NA,NA,NA,NA,0,0,0,0,0,0,0,0,0,0,0,0,0,0,0,0,0,0,0,0,0,0,0,0,0,1,0,0,1,0,0,0,0,1,"spot_tailed_minnows","PresqueIsle_Tomahawk_SUMM_006.jpeg","PresqueIsle_Tomahawk_SUMM_005.jpeg"
59106788,"L4873","113469979","PRESQUEISLE","SUNKEN",NA,"April",1926,NA,"April",1926,NA,NA,NA,NA,NA,NA,NA,NA,NA,NA,NA,NA,NA,NA,NA,NA,NA,NA,NA,NA,NA,NA,NA,NA,NA,NA,NA,NA,NA,NA,NA,NA,NA,NA,NA,NA,NA,NA,NA,NA,NA,NA,NA,NA,NA,NA,NA,NA,0,0,0,0,0,0,0,0,0,0,0,0,0,0,0,0,0,1,0,0,0,1,0,0,0,0,0,1,1,0,0,0,1,1,"pickerel; food_minnows","PresqueIsle_Sunken_SUMM_010.jpeg","PresqueIsle_Sunken_SUMM_009.jpeg"
59106789,"L13983","155408521","PRESQUEISLE","SHOEPAC",19,"July",1966,NA,"July",NA,"light",NA,"light",NA,NA,NA,33.526,NA,NA,21.044,NA,NA,NA,NA,NA,NA,NA,3,NA,NA,NA,NA,NA,NA,NA,NA,NA,NA,NA,NA,NA,NA,NA,NA,"yes",2.133,NA,NA,26.111,NA,2.778,NA,8,NA,NA,NA,7,NA,0,0,0,0,0,0,0,0,0,0,0,0,0,0,0,0,0,0,0,0,0,1,0,0,1,0,0,0,0,0,0,0,0,1,NA,"PresqueIsle_Shoepac_SUMM_080.jpeg","PresqueIsle_Shoepac_SUMM_079.jpeg"
59106790,"L12229","122382799","PRESQUEISLE","OCQUEOC",11,"September",1933,11,"September",1933,NA,NA,NA,NA,"yes","permitted",15.239,NA,NA,32.376,NA,NA,NA,NA,NA,NA,NA,NA,NA,NA,NA,NA,NA,NA,NA,NA,NA,NA,"no",NA,NA,"none now",NA,NA,NA,NA,NA,NA,NA,NA,NA,NA,NA,NA,NA,NA,NA,NA,0,0,0,0,0,1,0,0,0,0,0,0,1,0,0,0,0,0,0,0,0,0,0,0,1,0,1,1,1,0,1,1,0,1,"esox_lucius_sunfish; suckers_lawyers","PresqueIsle_Ocqueoc_SUMM_004.jpeg","PresqueIsle_Ocqueoc_SUMM_003.jpeg"
59106791,"L11813","122383011","PRESQUEISLE","LOST",25,"June",1951,29,"June",1951,"heavy",NA,"heavy","na",NA,NA,5.181,3.962,NA,55.848,NA,90,NA,1,NA,1,NA,12,NA,0,NA,NA,23,38,NA,NA,NA,NA,NA,NA,NA,NA,NA,NA,NA,NA,NA,NA,22.222,NA,NA,NA,7.9,NA,NA,NA,8.1,NA,0,0,0,0,1,1,1,0,0,0,0,0,0,0,0,0,0,0,1,0,0,1,0,0,0,1,0,1,0,0,0,0,0,1,NA,"PresqueIsle_Lost_SUMM_038.jpeg","PresqueIsle_Lost_SUMM_037.jpeg"
59106792,"L10873","122382914","PRESQUEISLE","LOTUS",17,"July",1950,18,"July",1950,"light","light","light","light",NA,NA,1.219,1.219,NA,16.188,NA,100,NA,0,NA,0,NA,5,NA,0,NA,NA,152,150,NA,NA,NA,NA,"no",NA,NA,"none",NA,NA,NA,NA,NA,NA,26.667,NA,26.667,NA,8,7.8,NA,NA,NA,NA,0,0,0,0,0,0,0,0,0,0,1,0,0,0,0,1,0,0,0,0,0,0,0,0,1,0,0,1,0,0,0,1,0,1,NA,"PresqueIsle_Lotus_SUMM_004.jpeg","PresqueIsle_Lotus_SUMM_003.jpeg"
59106793,"L7876","155408519","PRESQUEISLE","RAINBOW",1,"October",1948,2,"October",1948,"light","none","light","none",NA,NA,12.496,NA,NA,1.619,NA,1,NA,NA,NA,NA,NA,NA,NA,NA,NA,NA,130,NA,NA,NA,NA,NA,"no",NA,"no","none",NA,"none","yes",8.534,10.667,NA,18.5,NA,10.389,NA,8.8,8.7,NA,NA,1.5,1,0,0,0,0,0,0,0,0,0,0,0,0,0,0,0,0,0,0,0,0,0,0,0,0,0,0,0,0,0,0,0,0,0,1,"redbellied_dace","PresqueIsle_Rainbow_SUMM_004.jpeg","PresqueIsle_Rainbow_SUMM_003.jpeg"
59106794,"L10873","122382914","PRESQUEISLE","LOTUS",14,"August",1947,16,"August",1947,"light","none","light","none",NA,NA,8.382,1.981,3.048,53.42,NA,NA,NA,1,NA,1,NA,10,NA,0,NA,NA,100,120,NA,NA,NA,NA,"no",NA,NA,"no",NA,NA,"yes",1.524,NA,NA,25,NA,10.1,NA,0.8,6.7,0.2,0.3,NA,NA,0,1,0,0,0,1,1,0,0,0,0,0,0,0,0,1,0,0,1,1,0,1,0,0,1,1,0,1,0,0,1,1,0,1,"log_perch_creek_chub; longear_ear_sunfish; silver_lamprey","PresqueIsle_Lotus_SUMM_002.jpeg","PresqueIsle_Lotus_SUMM_001.jpeg"
59106795,"L6357","155408510","PRESQUEISLE","LOON",10,"August",1933,10,"August",1933,NA,NA,NA,NA,"little due to the fact that very few if any fish are present","permitted",3.048,NA,NA,80.939,NA,NA,NA,NA,NA,NA,NA,NA,NA,NA,NA,"hunting lodge",NA,NA,NA,NA,NA,NA,"no",NA,NA,"none",NA,NA,NA,NA,NA,NA,NA,NA,NA,NA,NA,NA,NA,NA,NA,NA,0,0,0,0,0,0,0,0,0,0,0,0,0,0,0,0,0,0,0,0,0,0,0,0,0,0,0,0,0,0,0,0,0,0,NA,"PresqueIsle_Loon_SUMM_016.jpeg","PresqueIsle_Loon_SUMM_015.jpeg"
59106796,"L13950","122382916","PRESQUEISLE","GRAND",28,"June",1950,17,"July",1950,"light","light","light","light",NA,NA,7.62,2.438,NA,2290.571,NA,80,NA,15,NA,10,NA,300,NA,5,NA,NA,125,129,NA,2.67,0.61,NA,"yes",NA,"yes","present - temporary",NA,"tendency to prevent movement into lake or down stream.","no",NA,NA,NA,21.111,NA,19.389,20.222,7.8,8,NA,NA,7.8,7.9,0,0,0,0,1,0,1,1,0,0,1,0,0,1,1,1,0,0,0,1,0,0,1,1,1,1,0,1,1,0,1,1,0,1,"hornyhead_chub_creek_chub_log_perch_mudminnow; carp","PresqueIsle_Grand_SUMM_006.jpeg","PresqueIsle_Grand_SUMM_005.jpeg"
59106797,"L10022","155408530","PRESQUEISLE","FRANCIS",18,"July",1966,19,"July",1966,"light","light","light","light",NA,NA,NA,NA,NA,11.938,NA,NA,NA,0,NA,0,NA,1,NA,0,NA,NA,NA,NA,NA,NA,NA,NA,"no",NA,NA,"none",NA,NA,"yes",2.438,NA,NA,24.444,NA,2.778,NA,7,NA,NA,NA,1,NA,0,0,0,0,0,1,0,0,0,0,0,0,0,0,0,0,0,0,0,0,0,1,0,0,1,1,0,0,0,0,0,1,0,1,"suckers","PresqueIsle_Francis_SUMM_018.jpeg","PresqueIsle_Francis_SUMM_017.jpeg"
59106798,"L6318","122383057","PRESQUEISLE","EMMA",25,"June",1951,29,"June",1951,"light","none","light","none",NA,NA,4.267,2.286,NA,45.326,NA,100,NA,1,NA,1,NA,4,NA,0,NA,NA,135,127,NA,NA,2.438,3.048,"yes",NA,"yes","yes",NA,"keeps fish from coming into lake.","no",NA,NA,NA,20.556,NA,19.444,NA,7,NA,NA,NA,NA,NA,0,1,0,0,0,1,1,0,0,0,0,0,0,0,0,0,0,0,0,1,0,1,0,0,1,1,0,0,0,0,0,1,1,1,NA,"PresqueIsle_Emma_SUMM_008.jpeg","PresqueIsle_Emma_SUMM_007.jpeg"
59106799,"L4117","122382883","PRESQUEISLE","ESAU",1,"August",1943,1,"August",1943,"light","none","light","none",NA,NA,9.144,4.572,NA,101.174,121.408,NA,NA,0,NA,0,NA,6,NA,0,NA,NA,115,NA,NA,1,NA,NA,NA,NA,NA,NA,NA,NA,"no",NA,NA,NA,23.889,NA,22.778,NA,8.3,NA,NA,NA,9.6,NA,0,0,0,0,0,0,1,0,0,0,0,0,0,0,0,0,0,0,0,0,0,0,0,0,0,0,0,1,1,0,0,0,0,1,NA,"PresqueIsle_Esau_SUMM_080.jpeg","PresqueIsle_Esau_SUMM_079.jpeg"
59106800,"L23142","122382765","PRESQUEISLE","BLACKMALLARD",31,"August",1947,20,"October",1947,"none","none","none","none",NA,NA,0.61,NA,NA,28.329,NA,100,NA,0,NA,0,NA,0,NA,0,NA,NA,165,NA,NA,NA,0.305,NA,"yes",NA,"no","(1) beaver (2) demolished cement dam",NA,"(1) not known (2) none","no",NA,NA,NA,23.889,NA,23.889,NA,NA,NA,NA,NA,NA,NA,0,1,0,0,0,0,1,0,0,0,0,0,0,0,0,1,0,0,0,0,0,1,0,0,1,0,0,1,0,0,0,0,0,0,NA,"PresqueIsle_BlackMallard_SUMM_002.jpeg","PresqueIsle_BlackMallard_SUMM_001.jpeg"
59106801,"L12207","155408549","PRESQUEISLE","BEARDEN",25,"September",1946,26,"September",1946,"light","light","light","light",NA,NA,10.058,4.877,NA,10.522,NA,10,15,0,NA,0,NA,0,NA,0,NA,NA,285,345,NA,NA,NA,NA,"no",NA,NA,"none",NA,NA,"yes",6.4,8.229,NA,16.611,NA,13.056,NA,8.6,NA,6.7,NA,1.1,NA,0,0,0,0,0,1,1,0,0,0,0,0,0,0,0,0,0,0,0,0,0,1,0,0,1,1,0,1,0,0,0,0,0,1,NA,"PresqueIsle_BearDen_SUMM_004.jpeg","PresqueIsle_BearDen_SUMM_003.jpeg"
59106802,"L46944","{E281B292-B481-406D-B72B-D43A2CD9C31E}","OTTAWA","STEARN'S",30,"August",1974,30,"August",1974,"heavy","heavy","heavy","heavy",NA,NA,7.315,3.048,NA,31.161,NA,NA,NA,NA,NA,NA,NA,6,NA,NA,NA,NA,120,170,NA,NA,NA,NA,"no",NA,NA,"none",NA,NA,NA,4.572,7.315,NA,24.444,NA,12.222,NA,9.8,10.3,0.9,NA,0.3,NA,0,0,1,0,0,1,0,0,0,0,0,0,0,0,0,0,0,0,0,0,0,1,0,0,1,0,0,0,0,0,0,0,0,0,NA,"Ottawa_Stearn's_SUMM_004.jpeg","Ottawa_Stearn's_SUMM_003.jpeg"
59106803,"L1240","155408514","PRESQUEISLE","BASS",20,"August",1954,NA,"August",NA,"light","light","light","light",NA,NA,21.335,1.585,NA,8.094,NA,NA,NA,NA,NA,NA,NA,1,NA,NA,NA,NA,48,NA,NA,1.2,NA,NA,NA,NA,NA,NA,NA,NA,"yes",4.877,6.705,NA,22.222,NA,5.2,NA,7.6,NA,NA,NA,3.1,NA,0,0,0,0,0,1,0,0,0,0,0,0,0,0,0,0,0,0,0,0,0,1,0,0,0,0,0,0,1,0,0,0,0,0,NA,"PresqueIsle_Bass_SUMM_004.jpeg","PresqueIsle_Bass_SUMM_003.jpeg"
59106804,"L27533","152707574","OTTAWA","SPRING",30,"August",1974,NA,"August",NA,"medium","light","medium ","light",NA,NA,12.801,0.762,NA,506.273,NA,NA,NA,NA,NA,NA,NA,NA,NA,NA,NA,NA,128,164,NA,NA,NA,NA,NA,NA,NA,NA,NA,NA,NA,8.229,10.972,NA,23.889,NA,15.833,NA,8.7,6.6,3.3,0,0,NA,0,0,1,1,0,1,1,0,0,0,0,0,0,0,1,0,1,0,0,0,0,0,0,0,1,1,0,0,0,0,0,0,0,1,"warmouth_bass_channel_catfish; gizzard_shad_and_others","Ottawa_Spring_SUMM_020.jpeg","Ottawa_Spring_SUMM_019.jpeg"
59106805,"L28427","152274814","OTTAWA","MACATAWA",2,"June",1942,13,"June",1942,"heavy","heavy","heavy","heavy",NA,NA,12.191,0.61,1.524,720.356,NA,38,NA,8,10,8,10,300,NA,2,NA,NA,91,167,NA,2.5,NA,NA,"no",NA,NA,"no",NA,NA,"yes",4.572,6.4,NA,20,24.444,15.556,17.778,4.1,11.6,NA,NA,10.2,12,1,0,1,0,1,1,1,1,1,0,0,0,1,1,1,1,1,0,1,1,0,1,1,0,0,1,0,1,1,0,1,1,1,1,"w_crappie_rb_rock_bass_p_white_bass_fluctuating; lake_e_shiner_spottail_shiner_sand_shiner_bigmouthed_shiner_spotfin_s_creek_chub; sheepshead_channel_cat_shovelhead_b_shovelhead; sn_gar","Ottawa_Macatawa_SUMM_308.jpeg","Ottawa_Macatawa_SUMM_307.jpeg"
59106806,"L30185","152274778","OTTAWA","PIGEON",21,"August",1956,NA,"August",NA,"medium","heavy","medium","heavy",NA,NA,8.534,NA,NA,60.704,NA,30,NA,1,NA,4,NA,50,NA,0,NA,NA,NA,NA,NA,NA,NA,NA,"no",NA,NA,"no",NA,NA,NA,NA,NA,NA,NA,NA,NA,NA,NA,NA,NA,NA,NA,NA,0,0,1,0,0,1,0,0,0,0,0,0,0,0,0,0,0,0,0,0,0,1,0,0,1,1,0,0,0,0,0,0,0,1,NA,"Ottawa_Pigeon_SUMM_008.jpeg","Ottawa_Pigeon_SUMM_007.jpeg"
59106807,"L6948","83975913","OTSEGO","VIKING",27,"August",1949,28,"August",1949,"light","none","light","none",NA,NA,7.62,NA,NA,28.733,NA,40,NA,NA,NA,NA,NA,12,15,0,NA,NA,5,NA,NA,NA,NA,NA,NA,NA,NA,NA,NA,NA,NA,4.877,7.62,NA,23.889,NA,13.889,NA,7.4,7.6,NA,NA,NA,NA,0,0,0,0,0,1,0,0,0,0,0,0,0,0,0,0,0,0,0,0,0,1,0,0,0,1,0,0,0,0,0,0,0,1,NA,"Otsego_Viking_SUMM_010.jpeg","Otsego_Viking_SUMM_009.jpeg"
59106808,"L10906","155411157","OTSEGO","WESTLOST",29,"July",1932,NA,NA,NA,NA,NA,NA,NA,"permitted","permitted",14.5,NA,NA,1.619,NA,NA,NA,NA,NA,NA,NA,NA,NA,NA,NA,"in state forest",NA,NA,NA,NA,NA,NA,"no",NA,NA,"no",NA,NA,NA,NA,NA,NA,23.333,NA,5.556,NA,NA,NA,NA,NA,NA,NA,0,0,0,0,0,0,0,0,0,0,0,0,0,0,0,0,0,0,0,0,0,0,0,0,0,0,0,0,0,0,0,0,0,0,"fathead_minnows","Otsego_WestLost_SUMM_014.jpeg","Otsego_WestLost_SUMM_013.jpeg"
59106809,"L22989","152707355","OTTAWA","CROCKERY",17,"August",1954,17,"August",1954,"medium","light","medium","light",NA,NA,16.458,3.2,NA,43.707,NA,10,NA,1,NA,1,NA,30,NA,0,NA,NA,145,NA,NA,NA,NA,NA,"no",NA,"no","no",NA,"none",NA,4.572,9.144,NA,23.222,NA,10.167,NA,7.5,7.3,7.3,0.8,0,NA,0,0,0,0,0,1,0,0,0,0,0,0,0,0,1,0,0,0,0,0,0,1,0,0,1,0,0,0,0,0,0,0,0,0,NA,"Ottawa_Crockery_SUMM_002.jpeg","Ottawa_Crockery_SUMM_001.jpeg"
59106810,"L25422","152707905","OTTAWA","FENNESSEY",16,"September",1954,21,"September",1954,"medium","medium","medium","medium",NA,NA,3.048,1.829,NA,23.877,NA,100,NA,1,NA,0,NA,10,NA,0,NA,NA,106,NA,NA,NA,NA,NA,NA,NA,NA,NA,NA,NA,"no",NA,NA,NA,16,NA,15.889,NA,8.5,7.8,NA,NA,NA,NA,0,1,0,0,0,1,1,0,0,0,0,0,0,0,0,1,1,0,0,0,0,1,0,1,0,1,0,0,0,0,0,0,0,1,"sand_shiner","Ottawa_Fennessey_SUMM_002.jpeg","Ottawa_Fennessey_SUMM_001.jpeg"
59106811,"L6948","83975913","OTSEGO","VIKING",28,"August",1949,28,"August",1949,"light","none","light","none",NA,NA,8.229,NA,NA,1.214,NA,NA,NA,NA,NA,NA,NA,0,NA,NA,NA,NA,5,NA,NA,1,NA,NA,NA,NA,NA,NA,NA,NA,NA,2.133,4.572,NA,22.778,NA,5.556,NA,NA,NA,6.7,0.5,0,NA,0,0,0,0,0,1,0,0,0,0,0,0,0,0,0,0,0,0,0,0,0,0,0,0,0,0,0,0,0,0,0,0,0,1,NA,"Otsego_Viking_SUMM_008.jpeg","Otsego_Viking_SUMM_007.jpeg"
59106812,"L10818","155411178","OTSEGO","TWINSOUTH",27,"July",1932,NA,NA,NA,NA,NA,NA,NA,"permitted","permitted",12.7,NA,NA,1.74,NA,NA,NA,NA,NA,NA,NA,NA,NA,NA,NA,"part of pigeon river state forest",NA,NA,NA,NA,NA,NA,NA,NA,NA,"-","-",NA,NA,NA,NA,NA,23.333,NA,0,NA,6.4,NA,NA,NA,7,NA,0,0,0,0,0,0,0,0,0,0,0,0,0,0,0,0,0,0,0,0,0,0,0,0,0,0,0,0,0,0,0,0,0,1,NA,"Otsego_TwinSouth_SUMM_026.jpeg","Otsego_TwinSouth_SUMM_025.jpeg"
59106813,"L11125","155411176","OTSEGO","TWINNORTH",27,"July",1932,27,"July",1932,NA,NA,NA,NA,"permitted","permitted",15.8,NA,NA,2.307,NA,NA,NA,NA,NA,NA,NA,NA,NA,NA,NA,"on state forest pigeon river state forest",NA,NA,NA,NA,NA,NA,NA,NA,NA,NA,NA,NA,NA,NA,NA,NA,24.444,NA,7.222,NA,8.3,NA,10.8,NA,8.9,NA,0,0,0,0,0,0,0,0,0,0,0,0,0,0,0,0,0,0,0,0,0,0,0,0,0,0,0,0,0,0,0,1,0,1,NA,"Otsego_TwinNorth_SUMM_002.jpeg","Otsego_TwinNorth_SUMM_001.jpeg"
59106814,"L2019","155411174","OTSEGO","TWOACRE",4,"August",1932,4,"August",1932,NA,NA,NA,NA,"permitted","permitted",3,NA,NA,0.769,NA,NA,NA,NA,NA,NA,NA,NA,NA,NA,NA,"on state forest",NA,NA,NA,NA,NA,NA,"no",NA,NA,"no",NA,NA,NA,NA,NA,NA,22.778,NA,20.556,NA,NA,NA,NA,NA,NA,NA,0,0,0,0,0,0,0,0,0,0,0,0,0,0,0,0,0,0,0,0,0,0,0,0,0,0,0,0,0,0,0,0,0,0,NA,"Otsego_TwoAcre_SUMM_010.jpeg","Otsego_TwoAcre_SUMM_009.jpeg"
59106815,"L6603","155411168","OTSEGO","SECTION",1,"August",1932,NA,NA,NA,NA,NA,NA,NA,"permitted","permitted",22,NA,NA,1.335,NA,NA,NA,NA,NA,NA,NA,NA,NA,NA,NA,"in state forest  pigeon river state forest",NA,NA,NA,NA,NA,NA,"no",NA,NA,"no",NA,NA,NA,NA,NA,NA,24.444,NA,5,NA,NA,NA,NA,NA,NA,NA,0,0,0,0,0,0,0,0,0,0,0,0,0,0,0,0,0,0,0,0,0,0,0,0,0,0,0,0,0,0,0,0,0,1,NA,"Otsego_Section_SUMM_002.jpeg","Otsego_Section_SUMM_001.jpeg"
59106816,"L8254","155408578","OTSEGO","ROUND",21,"July",1942,26,"August",1943,"light","none","light","none",NA,NA,10.667,2.133,NA,2.752,NA,NA,NA,0,NA,0,NA,0,NA,0,NA,NA,13,25,NA,1.04,NA,NA,NA,NA,NA,NA,NA,NA,"yes",2.438,6.096,NA,22.222,NA,5.556,NA,8.1,8.2,NA,NA,0,2.4,1,0,0,0,0,1,1,0,0,0,0,0,0,0,0,0,1,0,0,0,0,0,0,0,0,1,0,0,0,0,1,0,0,1,"catfish_ictalurus","Otsego_Round_SUMM_016.jpeg","Otsego_Round_SUMM_015.jpeg"
59106817,"L6290","155411186","OTSEGO","PICKEREL",1,"August",1932,1,"August",1932,NA,NA,NA,NA,"permitted","permitted",10.6,NA,NA,16.431,NA,NA,NA,NA,NA,NA,NA,NA,NA,NA,NA,"on state forest",137,154,NA,NA,0.914,NA,"yes","no",NA,"yes","no",NA,NA,NA,NA,NA,24.444,NA,13.333,NA,8.1,NA,9.5,NA,9.5,NA,0,0,0,0,0,0,0,0,0,1,0,0,0,0,0,0,0,0,0,0,0,1,0,0,1,0,0,0,1,0,0,0,0,1,"trout; mudminnow_minnow","Otsego_Pickerel_SUMM_004.jpeg","Otsego_Pickerel_SUMM_003.jpeg"
59106819,NA,NA,"OTSEGO","MCCRIMMON",NA,NA,1932,NA,NA,NA,NA,NA,NA,NA,NA,NA,3,NA,NA,0.769,NA,NA,NA,NA,NA,NA,NA,NA,NA,NA,NA,"part of pigeon river state forest",24,20,NA,NA,NA,NA,NA,NA,NA,NA,NA,NA,NA,NA,NA,NA,22.778,NA,20.556,NA,8.5,NA,NA,NA,6.96,NA,0,0,0,0,0,0,0,0,0,0,0,0,0,0,0,0,0,0,0,0,0,0,0,0,0,0,0,0,0,0,0,0,0,0,NA,"Otsego_McCrimmon_SUMM_004.jpeg","Otsego_McCrimmon_SUMM_003.jpeg"
59106822,"L10913","83975793","OTSEGO","MANUKA",3,"June",1975,3,"June",1975,"none","heavy","none","heavyforpikeandbluegill",NA,NA,8.229,NA,NA,NA,NA,90,NA,0,NA,0,NA,NA,NA,0,NA,NA,35,NA,NA,NA,NA,NA,NA,NA,NA,NA,NA,NA,NA,NA,NA,NA,20,NA,NA,NA,7,9,NA,NA,0,NA,0,0,0,0,0,0,0,0,0,0,0,0,0,0,0,0,0,0,0,0,0,0,0,0,0,0,0,0,0,0,0,0,0,0,NA,"Otsego_Manuka_SUMM_028.jpeg","Otsego_Manuka_SUMM_027.jpeg"
59106823,"L4895","155411155","OTSEGO","LOST",18,"August",1931,NA,"August",NA,NA,NA,NA,NA,"permitted","permitted",15.8,NA,NA,1.862,NA,NA,NA,NA,NA,NA,NA,NA,NA,NA,NA,"none",NA,NA,NA,NA,NA,NA,"no",NA,NA,"no","-",NA,NA,NA,NA,NA,NA,NA,NA,NA,NA,NA,NA,NA,NA,NA,0,0,0,0,0,0,0,0,0,1,0,0,0,0,0,0,0,0,0,0,0,0,0,0,0,0,0,0,0,0,0,0,0,0,"trout; fat_headed_minnow","Otsego_Lost_SUMM_020.jpeg","Otsego_Lost_SUMM_019.jpeg"
59106825,"L12065","155411152","OTSEGO","GRASS",2,"August",1932,NA,NA,NA,NA,NA,NA,NA,"permitted","permitted",3,NA,NA,11.453,NA,NA,NA,NA,NA,NA,NA,NA,NA,NA,NA,"on state forest area",117,134,NA,NA,0.61,NA,"yes","no",NA,"yes","no",NA,NA,NA,NA,NA,22.778,NA,22.222,NA,9.4,NA,NA,NA,10.8,NA,0,0,0,1,1,0,0,0,0,1,0,0,0,0,0,0,0,0,1,0,0,0,0,0,0,0,0,0,0,0,0,1,0,0,"fathead_minnow_finescaled_dace_redbullied_dace_northern_dace_horned_dace","Otsego_Grass_SUMM_004.jpeg","Otsego_Grass_SUMM_003.jpeg"
59106826,"L8219","155411190","OTSEGO","HARDWOOD",3,"August",1932,3,"August",1932,NA,NA,NA,NA,"permitted","permitted",2,NA,NA,18.737,NA,NA,NA,NA,NA,NA,NA,NA,NA,NA,NA,"on state forest",NA,NA,NA,NA,NA,NA,"no",NA,NA,"no",NA,NA,NA,NA,NA,NA,NA,NA,NA,NA,6.6,NA,NA,NA,NA,NA,0,0,0,0,0,0,0,0,0,0,0,0,0,0,0,0,0,0,0,0,0,0,0,0,0,0,0,0,0,0,0,0,0,0,NA,"Otsego_Hardwood_SUMM_012.jpeg","Otsego_Hardwood_SUMM_011.jpeg"
59106828,"L2313","83975715","OTSEGO","FOWLER",5,"July",1949,6,"July",1949,"light",NA,"verylittleornone",NA,NA,NA,1.219,NA,NA,8.094,NA,100,NA,NA,NA,NA,NA,0,NA,NA,NA,NA,NA,NA,NA,NA,NA,NA,"no",NA,NA,"no",NA,NA,NA,NA,NA,NA,23.889,NA,NA,NA,NA,NA,NA,NA,NA,NA,0,1,0,0,0,0,0,0,0,0,0,0,0,0,0,0,0,0,0,0,0,0,0,0,1,0,0,0,0,0,0,0,0,0,"centrarchids","Otsego_Fowler_SUMM_012.jpeg","Otsego_Fowler_SUMM_011.jpeg"
59106829,"L10323","155411184","OTSEGO","FORD",1,"August",1932,NA,NA,NA,NA,NA,NA,NA,"permitted","permitted",10,NA,NA,4.735,NA,NA,NA,NA,NA,NA,NA,NA,NA,NA,NA,"on state forest.",127,NA,NA,NA,NA,NA,"no",NA,NA,"no outlet",NA,NA,NA,NA,NA,NA,23.889,NA,12.222,NA,9.4,NA,9.36,NA,8.6,NA,0,0,0,0,0,0,0,0,0,0,0,0,0,0,0,0,0,0,0,0,0,0,0,0,0,0,0,0,0,0,0,0,0,1,NA,"Otsego_Ford_SUMM_006.jpeg","Otsego_Ford_SUMM_005.jpeg"
59106830,"L206","83975817","OTSEGO","DOUGLAS",17,"August",1946,NA,"August",NA,"medium","light","medium","light",NA,NA,NA,4.115,NA,NA,NA,NA,NA,0,NA,0,NA,29,NA,0,NA,NA,93,100,NA,NA,NA,NA,"no",NA,NA,"none",NA,NA,NA,7.315,9.144,NA,22.4,NA,16.4,NA,5,5.4,5,1.1,NA,NA,0,0,0,0,0,1,1,0,0,0,0,0,0,0,0,0,0,0,1,0,0,1,0,0,0,1,0,0,1,0,0,1,0,1,NA,"Otsego_Douglas_SUMM_004.jpeg","Otsego_Douglas_SUMM_003.jpeg"
59106831,"L8437","83975911","OTSEGO","CHUB",26,"July",1956,30,"July",1956,"medium","light","mediumtolight","light",NA,NA,22.859,4.267,NA,30.352,NA,10,15,0,NA,0,NA,13,NA,0,NA,NA,147,163,NA,NA,NA,NA,"no",NA,NA,"no",NA,NA,NA,3.657,7.62,NA,22.222,NA,6.111,NA,10.5,8.4,8.6,11.8,8,0.1,1,0,0,0,0,0,1,0,0,1,0,1,0,0,0,1,0,0,1,1,0,1,0,1,0,0,0,1,0,0,0,1,0,1,"longear_sunfish; creek_chub_hornyhead_chub_least_darter_rainbow_darter","Otsego_Chub_SUMM_006.jpeg","Otsego_Chub_SUMM_005.jpeg"
59106832,"L8437","83975911","OTSEGO","CHUB",30,"July",1956,1,"August",1956,"medium","light","medium","light",NA,NA,26.516,3.962,NA,15.581,NA,10,NA,0,NA,0,NA,13,NA,0,NA,NA,142,151,NA,NA,NA,NA,"no",NA,NA,"no",NA,NA,NA,4.572,10.667,NA,22.778,NA,5.556,NA,9.7,10,12.6,9.9,9.9,0.4,0,0,0,0,1,1,1,0,0,0,0,1,0,0,0,1,0,0,1,1,0,1,0,1,0,0,0,1,0,0,0,1,0,1,"longear_sunfish; mudminnow_minnow_least_darter_hornyhead_chub","Otsego_Chub_SUMM_004.jpeg","Otsego_Chub_SUMM_003.jpeg"
59106833,"L2019","155411174","OTSEGO","DEVILSSOUP",20,"August",1932,20,"August",1932,NA,NA,NA,NA,"permitted","permitted",6.8,5.1,NA,0.526,NA,NA,NA,NA,NA,NA,NA,NA,NA,NA,NA,"on state forest",NA,NA,NA,NA,NA,NA,NA,NA,NA,"-","-",NA,NA,NA,NA,NA,NA,NA,14.444,NA,5.8,NA,NA,NA,NA,NA,0,0,0,0,0,0,0,0,0,0,0,0,0,0,0,0,0,0,0,0,0,0,0,0,0,0,0,0,0,0,0,0,0,0,"fathead_minnow","Otsego_DevilsSoup_SUMM_024.jpeg","Otsego_DevilsSoup_SUMM_023.jpeg"
59106834,"L12923","83975861","OTSEGO","CAULKINS",6,"October",1954,NA,"October",NA,"light","light","light","light",NA,NA,NA,NA,NA,8.094,NA,3,NA,0,NA,0,NA,NA,NA,0,NA,NA,NA,NA,NA,1.4,NA,NA,NA,NA,NA,NA,NA,NA,NA,NA,NA,NA,16.667,NA,NA,NA,NA,NA,NA,NA,NA,NA,0,0,0,0,0,0,0,0,0,0,0,0,0,0,0,0,0,0,0,0,0,1,0,0,1,0,0,1,0,0,0,1,0,1,NA,"Otsego_Caulkins_SUMM_004.jpeg","Otsego_Caulkins_SUMM_003.jpeg"
59106835,"L9620","83975937","OTSEGO","BRIDGE",31,"July",1956,2,"August",1956,"medium","light","medium ","light",NA,NA,17.678,3.048,NA,11.534,NA,NA,NA,0,NA,0,NA,3,NA,0,NA,NA,106,116,NA,NA,NA,NA,"no",NA,NA,"no",NA,NA,NA,4.572,8.382,NA,21.111,NA,7.222,NA,11.9,11,12.4,11.2,7.8,0.3,0,0,0,1,0,0,1,0,0,1,0,1,0,0,0,1,0,0,1,1,0,1,0,1,0,1,0,1,0,0,0,1,0,1,"longear_sunfish; least_darter_hornyhead_head_chub_creek_chub_rainbow_darter","Otsego_Bridge_SUMM_002.jpeg","Otsego_Bridge_SUMM_001.jpeg"
59106836,"L1282","155411274","OTSEGO","BIG",24,"July",1945,26,"July",1945,"medium","medium","medium","medium",NA,NA,24.688,3.962,NA,50.992,NA,NA,NA,0,NA,1,NA,25,NA,0,NA,NA,10,19,NA,NA,NA,NA,"no",NA,NA,"none",NA,NA,"yes",3.657,10.058,NA,24.5,NA,7.9,NA,7.53,NA,NA,NA,5.82,1.03,1,1,0,0,0,1,1,0,0,0,0,0,0,0,0,0,1,0,0,0,0,1,0,0,1,1,0,1,1,0,0,1,0,1,NA,"Otsego_Big_SUMM_018.jpeg","Otsego_Big_SUMM_017.jpeg"
59106838,"L571","83975749","OTSEGO","BEAR",15,"June",1966,NA,NA,NA,"medium","light","medium","light",NA,NA,10.667,NA,NA,141.643,NA,NA,NA,0,NA,0,NA,83,NA,0,NA,NA,NA,NA,NA,NA,NA,NA,"no",NA,NA,"none",NA,NA,"no",NA,NA,NA,18.889,NA,17.778,NA,8,10,NA,NA,NA,NA,0,0,0,0,0,0,0,0,0,0,0,0,1,0,0,0,0,0,0,0,0,1,0,0,1,1,0,1,1,0,1,1,0,1,"suckers_bullheads","Otsego_Bear_SUMM_094.jpeg","Otsego_Bear_SUMM_093.jpeg"
59106840,"L11978","83975933","OTSEGO","BASS",14,"October",1963,14,"October",1963,"light","light","light","light",NA,NA,11.582,NA,NA,4.047,NA,10,NA,NA,NA,NA,NA,1,NA,NA,NA,NA,107,148,NA,NA,NA,NA,"no",NA,NA,"---",NA,NA,"yes",6.096,NA,NA,15,NA,8.8,NA,8.8,NA,0.5,NA,NA,NA,0,0,0,0,0,1,0,0,0,0,0,0,0,0,0,0,0,0,0,0,0,0,0,0,1,0,0,1,0,0,0,0,0,1,NA,"Otsego_Bass_SUMM_020.jpeg","Otsego_Bass_SUMM_019.jpeg"
59574614,"L18211","152518375","CALHOUN","BEADLE",12,"August",1957,16,"August",1957,"heavy","heavy","heavy","heavy",NA,NA,10.972,3.048,NA,59.085,NA,80,NA,1,NA,1,NA,130,NA,0,NA,NA,97,113,NA,NA,1.524,NA,"no",NA,NA,"no dam as such, but an embankment with culvert.",NA,NA,NA,6.096,9.144,NA,25.667,NA,13.167,NA,8.1,8.9,1.8,0.1,0,NA,0,0,1,1,1,1,1,1,0,0,1,0,0,0,0,0,0,0,1,0,1,1,0,0,0,1,0,0,0,0,0,0,1,1,"warmouth_bass_grass_pickerel","CALHOUN_BEADLE_SUMM_0002_1.jpeg","CALHOUN_BEADLE_SUMM_0002_2.jpeg"
59574615,"L4862","152518003","CALHOUN","DUCK",2,"August",1938,8,"August",1938,"heavy","light","heavy","verylittle",NA,NA,15.544,2.438,2.591,254.512,NA,50,NA,2,NA,2,NA,170,NA,0,NA,NA,102,172,NA,1.35,NA,NA,"no",NA,NA,"no",NA,NA,"yes",5.791,10.667,NA,27.1,28.1,14.3,21.2,6,10.7,NA,NA,0,2.8,0,0,1,1,1,0,0,1,0,0,1,0,0,0,0,0,0,0,0,0,0,0,0,0,0,0,0,1,1,0,1,0,1,1,"crappie; spottail_tail_shiner; gar","CALHOUN_DUCK_SUMM_0002_1.jpeg","CALHOUN_DUCK_SUMM_0002_2.jpeg"
59574616,"L18211","152518375","CALHOUN","BEADLE",12,"August",1957,16,"August",1957,"heavy","heavy","heavy","heavy",NA,NA,10.972,3.048,NA,59.085,NA,80,NA,1,NA,1,NA,130,NA,0,NA,NA,97,113,NA,NA,1.524,NA,"no",NA,"no","no dam as such, but an embankment with culvert.",NA,"none",NA,6.096,9.144,NA,25.667,NA,13.167,NA,8.1,8.9,1.8,0.1,0,NA,0,0,1,1,1,1,1,1,0,0,1,0,0,0,0,0,0,0,1,0,1,1,0,0,0,1,0,0,0,0,0,0,1,1,"warmouth_grass_pickerel","CALHOUN_BEADLE_SUMM_0001_1.jpeg","CALHOUN_BEADLE_SUMM_0001_2.jpeg"
59574618,"L4862","152518003","CALHOUN","DUCK",2,"August",1938,8,"August",1938,"heavy","light","heavy","verylittle",NA,NA,15.544,2.438,2.591,254.512,NA,50,NA,2,NA,2,NA,170,NA,0,NA,NA,102,172,NA,1.35,NA,NA,"no",NA,NA,"no",NA,NA,NA,5.791,10.667,NA,27.1,28.1,14.3,21.2,6,10.7,NA,NA,0,2.8,0,0,1,1,1,0,0,1,0,0,1,0,0,0,0,0,0,0,0,0,0,0,0,0,0,0,0,1,1,0,1,0,1,1,"spottail_shiner","CALHOUN_DUCK_SUMM_0001_1.jpeg","CALHOUN_DUCK_SUMM_0001_2.jpeg"
59574619,"L16494","152518305","CALHOUN","HART",5,"August",1945,6,"August",1945,"medium",NA,"medium",NA,NA,NA,13.715,2.743,NA,20.235,NA,10,NA,6,NA,NA,NA,2,NA,NA,NA,NA,114,162,NA,NA,NA,NA,NA,NA,NA,NA,NA,NA,"yes",3.962,6.096,NA,24.778,NA,10.278,NA,8.3,8.3,NA,NA,0.1,0,0,0,1,0,0,1,0,0,0,0,0,0,0,0,0,0,0,0,0,0,0,1,0,0,1,0,0,0,0,0,0,0,1,1,"warmouth_bass_yellow_bullheads","CALHOUN_HART_SUMM_0001_1.jpeg","CALHOUN_HART_SUMM_0001_2.jpeg"
59574620,"L16494","152518305","CALHOUN","HART",17,"July",1952,24,"July",1952,"heavy","medium","heavy","medium",NA,NA,14.02,3.353,3.657,24.686,NA,30,NA,0,NA,0,NA,0,NA,0,NA,NA,145,187,NA,NA,NA,NA,"no",NA,NA,"no",NA,NA,"yes",3.81,8.382,NA,25.556,NA,6.111,NA,8,NA,11.6,0.87,0,NA,1,0,1,1,0,1,0,1,0,0,0,0,0,0,0,0,0,0,1,0,0,1,0,0,1,1,0,0,0,0,0,1,0,1,"warmouth_bass_green_sunfish; pugnose_shiner_least_darter_creek_chub_tadpole_madtom","CALHOUN_HART_SUMM_0002_1.jpeg","CALHOUN_HART_SUMM_0002_2.jpeg"
59574621,"L49012",NA,"CALHOUN","HOMER",21,"July",1952,25,"July",1952,"medium","heavy","medium","heavy",NA,NA,3.657,2.743,3.048,24.282,NA,100,NA,0,NA,0,NA,6,NA,0,NA,NA,200,203,NA,NA,3.657,NA,"yes",NA,"yes","yes",NA,"stays fish movements",NA,NA,NA,NA,26.667,NA,22.778,NA,6.5,NA,NA,NA,1.7,NA,0,0,1,1,0,1,0,1,0,0,1,0,0,0,0,0,0,0,0,0,0,1,0,0,1,1,0,0,0,0,0,1,1,1,"longear_sunfish_warmouth; blackside_darter_tadpole_madtom; redhorse_carp","CALHOUN_HOMER_SUMM_0001_1.jpeg","CALHOUN_HOMER_SUMM_0001_2.jpeg"
59574623,"L21817","152518269","CALHOUN","LAWRENCE",1,"August",1952,2,"August",1952,"none","none","none","none",NA,NA,3.657,3.353,NA,2.509,NA,100,NA,0,NA,0,NA,0,NA,0,NA,NA,65,NA,NA,NA,NA,NA,NA,NA,NA,NA,NA,NA,"no",NA,NA,NA,23.611,NA,22.778,NA,5.7,3.7,NA,NA,NA,NA,0,0,0,0,0,0,0,0,0,0,0,0,0,0,0,0,1,0,0,0,0,0,0,0,0,0,0,0,0,0,0,0,0,0,NA,"CALHOUN_LAWRENCE_SUMM_0001_1.jpeg","CALHOUN_LAWRENCE_SUMM_0001_2.jpeg"
59574624,"L19527","152517956","CALHOUN","WABASCON",27,"July",1938,31,"July",1938,"heavy","heavy","heavy","heavy",NA,NA,13.411,2.438,2.591,28.397,NA,20,NA,2,NA,0,NA,16,NA,0,NA,NA,220,180,NA,2.16,NA,NA,"no",NA,NA,"none",NA,NA,"yes",3.657,8.229,NA,25,26.8,8.2,22,1.7,6.8,NA,NA,0,1.7,0,0,1,0,0,1,0,1,0,0,0,0,0,0,0,0,0,0,0,0,1,1,0,0,1,1,0,0,1,0,0,0,1,1,"top_minnow_blackchin_minnow; chub_sucker","CALHOUN_WABASCON_SUMM_0001_1.jpeg","CALHOUN_WABASCON_SUMM_0001_2.jpeg"
59574625,"L21677","155635929","CALHOUN","WARNER",5,"August",1957,9,"August",1957,"medium","light","medium","light",NA,NA,9.144,2.743,NA,23.675,NA,10,15,1,NA,0,NA,10,NA,0,NA,NA,137,147,NA,NA,NA,NA,"no",NA,NA,"none",NA,NA,NA,3.657,7.62,NA,25,NA,8.889,NA,5.8,5.8,1.3,0,0,NA,0,0,1,0,0,1,1,1,0,0,1,0,0,0,0,0,1,0,0,1,1,1,0,0,1,1,0,0,0,0,0,1,1,1,"grass_pickerel_green_sunfish","CALHOUN_WARNER_SUMM_0001_1.jpeg","CALHOUN_WARNER_SUMM_0001_2.jpeg"
59574626,"L21677","155635929","CALHOUN","WARNER",5,"August",1957,9,"August",1957,"medium","light","medium","light",NA,NA,9.144,2.743,NA,23.675,NA,10,15,1,NA,0,NA,10,NA,0,NA,NA,137,147,NA,NA,NA,NA,"no",NA,NA,"none",NA,NA,NA,3.657,7.62,NA,25,NA,6.111,NA,5.6,5.8,1.3,0,0,NA,0,0,1,0,0,1,1,1,0,0,1,0,0,0,0,0,1,0,0,1,1,1,0,0,1,1,0,0,0,0,0,1,1,1,"green_sunfish_grass_pickerel","CALHOUN_WARNER_SUMM_0002_1.jpeg","CALHOUN_WARNER_SUMM_0002_2.jpeg"
59574627,"L25801","155638468","CASS","BALDWIN",11,"September",1950,14,"September",1950,"light","light","light","light",NA,NA,16.763,3.657,3.962,107.649,NA,25,NA,3,NA,1,NA,115,NA,0,NA,NA,162,185,NA,NA,NA,NA,"no",NA,NA,"no",NA,NA,NA,7.62,9.753,NA,22.222,NA,13.7,10.1,9,8.4,7.9,1.9,2.7,0.2,1,0,1,1,1,1,1,1,1,0,0,0,0,1,1,1,0,0,1,1,0,1,1,0,1,1,0,1,1,1,0,1,1,1,"warmouth; sand_shiner_hornyhead_chub_blackside_topminnow_rainbow_darters_log_perch_perch; redhorse_spotted_sucker","CASS_BALDWIN_SUMM_0001_1.jpeg","CASS_BALDWIN_SUMM_0001_2.jpeg"
59574628,"L4273","152518486","CALHOUN","WILDERCREEK",17,"September",1952,9,"October",1952,"heavy","none","heavy","noneillegal",NA,NA,2.438,NA,NA,NA,NA,100,NA,0,NA,0,NA,1,NA,0,NA,NA,NA,NA,NA,NA,NA,NA,"yes",NA,"yes","yes",NA,"stops upstream movement. fish can get up a side channel.",NA,NA,NA,NA,9.444,NA,NA,NA,NA,NA,NA,NA,NA,NA,0,0,0,0,0,0,0,0,0,0,0,0,0,0,0,0,0,0,0,0,0,0,0,0,0,0,0,0,0,0,0,0,0,0,NA,"CALHOUN_WILDERCREEK_SUMM_0001_1.jpeg","CALHOUN_WILDERCREEK_SUMM_0001_2.jpeg"
59574629,"L29126","155637595","CASS","BIRCH",12,"July",1937,NA,"July",NA,NA,NA,NA,NA,"yes","permitted",31.088,5.181,NA,124.97,NA,NA,NA,NA,NA,NA,NA,NA,NA,NA,NA,NA,122,NA,NA,NA,NA,NA,"yes",NA,NA,"yes",NA,NA,NA,NA,NA,NA,26.8,NA,7,NA,8.3,NA,NA,NA,4.6,NA,1,0,0,1,1,1,1,0,1,0,1,0,0,1,0,1,1,0,1,0,0,1,1,1,0,1,0,1,1,0,0,1,0,1,"mud_pickerel_green_sunfish; northern_mimic_shiner_tadpole_cat_log_perch_least_darter_silversides_northern_creek_chub_western_golden_shiner_chubnorthern_muddler_nine_spined_stickleback_western_mudminnow","CASS_BIRCH_SUMM_0001_1.jpeg","CASS_BIRCH_SUMM_0001_2.jpeg"
59574630,"L30762","155636581","CASS","BUNKER",NA,"September",1958,NA,"September",NA,"medium","medium","medium","medium",NA,NA,17.678,NA,NA,43.302,NA,NA,NA,2,NA,NA,NA,6,NA,NA,NA,NA,NA,NA,NA,NA,NA,NA,"no",NA,NA,"no",NA,NA,"yes",5.334,9.144,NA,23,NA,6.778,NA,9.7,NA,1,9.1,NA,NA,0,0,1,0,0,1,0,0,0,0,0,0,0,1,0,0,0,0,0,0,0,1,0,0,0,0,0,0,0,0,0,1,0,1,"crappies","CASS_BUNKER_SUMM_0001_1.jpeg","CASS_BUNKER_SUMM_0001_2.jpeg"
59574631,"L26930","155636578","CASS","CABLE",11,"August",1950,11,"August",1950,"light","light","light","light",NA,NA,12.191,NA,NA,36.423,NA,NA,NA,1,NA,0,NA,50,NA,0,NA,NA,NA,NA,NA,NA,NA,NA,NA,NA,NA,NA,NA,NA,NA,NA,NA,NA,NA,NA,NA,NA,NA,NA,NA,NA,NA,NA,0,0,0,0,0,1,0,0,0,0,0,0,0,0,0,0,0,0,0,0,0,1,0,0,0,0,0,0,0,0,0,0,0,1,"bullheads","CASS_CABLE_SUMM_0001_1.jpeg","CASS_CABLE_SUMM_0001_2.jpeg"
59574632,"L29929","{5C3D6628-93FF-4E3F-943A-7F19734D01A3}","CASS","CHRISTIAN",20,"July",1938,24,"July",1938,"heavy","heavy","heavy","heavy",NA,NA,13.106,2.438,2.591,72.44,NA,10,NA,2,NA,2,NA,38,NA,0,NA,NA,160,198,NA,1.58,NA,NA,"no",NA,NA,"no",NA,NA,"yes",4.572,9.144,NA,24.1,25.6,13.8,NA,6.5,7.3,NA,NA,0,3.5,1,0,1,1,0,1,1,1,0,0,1,0,0,0,0,1,1,0,1,0,1,0,0,0,1,0,0,0,0,0,0,0,0,1,"bass_crappie; bluntnose_shiner_fundulus_blackchin_minnow_campostoma_a; gar","CASS_CHRISTIAN_SUMM_0001_1.jpeg","CASS_CHRISTIAN_SUMM_0001_2.jpeg"
59574633,"L26930","155636578","CASS","CABLE",11,"August",1950,NA,"August",NA,"light","light","light","light",NA,NA,12.191,NA,NA,36.423,NA,NA,NA,1,NA,0,NA,50,NA,0,NA,NA,NA,NA,NA,NA,NA,NA,NA,NA,NA,NA,NA,NA,NA,NA,NA,NA,NA,NA,NA,NA,NA,NA,NA,NA,NA,NA,0,0,0,0,0,1,0,0,0,0,0,0,1,0,0,0,0,0,0,0,0,1,0,0,0,0,0,0,0,0,0,0,0,1,"sunfish_bullhead","CASS_CABLE_SUMM_0002_1.jpeg","CASS_CABLE_SUMM_0002_2.jpeg"
59574634,"L24034","155636852","CASS","COOK",10,"July",1941,10,"July",1941,"medium","medium","medium","medium",NA,NA,12.953,1.219,NA,12.141,NA,10,NA,0,NA,0,NA,0,NA,0,NA,NA,NA,NA,NA,NA,NA,NA,"no",NA,NA,"no",NA,NA,NA,NA,NA,NA,24.5,NA,6.9,NA,9.4,9.4,NA,NA,8,0.3,0,0,0,0,0,0,0,0,0,0,0,0,0,0,0,0,0,0,0,0,0,0,0,0,0,0,0,0,0,0,0,0,0,0,NA,"CASS_COOK_SUMM_0001_1.jpeg","CASS_COOK_SUMM_0001_2.jpeg"
59574635,"L29049","155636769","CASS","COPLEY",25,"July",1938,27,"July",1938,"none","none","none","none",NA,NA,2.133,1.422,NA,12.869,NA,100,NA,0,NA,0,NA,1,NA,0,NA,NA,1,8,NA,1.18,NA,NA,NA,NA,NA,NA,NA,NA,"no",NA,NA,NA,31,NA,24.3,NA,4,6.2,NA,NA,NA,NA,0,0,0,0,0,0,0,0,0,0,0,0,0,0,0,0,1,0,0,0,0,0,0,0,0,0,0,0,0,0,0,0,0,0,"mud_minnows","CASS_COPLEY_SUMM_0001_1.jpeg","CASS_COPLEY_SUMM_0001_2.jpeg"
59574636,"L30618","155637503","CASS","DIAMOND",8,"September",1958,12,"September",1958,"medium","medium","medium","medium",NA,NA,19.506,1.829,NA,412.788,NA,60,NA,3,NA,4,NA,500,NA,1,NA,NA,135,165,NA,NA,NA,NA,"no",NA,NA,"no",NA,NA,NA,9.753,12.191,NA,21.667,22.222,10.556,NA,5.6,6.1,2.2,0.4,NA,NA,1,0,1,0,1,1,1,1,1,0,1,0,0,0,0,0,1,0,0,1,0,1,1,1,1,1,0,1,1,0,1,1,1,1,"longear_sunfish_warmouth; sand_shiner_spottail_shiner","CASS_DIAMOND_SUMM_0001_1.jpeg","CASS_DIAMOND_SUMM_0001_2.jpeg"
59574637,"L26935","155637449","CASS","DONNELL",4,"September",1956,7,"September",1956,"heavy","medium","heavy","mediumtolight",NA,NA,19.201,2.286,NA,99.555,NA,20,NA,2,NA,1,NA,194,NA,0,NA,NA,143,199,NA,NA,NA,NA,"no",NA,NA,"no",NA,NA,NA,5.334,8.382,NA,24.444,NA,8.333,NA,8.9,9.2,9.2,2.7,1.4,0,0,0,1,1,1,1,1,1,1,0,1,0,0,0,0,0,1,0,1,1,1,1,1,0,0,0,0,0,1,0,0,1,1,1,"warmouth_green_sunfish; blackstripe_topminnow_top_minnow_tadpole_madtom_tom","CASS_DONNELL_SUMM_0001_1.jpeg","CASS_DONNELL_SUMM_0001_2.jpeg"
59574638,"L26935","155637449","CASS","DONNELL",21,"May",1954,21,"May",NA,"medium","light","medium","light",NA,NA,19.201,NA,NA,99.555,NA,10,NA,1,NA,0,NA,150,NA,0,NA,NA,NA,NA,NA,NA,NA,NA,"no",NA,"no","no",NA,"none",NA,NA,NA,NA,NA,NA,NA,NA,NA,NA,NA,NA,NA,NA,0,0,1,0,0,1,0,1,1,0,0,0,0,0,1,0,0,0,0,0,0,1,0,0,1,0,0,1,0,0,0,0,0,1,"gar","CASS_DONNELL_SUMM_0002_1.jpeg","CASS_DONNELL_SUMM_0002_2.jpeg"
59574639,"L31704","155638400","CASS","EAGLE",7,"July",1954,NA,"July",NA,"light","medium","light","medium",NA,NA,7.924,NA,NA,141.643,NA,75,NA,2,NA,1,NA,200,NA,1,NA,NA,NA,NA,NA,NA,NA,NA,"no",NA,NA,"no",NA,NA,NA,NA,NA,NA,NA,NA,NA,NA,NA,NA,NA,NA,NA,NA,0,0,1,0,0,1,1,1,1,0,0,0,0,0,1,0,0,0,0,0,0,1,0,0,1,1,0,0,0,0,0,0,0,1,"crappie_warmouth; gar","CASS_EAGLE_SUMM_0001_1.jpeg","CASS_EAGLE_SUMM_0001_2.jpeg"
59574640,"L31704","155638400","CASS","EAGLE",20,"September",1955,23,"September",1955,"medium","medium","medium","medium",NA,NA,10.667,NA,NA,153.379,NA,85,NA,2,NA,3,NA,300,NA,0,NA,NA,140,150,NA,NA,0.305,NA,"yes",NA,"no","yes",NA,"virtually none",NA,7.62,9.144,NA,20.556,25.556,17.444,NA,8.2,7.9,3,0,NA,NA,1,0,1,1,1,1,1,0,1,0,1,0,0,0,0,0,0,0,1,0,1,1,1,0,1,1,0,1,1,0,1,1,1,1,"warmouth_green_sunfish_longear_sunfish; sand_shiner","CASS_EAGLE_SUMM_0002_1.jpeg","CASS_EAGLE_SUMM_0002_2.jpeg"
59574641,"L30831","155636464","CASS","HEMLOCK",8,"July",1941,8,"July",1941,"heavy","medium","heavy","medium",NA,NA,22.859,7.01,NA,25.82,NA,20,NA,0,NA,0,NA,0,NA,0,NA,NA,48,57,NA,1.14,NA,NA,NA,NA,NA,NA,NA,NA,"yes",5.334,9.144,NA,24.5,NA,4.9,NA,8.4,8.6,NA,NA,14.3,0.2,0,0,1,0,0,1,1,1,0,0,1,0,0,0,0,0,1,0,0,0,1,1,0,0,0,1,0,0,0,0,0,0,0,1,"warmouth_bass_mud_pickerel; top_minnow","CASS_HEMLOCK_SUMM_0001_1.jpeg","CASS_HEMLOCK_SUMM_0001_2.jpeg"
59574642,"L29584","155637283","CASS","HARWOOD",17,"July",1953,22,"July",1953,"medium",NA,"medium",NA,NA,NA,16.763,2.387,NA,49.373,NA,35,NA,4,NA,1,NA,35,NA,NA,NA,NA,140,NA,NA,NA,0.646,NA,"yes",NA,"yes","yes",NA,"stops fish moving into corey l. especially in summer or when water is low.",NA,5.181,9.144,NA,26.667,NA,12.222,NA,8.9,9.4,17.9,8.7,6.4,3,1,0,0,1,0,1,1,0,0,0,0,0,0,1,0,0,1,0,1,0,0,1,0,0,0,0,1,0,0,0,0,0,1,1,"green_sunfish; sand_shiner","CASS_HARWOOD_SUMM_0001_1.jpeg","CASS_HARWOOD_SUMM_0001_2.jpeg"
59574643,"L26937","155636927","CASS","LITTLEFISH",11,"August",1950,11,"August",1950,"medium","light","medium","light",NA,NA,NA,NA,NA,101.174,NA,NA,NA,1,NA,1,NA,15,NA,0,NA,NA,53,68,NA,NA,NA,NA,NA,NA,NA,NA,NA,NA,"yes",4.572,7.62,NA,24.444,NA,NA,NA,9.2,7.9,NA,NA,3,0,0,0,0,0,0,1,0,0,0,0,0,0,1,0,0,0,0,0,0,0,0,1,0,0,0,0,0,0,0,0,0,0,0,1,"sunfish_bullheads","CASS_LITTLEFISH_SUMM_0001_1.jpeg","CASS_LITTLEFISH_SUMM_0001_2.jpeg"
59574644,"L26937","155636927","CASS","LITTLEFISH",11,"August",1951,NA,"August",NA,"medium","light","medium","light",NA,NA,NA,NA,NA,101.174,NA,NA,NA,1,NA,1,NA,15,NA,0,NA,NA,53,68,NA,NA,NA,NA,"no",NA,NA,"none",NA,NA,"yes",4.572,7.62,NA,24.444,NA,NA,NA,9.2,7.9,NA,NA,3,0,0,0,0,0,0,1,0,0,0,0,0,0,0,0,0,0,0,0,0,0,0,1,0,0,0,0,0,0,0,0,0,0,0,1,"sunfish_bullheads","CASS_LITTLEFISH_SUMM_0002_1.jpeg","CASS_LITTLEFISH_SUMM_0002_2.jpeg"
59574645,"L26937","155636927","CASS","LITTLEFISH",25,"August",1952,27,"August",1952,"medium","medium","mediumlight","medium",NA,NA,NA,NA,NA,121.408,NA,NA,NA,2,NA,NA,NA,20,NA,NA,NA,NA,NA,NA,NA,NA,NA,NA,NA,NA,NA,NA,NA,NA,NA,NA,NA,NA,NA,NA,NA,NA,NA,NA,NA,NA,NA,NA,0,0,1,0,0,1,0,0,0,0,1,0,0,0,0,0,1,0,0,0,1,1,0,0,0,1,0,0,0,0,0,0,0,1,NA,"CASS_LITTLEFISH_SUMM_0003_1.jpeg","CASS_LITTLEFISH_SUMM_0003_2.jpeg"
59574647,"L30763","155638635","CASS","LONG",7,"September",1950,9,"September",1950,"light","light","light","light",NA,NA,13.411,3.353,3.962,97.531,NA,15,NA,1,NA,0,NA,90,NA,0,NA,NA,176,202,NA,NA,NA,NA,"no",NA,NA,"no",NA,NA,"yes",6.096,10.058,NA,21.667,22.222,9.6,NA,8.3,8.1,7.9,0,0,NA,1,0,1,0,1,1,1,1,1,0,0,0,0,1,1,1,0,0,1,1,0,1,1,1,1,0,0,1,1,1,0,1,0,1,"sand_shiner_hornyhead_chub_blackstripe_topminnow_log_perch_blackside_darter_stone_roller_stoneroller_creek_chub; spotted_sucker_redhorse","CASS_LONG8S13WSECSMANY_SUMM_0001_1.jpeg","CASS_LONG8S13WSECSMANY_SUMM_0001_2.jpeg"
59574648,"L23206","155636829","CASS","MILLER",16,"July",1938,18,"July",1938,"light","none","light","none",NA,NA,7.315,3.048,NA,22.946,NA,100,NA,0,NA,0,NA,0,NA,0,NA,NA,45,51,NA,1.2,NA,NA,NA,NA,NA,NA,NA,NA,"yes",3.657,4.267,NA,25.8,27.2,21.8,NA,7.1,7.3,NA,NA,5.9,6.7,0,0,0,0,0,1,0,0,0,0,0,0,0,0,0,1,1,0,0,0,1,1,0,0,0,0,0,0,0,0,0,0,1,0,"chb_sucker","CASS_MILLER_SUMM_0001_1.jpeg","CASS_MILLER_SUMM_0001_2.jpeg"
59574649,"L26561","155636863","CASS","SKYHAWK",11,"August",1950,NA,"August",NA,"medium","light","medium","light",NA,NA,11.582,NA,NA,32.376,NA,25,NA,1,NA,0,NA,3,NA,0,NA,NA,173,NA,NA,NA,NA,NA,NA,NA,NA,NA,NA,NA,"yes",3.657,6.096,NA,22.778,NA,7.778,NA,9.7,8,NA,NA,3,0,0,0,0,0,0,1,0,0,0,0,0,0,0,0,0,0,0,0,0,0,0,1,0,0,0,1,0,0,0,0,0,0,0,1,"sunfish","CASS_SKYHAWK_SUMM_0001_1.jpeg","CASS_SKYHAWK_SUMM_0001_2.jpeg"
59574650,"L29930","155637911","CASS","SHAVEHEAD",10,"September",1956,14,"September",1956,"heavy","heavy","fairlyheavy","heavy",NA,NA,21.335,3.353,NA,116.957,NA,20,NA,3,NA,1,NA,121,NA,0,NA,NA,146,229,NA,NA,NA,NA,"no",NA,NA,"no",NA,NA,NA,5.181,10.667,NA,21.667,NA,7.222,7.778,9.8,9.9,9.8,0.2,0,NA,0,0,1,1,1,1,1,0,1,0,1,0,0,1,0,0,1,1,1,1,1,1,1,0,0,0,0,0,0,1,0,1,1,1,"warmouth_grass_pickerel; logperch_perch_madtom","CASS_SHAVEHEAD_SUMM_0001_1.jpeg","CASS_SHAVEHEAD_SUMM_0001_2.jpeg"
59574651,"L25588","155636955","CASS","PINE",10,"July",1941,10,"July",1941,"medium","medium","medium","medium",NA,NA,6.096,3.657,NA,12.141,NA,35,NA,0,NA,0,NA,0,NA,0,NA,NA,199,249,NA,NA,NA,NA,"no",NA,NA,"none",NA,NA,"yes",1.524,6.096,"yes",24.5,NA,15.8,NA,11.2,NA,NA,NA,3.4,NA,0,0,0,0,0,1,0,0,0,0,0,1,0,0,0,0,0,0,0,0,0,1,0,0,0,0,0,0,0,0,0,0,0,0,"trout","CASS_PINE5S15WS30_SUMM_0001_1.jpeg","CASS_PINE5S15WS30_SUMM_0001_2.jpeg"
59672349,"L43886","123148008","GOGEBIC","SUMMIT",16,"August",1979,16,"August",1979,NA,NA,NA,NA,NA,NA,NA,NA,NA,NA,NA,NA,NA,NA,NA,NA,NA,NA,NA,NA,NA,NA,NA,NA,NA,NA,NA,NA,NA,NA,NA,NA,NA,NA,NA,NA,NA,NA,NA,NA,NA,NA,NA,NA,NA,NA,NA,NA,NA,NA,NA,NA,NA,NA,NA,NA,NA,NA,NA,NA,NA,NA,NA,NA,NA,NA,NA,NA,NA,NA,NA,NA,NA,NA,NA,NA,NA,NA,NA,NA,NA,NA,NA,"Gogebic_Summit_LFCAS_013.jpg","Gogebic_Summit_LFCAS_014.jpg"
59672350,"L43886","123148008","GOGEBIC","SUMMIT",25,"September",1978,NA,"September",NA,NA,NA,NA,NA,NA,NA,NA,NA,NA,NA,NA,NA,NA,NA,NA,NA,NA,NA,NA,NA,NA,NA,NA,NA,NA,NA,NA,NA,NA,NA,NA,NA,NA,NA,NA,NA,NA,NA,NA,NA,NA,NA,NA,NA,NA,NA,NA,NA,NA,NA,NA,NA,NA,NA,NA,NA,NA,NA,NA,NA,NA,NA,NA,NA,NA,NA,NA,NA,NA,NA,NA,NA,NA,NA,NA,NA,NA,NA,NA,NA,NA,NA,NA,"Gogebic_Summit_LFCAS_017.jpg","Gogebic_Summit_LFCAS_018.jpg"
61360590,"L11015","145334075","WASHTENAW","CROOKEDT",12,"October",1930,NA,"October",NA,NA,NA,NA,NA,NA,NA,NA,NA,NA,NA,NA,NA,NA,NA,NA,NA,NA,NA,NA,NA,NA,NA,NA,NA,NA,NA,NA,NA,NA,NA,NA,NA,NA,NA,NA,NA,NA,NA,NA,NA,NA,NA,NA,NA,NA,NA,NA,NA,NA,NA,NA,NA,NA,NA,NA,NA,NA,NA,NA,NA,NA,NA,NA,NA,NA,NA,NA,NA,NA,NA,NA,NA,NA,NA,NA,NA,NA,NA,NA,NA,NA,NA,NA,"WASHTENAW_CROOKEDT2SR3ES5678_SUMM_0001.jpeg",NA
61360591,"L16745","145334061","WASHTENAW","MURRAY",4,"October",1930,4,"October",1930,NA,NA,NA,NA,NA,NA,NA,NA,NA,NA,NA,NA,NA,NA,NA,NA,NA,NA,NA,NA,NA,NA,NA,NA,NA,NA,NA,NA,NA,NA,NA,NA,NA,NA,NA,NA,NA,NA,NA,NA,NA,NA,NA,NA,NA,NA,NA,NA,NA,NA,NA,NA,NA,NA,NA,NA,NA,NA,NA,NA,NA,NA,NA,NA,NA,NA,NA,NA,NA,NA,NA,NA,NA,NA,NA,NA,NA,NA,NA,NA,NA,NA,NA,"WASHTENAW_MURRAY_SUMM_0001.jpeg",NA
61362578,"L18649","152707376","MONTCALM","BURGESS",NA,"August",1950,NA,"August",1950,"light","light","light","light",NA,NA,NA,NA,NA,24.282,NA,NA,NA,0,NA,0,NA,6,NA,0,NA,NA,NA,NA,NA,NA,NA,NA,NA,NA,NA,NA,NA,NA,NA,NA,NA,NA,NA,NA,NA,NA,NA,NA,NA,NA,NA,NA,0,0,0,0,0,1,0,0,0,0,0,0,1,0,0,0,0,0,0,0,0,1,0,0,1,0,0,0,0,0,0,0,0,1,"sunfish_bullheads_and_sunfish","MONTCALM_BURGESS_SUMM_0001_1.jpeg","MONTCALM_BURGESS_SUMM_0001_2.jpeg"
61362579,"L6111","151870594","MONTCALM","CRYSTAL",28,"July",1941,30,"July",1941,"heavy","light","heavy","light",NA,NA,21.335,2.895,3.353,293.161,NA,65,NA,10,NA,3,NA,270,NA,1,NA,NA,128,162,NA,1.31,1.219,NA,"yes",NA,"yes","yes",NA,"prevents it in summer. is removed in winter.","yes",4.572,12.191,NA,26.6,27.7,5.7,16.9,7.6,8.9,NA,NA,0.2,4.1,1,0,0,1,1,1,1,0,0,0,0,0,0,0,0,1,1,0,0,0,0,1,1,0,1,1,0,1,1,0,0,1,1,1,"longeared_sunfish; least_darter","MONTCALM_CRYSTAL10N5WS71718_SUMM_0001_1.jpeg","MONTCALM_CRYSTAL10N5WS71718_SUMM_0001_2.jpeg"
61362580,"L1862","151870593","MONTCALM","DERBY",31,"August",1944,NA,"August",NA,"medium",NA,"medium",NA,NA,NA,NA,NA,NA,34.399,NA,NA,NA,1,NA,NA,NA,40,NA,NA,NA,NA,122,140,NA,NA,0.305,NA,"yes",NA,"no","small county dam to control lake water level.",NA,"none at present.","yes",6.4,9.753,NA,21.111,NA,5.278,NA,9.1,NA,NA,NA,10.6,5.5,0,0,1,0,0,1,0,0,0,0,0,0,0,0,0,0,0,0,0,0,0,1,0,0,1,0,0,0,1,0,0,0,0,1,"crappies","MONTCALM_DERBY_SUMM_0002_1.jpeg","MONTCALM_DERBY_SUMM_0002_2.jpeg"
61362581,"L17784","152707020","MONTCALM","COWDEN",8,"August",1949,11,"August",1949,"medium","medium","medium","medium",NA,NA,15.239,3.962,NA,51.801,NA,30,NA,1,NA,1,NA,15,NA,0,NA,NA,41,62,NA,NA,NA,NA,"no",NA,"no","none",NA,"none",NA,4.572,10.058,NA,26.111,NA,11.6,NA,7.6,8.4,8.4,0.1,0,NA,0,0,1,0,0,1,1,0,0,0,0,0,1,0,0,0,1,0,1,1,0,1,0,0,1,1,0,0,1,0,0,1,0,1,NA,"MONTCALM_COWDEN_SUMM_0001_1.jpeg","MONTCALM_COWDEN_SUMM_0001_2.jpeg"
61362582,"L49002",NA,"MONROE","OTTAWA",30,"July",1974,30,"July",1974,"none",NA,"noneinmostyears",NA,NA,NA,0.61,NA,NA,2.428,28.329,100,NA,NA,NA,NA,NA,0,NA,NA,NA,NA,54,NA,NA,NA,NA,NA,"no",NA,NA,"no",NA,NA,"no",NA,NA,NA,NA,NA,NA,NA,NA,NA,NA,NA,NA,NA,0,0,0,0,0,0,0,0,0,0,0,0,0,0,0,0,0,0,0,0,0,0,0,0,0,0,0,0,0,0,0,0,0,0,NA,"MONROE_OTTAWA_SUMM_0001_1.jpeg","MONROE_OTTAWA_SUMM_0001_2.jpeg"
61362583,"L1862","151870593","MONTCALM","DERBY",28,"August",1950,30,"August",1950,"heavy","medium","heavy","medium",NA,NA,26.516,4.419,NA,47.754,NA,30,NA,2,NA,1,NA,90,NA,0,NA,NA,110,142,NA,NA,0.305,NA,"yes",NA,"no","small concrete dam.",NA,"virtually none",NA,6.858,10.667,NA,22.778,NA,6.7,NA,8.9,8.7,10.6,8.4,8,0.4,0,0,0,0,1,1,1,0,0,0,1,0,0,0,0,0,0,0,1,0,0,1,0,0,1,1,1,1,0,0,0,0,1,1,"wide_mouthed_bass; sand_shiner_spotfin_shiner_creek_chub_least_darter","MONTCALM_DERBY_SUMM_0001_1.jpeg","MONTCALM_DERBY_SUMM_0001_2.jpeg"
61362584,"L20292","152707066","MONTCALM","DICKERSON",11,"August",1955,11,"August",1955,"medium","medium","medium","medium",NA,NA,14.02,2.438,NA,60.704,NA,20,NA,1,NA,1,NA,60,NA,0,NA,NA,NA,NA,NA,NA,NA,NA,"no",NA,"no","no",NA,"none",NA,NA,NA,NA,24.444,NA,10.556,NA,NA,NA,NA,NA,NA,NA,0,0,1,0,0,1,0,1,0,0,0,0,0,0,1,0,0,0,0,0,0,1,1,0,1,1,0,1,0,1,0,1,0,1,"crappies; gar","MONTCALM_DICKERSON_SUMM_0001_1.jpeg","MONTCALM_DICKERSON_SUMM_0001_2.jpeg"
61362585,"L14045","151870590","MONTCALM","DUCK",31,"July",1941,NA,"July",NA,"heavy","heavy","heavy","heavy",NA,NA,2.743,NA,NA,123.877,NA,100,NA,1,NA,1,NA,9,NA,0,NA,NA,64,67,NA,1.54,NA,NA,"no",NA,NA,"none",NA,NA,"no",NA,NA,NA,27.2,NA,20.5,NA,6.5,6.7,NA,NA,NA,NA,1,0,1,1,1,1,1,1,0,0,1,0,0,0,0,1,0,0,0,0,0,1,0,0,1,1,0,1,1,0,0,1,1,1,"warmouth_bass; mud_minnow; common_sucker_mullet","MONTCALM_DUCK_SUMM_0001_1.jpeg","MONTCALM_DUCK_SUMM_0001_2.jpeg"
61362586,"L16083","152706997","MONTCALM","HORSESHOET",30,"August",1950,1,"September",1950,"medium","light","medium","light",NA,NA,13.411,2.743,3.048,39.255,NA,15,NA,1,NA,0,NA,12,NA,0,NA,NA,153,259,NA,NA,NA,NA,"no",NA,"no","no",NA,"none",NA,4.572,8.382,NA,21.111,NA,8.9,8,9.1,9.7,8,0,0,NA,0,0,1,0,0,1,1,0,1,0,0,0,0,0,0,1,0,0,1,1,0,1,0,0,1,0,1,1,0,0,0,1,1,1,"wm_m_bass; red_redhorse","MONTCALM_HORSESHOET12NR7WSEC19202930_SUMM_0001_1.jpeg","MONTCALM_HORSESHOET12NR7WSEC19202930_SUMM_0001_2.jpeg"
61362587,"L16083","152706997","MONTCALM","HORSESHOET",16,"August",1943,16,"August",1943,"light","light","light","light",NA,NA,NA,2.438,NA,40.469,NA,NA,NA,1,NA,NA,NA,1,NA,NA,NA,NA,175,NA,NA,NA,NA,NA,"no",NA,NA,"none",NA,NA,"yes",3.048,7.924,NA,23.889,NA,8.333,NA,6.5,8.8,NA,NA,0,0.3,0,0,0,0,1,1,0,0,0,0,0,0,1,0,0,0,0,0,0,0,0,1,0,0,1,1,0,1,0,0,0,0,0,1,"common_minnows","MONTCALM_HORSESHOET12NR7WSEC19202930_SUMM_0002_1.jpeg","MONTCALM_HORSESHOET12NR7WSEC19202930_SUMM_0002_2.jpeg"
61362588,"L14045","151870590","MONTCALM","DUCK",31,"July",1941,31,"July",1941,"heavy","heavy","heavy","heavy",NA,NA,2.743,NA,NA,123.877,NA,100,NA,1,NA,1,NA,9,NA,0,NA,NA,64,67,NA,1.54,NA,NA,"no",NA,NA,"none",NA,NA,"no",NA,NA,NA,27.2,NA,20.5,NA,6.5,6.7,NA,NA,NA,NA,1,0,1,1,1,1,1,1,0,0,1,0,0,0,0,1,0,0,0,0,0,1,0,0,1,1,0,1,0,0,0,1,1,1,"warmouth_bass; mud_minnow_menona_killifish; mullet_fish","MONTCALM_DUCK_SUMM_0002_1.jpeg","MONTCALM_DUCK_SUMM_0002_2.jpeg"
61362589,"L18134","121860783","MONTCALM","KRAMPE",5,"August",1949,6,"August",1949,"medium",NA,"medium",NA,NA,NA,NA,2.895,NA,4.047,NA,NA,NA,NA,NA,NA,NA,0,NA,NA,NA,NA,52,73,NA,NA,NA,NA,NA,NA,NA,NA,NA,NA,NA,3.048,7.01,NA,25,NA,9.2,NA,7.5,NA,7.3,0.3,0,NA,0,0,1,1,0,1,0,0,0,0,1,0,0,0,0,0,0,0,1,0,0,1,0,0,1,1,0,0,0,0,0,0,1,0,"green_sunfish","MONTCALM_KRAMPE_SUMM_0001_1.jpeg","MONTCALM_KRAMPE_SUMM_0001_2.jpeg"
61362590,"L11911","151870589","MONTCALM","LOON",26,"July",1941,28,"July",1941,"heavy","medium","heavy","medium",NA,NA,16.154,2.743,NA,25.415,NA,40,NA,1,NA,0,NA,10,NA,0,NA,NA,124,188,NA,1.15,NA,NA,"no",NA,NA,"none",NA,NA,"yes",3.048,10.667,NA,27.2,NA,10.9,NA,6.8,7.7,NA,NA,7.3,8.6,1,0,0,1,0,1,1,0,0,0,0,0,0,0,0,1,0,0,0,0,0,1,0,0,0,1,0,0,0,0,0,0,0,1,NA,"MONTCALM_LOON_SUMM_0001_1.jpeg","MONTCALM_LOON_SUMM_0001_2.jpeg"
61362591,"L9063","150436916","MONTCALM","MARL",5,"August",1948,5,"August",1948,"light",NA,"light",NA,NA,NA,NA,NA,NA,NA,NA,NA,NA,0,NA,0,NA,0,NA,0,NA,NA,NA,NA,NA,NA,NA,NA,"no",NA,NA,"no",NA,NA,NA,NA,NA,NA,NA,NA,NA,NA,NA,NA,NA,NA,NA,NA,0,0,0,0,0,1,0,0,0,0,0,0,1,0,0,0,0,0,0,0,0,0,0,0,0,0,0,0,0,0,0,0,0,0,"only_1_bullhead","MONTCALM_MARL_SUMM_0001_1.jpeg","MONTCALM_MARL_SUMM_0001_2.jpeg"
61362592,"L9812","151870592","MONTCALM","MUDT",30,"July",1941,30,"July",1941,"medium","medium","medium","medium",NA,NA,0.914,NA,NA,51.477,NA,100,NA,0,NA,0,NA,4,NA,0,NA,NA,173,NA,NA,1.51,NA,NA,"no",NA,NA,"none",NA,NA,"no",NA,NA,NA,28.889,NA,NA,NA,6.8,NA,NA,NA,NA,NA,1,0,0,1,1,1,1,1,0,0,1,0,0,0,0,1,1,0,1,0,1,1,0,0,1,1,0,1,0,0,0,0,0,1,"tadpole_cat","MONTCALM_MUDT10NR7WS19_SUMM_0001_1.jpeg","MONTCALM_MUDT10NR7WS19_SUMM_0001_2.jpeg"
61362593,"L11911","151870589","MONTCALM","LOON",26,"July",1941,28,"July",1941,"heavy","medium","heavy","medium",NA,NA,16.154,2.743,NA,25.415,NA,40,NA,1,NA,0,NA,10,NA,0,NA,NA,124,188,NA,1.15,NA,NA,"no",NA,NA,"none",NA,NA,NA,3.048,10.667,NA,27.2,NA,10.9,NA,6.8,7.7,NA,NA,0,0.3,1,0,0,1,0,1,1,0,0,0,0,0,0,0,0,1,0,0,0,0,0,1,0,0,0,1,0,0,0,0,0,0,0,1,NA,"MONTCALM_LOON_SUMM_0002_1.jpeg","MONTCALM_LOON_SUMM_0002_2.jpeg"
61362594,"L4270","151870584","MONTCALM","NEVINS",24,"August",1950,26,"August",1950,"heavy","medium","heavy","medium",NA,NA,18.287,3.657,4.267,21.449,NA,30,NA,1,NA,0,NA,30,NA,0,NA,NA,88,120,NA,NA,0.914,NA,"no",NA,"no","no but there was a screen barrier over a log base across the stream; one end of the screen was detached from its (cont.) at the time of the biological survey.",NA,"intended to keep trout from leaving lake; no effect at time of survey.","yes",6.858,10.667,NA,21.111,22.222,15.7,9.7,8.4,7.4,6.3,1.3,0.3,0.1,1,0,0,1,1,1,1,0,0,0,0,0,0,0,0,0,0,0,1,0,0,1,0,0,1,1,1,0,0,0,0,1,1,1,"l_e_sunfish; sand_shiner_and_least_darters","MONTCALM_NEVINS_SUMM_0001_1.jpeg","MONTCALM_NEVINS_SUMM_0001_2.jpeg"
61362595,"L4270","151870584","MONTCALM","NEVINS",9,"August",1945,9,"August",1945,"none","none","none","none",NA,NA,14.934,4.877,NA,18.211,NA,NA,NA,1,NA,NA,NA,3,NA,0,NA,NA,71.5,105,NA,NA,NA,NA,NA,NA,NA,NA,NA,NA,"yes",4.572,9.144,NA,23.056,NA,9.444,NA,8.6,NA,9.4,5.2,1.6,0,0,0,0,0,0,0,0,0,0,0,0,0,0,0,0,0,0,0,0,0,0,0,0,0,0,0,0,0,0,0,0,0,0,0,NA,"MONTCALM_NEVINS_SUMM_0002_1.jpeg","MONTCALM_NEVINS_SUMM_0002_2.jpeg"
61362596,"L15760","152707044","MONTCALM","MUSKELLUNGE",24,"August",1954,24,"August",1954,"medium","medium","medium","medium",NA,NA,9.753,4.572,NA,80.939,NA,20,NA,2,NA,1,NA,25,NA,0,NA,NA,197,NA,NA,NA,NA,NA,"no",NA,NA,"no",NA,NA,NA,3.048,7.62,NA,24,NA,10.278,NA,7.7,NA,8,2.6,NA,NA,0,0,0,0,0,1,0,0,0,0,0,0,0,0,0,0,0,0,0,0,0,1,0,0,0,0,0,0,0,0,0,0,0,1,NA,"MONTCALM_MUSKELLUNGE_SUMM_0001_1.jpeg","MONTCALM_MUSKELLUNGE_SUMM_0001_2.jpeg"
61362597,"L6330","152707228","MONTCALM","PEARL",10,"April",1958,10,"April",1958,"light","medium","light","medium",NA,NA,12.191,NA,NA,8.094,NA,NA,NA,NA,NA,NA,NA,10,NA,NA,NA,NA,NA,NA,NA,NA,NA,NA,NA,NA,NA,NA,NA,NA,NA,NA,NA,NA,NA,NA,NA,NA,NA,NA,NA,NA,NA,NA,0,0,0,0,0,1,0,0,0,0,0,0,0,0,0,0,0,0,0,0,1,0,0,0,1,1,0,0,0,0,0,0,0,0,NA,"MONTCALM_PEARL_SUMM_0001_1.jpeg","MONTCALM_PEARL_SUMM_0001_2.jpeg"
61362598,"L17259","152707048","MONTCALM","RAMUSSEN",10,"August",1961,NA,"August",NA,"light","light","light","light",NA,NA,NA,3.962,NA,2.023,NA,10,NA,0,NA,0,NA,0,NA,0,NA,NA,92,124,NA,NA,NA,NA,"no",NA,"no","none",NA,"none","yes",3.048,NA,"yes",24.722,NA,10,NA,7.6,11.1,6.9,0.2,NA,NA,0,0,0,0,0,1,0,1,0,0,0,0,0,0,0,0,0,0,0,0,0,0,0,0,0,0,0,0,0,0,0,0,0,0,"bass_bullheads_bass","MONTCALM_RAMUSSEN_SUMM_0001_1.jpeg","MONTCALM_RAMUSSEN_SUMM_0001_2.jpeg"
61362599,"L20258","152707027","MONTCALM","RAINBOW",NA,"August",1950,NA,"August",1950,"light","light","light","light",NA,NA,4.877,NA,NA,121.408,NA,95,NA,1,NA,0,NA,12,NA,0,NA,NA,NA,NA,NA,NA,NA,NA,NA,NA,NA,NA,NA,NA,NA,NA,NA,NA,NA,NA,NA,NA,NA,NA,NA,NA,NA,NA,0,0,0,0,0,1,0,0,0,0,0,0,1,0,0,0,0,0,0,0,0,1,0,0,0,0,0,1,0,0,0,0,0,1,"sunfish_bullheads_sunfish","MONTCALM_RAINBOW_SUMM_0001_1.jpeg","MONTCALM_RAINBOW_SUMM_0001_2.jpeg"
61362600,"L5159","152707441","MONTCALM","SNOW",NA,"August",1950,NA,"August",1950,"light","light","light","light",NA,NA,NA,NA,NA,8.094,NA,NA,NA,1,NA,0,NA,1,NA,0,NA,NA,NA,NA,NA,NA,NA,NA,"no",NA,NA,"no",NA,NA,NA,NA,NA,NA,NA,NA,NA,NA,NA,NA,NA,NA,NA,NA,0,0,1,0,0,1,0,0,0,0,0,0,0,0,0,0,1,0,0,0,0,1,0,0,1,0,0,1,0,0,0,0,0,1,"sunfish_crappies_bullheads","MONTCALM_SNOW_SUMM_0001_1.jpeg","MONTCALM_SNOW_SUMM_0001_2.jpeg"
61362601,"L16223","152706968","MONTCALM","TOWNLINE",NA,"August",1950,NA,"August",1950,"heavy","medium","heavy","medium",NA,NA,NA,NA,NA,60.704,NA,NA,NA,3,NA,10,NA,1000,NA,1,NA,NA,NA,NA,NA,NA,NA,NA,NA,NA,NA,NA,NA,NA,NA,NA,NA,NA,NA,NA,NA,NA,NA,NA,NA,NA,NA,NA,0,0,1,0,0,1,0,0,0,0,0,0,0,0,1,0,0,0,0,0,0,1,0,0,1,0,0,1,0,0,0,0,0,1,"sunfish_crappies_bullheads; gar","MONTCALM_TOWNLINE_SUMM_0001_1.jpeg","MONTCALM_TOWNLINE_SUMM_0001_2.jpeg"
61362602,"L13079","150436943","MONTCALM","TWIN",4,"September",1957,4,"September",1957,"light","medium","light","medium",NA,NA,8.229,2.133,NA,3.238,NA,NA,NA,0,NA,0,NA,0,NA,0,NA,NA,190,NA,NA,NA,NA,NA,NA,NA,NA,NA,NA,NA,NA,3.048,6.096,NA,21.111,NA,7.222,NA,NA,NA,11.4,1.1,NA,NA,0,0,0,0,0,1,0,0,0,1,0,1,0,0,0,0,0,0,0,0,0,1,0,0,0,0,0,0,0,0,0,0,0,0,NA,"MONTCALM_TWIN_SUMM_0001_1.jpeg","MONTCALM_TWIN_SUMM_0001_2.jpeg"
61362603,"L15803","121860804","MONTCALM","WINFIELD",30,"July",1949,6,"August",1949,"medium","medium","medium","medium",NA,NA,17.373,3.2,3.353,48.968,NA,35,NA,1,NA,0,NA,2,NA,0,NA,NA,119,150,NA,NA,NA,NA,"no",NA,NA,"no",NA,NA,NA,3.962,7.62,NA,25,NA,9.6,8.4,6.9,3.2,4.2,0.1,0,NA,0,0,1,0,1,1,1,0,0,0,1,0,0,0,0,0,0,0,1,1,0,1,0,0,1,1,0,1,0,0,0,1,1,1,"crappie; redhorse_reported","MONTCALM_WINFIELD_SUMM_0001_1.jpeg","MONTCALM_WINFIELD_SUMM_0001_2.jpeg"
61362604,"L22640","145334240","WASHTENAW","BARTON",10,"September",1938,10,"September",1938,"heavy","light","heavy","light",NA,NA,10.058,2.438,NA,122.218,NA,62,NA,2,NA,0,NA,0,NA,0,NA,NA,179,210,NA,3.6,6.096,NA,"yes",NA,"yes","yes",NA,"eliminates any migration","no",NA,NA,NA,19.8,NA,18.9,NA,4.1,NA,NA,NA,NA,NA,0,0,1,0,0,0,1,0,0,0,0,0,0,0,0,1,0,0,0,0,0,0,1,0,1,0,0,0,1,1,1,1,0,0,"suckers; gar_not_specified","WASHTENAW_BARTON_SUMM_0001_1.jpeg","WASHTENAW_BARTON_SUMM_0001_2.jpeg"
61362605,"L20061","121860999","MONTCALM","WHITEFISHBIG",8,"July",1955,19,"July",1955,"heavy","light","mediumtoheavy","light",NA,NA,16.458,1.981,NA,202.347,NA,50,NA,1,NA,1,NA,130,NA,0,NA,NA,121,167,NA,NA,0.457,NA,"yes",NA,"no","yes",NA,"little, if any.",NA,4.572,10.667,NA,26.667,NA,10,NA,8.4,8.8,5,0.3,0,NA,1,0,1,1,0,1,1,0,0,0,0,0,1,0,0,0,0,0,1,1,0,1,1,1,0,1,0,1,0,0,0,1,1,1,"green_sunfish_longear_sunfish_grass_pickerel; least_darter","MONTCALM_WHITEFISHBIG_SUMM_0001_1.jpeg","MONTCALM_WHITEFISHBIG_SUMM_0001_2.jpeg"
61362606,"L47222","145334255","WASHTENAW","ARGO",14,"June",1939,16,"June",1939,"heavy","light","mediumtoheavy","notmuch",NA,NA,3.657,0.701,0.838,37.434,NA,100,NA,1,NA,1,NA,0,NA,0,NA,NA,198,203,NA,3.4,4.572,NA,"yes",NA,"yes","yes",NA,"virtually stops migration - no fishway","no",NA,NA,NA,20,NA,18.889,NA,6.9,7.75,NA,NA,0,NA,0,0,1,0,0,1,1,1,1,0,0,0,0,0,1,0,0,0,0,0,0,1,1,0,1,1,0,1,1,1,1,1,0,1,"longeared_sunfish_sunfish_rock_bass_mud_pickerel; spottail_shiner_rainbow_darter_bluntnosed_shiner_log_perch_silversides_river_chub_roseyfaced_shiner_bigmouthed_shiner_rainbow_darter_blackedsided_darter_blacksided_darter; mullet_and_rubreques_hogmolly_suckers; carp_not_specified_and_gar_not_specified","WASHTENAW_ARGO_SUMM_0001_1.jpeg","WASHTENAW_ARGO_SUMM_0001_2.jpeg"
61362607,"L22840","145333840","WASHTENAW","BIGSILVER",17,"June",1937,17,"June",1937,NA,NA,NA,NA,"yes","permitted",14.325,4.877,NA,87.819,NA,NA,NA,NA,NA,NA,NA,NA,NA,NA,NA,"none",150,NA,NA,NA,NA,NA,"yes","no",NA,"yes","no",NA,NA,NA,NA,NA,22,NA,9.8,NA,8.9,NA,NA,NA,0.5,NA,1,0,0,1,1,1,1,1,1,0,1,0,0,0,0,1,1,0,1,0,1,1,1,1,1,1,0,1,1,0,0,0,1,1,"mud_sunfish_mud_pickerel_and_green_sunfish_longeared_sunfish_warmouth_bass; strawcolored_shiner_bluntnosed_shiner_tadpole_cat_mud_minnow_blackbanded_top_minnow_iowa_darter_silversides_least_darter","WASHTENAW_BIGSILVER_SUMM_0001_1.jpeg","WASHTENAW_BIGSILVER_SUMM_0001_2.jpeg"
61362608,"L19690","145333882","WASHTENAW","BLIND",23,"July",1936,24,"July",1936,"light",NA,"verylittle",NA,NA,NA,NA,NA,NA,NA,NA,NA,NA,0,NA,0,NA,0,NA,0,NA,NA,129,NA,NA,NA,NA,NA,NA,NA,NA,NA,NA,NA,NA,NA,NA,NA,NA,NA,NA,NA,NA,NA,NA,NA,NA,NA,0,0,0,0,0,0,0,0,0,0,0,0,0,0,0,0,0,0,0,0,0,0,0,0,0,0,0,0,0,0,0,0,0,0,NA,"WASHTENAW_BLIND_SUMM_0001_1.jpeg","WASHTENAW_BLIND_SUMM_0001_2.jpeg"
61362609,"L22407","145333861","WASHTENAW","BRUIN",28,"July",1954,29,"July",1954,"medium","light","medium","light",NA,NA,14.63,NA,NA,49.777,NA,40,NA,1,NA,NA,NA,10,15,NA,NA,NA,105,160,NA,NA,NA,NA,"no",NA,NA,"no",NA,NA,NA,3.048,8.534,NA,27.056,NA,NA,NA,8.8,NA,8.6,1.6,1.6,0,0,0,0,0,0,1,0,0,0,0,0,0,0,0,0,0,0,0,0,0,0,1,0,0,1,0,0,0,0,0,0,0,0,0,NA,"WASHTENAW_BRUIN_SUMM_0001_1.jpeg","WASHTENAW_BRUIN_SUMM_0001_2.jpeg"
61362610,"L11346","145334029","WASHTENAW","CASSIDY",21,"August",1944,24,"August",1944,"medium","medium","medium","medium",NA,NA,3.657,NA,NA,18.616,NA,100,NA,0,NA,0,NA,46,NA,NA,NA,NA,127,185,NA,NA,NA,NA,"no",NA,NA,"none",NA,NA,"no",NA,NA,NA,21.111,23.889,20,21.111,8.9,10.5,NA,NA,NA,NA,1,0,0,1,1,1,1,1,0,0,1,0,0,0,1,0,0,0,0,0,0,1,0,0,0,1,0,0,0,0,0,0,1,1,"green_sunfish; mud_pickerel","WASHTENAW_CASSIDY_SUMM_0001_1.jpeg","WASHTENAW_CASSIDY_SUMM_0001_2.jpeg"
61362611,"L12760","145334231","WASHTENAW","CAVANAUGH",15,"August",1944,18,"August",1944,"medium","light","medium","light",NA,NA,6.096,2.743,3.657,87.819,NA,95,NA,2,NA,0,NA,113,NA,0,NA,NA,108,130,NA,NA,NA,NA,"no",NA,NA,"no",NA,NA,"yes",3.962,6.096,"yes",27,NA,22.7,NA,7.4,7.5,NA,NA,6.3,NA,1,0,0,1,0,1,0,0,1,0,0,0,0,0,0,0,0,0,0,0,0,1,0,0,0,1,0,1,1,0,0,0,0,1,"spottail_shiner; green_sunfish","WASHTENAW_CAVANAUGH_SUMM_0001_1.jpeg","WASHTENAW_CAVANAUGH_SUMM_0001_2.jpeg"
61362612,"L11015","145334075","WASHTENAW","CROOKEDT",7,"August",1944,8,"August",1944,"medium","light","medium","light",NA,NA,6.096,4.877,NA,45.73,NA,95,NA,0,NA,0,NA,35,NA,0,NA,NA,115,119,NA,NA,NA,NA,NA,NA,NA,NA,NA,NA,"yes",4.572,5.486,NA,25.556,NA,23,NA,6.11,6.97,NA,NA,6.11,NA,0,0,1,1,1,1,1,0,1,0,0,0,0,0,0,0,1,0,0,0,0,1,0,0,1,1,0,1,0,0,0,0,1,1,"warmouth_bass; mud_pickerel","WASHTENAW_CROOKEDT2SR3ES5678_SUMM_0001_1.jpeg","WASHTENAW_CROOKEDT2SR3ES5678_SUMM_0001_2.jpeg"
61362613,"L5625","145334235","WASHTENAW","CEDARBIG",5,"June",1941,7,"June",1941,"heavy","heavy","heavy","heavy",NA,NA,8.229,2.438,3.2,29.543,NA,60,NA,0,NA,0,NA,14,NA,0,NA,NA,112,135,NA,1.2,NA,NA,"no",NA,NA,"none",NA,"-","yes",3.81,8.229,"yes",21.7,22.4,12.2,12.6,7.8,8.6,NA,NA,7.8,3.2,1,0,1,1,1,1,1,0,0,0,0,0,0,0,0,0,1,0,1,0,0,1,0,0,0,1,0,0,0,0,0,0,1,1,"green_sunfish_and_mud_pickerel; skipjacks","WASHTENAW_CEDARBIG_SUMM_0001_1.jpeg","WASHTENAW_CEDARBIG_SUMM_0001_2.jpeg"
61362614,"L431","145334239","WASHTENAW","DOYLE",16,"August",1944,18,"August",1944,"medium","light","medium","light",NA,NA,4.267,2.895,NA,7.204,NA,100,NA,1,NA,0,NA,0,NA,0,NA,NA,203,250,NA,NA,NA,NA,NA,NA,NA,NA,NA,NA,"yes",2.438,4.267,"yes",26.667,NA,21.7,NA,5,5,NA,NA,NA,NA,0,0,1,0,1,1,1,0,0,0,1,0,0,0,0,0,0,0,0,0,1,1,0,0,1,1,0,0,0,0,0,0,1,1,NA,"WASHTENAW_DOYLE_SUMM_0001_1.jpeg","WASHTENAW_DOYLE_SUMM_0001_2.jpeg"
61362615,"L16497","145334286","WASHTENAW","FORD",15,"September",1938,15,"September",1938,"light","light","light","light",NA,NA,11.582,2.438,2.642,394.577,NA,50,NA,0,NA,0,NA,0,NA,0,NA,NA,165,195,NA,2.8,10.058,NA,"yes",NA,"no","dam forms reservoir",NA,"no upstream migration possible","no",NA,NA,NA,20.9,NA,20,NA,5.5,7.3,NA,NA,0.6,5.5,0,0,0,0,0,1,1,0,0,0,1,0,0,0,0,0,1,0,0,0,0,0,0,1,0,1,0,1,0,0,1,1,0,1,"perch; e_blennoides; carp","WASHTENAW_FORD_SUMM_0001_1.jpeg","WASHTENAW_FORD_SUMM_0001_2.jpeg"
61362616,"L18286","145334041","WASHTENAW","FOURMILE",12,"July",1941,14,"July",1941,"heavy","heavy","heavy","heavy",NA,NA,5.486,2.591,NA,103.602,NA,100,NA,1,NA,0,NA,2,NA,0,NA,NA,111,115,NA,1.27,NA,NA,"no",NA,NA,"none",NA,NA,"no",NA,NA,NA,23.5,NA,22,NA,8.2,8.1,NA,NA,NA,NA,1,0,1,1,1,1,1,1,0,0,0,0,0,0,0,1,0,0,0,0,0,1,0,0,1,1,0,1,0,0,0,0,1,1,"warmouth_bass; blackchin_minnow_blackside_topminnow_mud_minnow_and_least_darter; gar_pike","WASHTENAW_FOURMILE_SUMM_0001_1.jpeg","WASHTENAW_FOURMILE_SUMM_0001_2.jpeg"
61362617,"L19175","145334066","WASHTENAW","FRAINS",NA,"July",1943,NA,"September",1943,"heavy","medium","heavy","medium ",NA,NA,9.144,3.962,NA,6.718,NA,NA,NA,1,NA,NA,NA,0,NA,NA,NA,NA,106,148,NA,1.23,NA,NA,NA,NA,NA,NA,NA,NA,"yes",3.657,6.096,NA,25,NA,11.111,NA,6.4,4.9,NA,NA,1.9,0,0,0,0,1,1,1,0,1,0,0,0,0,0,0,0,0,1,0,0,0,1,1,0,0,0,1,0,0,0,0,0,1,1,1,"green_sunfish_longear_sunfish; creek_chub_mud_minnow_mad_tom_creek_chub; mud_pickerel","WASHTENAW_FRAINS_SUMM_0001_1.jpeg","WASHTENAW_FRAINS_SUMM_0001_2.jpeg"
61362618,"L48419",NA,"WASHTENAW","GEDDES",16,"June",1939,20,"June",1939,"light","none","light","none",NA,NA,4.877,0.381,1.143,105.625,NA,100,NA,0,NA,0,NA,0,NA,0,NA,NA,184,202,NA,4.2,5.486,NA,"yes",NA,"yes","yes",NA,"fishway present but non functional - acts as a barrier","no",NA,NA,NA,21.111,23.889,21.111,23.333,7.35,11.9,NA,NA,NA,NA,0,0,1,0,0,0,1,0,0,0,0,0,1,0,0,0,1,0,0,0,0,1,0,0,1,1,0,1,0,0,1,1,0,0,"longear_sunfish_mud_pickerel_sunfish; carp; gar","WASHTENAW_GEDDES_SUMM_0001_1.jpeg","WASHTENAW_GEDDES_SUMM_0001_2.jpeg"
61362619,"L48419",NA,"WASHTENAW","GEDDES",16,"June",1939,20,"June",1939,"light","none","light","none",NA,NA,4.877,0.305,0.914,105.625,NA,100,NA,0,NA,0,NA,0,NA,0,NA,NA,184,202,NA,4.2,5.486,NA,"yes",NA,"yes","yes",NA,"fishway present but non functional - acts as a barrier.","no",NA,NA,NA,21.111,23.889,21.111,23.333,7.35,11.9,NA,NA,NA,NA,0,0,1,0,0,0,1,0,0,0,0,0,1,0,0,0,1,0,0,0,0,1,1,0,1,1,0,1,0,1,1,1,0,0,"longeared_sunfish_and_mud_pickerel; carp; gar","WASHTENAW_GEDDES_SUMM_0002_1.jpeg","WASHTENAW_GEDDES_SUMM_0002_2.jpeg"
61362620,"L6749","145333993","WASHTENAW","GREEN",1,"July",1936,1,"July",1936,NA,NA,NA,NA,"yes","permitted",3.962,1.981,NA,31.769,NA,NA,NA,NA,NA,NA,NA,NA,NA,NA,NA,"none at present",NA,NA,NA,NA,0.914,1.067,"yes","no",NA,"yes","no",NA,NA,NA,NA,NA,NA,NA,NA,NA,NA,NA,NA,NA,NA,NA,0,0,0,1,1,0,0,0,0,0,1,0,0,0,0,0,1,0,0,0,0,0,0,0,0,0,0,0,0,0,0,1,1,1,"mud_pickerel; sucker","WASHTENAW_GREEN_SUMM_0001_1.jpeg","WASHTENAW_GREEN_SUMM_0001_2.jpeg"
61362621,"L19690","145333882","WASHTENAW","KLINK",21,"July",1936,23,"July",1936,"light",NA,"light",NA,NA,NA,NA,NA,NA,NA,NA,NA,NA,0,NA,0,NA,0,NA,0,NA,NA,0,164,NA,NA,NA,NA,NA,NA,NA,NA,NA,NA,NA,NA,NA,NA,NA,NA,NA,NA,NA,NA,NA,NA,NA,NA,0,0,0,0,0,0,0,0,0,0,0,0,0,0,0,0,0,0,0,0,0,0,0,0,0,0,0,0,0,0,0,0,0,0,NA,"WASHTENAW_KLINK_SUMM_0001_1.jpeg","WASHTENAW_KLINK_SUMM_0001_2.jpeg"
61362622,"L7797","152094791","WASHTENAW","HANKARD",23,"July",1936,24,"July",1936,"medium",NA,"mediumtolight",NA,NA,NA,2.438,NA,NA,NA,NA,100,NA,0,NA,0,NA,NA,NA,0,NA,NA,162,163,NA,NA,NA,NA,NA,NA,NA,NA,NA,NA,"no",NA,NA,NA,24,NA,23,NA,4.5,4.7,NA,NA,NA,NA,0,0,0,0,0,0,0,0,0,0,0,0,0,0,0,0,1,0,0,0,0,0,0,0,0,0,0,0,0,0,0,0,0,0,NA,"WASHTENAW_HANKARD_SUMM_0001_1.jpeg","WASHTENAW_HANKARD_SUMM_0001_2.jpeg"
61362623,"L5199","145334022","WASHTENAW","LONG",21,"August",1944,24,"August",1944,"medium","light","medium","light",NA,NA,9.144,2.286,NA,17.807,NA,75,NA,0,NA,1,NA,8,NA,0,NA,NA,161,185,NA,NA,NA,NA,NA,NA,NA,NA,NA,NA,"yes",2.438,6.705,NA,22.778,NA,10.4,NA,7.5,NA,NA,NA,2,0.3,0,0,1,1,0,1,1,0,0,0,0,0,0,0,0,0,0,0,0,0,0,1,0,0,1,1,0,0,0,0,0,0,0,1,"warmouth_bass_and_green_sunfish","WASHTENAW_LONG_SUMM_0001_1.jpeg","WASHTENAW_LONG_SUMM_0001_2.jpeg"
61362624,"L8467","145334073","WASHTENAW","MILL",19,"June",1936,19,"June",1936,NA,NA,NA,NA,"yes","permitted",7.315,NA,NA,53.015,NA,NA,NA,NA,NA,NA,NA,NA,NA,NA,NA,"it is being developed as a recreational area for boys and a camp is being erected.",NA,NA,NA,NA,1.067,NA,"yes","yes",NA,"a 3 1/2 foot dam","only in high water",NA,NA,NA,NA,NA,NA,NA,NA,NA,NA,NA,NA,NA,NA,NA,1,0,1,1,0,1,1,1,0,0,1,0,0,0,0,0,0,0,0,0,1,1,0,0,1,0,0,1,0,0,0,0,1,1,"sunfish; black_banded_top_minnow_mud_minnow","WASHTENAW_MILL_SUMM_0001_1.jpeg","WASHTENAW_MILL_SUMM_0001_2.jpeg"
61362625,"L1397","145334035","WASHTENAW","MIRROR",7,"July",1936,NA,"July",NA,NA,NA,NA,NA,"yes","permitted",5.486,3.2,NA,1.619,NA,NA,NA,NA,NA,NA,NA,NA,NA,NA,NA,"n.y.a. camp is to be built near the lake",NA,NA,NA,NA,NA,NA,"no",NA,NA,"no",NA,NA,NA,NA,NA,NA,NA,NA,NA,NA,NA,NA,NA,NA,NA,NA,0,0,0,0,0,1,0,0,0,0,0,0,0,0,0,0,0,0,0,0,0,1,0,0,0,1,0,0,0,0,0,0,0,0,"sunfish","WASHTENAW_MIRROR_SUMM_0001_1.jpeg","WASHTENAW_MIRROR_SUMM_0001_2.jpeg"
61362626,"L388","152094814","WASHTENAW","MUDT",10,"July",1936,15,"July",1936,"medium",NA,"medium",NA,NA,NA,0.914,NA,NA,NA,NA,100,NA,0,NA,0,NA,0,NA,0,NA,NA,157,NA,NA,NA,1.524,2.133,"yes",NA,"yes","yes",NA,"prevents upstream migration","no",NA,NA,NA,26.5,NA,22,NA,6.3,NA,NA,NA,NA,NA,0,0,0,1,1,1,0,1,0,0,0,0,1,0,0,0,1,0,1,0,1,1,0,0,1,1,0,1,0,0,0,0,0,1,"mud_pickerel_warmouth_bass_longeared_sunfish","WASHTENAW_MUDT1SR3ESEC31_SUMM_0001_1.jpeg","WASHTENAW_MUDT1SR3ESEC31_SUMM_0001_2.jpeg"
61362627,"L16745","145334061","WASHTENAW","MURRAY",NA,"July",1943,NA,"September",1943,"medium","light","medium","light",NA,NA,12.191,2.133,NA,7.042,NA,NA,NA,2,NA,NA,NA,3,NA,NA,NA,NA,118,161,NA,1.29,NA,NA,NA,NA,NA,NA,NA,NA,"yes",2.438,6.096,NA,25,NA,7.778,NA,6.4,NA,NA,NA,0,NA,0,0,0,0,0,1,1,1,0,0,0,0,1,0,0,0,1,0,1,0,1,1,0,0,0,1,0,0,0,0,0,1,1,1,"green_sunfish_and_longear_sunfish; mud_minnow_and_spottail_shiner; lake_chub_sucker; mud_pickerel","WASHTENAW_MURRAY_SUMM_0001_1.jpeg","WASHTENAW_MURRAY_SUMM_0001_2.jpeg"
61362628,"L8467","145334073","WASHTENAW","PAPERMILL",22,"June",1939,NA,"June",NA,"medium",NA,"medium",NA,NA,NA,3.962,0.914,1.067,26.831,NA,100,60,0,NA,0,NA,0,NA,0,NA,NA,196,202,NA,2.8,4.038,NA,"yes",NA,"no","yes",NA,"no fishway functional","no",NA,NA,NA,22.778,25,22.778,NA,5.7,8.5,NA,NA,NA,NA,0,0,0,0,0,1,1,0,0,0,1,0,0,0,1,0,1,0,0,0,0,0,0,0,1,1,0,1,0,0,1,1,0,1,"longeared_sunfish_lep; log_perch_steelcolored_shiner; l_e_p; carp_gar_lep","WASHTENAW_PAPERMILL_SUMM_0001_1.jpeg","WASHTENAW_PAPERMILL_SUMM_0001_2.jpeg"
61362629,"L49003",NA,"WASHTENAW","PEETS",15,"September",1944,NA,"September",NA,"light","medium","light","medium ",NA,NA,5.791,NA,NA,1.7,NA,NA,NA,0,NA,0,NA,0,NA,0,NA,NA,172,200,NA,NA,NA,NA,"no",NA,"no","no",NA,"none","yes",2.438,5.791,"yes",18.889,NA,8.333,NA,7,0.9,NA,NA,NA,NA,0,0,0,0,0,1,0,0,0,0,0,0,0,0,0,0,0,0,0,0,0,1,0,0,0,1,0,0,0,0,0,0,0,1,"green_sunfish","WASHTENAW_PEETS_SUMM_0001_1.jpeg","WASHTENAW_PEETS_SUMM_0001_2.jpeg"
61362630,"L22232","145333918","WASHTENAW","PARK",12,"October",1930,NA,"October",NA,NA,NA,NA,NA,NA,NA,NA,NA,NA,NA,NA,NA,NA,NA,NA,NA,NA,NA,NA,NA,NA,NA,NA,NA,NA,NA,NA,NA,NA,NA,NA,NA,NA,NA,NA,NA,NA,NA,NA,NA,NA,NA,NA,NA,NA,NA,NA,NA,0,0,0,0,1,1,0,0,0,0,0,0,1,0,1,0,0,0,1,0,0,1,0,0,0,0,0,0,0,0,0,0,0,1,NA,"WASHTENAW_PARK_SUMM_0001_1.jpeg","WASHTENAW_PARK_SUMM_0001_2.jpeg"
61362631,"L19108","145334309","WASHTENAW","PLEASANT",12,"October",1930,12,"October",1930,NA,NA,NA,NA,NA,NA,NA,NA,NA,NA,NA,NA,NA,NA,NA,NA,NA,NA,NA,NA,NA,NA,NA,NA,NA,NA,NA,NA,NA,NA,NA,NA,NA,NA,NA,NA,NA,NA,NA,NA,NA,NA,NA,NA,NA,NA,NA,NA,0,0,0,0,0,1,1,0,0,0,0,0,0,0,0,0,1,0,1,0,0,1,0,0,0,0,0,1,0,0,0,0,0,1,"green sunfish; minnows","WASHTENAW_PLEASANT_SUMM_0001_1.jpeg","WASHTENAW_PLEASANT_SUMM_0001_2.jpeg"
61362632,"L15682","145333884","WASHTENAW","PORTAGELITTLE",5,"September",1941,14,"September",1941,"heavy","heavy","mediumtoheavy","mediumtoheavy",NA,NA,12.801,2.895,NA,40.874,NA,57,NA,1,NA,0,NA,0,NA,0,NA,NA,160,247,NA,1.7,NA,NA,"yes",NA,NA,"in big portage",NA,NA,"yes",5.486,9.144,NA,20.5,NA,9.9,NA,8.1,NA,NA,NA,0,8.1,0,0,1,0,0,1,1,1,1,0,0,0,0,0,1,1,0,0,1,0,0,1,1,0,1,1,0,1,0,1,0,0,1,1,"longear_sunfish_fingerlings; blackbanded_top_minnow_straw_colored_spottail_shiner; gar","WASHTENAW_PORTAGELITTLE_SUMM_0001_1.jpeg","WASHTENAW_PORTAGELITTLE_SUMM_0001_2.jpeg"
61362633,"L21192","145334254","WASHTENAW","SECONDSISTER",20,"September",1994,21,"September",1994,"light","light","light","light",NA,NA,8.961,NA,NA,4.1,NA,40,NA,0,NA,0,NA,0,NA,3,NA,NA,132,188,NA,NA,NA,NA,"no",NA,NA,"no",NA,NA,NA,5.486,8.961,"yes",21.667,NA,7.222,NA,NA,NA,NA,NA,NA,NA,0,0,1,0,0,1,0,0,0,0,0,0,0,0,0,0,0,0,0,0,0,1,0,0,1,1,0,0,1,0,0,0,1,1,"m_pickerel_and_yellow_bullhead; m_pickerel","WASHTENAW_SECONDSISTER_SUMM_0001_1.jpeg","WASHTENAW_SECONDSISTER_SUMM_0001_2.jpeg"
61362634,"L603","145334226","WASHTENAW","SPRING",26,"June",1982,26,"June",1982,"medium","medium","medium","medium",NA,NA,NA,3.048,NA,6.88,NA,NA,NA,NA,NA,NA,NA,0,NA,8,NA,NA,NA,NA,NA,NA,NA,NA,"no",NA,NA,"no",NA,NA,NA,NA,NA,NA,NA,NA,NA,NA,NA,NA,NA,NA,NA,NA,0,0,0,0,0,1,0,0,0,0,0,0,0,0,0,0,0,0,0,0,0,1,0,0,0,1,0,0,0,0,0,0,0,1,"Green Sunfish","WASHTENAW_SPRING_SUMM_0001_1.jpeg","WASHTENAW_SPRING_SUMM_0001_2.jpeg"
61362635,"L1320","152094819","WASHTENAW","SUGARLOAF",2,"July",1936,10,"July",1936,"heavy","medium","heavy","medium",NA,NA,6.096,3.505,NA,82.962,NA,98,NA,1,NA,NA,NA,NA,NA,0,NA,NA,115,186,NA,1.23,NA,NA,NA,NA,NA,"?",NA,NA,"yes",3.657,5.486,NA,26.111,NA,16.6,NA,8,NA,NA,NA,0.2,NA,1,0,0,1,1,1,1,1,1,0,1,0,0,0,0,0,1,0,1,0,1,1,1,0,0,1,0,0,0,0,0,1,1,1,"mud_pickerel_sunfish_mud_pickerel; spottail_shiner_er; shortnose_gar","WASHTENAW_SUGARLOAF_SUMM_0001_1.jpeg","WASHTENAW_SUGARLOAF_SUMM_0001_2.jpeg"
61362636,"L1320","152094819","WASHTENAW","SUGARLOAF",9,"August",1944,11,"August",1944,"medium","light","medium","light",NA,NA,6.096,3.581,NA,72.845,NA,98,NA,1,NA,0,NA,65,NA,0,NA,NA,144,176,NA,1,NA,NA,"no",NA,NA,"none",NA,NA,"yes",3.048,6.096,"yes",25.556,NA,16.1,NA,3.2,7.66,NA,NA,0,NA,0,0,1,0,0,1,1,1,1,0,1,0,0,0,0,0,0,0,0,0,0,1,1,0,1,1,0,1,0,0,0,0,1,1,"crappies; spottail_shiner; warmouth_bass; shortnose_gar","WASHTENAW_SUGARLOAF_SUMM_0002_1.jpeg","WASHTENAW_SUGARLOAF_SUMM_0002_2.jpeg"
61362637,"L8047","152094800","WASHTENAW","WINNEWANNA",9,"July",1936,14,"July",1936,"none","none","none","none",NA,NA,NA,NA,NA,202.347,NA,NA,NA,0,NA,0,NA,NA,NA,0,NA,NA,NA,NA,NA,NA,NA,NA,NA,NA,NA,NA,NA,NA,NA,NA,NA,NA,NA,NA,NA,NA,NA,NA,NA,NA,NA,NA,0,0,0,0,0,0,0,0,0,0,0,0,0,0,0,0,0,0,0,0,0,0,0,0,0,0,0,0,0,0,0,0,0,0,NA,"WASHTENAW_WINNEWANNA_SUMM_0001_1.jpeg","WASHTENAW_WINNEWANNA_SUMM_0001_2.jpeg"
61362638,"L22145","145334300","WAYNE","BELLEVILLE",6,"September",1973,6,"September",1973,"light","light","light","light",NA,NA,8.839,0.762,NA,513.962,NA,50,NA,2,NA,NA,NA,NA,NA,NA,NA,NA,188.1,205.2,NA,NA,9.144,NA,"yes",NA,"yes","present",NA,"prevent upstream migration",NA,NA,NA,NA,26.111,NA,22.222,NA,0,NA,0,NA,NA,NA,0,0,0,0,0,1,0,0,0,0,0,0,0,0,1,0,0,0,0,0,0,1,0,0,0,1,0,0,1,0,1,1,1,0,"fathead_minnows; spotted_sucker","WAYNE_BELLEVILLE_SUMM_0001_1.jpeg","WAYNE_BELLEVILLE_SUMM_0001_2.jpeg"
61362639,"L21795","149286935","WAYNE","FLATROCK",4,"July",1939,4,"July",1939,"medium",NA,"medium ",NA,NA,NA,2.667,0.305,0.406,62.323,NA,100,NA,0,NA,0,NA,5,NA,0,NA,NA,178,181,NA,5.6,2.286,NA,"yes",NA,"yes","yes",NA,"fishway present - acts as a barrier - fishway non functional","no",NA,NA,NA,22.8,26.2,25.4,NA,7.55,5.35,NA,NA,0,NA,0,0,1,0,0,0,1,0,0,0,0,0,0,0,1,0,0,0,0,1,0,1,0,0,1,1,0,0,1,0,1,1,0,0,"white_crappie_channel_catfish_and_white_crappie; steelcolored_shiners; mullet_; goldfish__lep_garpike","WAYNE_FLATROCK_SUMM_0001_1.jpeg","WAYNE_FLATROCK_SUMM_0001_2.jpeg"
61362640,"L22393","149286796","WAYNE","PHOENIX",13,"November",1930,13,"November",1930,NA,NA,NA,NA,NA,NA,NA,NA,NA,NA,NA,NA,NA,NA,NA,NA,NA,NA,NA,NA,NA,NA,NA,NA,NA,NA,NA,NA,NA,NA,NA,NA,NA,NA,NA,NA,NA,NA,NA,NA,NA,NA,NA,NA,NA,NA,NA,NA,0,0,0,0,1,1,1,0,0,0,0,0,1,0,0,0,1,0,0,0,0,1,0,0,1,0,0,1,0,0,0,1,0,0," Green Sunfish; Black sided Darter","WAYNE_PHOENIX_SUMM_0001_1.jpeg","WAYNE_PHOENIX_SUMM_0001_2.jpeg"
61362641,"L22613","121857857","WEXFORD","BILLING",6,"August",1953,23,"September",1953,"heavy","none","heavyearlysummer","none",NA,NA,3.048,NA,NA,2.023,NA,100,NA,0,NA,0,NA,0,NA,0,NA,NA,NA,NA,NA,NA,4.572,NA,"yes",NA,"yes","present",NA,"complete barrier","no",NA,NA,NA,15.556,NA,62,NA,NA,NA,NA,NA,NA,NA,0,0,0,0,0,0,0,0,0,1,0,0,0,0,0,0,0,0,0,0,0,0,0,0,0,0,0,1,1,0,0,1,0,0,NA,"WEXFORD_BILLING_SUMM_0001_1.jpeg","WEXFORD_BILLING_SUMM_0001_2.jpeg"
61362642,"L16065","121864972","WEXFORD","CADILLAC",7,"August",1941,8,"August",1941,"heavy","heavy","heavy","heavy",NA,NA,8.534,1.676,NA,465.318,NA,80,NA,4,NA,2,NA,75,NA,0,NA,NA,64,75,NA,1.55,1.524,NA,"yes",NA,"yes","yes",NA,"fish ladder of questionable value","yes",5.334,7.924,NA,25,28.889,20.3,NA,5.8,10.3,NA,NA,0,NA,0,0,1,0,0,1,1,1,0,0,1,0,0,0,0,1,0,0,0,1,0,1,0,0,1,1,0,1,1,0,1,0,0,1,"crappie; log_perch_blacksided_darter","WEXFORD_CADILLAC_SUMM_0001_1.jpeg","WEXFORD_CADILLAC_SUMM_0001_2.jpeg"
61362644,"L15138","60089416","WEXFORD","CARP",21,"June",1966,21,"June",1966,NA,NA,NA,NA,NA,NA,7.62,NA,NA,2.023,NA,NA,NA,0,NA,0,NA,0,NA,0,NA,NA,NA,NA,NA,NA,NA,NA,NA,NA,NA,NA,NA,NA,NA,NA,NA,NA,NA,NA,NA,NA,NA,NA,NA,NA,NA,NA,0,0,0,0,0,0,0,0,0,0,0,0,0,0,0,0,0,0,0,0,0,0,0,0,0,0,0,0,0,0,0,0,0,0,NA,"WEXFORD_CARP_SUMM_0001_1.jpeg","WEXFORD_CARP_SUMM_0001_2.jpeg"
61362645,"L9543","145334063","WASHTENAW","WALSH",10,"July",1936,10,"July",1936,NA,NA,NA,NA,"yes","permitted",6.4,3.2,3.81,4.128,NA,NA,NA,NA,NA,NA,NA,NA,NA,NA,NA,"none. mill lake camp near by and that may be used.",NA,NA,NA,NA,NA,NA,"no",NA,NA,"none",NA,NA,NA,NA,NA,NA,NA,NA,NA,NA,NA,NA,NA,NA,NA,NA,0,0,0,0,0,1,0,0,0,0,0,0,0,0,0,0,0,0,0,0,0,1,0,0,0,1,0,0,0,0,0,0,0,1,"bass_bullheads_sunfish","WASHTENAW_WALSH_SUMM_0001_1.jpeg","WASHTENAW_WALSH_SUMM_0001_2.jpeg"
61362646,"L21595","145334273","WASHTENAW","SUTTONS",14,"July",1982,NA,"July",NA,"light","light","light","light",NA,NA,7.01,0.914,NA,25.9,NA,95,NA,0,NA,0,NA,0,NA,3,NA,NA,108,NA,NA,NA,3.048,NA,"yes",NA,"yes","dyked to enlarge basin",NA,"none up; very rarely possible for fish to go down",NA,NA,NA,NA,NA,NA,NA,NA,NA,NA,NA,NA,NA,NA,0,0,1,0,0,1,0,0,0,0,0,0,0,0,0,0,0,0,0,0,0,1,0,0,0,1,0,0,0,0,0,0,0,0,NA,"WASHTENAW_SUTTONS_SUMM_0001_1.jpeg","WASHTENAW_SUTTONS_SUMM_0001_2.jpeg"
61362647,"L17128","121858031","WEXFORD","BONDEMILL",8,"September",1961,8,"September",1961,"light","light","light","light",NA,NA,1.829,NA,NA,1.619,NA,100,NA,NA,NA,NA,NA,NA,NA,NA,NA,NA,NA,NA,NA,NA,NA,NA,"no",NA,NA,"no.",NA,NA,NA,NA,NA,NA,NA,NA,NA,NA,NA,NA,NA,NA,NA,NA,0,0,0,0,0,0,0,0,0,0,0,0,0,0,0,0,0,0,0,0,0,0,0,0,0,0,0,0,0,0,0,0,0,0,"minnows","WEXFORD_BONDEMILL_SUMM_0001_1.jpeg","WEXFORD_BONDEMILL_SUMM_0001_2.jpeg"
61362648,"L15911","145334256","WASHTENAW","THIRDSISTER",4,"January",1926,NA,"January",NA,"none","none","none","none",NA,NA,18.287,NA,NA,4.047,NA,47,NA,NA,NA,NA,NA,1,NA,NA,NA,NA,85,95,NA,1.24,NA,NA,NA,NA,NA,NA,NA,NA,NA,3.657,6.705,NA,0.1,24.5,2.8,7.8,4.7,8.4,5,0,0,NA,0,0,0,1,1,1,0,0,0,0,0,0,0,0,0,1,1,0,0,0,0,1,0,1,0,1,0,0,0,0,0,0,1,0,"shiners; green_sunfish","WASHTENAW_THIRDSISTER_SUMM_0001_1.jpeg","WASHTENAW_THIRDSISTER_SUMM_0001_2.jpeg"
61362649,"L20890","121858468","WEXFORD","FROG",9,"August",1941,9,"August",1941,"heavy","medium","heavy","medium",NA,NA,8.534,2.438,NA,27.681,NA,40,NA,1,NA,0,NA,NA,NA,0,NA,NA,10,31,NA,1.96,NA,NA,NA,NA,NA,NA,NA,NA,"yes",3.048,6.096,NA,24.9,25.1,10.4,16,6.6,6.8,NA,NA,0,0.3,0,0,0,0,0,1,0,0,0,0,0,0,0,0,0,0,0,0,0,0,0,1,0,0,0,1,0,0,1,0,1,0,0,1,"pumpkinseedbluegill_hybrid","WEXFORD_FROG_SUMM_0001_1.jpeg","WEXFORD_FROG_SUMM_0001_2.jpeg"
61362650,"L14299","60089640","WEXFORD","HODENPYLE",18,"May",1965,21,"May",1965,"heavy","heavy","heavy","heavy",NA,NA,NA,NA,NA,NA,NA,NA,NA,3,NA,3,NA,0,NA,NA,NA,NA,NA,NA,NA,NA,21.335,NA,"yes",NA,"yes","yes",NA,"restricts movement of fish below dam",NA,NA,NA,NA,15,NA,NA,NA,NA,NA,NA,NA,NA,NA,0,0,1,0,0,1,0,0,0,0,0,0,1,0,1,0,0,0,0,0,0,0,0,0,1,0,0,1,1,0,1,0,0,1,"sunfish; suckers_redhorse","WEXFORD_HODENPYLE_SUMM_0001_1.jpeg","WEXFORD_HODENPYLE_SUMM_0001_2.jpeg"
61362651,"L22613","121857857","WEXFORD","MEADY",NA,"January",1957,NA,"January",NA,"none","none","none","none",NA,NA,3.657,NA,NA,1.214,NA,100,NA,0,NA,0,NA,0,NA,0,NA,NA,NA,NA,NA,NA,NA,NA,NA,NA,NA,NA,NA,NA,NA,NA,NA,NA,NA,NA,NA,NA,NA,NA,NA,NA,NA,NA,0,0,0,0,0,0,0,0,0,0,0,0,0,0,0,0,0,0,0,0,0,0,0,0,0,0,0,0,0,0,0,0,0,0,"minnows","WEXFORD_MEADY_SUMM_0001_1.jpeg","WEXFORD_MEADY_SUMM_0001_2.jpeg"
61362652,"L17401","121858026","WEXFORD","LONG",23,"May",1968,24,"May",1968,"light","light","light","light",NA,NA,4.572,NA,NA,NA,NA,100,NA,0,NA,0,NA,6,NA,0,NA,NA,NA,NA,NA,NA,NA,NA,NA,NA,NA,NA,NA,NA,NA,NA,NA,NA,NA,NA,NA,NA,NA,NA,NA,NA,NA,NA,0,0,0,0,0,0,0,0,0,0,0,0,1,0,0,0,0,0,0,0,0,0,0,0,1,0,0,0,0,0,0,1,0,1,NA,"WEXFORD_LONG_SUMM_0001_1.jpeg","WEXFORD_LONG_SUMM_0001_2.jpeg"
61362653,"L16606","60089116","WEXFORD","MANTONMILL",6,"August",1953,23,"August",1953,"medium","none","medium","none",NA,NA,4.572,NA,NA,2.023,NA,100,NA,0,NA,0,NA,0,NA,0,NA,NA,NA,NA,NA,NA,4.572,NA,"yes",NA,"yes","yes",NA,"barrier","no",NA,NA,NA,20.556,NA,65,NA,NA,NA,NA,NA,NA,NA,0,0,0,0,0,0,0,0,0,0,0,1,0,0,0,0,0,0,0,0,0,0,0,0,0,0,0,0,0,0,0,1,0,1,"creek_chubs","WEXFORD_MANTONMILL_SUMM_0001_1.jpeg","WEXFORD_MANTONMILL_SUMM_0001_2.jpeg"
61362654,"L18861","60089616","WEXFORD","MEAUWATAKA",5,"July",1937,5,"July",1937,NA,NA,NA,NA,NA,NA,13.715,3.048,NA,38.446,NA,20,NA,0,NA,NA,NA,0,NA,NA,NA,NA,76,81,NA,1.31,NA,NA,"no",NA,NA,"none",NA,NA,"yes",7.924,NA,NA,23.889,NA,13.2,NA,8.1,NA,NA,NA,7,NA,1,1,0,0,0,1,1,0,0,0,0,0,0,0,0,0,0,0,0,0,0,1,0,0,1,0,0,0,1,0,0,1,0,1,"pike; fundulus","WEXFORD_MEAUWATAKA_SUMM_0001_1.jpeg","WEXFORD_MEAUWATAKA_SUMM_0001_2.jpeg"
61362655,"L19859","60090430","WEXFORD","STONELEDGE",21,"June",1966,21,"June",1966,NA,NA,NA,NA,NA,NA,0.635,NA,NA,12.141,NA,NA,NA,0,NA,0,NA,25,30,0,NA,NA,NA,NA,NA,NA,NA,NA,NA,NA,NA,NA,NA,NA,NA,NA,NA,NA,NA,NA,NA,NA,NA,NA,NA,NA,NA,NA,0,0,1,0,0,0,0,0,0,0,0,0,0,0,0,0,0,0,0,0,0,1,0,0,1,0,0,0,0,0,0,1,0,0,"crappies_w_pike","WEXFORD_STONELEDGE_SUMM_0001_1.jpeg","WEXFORD_STONELEDGE_SUMM_0001_2.jpeg"
61362656,"L18761","121858207","WEXFORD","PLEASANT",22,"May",1968,22,"May",1968,"none","none","none","none",NA,NA,3.048,NA,NA,45.326,NA,100,NA,NA,NA,NA,NA,NA,NA,NA,NA,NA,NA,NA,NA,NA,NA,NA,"no",NA,NA,"none",NA,NA,NA,NA,NA,NA,15,NA,NA,NA,NA,NA,NA,NA,NA,NA,0,0,0,0,0,1,0,0,0,0,0,0,0,0,0,0,1,0,0,0,0,1,0,0,0,1,0,0,1,0,1,1,0,1,NA,"WEXFORD_PLEASANT_SUMM_0001_1.jpeg","WEXFORD_PLEASANT_SUMM_0001_2.jpeg"
61362657,"L17376","121858459","WEXFORD","MITCHELL",29,"July",1937,30,"July",1937,"heavy","heavy","heavy","common",NA,NA,6.705,1.524,1.829,1044.112,NA,90,NA,NA,NA,NA,NA,NA,NA,NA,NA,NA,60,67,NA,1.48,NA,NA,"no",NA,NA,"no",NA,NA,"no",NA,NA,NA,20,NA,19.5,NA,6.5,6.3,NA,NA,6.3,8.6,1,1,1,0,0,1,1,1,0,0,1,0,0,0,0,0,1,0,1,1,0,1,0,1,1,1,0,1,1,0,1,1,0,1,"crappie; strawcolored_shiner_spottail_shiner_log_perch_and_mud_minnow","WEXFORD_MITCHELL_SUMM_0001_1.jpeg","WEXFORD_MITCHELL_SUMM_0001_2.jpeg"
82940943,"L8553","83976643","ALCONA","CLEAR",19,"July",1937,NA,NA,NA,NA,NA,NA,NA,"yes","permitted",2.438,1.829,NA,4.553,NA,NA,NA,NA,NA,NA,NA,NA,NA,NA,NA,NA,167,172,NA,NA,NA,NA,NA,NA,NA,NA,NA,NA,NA,NA,NA,NA,22.778,NA,22.5,NA,7.9,NA,NA,NA,NA,NA,0,0,0,0,0,1,0,0,0,NA,0,0,0,0,0,0,0,NA,0,0,0,1,0,0,0,0,0,0,0,0,0,0,0,1,"Sunfish; Lon year; Green Sun ; Warmouth; Goldfish","ALCONA_CLEAR_SUMM_0002_1.jpeg","ALCONA_CLEAR_SUMM_0002_2.jpeg"
82940947,"L852","83976899","ALCONA","NORTH",16,"July",1932,NA,NA,NA,NA,NA,NA,NA,"yes","permitted",27.431,NA,NA,80.939,NA,NA,NA,NA,NA,NA,NA,NA,NA,NA,NA,"1 or 2 small resorts and a few other cottages.",NA,NA,NA,NA,NA,NA,NA,NA,NA,"-",NA,NA,NA,NA,NA,NA,NA,NA,NA,NA,NA,NA,NA,NA,NA,NA,0,0,0,0,0,1,0,0,0,NA,0,0,1,0,0,0,1,NA,0,0,0,1,0,0,1,0,0,0,1,0,0,0,0,0,"sunfish; lake shiner; spot-tail minnow","ALCONA_NORTH_SUMM_0001_1.jpeg","ALCONA_NORTH_SUMM_0001_2.jpeg"
82940949,"L29756","44361184","ALGER","CASEY",3,"November",1982,4,"November",1982,"light","light","vlight","vlight",NA,NA,4.572,NA,NA,8.903,NA,95,NA,0,NA,0,NA,0,NA,NA,NA,NA,85,NA,NA,NA,NA,NA,"no",NA,NA,"none",NA,NA,NA,NA,NA,NA,NA,NA,NA,NA,NA,NA,NA,NA,NA,NA,0,1,0,0,0,0,0,0,0,NA,0,0,0,0,0,0,0,NA,0,0,0,0,0,0,1,0,0,0,0,0,0,1,0,1,NA,"ALGER_CASEY_SUMM_0001_1.jpeg","ALGER_CASEY_SUMM_0001_2.jpeg"
82940950,"L27684","{6EC378BD-8F83-44B7-A0F9-FFC0D6117B81}","ALGER","CLOVERLEAF",24,"August",1983,26,"August",1983,"light","light","light","light",NA,NA,NA,NA,NA,NA,NA,95,NA,0,NA,0,NA,0,NA,NA,NA,NA,6,NA,NA,NA,NA,NA,NA,NA,NA,NA,NA,NA,NA,NA,NA,NA,22.778,NA,12.222,NA,NA,NA,NA,NA,NA,NA,0,1,0,0,0,0,0,0,0,NA,0,0,0,0,0,0,0,NA,0,0,0,0,0,0,0,1,0,0,0,0,0,0,0,1,"Green sunfish; Green X Pumpkinseed hybrids","ALGER_CLOVERLEAF_SUMM_0002_1.jpeg","ALGER_CLOVERLEAF_SUMM_0002_2.jpeg"
82940951,"L35232","113235893","ALGER","COOK",31,"July",1986,NA,NA,NA,"light","light","light","light",NA,NA,2.133,0.914,NA,50.587,NA,100,NA,NA,NA,NA,NA,NA,NA,NA,NA,NA,30,NA,NA,NA,NA,NA,NA,NA,NA,NA,NA,NA,NA,NA,NA,NA,23.889,NA,22.778,NA,8.5,NA,NA,NA,NA,NA,0,0,1,0,0,0,0,0,0,NA,0,0,0,0,0,0,1,NA,0,0,0,1,0,0,1,1,0,1,0,0,0,0,0,1,NA,"ALGER_COOK_SUMM_0001_1.jpeg","ALGER_COOK_SUMM_0001_2.jpeg"
82940952,"L32596","109945686","ALGER","DEER",8,"August",1977,8,"September",1977,"light","light","light","light",NA,NA,21.335,NA,NA,98.341,NA,10,15,0,NA,0,NA,2,NA,0,NA,NA,NA,NA,NA,NA,NA,NA,"no",NA,"no","no",NA,"none",NA,4.572,8.839,NA,20,NA,7.222,NA,NA,NA,NA,NA,NA,NA,0,1,1,0,0,0,1,0,0,NA,0,0,0,0,0,0,1,NA,0,0,0,0,0,0,1,1,0,1,1,0,1,1,0,1,NA,"ALGER_DEER_SUMM_0001_1.jpeg","ALGER_DEER_SUMM_0001_2.jpeg"
82940953,"L29080","44361292","ALGER","DEERFOOT",14,"October",1982,15,"October",1982,"medium","light","medium","light",NA,NA,3.353,NA,NA,17.078,NA,100,NA,0,NA,0,NA,1,NA,NA,NA,NA,51,NA,NA,NA,NA,NA,"no",NA,NA,"none",NA,NA,NA,NA,NA,NA,11.667,NA,NA,NA,NA,NA,NA,NA,NA,NA,0,0,0,0,0,0,0,0,0,NA,0,0,0,0,0,0,0,NA,0,0,0,0,0,0,0,0,0,0,0,0,0,0,0,0,NA,"ALGER_DEERFOOT_SUMM_0001_1.jpeg","ALGER_DEERFOOT_SUMM_0001_2.jpeg"
82940954,"L31849","44361142","ALGER","GRASS",14,"October",1982,14,"October",1982,"medium","light","medium","light",NA,NA,3.962,NA,NA,25.658,NA,100,NA,0,NA,0,NA,1,NA,NA,NA,NA,43,NA,NA,NA,0.914,NA,"yes",NA,NA,"beaver dam",NA,"unknown",NA,NA,NA,NA,11.667,NA,NA,NA,NA,NA,NA,NA,NA,NA,0,0,0,0,0,0,0,0,0,NA,0,0,0,0,0,0,0,NA,0,0,0,0,0,0,0,0,0,0,0,0,0,0,0,0,NA,"ALGER_GRASS_SUMM_0002_1.jpeg","ALGER_GRASS_SUMM_0002_2.jpeg"
82940955,"L32547","44364108","ALGER","GRIMES",6,"June",1989,15,"June",1989,"light","light","light","light",NA,NA,3.048,NA,NA,12.546,NA,100,NA,NA,NA,NA,NA,5,NA,NA,NA,NA,NA,NA,NA,NA,3.657,4.572,"yes",NA,"yes","yes - man made",NA,"barrier to upstream movement",NA,NA,NA,NA,18.889,NA,NA,NA,NA,NA,NA,NA,NA,NA,0,0,0,0,0,1,0,0,0,NA,1,0,0,0,0,0,0,NA,0,0,0,1,0,0,1,1,0,1,0,0,0,1,0,1,NA,"ALGER_GRIMES_SUMM_0003_1.jpeg","ALGER_GRIMES_SUMM_0003_2.jpeg"
82940956,"L27621","44361214","ALGER","HEMLOCK",12,"October",1982,14,"October",1982,"medium","light","medium","light",NA,NA,8.839,NA,NA,13.962,NA,66,NA,0,NA,NA,NA,1,NA,NA,NA,NA,68,NA,NA,NA,NA,NA,"no",NA,NA,"none",NA,NA,NA,NA,NA,NA,12.222,NA,NA,NA,NA,NA,NA,NA,NA,NA,0,0,0,0,0,0,0,0,0,NA,1,0,0,0,0,0,0,NA,0,0,0,1,0,0,1,1,0,0,0,0,0,0,0,1,NA,"ALGER_HEMLOCK_SUMM_0001_1.jpeg","ALGER_HEMLOCK_SUMM_0001_2.jpeg"
82940957,"L34952","44363708","ALGER","HOVEY",22,"May",1989,26,"May",1989,"light","none","light","none",NA,NA,3.353,NA,NA,40.065,NA,100,NA,NA,NA,NA,NA,6,NA,NA,NA,NA,NA,NA,NA,2.1,0.914,NA,"yes",NA,"yes","beaver dam",NA,"barrier",NA,NA,NA,NA,18.333,NA,NA,NA,NA,NA,NA,NA,NA,NA,0,0,0,0,0,0,1,0,0,NA,1,0,0,0,0,1,1,NA,1,0,0,0,0,0,1,1,0,0,0,0,0,1,0,1,"Northern Redbelly Dace; Nothern Redbelly Dace","ALGER_HOVEY_SUMM_0001_1.jpeg","ALGER_HOVEY_SUMM_0001_2.jpeg"
82940958,"L33952","44364158","ALGER","ISLAND",30,"May",1989,1,"June",1989,"medium","light","lighttomedium","lighttonone",NA,NA,6.096,NA,NA,13.153,NA,85,NA,NA,NA,NA,NA,5,NA,NA,NA,NA,NA,NA,NA,1.8,NA,NA,NA,NA,NA,NA,NA,NA,NA,NA,NA,NA,17.222,NA,NA,NA,NA,NA,NA,NA,NA,NA,0,0,0,0,0,1,0,0,0,NA,1,0,0,0,0,0,0,NA,0,0,0,1,0,0,0,0,0,0,0,0,0,1,0,1,NA,"ALGER_ISLAND_SUMM_0001_1.jpeg","ALGER_ISLAND_SUMM_0001_2.jpeg"
82940959,"L28806","44361360","ALGER","LAMBERT",14,"October",1982,15,"October",1982,"light","light","light","light",NA,NA,9.448,10,NA,13.679,NA,85,NA,0,NA,0,NA,1,NA,NA,NA,NA,0,17,NA,NA,NA,NA,"no",NA,NA,"none",NA,NA,NA,NA,NA,NA,10.556,NA,NA,NA,NA,NA,NA,NA,NA,NA,0,0,0,0,0,0,0,0,0,NA,0,0,0,0,0,0,0,NA,0,0,0,0,0,0,0,0,0,0,0,0,0,0,0,0,NA,"ALGER_LAMBERT_SUMM_0001_1.jpeg","ALGER_LAMBERT_SUMM_0001_2.jpeg"
82940960,"L29840","44361208","ALGER","MARSHMAN",13,"October",1982,NA,NA,NA,"light","light","light","light",NA,NA,3.048,NA,NA,4.452,NA,100,NA,0,NA,0,NA,0,NA,NA,NA,NA,0,5,NA,NA,NA,NA,"no",NA,NA,"none",NA,NA,NA,NA,NA,NA,12.222,NA,NA,NA,NA,NA,NA,NA,NA,NA,0,0,0,0,0,0,0,0,0,NA,0,0,0,0,0,0,0,NA,0,0,0,0,0,0,1,0,0,0,0,0,0,0,0,1,NA,"ALGER_MARSHMAN_SUMM_0001_1.jpeg","ALGER_MARSHMAN_SUMM_0001_2.jpeg"
82940961,"L27612","44361386","ALGER","OWL",14,"October",1982,15,"October",1982,"light","none","light","none",NA,NA,3.657,NA,NA,14.164,NA,NA,NA,0,NA,0,NA,NA,NA,NA,NA,NA,17,NA,NA,NA,0.152,NA,"yes",NA,"yes","beaver dam",NA,"effective barrier",NA,NA,NA,NA,NA,NA,NA,NA,NA,NA,NA,NA,NA,NA,0,0,0,0,0,0,0,0,0,NA,0,0,0,0,0,0,0,NA,0,0,0,0,0,0,0,0,0,0,0,0,0,0,0,0,NA,"ALGER_OWL_SUMM_0001_1.jpeg","ALGER_OWL_SUMM_0001_2.jpeg"
82940962,"L23113","44361058","ALGER","SAND",12,"October",1982,13,"October",1982,"medium","light","medium","light",NA,NA,6.096,NA,NA,20.599,NA,70,NA,NA,NA,NA,NA,1,NA,NA,NA,NA,0,10,NA,NA,NA,NA,"no",NA,NA,"none",NA,NA,NA,NA,NA,NA,12.778,NA,NA,NA,NA,NA,NA,NA,NA,NA,0,0,0,0,0,0,0,0,0,NA,0,0,0,0,0,0,0,NA,0,0,0,0,0,0,0,0,0,0,0,0,0,0,0,0,NA,"ALGER_SAND48NR14W20_SUMM_0001_1.jpeg","ALGER_SAND48NR14W20_SUMM_0001_2.jpeg"
82940963,"L35493","44364468","ALGER","THORNTON",13,"June",1989,21,"June",1989,"heavy",NA,"mediumtoheavy","",NA,NA,4.572,NA,NA,12.141,NA,100,NA,0,NA,0,NA,0,NA,0,NA,NA,NA,NA,NA,1.3,NA,NA,NA,NA,NA,NA,NA,NA,NA,NA,NA,NA,21.111,NA,NA,NA,NA,NA,NA,NA,NA,NA,0,0,0,0,0,1,0,0,0,NA,0,0,0,0,0,0,0,NA,0,0,0,1,0,0,0,1,0,0,0,0,0,1,0,1,NA,"ALGER_THORNTON_SUMM_0002_1.jpeg","ALGER_THORNTON_SUMM_0002_2.jpeg"
82940964,"L31175","44361146","ALGER","TRIANGLE",11,"October",1982,12,"October",1982,"medium","light","medium","light",NA,NA,8.229,NA,NA,17.968,NA,80,NA,0,NA,0,NA,0,NA,NA,NA,NA,0,10,NA,NA,NA,NA,"no",NA,NA,"none",NA,NA,NA,NA,NA,NA,8.889,NA,NA,NA,NA,NA,NA,NA,NA,NA,0,0,0,0,0,0,0,0,0,NA,0,0,0,0,0,0,0,NA,0,0,0,0,0,0,0,0,0,0,0,0,0,0,0,0,NA,"ALGER_TRIANGLE_SUMM_0001_1.jpeg","ALGER_TRIANGLE_SUMM_0001_2.jpeg"
82940965,"L26841","152517590","ALLEGAN","DUMONT",21,"July",1937,NA,NA,NA,NA,NA,NA,NA,"yes","permitted",15.544,NA,NA,87.009,NA,NA,NA,NA,NA,NA,NA,NA,NA,NA,NA,NA,157,NA,NA,NA,NA,NA,"no",NA,NA,"no",NA,NA,NA,NA,NA,NA,26.1,NA,10.4,NA,7.8,NA,NA,NA,NA,NA,1,0,1,1,0,1,1,1,1,NA,1,0,0,0,1,1,1,NA,1,0,0,1,1,1,1,1,0,1,0,0,0,1,1,1,"Mud Pickerel; Green Sunfish; Long-eared Sunfish;; Northern Steel Colored Shiner; Mud Minnow; Brook Stickleback; Carp","ALLEGAN_DUMONT_SUMM_0003_1.jpeg","ALLEGAN_DUMONT_SUMM_0003_2.jpeg"
82940966,"L41795","110735121","BARAGA","STJOHNS",24,"July",1981,NA,NA,NA,"medium","light","lighttomoderate","light",NA,NA,5.6,0.671,NA,48.563,NA,95,NA,0,NA,0,NA,3,NA,1,NA,NA,13.6,27.2,NA,NA,NA,NA,"no",NA,NA,"none",NA,NA,NA,2,4,NA,21,NA,18,NA,7.2,6,4.4,1.2,0.8,NA,0,0,0,0,0,1,0,0,0,NA,0,0,0,0,0,0,0,NA,0,0,0,0,0,0,1,0,0,0,1,0,0,0,0,1,NA,"BARAGA_STJOHNS_SUMM_0001_1.jpeg","BARAGA_STJOHNS_SUMM_0001_2.jpeg"
82940967,"L49042",NA,"JACKSON","BRICKYARD",23,"April",1932,NA,NA,NA,NA,NA,NA,NA,"?",NA,3.657,NA,NA,0.202,NA,NA,NA,NA,NA,NA,NA,NA,NA,NA,NA,NA,NA,NA,NA,NA,NA,NA,NA,NA,NA,"-","-",NA,NA,NA,NA,NA,NA,NA,NA,NA,NA,NA,NA,NA,NA,NA,0,0,0,0,0,0,0,0,0,NA,0,0,0,0,0,0,0,NA,0,0,0,0,0,0,0,0,0,0,0,0,0,0,0,0,"guat; fat-head minnow; mud minnow; pickerel; mudminnows","JACKSON_BRICKYARD_SUMM_0001_1.jpeg","JACKSON_BRICKYARD_SUMM_0001_2.jpeg"
82940968,"L49042",NA,"JACKSON","BRICKYARD",22,"April",1932,NA,NA,NA,NA,NA,NA,NA,"presumably allowed","permitted",NA,NA,NA,0.101,NA,NA,NA,NA,NA,NA,NA,NA,NA,NA,NA,NA,NA,NA,NA,NA,NA,NA,"no",NA,NA,"no",NA,NA,NA,NA,NA,NA,NA,NA,NA,NA,NA,NA,NA,NA,NA,NA,0,0,0,0,0,0,0,0,0,NA,0,0,0,0,0,0,1,NA,0,0,1,0,0,0,0,0,0,0,0,0,0,0,0,1,"trout; sunfish Perch; chub; Minnow; Chub","JACKSON_BRICKYARD_SUMM_0002_1.jpeg","JACKSON_BRICKYARD_SUMM_0002_2.jpeg"
82940969,"L826","152094996","JACKSON","BROWNS",29,"August",1946,NA,NA,NA,"light","light","light","light",NA,NA,NA,5.486,NA,60.704,NA,85,NA,0,NA,0,NA,0,NA,0,NA,NA,200,1161,NA,NA,NA,NA,"no",NA,NA,"none",NA,NA,"no",NA,NA,NA,21.1,NA,11,NA,7.7,NA,NA,NA,2.9,NA,0,0,0,0,0,0,0,0,0,NA,0,0,0,1,1,0,0,NA,0,0,0,0,0,0,0,0,0,0,0,0,0,0,0,0,"Normal Grand River Drainage Species; CARP","JACKSON_BROWNS_SUMM_0001_1.jpeg","JACKSON_BROWNS_SUMM_0001_2.jpeg"
82940970,"L12208","151873883","JACKSON","CLARK",11,"August",1953,14,"August",1953,"heavy","medium","heavy","medium",NA,NA,15.239,2.794,NA,234.723,NA,60,NA,4,NA,3,NA,375,NA,2,NA,NA,141,NA,NA,NA,1.067,NA,"yes",NA,"yes","yes",NA,"stops fish movement, except during high water.",NA,7.62,10.667,NA,26.667,NA,11.667,NA,7.5,6.4,5.2,0.4,0,NA,1,0,0,1,1,1,1,0,1,NA,0,0,0,0,0,0,0,NA,0,0,0,1,0,0,1,0,0,1,1,1,0,0,1,1,"Warmouth; Spottail shiner; spotfin shiner","JACKSON_CLARK_SUMM_0001_1.jpeg","JACKSON_CLARK_SUMM_0001_2.jpeg"
82940971,"L12989","152094938","JACKSON","CASCADES",21,"January",1947,NA,NA,NA,"none","none","none","none",NA,NA,1.219,NA,NA,NA,NA,NA,NA,0,NA,0,NA,0,NA,0,NA,NA,NA,NA,NA,NA,NA,NA,NA,NA,NA,NA,NA,NA,"no",NA,NA,NA,NA,NA,NA,NA,NA,NA,NA,NA,NA,NA,0,0,0,0,0,1,0,0,0,NA,0,0,0,0,0,0,0,NA,0,0,0,1,0,0,0,0,0,0,0,0,0,0,0,0,"Sunfish; Goldfish","JACKSON_CASCADES_SUMM_0001_1.jpeg","JACKSON_CASCADES_SUMM_0001_2.jpeg"
82940972,"L9496","152094828","JACKSON","CLEAR",15,"July",1936,22,"July",1936,"heavy","medium","heavy","medium",NA,NA,10.058,3.353,NA,55.443,NA,75,NA,1,2,NA,NA,NA,NA,0,NA,NA,129,170,NA,1.4,NA,NA,NA,NA,NA,NA,NA,NA,"yes",6.4,9.144,NA,26,28.3,14.4,NA,5,8,NA,NA,0.3,NA,1,0,1,1,1,1,1,0,0,NA,1,0,0,0,0,0,0,NA,1,1,0,1,0,0,0,1,0,1,0,0,0,1,1,1,"Green sunfish; Mud pickerel; Spot-tail shiner","JACKSON_CLEAR_SUMM_0001_1.jpeg","JACKSON_CLEAR_SUMM_0001_2.jpeg"
82940973,"L5073","152095069","JACKSON","CRISPELL",23,"June",1953,12,"August",1953,"heavy","light","heavy","light",NA,NA,7.62,2.133,NA,33.387,NA,85,NA,0,NA,1,NA,20,NA,0,NA,NA,100,NA,NA,NA,NA,NA,"no",NA,NA,"no",NA,NA,NA,4.572,6.096,NA,26.111,NA,16.667,NA,6.2,6,4.2,0.4,NA,NA,1,1,1,1,1,1,1,0,1,NA,1,0,0,0,0,1,1,NA,1,0,1,1,0,0,1,1,0,0,0,0,0,0,1,0,"Grass pickerel","JACKSON_CRISPELL_SUMM_0001_1.jpeg","JACKSON_CRISPELL_SUMM_0001_2.jpeg"
82940974,"L6008","152518642","JACKSON","FARWELL",19,"June",1953,25,"June",1953,"medium","medium","medium","medium",NA,NA,13.106,1.829,NA,86.2,NA,50,NA,2,NA,2,NA,14,NA,NA,NA,NA,153,NA,NA,NA,NA,NA,"no",NA,NA,"no",NA,NA,NA,7.62,9.144,NA,23.889,NA,15,NA,7.5,6,7,8.3,NA,NA,1,0,0,0,1,1,1,0,1,NA,0,1,0,0,0,1,0,NA,0,1,0,1,0,1,0,0,0,1,0,0,0,1,0,1,"Logperch; madtom; mudminnow","JACKSON_FARWELL_SUMM_0001_1.jpeg","JACKSON_FARWELL_SUMM_0001_2.jpeg"
82940976,NA,NA,"JACKSON","FREYMUTH",13,"July",1944,15,"July",1944,"light","light","light","light",NA,NA,3.962,1.346,NA,4.533,NA,80,NA,0,NA,0,NA,0,NA,0,NA,NA,220,222,NA,NA,NA,NA,NA,NA,NA,NA,NA,NA,"no",NA,NA,NA,26.8,NA,22,NA,2.23,5.63,NA,NA,NA,NA,0,0,1,0,0,1,0,1,1,NA,0,0,0,0,1,0,0,NA,1,0,0,1,1,0,1,1,0,1,0,0,0,0,0,1,NA,"JACKSON_FREYMUTH_SUMM_0001_1.jpeg","JACKSON_FREYMUTH_SUMM_0001_2.jpeg"
82940978,"L173","152094809","JACKSON","HEYDLAUFF",23,"June",1944,26,"June",1944,"light","light","littleornone","light",NA,NA,2.743,1.372,NA,4.047,NA,100,NA,0,NA,0,NA,0,NA,0,NA,NA,155,177,NA,NA,NA,NA,"no",NA,NA,"none, becomes a drainage ditch",NA,NA,"no",NA,NA,NA,20,NA,18.889,NA,5.24,6.5,NA,NA,NA,NA,0,0,1,0,0,1,0,0,0,NA,0,0,0,0,1,0,0,NA,0,0,0,1,1,0,1,1,0,1,0,0,0,1,1,1,"L. E. sunfish; All specimens preserved.; Suckers and yellow bullheads reported but not common","JACKSON_HEYDLAUFF_SUMM_0001_1.jpeg","JACKSON_HEYDLAUFF_SUMM_0001_2.jpeg"
82940980,"L9813","152094815","JACKSON","HOFFMAN",19,"July",1944,21,"July",1944,"light","light","light","light",NA,NA,3.657,1.219,NA,21.246,NA,90,NA,0,NA,0,NA,0,NA,0,NA,NA,230,238,NA,NA,NA,NA,"no",NA,NA,"none",NA,NA,"no",NA,NA,NA,22.7,NA,18.5,NA,4.46,6.21,NA,NA,NA,NA,0,0,1,0,0,1,0,1,1,NA,0,0,0,0,1,0,0,NA,1,0,0,1,1,0,1,1,0,0,0,0,0,1,1,1,"Black-banded Top minnow; Spot-tail shiner; Warmouth Bass; Short-nose gar","JACKSON_HOFFMAN_SUMM_0001_1.jpeg","JACKSON_HOFFMAN_SUMM_0001_2.jpeg"
82940982,"L10045","152094998","JACKSON","LIME",5,"August",1953,11,"August",1953,"medium","light","medium","light",NA,NA,8.229,3.048,NA,38.851,NA,80,NA,0,NA,0,NA,1,NA,0,NA,NA,154,NA,NA,NA,NA,NA,"no",NA,NA,"no",NA,NA,NA,4.572,6.705,NA,25.556,NA,18.889,NA,7.3,NA,7.3,0.8,NA,NA,1,0,0,0,0,1,1,0,0,NA,1,0,0,0,0,0,0,NA,0,0,0,1,0,0,0,1,0,0,0,0,0,1,1,1,"Grass pickerel; Warmouth; Longear sunfish","JACKSON_LIME_SUMM_0001_1.jpeg","JACKSON_LIME_SUMM_0001_2.jpeg"
82940984,"L6434","152094771","JACKSON","MERKLE",28,"July",1944,29,"July",1944,"medium","light","medium","light",NA,NA,3.657,1.448,NA,35.815,NA,100,NA,0,NA,0,NA,1,NA,0,NA,NA,135,137,NA,NA,NA,NA,NA,NA,NA,NA,NA,NA,"no",NA,NA,NA,23.15,NA,19.3,NA,7.18,8.63,NA,NA,NA,NA,0,1,1,1,0,1,0,1,0,NA,0,0,0,0,0,0,0,NA,0,0,0,1,0,0,1,1,0,0,0,0,0,1,1,1,"Bgill-P.seed; Black-banded Top Minnow; Warmouth bass","JACKSON_MERKLE_SUMM_0001_1.jpeg","JACKSON_MERKLE_SUMM_0001_2.jpeg"
82940986,"L291","118044907","MACKINAC","BREVORT",27,"July",1942,10,"August",1942,"medium","none","medium","notopen",NA,NA,9.144,1.829,3.048,1711.858,NA,NA,NA,9,NA,9,NA,110,NA,1,NA,NA,78,87,NA,1.5,1.219,NA,"yes",NA,"yes","yes",NA,"prevents movement of fish to and from the lake","no",NA,NA,NA,21,23.3,20.8,21.7,7.1,7.8,NA,NA,7,7.1,0,1,0,0,0,1,1,0,0,NA,0,0,0,0,1,1,1,NA,1,1,0,1,0,0,1,0,0,0,1,0,1,1,0,1,"Sunfish; Miskie sunfish; sand Shiner; Carp; Gar","Mackinac_Brevort_SUMM_055.jpg","Mackinac_Brevort_SUMM_056.jpg"
82940988,"L24096","123111060","MACKINAC","EAST",27,"July",1948,NA,NA,NA,"medium","none","medium","none",NA,NA,5.486,NA,NA,402.671,NA,95,NA,2,NA,1,NA,6,NA,NA,NA,NA,NA,NA,NA,NA,NA,NA,"no",NA,NA,"no",NA,NA,NA,NA,NA,NA,NA,NA,NA,NA,NA,NA,NA,NA,NA,NA,0,0,0,0,0,0,0,0,0,NA,1,0,0,0,0,0,0,NA,0,0,0,0,0,0,1,0,0,0,0,0,0,1,0,1,"common sucker","Mackinac_East_SUMM_016.jpg","Mackinac_East_SUMM_017.jpg"
82940989,"L22741","121860154","MECOSTA","BLUE",25,"August",1946,27,"August",1946,"medium","medium","medium","medium",NA,NA,15.239,3.048,3.353,95.103,NA,NA,NA,2,NA,1,NA,75,NA,0,NA,NA,113,145,NA,1.33,0.914,NA,"yes",NA,"yes","yes.",NA,"no fish barrier in spring - 15feet cement apron with 6"" head above.","yes",7.62,10.667,NA,NA,NA,12,14.1,8,4,NA,NA,0,NA,0,0,1,1,1,1,1,0,1,NA,1,0,0,0,0,1,1,NA,1,1,0,1,0,1,1,1,0,1,1,0,0,0,1,1,"Logperch; Least Darter; Stoneroller minnow; hornyhead chub; creek chub","Mecosta_Blue_SUMM_012.jpg","Mecosta_Blue_SUMM_013.jpg"
82940991,"L21442","82817862","NEWAYGO","BITLEY",17,"June",1985,20,"June",1985,"medium","none","lighttomedium","none",NA,NA,6.5,NA,NA,14.65,NA,55,NA,NA,NA,0,NA,83,NA,3,NA,NA,29,NA,NA,NA,NA,NA,"no",NA,NA,"none",NA,NA,NA,4,5,NA,22.5,NA,12,NA,8.2,6,6,NA,1,NA,0,0,1,0,0,1,0,0,0,NA,0,0,0,0,0,0,0,NA,0,0,0,1,0,0,1,1,0,1,0,0,0,1,1,1,NA,"NEWAYGO_BITLEY_SUMM_0002_1.jpeg","NEWAYGO_BITLEY_SUMM_0002_2.jpeg"
82940993,"L20896","82817808","NEWAYGO","CONDON",29,"May",1984,13,"June",1984,"light","light","light","light",NA,NA,7.5,2,NA,5.4,NA,10,NA,0,NA,0,NA,0,NA,0,NA,NA,45,NA,NA,NA,NA,NA,NA,NA,NA,NA,NA,NA,NA,4,9,NA,24,NA,5,NA,7.4,NA,3.6,NA,NA,NA,0,0,0,0,0,1,0,0,0,NA,0,0,0,0,0,0,1,NA,0,0,0,0,0,0,0,1,1,0,0,0,0,0,0,1,"green sunfish golden shiner","NEWAYGO_CONDON_SUMM_0002_1.jpeg","NEWAYGO_CONDON_SUMM_0002_2.jpeg"
82940994,"L22691","82818916","NEWAYGO","DIAMOND",14,"May",1984,14,"June",1984,"medium","medium","medium","medium",NA,NA,8,3.3,NA,68.4,NA,NA,NA,NA,NA,2,NA,50,NA,60,NA,NA,41,NA,NA,NA,NA,NA,NA,NA,NA,NA,NA,NA,NA,4,8,NA,22.5,NA,12.5,NA,NA,NA,2.2,NA,0,NA,0,0,1,0,0,1,0,0,0,NA,0,0,0,0,0,0,1,NA,0,0,0,1,0,0,1,1,0,0,0,0,0,1,1,1,"yellow bullhead; golden shiner; white sucker","NEWAYGO_DIAMOND_SUMM_0005_1.jpeg","NEWAYGO_DIAMOND_SUMM_0005_2.jpeg"
82940996,"L14490","121860494","NEWAYGO","HARDY",18,"June",1984,28,"June",1984,"heavy","none","mediumtoheavy","none",NA,NA,24,4.5,NA,1599,NA,5,NA,NA,NA,5,NA,0,NA,0,NA,NA,141,NA,NA,NA,26,NA,"yes",NA,"yes","yes",NA,"completely blocks upstream migration of fish",NA,NA,NA,NA,21.5,NA,17.5,NA,6,NA,NA,NA,NA,NA,0,0,1,0,0,1,0,1,0,NA,0,0,0,0,1,0,0,NA,0,0,0,0,0,0,1,0,0,1,1,0,1,1,1,1,"Redhorse","NEWAYGO_HARDY_SUMM_0032_1.jpeg","NEWAYGO_HARDY_SUMM_0032_2.jpeg"
82940998,"L20346","82818010","NEWAYGO","NICHOLS",27,"June",1973,NA,NA,NA,"medium","light","medium","light",NA,NA,15.239,NA,NA,NA,NA,NA,NA,0,NA,0,NA,30,NA,0,NA,NA,NA,NA,NA,NA,NA,NA,NA,NA,NA,NA,NA,NA,NA,NA,NA,NA,24.444,NA,NA,NA,NA,NA,NA,NA,NA,NA,0,0,0,0,0,0,0,0,0,NA,0,0,0,0,0,0,0,NA,0,0,0,0,0,0,0,0,0,0,0,0,0,0,0,0,NA,"NEWAYGO_NICHOLS_SUMM_0001_1.jpeg","NEWAYGO_NICHOLS_SUMM_0001_2.jpeg"
82940999,"L20346","82818010","NEWAYGO","NICHOLS",23,"June",1937,NA,NA,NA,NA,NA,NA,NA,"yes","permitted",17.373,4.115,NA,64.751,NA,NA,NA,NA,NA,NA,NA,NA,NA,NA,NA,"dance hall and confectionary - felix lepinski prop.",114,137,NA,NA,NA,NA,NA,NA,NA,NA,NA,NA,NA,NA,NA,NA,21.111,NA,8.3,NA,5,NA,NA,NA,NA,NA,1,0,0,0,0,1,1,0,0,NA,0,0,1,1,0,0,1,NA,0,0,0,1,0,0,1,1,0,1,1,0,1,1,0,1,"Green Sunfish","NEWAYGO_NICHOLS_SUMM_0003_1.jpeg","NEWAYGO_NICHOLS_SUMM_0003_2.jpeg"
82941001,"L14567","82819488","NEWAYGO","ROBINSON",24,"June",1985,28,"June",1985,"medium","medium","medium","medium",NA,NA,10.5,3.353,NA,55.443,NA,42,NA,0,NA,0,NA,61,NA,15,NA,NA,121,NA,NA,NA,0.5,NA,"yes",NA,"yes","yes",NA,"stops some fish",NA,4,6,NA,24.5,NA,5,NA,8.4,7.3,7.3,NA,0.4,NA,0,0,1,0,0,1,0,1,0,NA,1,0,0,0,1,0,0,NA,0,0,0,1,0,0,1,1,0,1,0,0,0,1,1,1,"Green Sunfish; Shiner Dace; Dace","NEWAYGO_ROBINSON_SUMM_0003_1.jpeg","NEWAYGO_ROBINSON_SUMM_0003_2.jpeg"
82941002,"L22508","82817762","NEWAYGO","SAWKAW",29,"May",1984,14,"June",1984,"light","light","light","light",NA,NA,8,NA,NA,NA,NA,35,NA,0,NA,0,NA,10,NA,0,NA,NA,76,NA,NA,NA,NA,NA,NA,NA,NA,NA,NA,NA,NA,2,7,NA,24,NA,9,NA,7.6,NA,NA,NA,NA,NA,0,0,0,0,0,1,0,0,0,NA,1,0,0,0,0,0,0,NA,0,0,0,1,0,0,0,0,0,0,0,0,0,0,1,1,"Green sunfish","NEWAYGO_SAWKAW_SUMM_0001_1.jpeg","NEWAYGO_SAWKAW_SUMM_0001_2.jpeg"
82941008,"L16004","121859289","OSCEOLA","TODD",30,"May",1995,2,"June",1995,"medium","none","medium","none",NA,NA,NA,2.895,NA,30.352,NA,10,NA,0,NA,0,NA,47,NA,NA,NA,NA,NA,NA,NA,NA,NA,NA,NA,NA,NA,NA,NA,NA,NA,6.096,7.62,NA,NA,NA,NA,NA,9.8,NA,NA,NA,1,NA,0,0,1,0,0,1,0,0,0,NA,0,0,1,0,0,0,1,NA,0,0,0,1,0,0,1,1,0,1,0,0,0,1,0,1,"Green sunfish","OSCEOLA_TODD_SUMM_0002_1.jpg","OSCEOLA_TODD_SUMM_0002_2.jpg"
